{"Q1": "A few times a week", "Q2": "Always", "Q3": "Often", "Q4": "Always", "Q5": "Often", "Q6": "Always", "Q7": "Often", "Q8": "Often", "Q9": "Often", "Q10": "Often", "results": [{"mechanics": [{"timestep": 2, "mechanic": "JavelinThrow"}, {"timestep": 21, "mechanic": "CollectTreasure"}, {"timestep": 31, "mechanic": "BlobHit"}, {"timestep": 38, "mechanic": "CollectTreasure"}, {"timestep": 39, "mechanic": "CollectTreasure"}, {"timestep": 41, "mechanic": "MinitaurHit"}, {"timestep": 48, "mechanic": "CollectTreasure"}, {"timestep": 49, "mechanic": "CollectTreasure"}, {"timestep": 50, "mechanic": "CollectTreasure"}, {"timestep": 51, "mechanic": "CollectTreasure"}, {"timestep": 52, "mechanic": "MinitaurHit"}, {"timestep": 53, "mechanic": "MinitaurHit"}, {"timestep": 77, "mechanic": "CollectPotion"}, {"timestep": 78, "mechanic": "CollectPotion"}, {"timestep": 81, "mechanic": "MinitaurHit"}, {"timestep": 87, "mechanic": "ReachStairs"}], "frequencies": {"JavelinThrow": 1, "CollectTreasure": 7, "BlobHit": 1, "MinitaurHit": 4, "CollectPotion": 2, "ReachStairs": 1}, "levelReport": {"utilityGained": 0.0, "exitUtility": 1.0, "runnerUtility": 0.12, "loitererUtility": 88.0, "completionistUtility": 0.8999999999999999, "monsterKillerUtility": 0.7, "treasureCollectorUtility": 1.0, "turnsTaken": 88, "health": 10, "healthLost": 4, "alive": true, "javelinsThrown": 1, "monsterKills": 4, "minitaurKnockouts": 4, "treasuresCollected": 7, "potionsTaken": 2, "totalMonsters": 8, "totalTreasures": 7, "totalPotions": 2, "timeTaken": 0.0}, "positions": [{"X": 5, "Y": 9}, {"X": 6, "Y": 9}, {"X": 6, "Y": 9}, {"X": 5, "Y": 9}, {"X": 5, "Y": 10}, {"X": 5, "Y": 11}, {"X": 5, "Y": 12}, {"X": 4, "Y": 12}, {"X": 3, "Y": 12}, {"X": 2, "Y": 12}, {"X": 1, "Y": 12}, {"X": 1, "Y": 13}, {"X": 1, "Y": 14}, {"X": 2, "Y": 14}, {"X": 3, "Y": 14}, {"X": 4, "Y": 14}, {"X": 5, "Y": 14}, {"X": 6, "Y": 14}, {"X": 7, "Y": 14}, {"X": 7, "Y": 13}, {"X": 7, "Y": 12}, {"X": 8, "Y": 12}, {"X": 7, "Y": 12}, {"X": 7, "Y": 13}, {"X": 7, "Y": 14}, {"X": 6, "Y": 14}, {"X": 7, "Y": 14}, {"X": 8, "Y": 14}, {"X": 7, "Y": 14}, {"X": 6, "Y": 14}, {"X": 6, "Y": 15}, {"X": 6, "Y": 16}, {"X": 5, "Y": 16}, {"X": 5, "Y": 17}, {"X": 5, "Y": 18}, {"X": 6, "Y": 18}, {"X": 7, "Y": 18}, {"X": 8, "Y": 18}, {"X": 8, "Y": 17}, {"X": 8, "Y": 16}, {"X": 8, "Y": 17}, {"X": 8, "Y": 18}, {"X": 7, "Y": 18}, {"X": 6, "Y": 18}, {"X": 5, "Y": 18}, {"X": 4, "Y": 18}, {"X": 3, "Y": 18}, {"X": 2, "Y": 18}, {"X": 2, "Y": 17}, {"X": 2, "Y": 16}, {"X": 1, "Y": 16}, {"X": 1, "Y": 17}, {"X": 1, "Y": 18}, {"X": 2, "Y": 18}, {"X": 3, "Y": 18}, {"X": 4, "Y": 18}, {"X": 5, "Y": 18}, {"X": 5, "Y": 17}, {"X": 5, "Y": 16}, {"X": 6, "Y": 16}, {"X": 6, "Y": 15}, {"X": 6, "Y": 14}, {"X": 5, "Y": 14}, {"X": 4, "Y": 14}, {"X": 3, "Y": 14}, {"X": 2, "Y": 14}, {"X": 1, "Y": 14}, {"X": 1, "Y": 13}, {"X": 1, "Y": 12}, {"X": 2, "Y": 12}, {"X": 3, "Y": 12}, {"X": 4, "Y": 12}, {"X": 5, "Y": 12}, {"X": 5, "Y": 11}, {"X": 5, "Y": 10}, {"X": 6, "Y": 10}, {"X": 7, "Y": 10}, {"X": 8, "Y": 10}, {"X": 8, "Y": 9}, {"X": 7, "Y": 9}, {"X": 7, "Y": 10}, {"X": 6, "Y": 10}, {"X": 5, "Y": 10}, {"X": 4, "Y": 10}, {"X": 3, "Y": 10}, {"X": 2, "Y": 10}, {"X": 1, "Y": 10}, {"X": 1, "Y": 9}], "levelStates": ["Health: 10 X: 5 Y: 9\nXXXXXXXXXX\nX   b m  X\nX XXXXXX X\nXR      RX\nXXXX  XXXX\nX     M  X\nX  M     X\nX      M X\nXXX    XXX\nXe   H  PX\nX       PX\nXXXXX XXXX\nX     X TX\nX XXXXX XX\nX        X\nXXXXXX XXX\nXTTX   XTX\nXTTXX XXTX\nX    b   X\nXXXXXXXXXX\n", "Health: 10 X: 6 Y: 9\nXXXXXXXXXX\nX   b  m X\nX XXXXXX X\nXR      RX\nXXXX  XXXX\nX        X\nX   M M  X\nX      M X\nXXX    XXX\nXe    H PX\nX       PX\nXXXXX XXXX\nX     X TX\nX XXXXX XX\nX        X\nXXXXXX XXX\nXTTX   XTX\nXTTXX XXTX\nX    b   X\nXXXXXXXXXX\n", "Health: 10 X: 6 Y: 9\nXXXXXXXXXX\nX   b   mX\nX XXXXXX X\nXR      RX\nXXXX  XXXX\nX        X\nX     \u221e  X\nX   M  M X\nXXX    XXX\nXe    H PX\nX       PX\nXXXXX XXXX\nX     X TX\nX XXXXX XX\nX        X\nXXXXXX XXX\nXTTX   XTX\nXTTXX XXTX\nX    b   X\nXXXXXXXXXX\n", "Health: 10 X: 5 Y: 9\nXXXXXXXXXX\nX   b    X\nX XXXXXXmX\nXR      RX\nXXXX  XXXX\nX        X\nX     \u221e  X\nX    M M X\nXXX    XXX\nXe   H  PX\nX       PX\nXXXXX XXXX\nX     X TX\nX XXXXX XX\nX        X\nXXXXXX XXX\nXTTX   XTX\nXTTXX XXTX\nX    b   X\nXXXXXXXXXX\n", "Health: 10 X: 5 Y: 10\nXXXXXXXXXX\nX   b    X\nX XXXXXX X\nXR      \u221eX\nXXXX  XXXX\nX        X\nX     \u221e  X\nX      M X\nXXX  M XXX\nXe      PX\nX    H  PX\nXXXXX XXXX\nX     X TX\nX XXXXX XX\nX        X\nXXXXXX XXX\nXTTX   XTX\nXTTXX XXTX\nX    b   X\nXXXXXXXXXX\n", "Health: 10 X: 5 Y: 11\nXXXXXXXXXX\nX   b    X\nX XXXXXX X\nXR     m\u221eX\nXXXX  XXXX\nX        X\nX     \u221e  X\nX      M X\nXXX    XXX\nXe   M  PX\nX       PX\nXXXXXHXXXX\nX     X TX\nX XXXXX XX\nX        X\nXXXXXX XXX\nXTTX   XTX\nXTTXX XXTX\nX    b   X\nXXXXXXXXXX\n", "Health: 10 X: 5 Y: 12\nXXXXXXXXXX\nX   b    X\nX XXXXXX X\nXR    m \u221eX\nXXXX  XXXX\nX        X\nX     \u221e  X\nX      M X\nXXX    XXX\nXe      PX\nX    M  PX\nXXXXX XXXX\nX    HX TX\nX XXXXX XX\nX        X\nXXXXXX XXX\nXTTX   XTX\nXTTXX XXTX\nX    b   X\nXXXXXXXXXX\n", "Health: 10 X: 4 Y: 12\nXXXXXXXXXX\nX   b    X\nX XXXXXX X\nXR   m  \u221eX\nXXXX  XXXX\nX        X\nX     \u221e  X\nX      M X\nXXX    XXX\nXe      PX\nX    M  PX\nXXXXX XXXX\nX   H X TX\nX XXXXX XX\nX        X\nXXXXXX XXX\nXTTX   XTX\nXTTXX XXTX\nX    b   X\nXXXXXXXXXX\n", "Health: 10 X: 3 Y: 12\nXXXXXXXXXX\nX   b    X\nX XXXXXX X\nXR      \u221eX\nXXXX mXXXX\nX        X\nX     \u221e  X\nX      M X\nXXX    XXX\nXe      PX\nX    M  PX\nXXXXX XXXX\nX  H  X TX\nX XXXXX XX\nX        X\nXXXXXX XXX\nXTTX   XTX\nXTTXX XXTX\nX    b   X\nXXXXXXXXXX\n", "Health: 10 X: 2 Y: 12\nXXXXXXXXXX\nX   b    X\nX XXXXXX X\nXR      \u221eX\nXXXX  XXXX\nX    m   X\nX     \u221e  X\nX      M X\nXXX    XXX\nXe      PX\nX    M  PX\nXXXXX XXXX\nX H   X TX\nX XXXXX XX\nX        X\nXXXXXX XXX\nXTTX   XTX\nXTTXX XXTX\nX    b   X\nXXXXXXXXXX\n", "Health: 10 X: 1 Y: 12\nXXXXXXXXXX\nX   b    X\nX XXXXXX X\nXR      \u221eX\nXXXX  XXXX\nX        X\nX    m\u221e  X\nX      M X\nXXX    XXX\nXe      PX\nX    M  PX\nXXXXX XXXX\nXH    X TX\nX XXXXX XX\nX        X\nXXXXXX XXX\nXTTX   XTX\nXTTXX XXTX\nX    b   X\nXXXXXXXXXX\n", "Health: 10 X: 1 Y: 13\nXXXXXXXXXX\nX   b    X\nX XXXXXX X\nXR      \u221eX\nXXXX  XXXX\nX        X\nX     \u221e  X\nX    m M X\nXXX    XXX\nXe      PX\nX    M  PX\nXXXXX XXXX\nX     X TX\nXHXXXXX XX\nX        X\nXXXXXX XXX\nXTTX   XTX\nXTTXX XXTX\nX    b   X\nXXXXXXXXXX\n", "Health: 10 X: 1 Y: 14\nXXXXXXXXXX\nX   b    X\nX XXXXXX X\nXR      \u221eX\nXXXX  XXXX\nX        X\nX     \u221e  X\nX      M X\nXXX  m XXX\nXe      PX\nX    M  PX\nXXXXX XXXX\nX     X TX\nX XXXXX XX\nXH       X\nXXXXXX XXX\nXTTX   XTX\nXTTXX XXTX\nX    b   X\nXXXXXXXXXX\n", "Health: 10 X: 2 Y: 14\nXXXXXXXXXX\nX   b    X\nX XXXXXX X\nXR      \u221eX\nXXXX  XXXX\nX        X\nX     \u221e  X\nX      M X\nXXX    XXX\nXe   m  PX\nX    M  PX\nXXXXX XXXX\nX     X TX\nX XXXXX XX\nX H      X\nXXXXXX XXX\nXTTX   XTX\nXTTXX XXTX\nX    b   X\nXXXXXXXXXX\n", "Health: 10 X: 3 Y: 14\nXXXXXXXXXX\nX   b    X\nX XXXXXX X\nXR      \u221eX\nXXXX  XXXX\nX        X\nX     \u221e  X\nX      M X\nXXX    XXX\nXe      PX\nX    \u221e  PX\nXXXXX XXXX\nX     X TX\nX XXXXX XX\nX  H     X\nXXXXXX XXX\nXTTX   XTX\nXTTXX XXTX\nX    b   X\nXXXXXXXXXX\n", "Health: 10 X: 4 Y: 14\nXXXXXXXXXX\nX   b    X\nX XXXXXX X\nXR      \u221eX\nXXXX  XXXX\nX        X\nX     \u221e  X\nX      M X\nXXX    XXX\nXe      PX\nX    \u221e  PX\nXXXXX XXXX\nX     X TX\nX XXXXX XX\nX   H    X\nXXXXXX XXX\nXTTX   XTX\nXTTXX XXTX\nX    b   X\nXXXXXXXXXX\n", "Health: 10 X: 5 Y: 14\nXXXXXXXXXX\nX   b    X\nX XXXXXX X\nXR      \u221eX\nXXXX  XXXX\nX        X\nX     \u221e  X\nX      M X\nXXX    XXX\nXe      PX\nX    \u221e  PX\nXXXXX XXXX\nX     X TX\nX XXXXX XX\nX    H   X\nXXXXXX XXX\nXTTX   XTX\nXTTXX XXTX\nX    b   X\nXXXXXXXXXX\n", "Health: 10 X: 6 Y: 14\nXXXXXXXXXX\nX   b    X\nX XXXXXX X\nXR      \u221eX\nXXXX  XXXX\nX        X\nX     \u221e  X\nX      M X\nXXX    XXX\nXe      PX\nX    \u221e  PX\nXXXXX XXXX\nX     X TX\nX XXXXX XX\nX     H  X\nXXXXXX XXX\nXTTX   XTX\nXTTXXbXXTX\nX        X\nXXXXXXXXXX\n", "Health: 10 X: 7 Y: 14\nXXXXXXXXXX\nX   b    X\nX XXXXXX X\nXR      \u221eX\nXXXX  XXXX\nX        X\nX     \u221e  X\nX      M X\nXXX    XXX\nXe      PX\nX    \u221e  PX\nXXXXX XXXX\nX     X TX\nX XXXXX XX\nX      H X\nXXXXXX XXX\nXTTX   XTX\nXTTXXbXXTX\nX        X\nXXXXXXXXXX\n", "Health: 10 X: 7 Y: 13\nXXXXXXXXXX\nX   b    X\nX XXXXXX X\nXR      \u221eX\nXXXX  XXXX\nX        X\nX     \u221e  X\nX      M X\nXXX    XXX\nXe      PX\nX    \u221e  PX\nXXXXX XXXX\nX     X TX\nX XXXXXHXX\nX        X\nXXXXXX XXX\nXTTX b XTX\nXTTXX XXTX\nX        X\nXXXXXXXXXX\n", "Health: 10 X: 7 Y: 12\nXXXXXXXXXX\nX   b    X\nX XXXXXX X\nXR      \u221eX\nXXXX  XXXX\nX        X\nX     \u221e  X\nX      M X\nXXX    XXX\nXe      PX\nX    \u221e  PX\nXXXXXmXXXX\nX     XHTX\nX XXXXX XX\nX        X\nXXXXXX XXX\nXTTX b XTX\nXTTXX XXTX\nX        X\nXXXXXXXXXX\n", "Health: 10 X: 8 Y: 12\nXXXXXXXXXX\nX   b    X\nX XXXXXX X\nXR      \u221eX\nXXXX  XXXX\nX        X\nX     \u221e  X\nX      M X\nXXX    XXX\nXe      PX\nX    \u221e  PX\nXXXXX XXXX\nX    mX  X\nX XXXXX XX\nX        X\nXXXXXX XXX\nXTTX b XTX\nXTTXX XXTX\nX        X\nXXXXXXXXXX\n", "Health: 10 X: 7 Y: 12\nXXXXXXXXXX\nX   b    X\nX XXXXXX X\nXR      \u221eX\nXXXX  XXXX\nX        X\nX     \u221e  X\nX      M X\nXXX    XXX\nXe      PX\nX    \u221e  PX\nXXXXX XXXX\nX   m XH X\nX XXXXX XX\nX        X\nXXXXXX XXX\nXTTX b XTX\nXTTXX XXTX\nX        X\nXXXXXXXXXX\n", "Health: 10 X: 7 Y: 13\nXXXXXXXXXX\nX   b    X\nX XXXXXX X\nXR      \u221eX\nXXXX  XXXX\nX        X\nX     \u221e  X\nX      M X\nXXX    XXX\nXe      PX\nX    \u221e  PX\nXXXXX XXXX\nX  m  X  X\nX XXXXXHXX\nX        X\nXXXXXX XXX\nXTTX b XTX\nXTTXX XXTX\nX        X\nXXXXXXXXXX\n", "Health: 10 X: 7 Y: 14\nXXXXXXXXXX\nX   b    X\nX XXXXXX X\nXR      \u221eX\nXXXX  XXXX\nX        X\nX     \u221e  X\nX      M X\nXXX    XXX\nXe      PX\nX    \u221e  PX\nXXXXX XXXX\nX m   X  X\nX XXXXX XX\nX      H X\nXXXXXX XXX\nXTTX b XTX\nXTTXX XXTX\nX        X\nXXXXXXXXXX\n", "Health: 10 X: 6 Y: 14\nXXXXXXXXXX\nX   b    X\nX XXXXXX X\nXR      \u221eX\nXXXX  XXXX\nX        X\nX     \u221e  X\nX      M X\nXXX    XXX\nXe      PX\nX    \u221e  PX\nXXXXX XXXX\nXm    X  X\nX XXXXX XX\nX     H  X\nXXXXXX XXX\nXTTX b XTX\nXTTXX XXTX\nX        X\nXXXXXXXXXX\n", "Health: 10 X: 7 Y: 14\nXXXXXXXXXX\nX   b    X\nX XXXXXX X\nXR      \u221eX\nXXXX  XXXX\nX        X\nX     \u221e  X\nX      M X\nXXX    XXX\nXe      PX\nX    \u221e  PX\nXXXXX XXXX\nX     X  X\nXmXXXXX XX\nX      H X\nXXXXXX XXX\nXTTX b XTX\nXTTXX XXTX\nX        X\nXXXXXXXXXX\n", "Health: 10 X: 8 Y: 14\nXXXXXXXXXX\nX   b    X\nX XXXXXX X\nXR      \u221eX\nXXXX  XXXX\nX        X\nX     \u221e  X\nX      M X\nXXX    XXX\nXe      PX\nX    \u221e  PX\nXXXXX XXXX\nX     X  X\nX XXXXX XX\nXm      HX\nXXXXXX XXX\nXTTX b XTX\nXTTXX XXTX\nX        X\nXXXXXXXXXX\n", "Health: 10 X: 7 Y: 14\nXXXXXXXXXX\nX   b    X\nX XXXXXX X\nXR      \u221eX\nXXXX  XXXX\nX        X\nX     \u221e  X\nX      M X\nXXX    XXX\nXe      PX\nX    \u221e  PX\nXXXXX XXXX\nX     X  X\nX XXXXX XX\nX m    H X\nXXXXXX XXX\nXTTX b XTX\nXTTXX XXTX\nX        X\nXXXXXXXXXX\n", "Health: 10 X: 6 Y: 14\nXXXXXXXXXX\nX   b    X\nX XXXXXX X\nXR      \u221eX\nXXXX  XXXX\nX        X\nX     \u221e  X\nX      M X\nXXX    XXX\nXe      PX\nX    \u221e  PX\nXXXXX XXXX\nX     X  X\nX XXXXX XX\nX  m  H  X\nXXXXXX XXX\nXTTX b XTX\nXTTXX XXTX\nX        X\nXXXXXXXXXX\n", "Health: 10 X: 6 Y: 15\nXXXXXXXXXX\nX   b    X\nX XXXXXX X\nXR      \u221eX\nXXXX  XXXX\nX        X\nX     \u221e  X\nX      M X\nXXX    XXX\nXe      PX\nX    \u221e  PX\nXXXXX XXXX\nX     X  X\nX XXXXX XX\nX   m    X\nXXXXXXHXXX\nXTTX b XTX\nXTTXX XXTX\nX        X\nXXXXXXXXXX\n", "Health: 9 X: 6 Y: 16\nXXXXXXXXXX\nX   b    X\nX XXXXXX X\nXR      \u221eX\nXXXX  XXXX\nX        X\nX     \u221e  X\nX      M X\nXXX    XXX\nXe      PX\nX    \u221e  PX\nXXXXX XXXX\nX     X  X\nX XXXXX XX\nX    m   X\nXXXXXX XXX\nXTTX \u221eHXTX\nXTTXX XXTX\nX        X\nXXXXXXXXXX\n", "Health: 9 X: 5 Y: 16\nXXXXXXXXXX\nX   b    X\nX XXXXXX X\nXR      \u221eX\nXXXX  XXXX\nX        X\nX     \u221e  X\nX      M X\nXXX    XXX\nXe      PX\nX    \u221e  PX\nXXXXX XXXX\nX     X  X\nX XXXXX XX\nX     m  X\nXXXXXX XXX\nXTTX \u221e XTX\nXTTXX XXTX\nX        X\nXXXXXXXXXX\n", "Health: 9 X: 5 Y: 17\nXXXXXXXXXX\nX   b    X\nX XXXXXX X\nXR      \u221eX\nXXXX  XXXX\nX        X\nX     \u221e  X\nX      M X\nXXX    XXX\nXe      PX\nX    \u221e  PX\nXXXXX XXXX\nX     X  X\nX XXXXX XX\nX        X\nXXXXXXmXXX\nXTTX \u221e XTX\nXTTXXHXXTX\nX        X\nXXXXXXXXXX\n", "Health: 9 X: 5 Y: 18\nXXXXXXXXXX\nX   b    X\nX XXXXXX X\nXR      \u221eX\nXXXX  XXXX\nX        X\nX     \u221e  X\nX      M X\nXXX    XXX\nXe      PX\nX    \u221e  PX\nXXXXX XXXX\nX     X  X\nX XXXXX XX\nX        X\nXXXXXX XXX\nXTTX \u221emXTX\nXTTXX XXTX\nX    H   X\nXXXXXXXXXX\n", "Health: 9 X: 6 Y: 18\nXXXXXXXXXX\nX   b    X\nX XXXXXX X\nXR      \u221eX\nXXXX  XXXX\nX        X\nX     \u221e  X\nX      M X\nXXX    XXX\nXe      PX\nX    \u221e  PX\nXXXXX XXXX\nX     X  X\nX XXXXX XX\nX        X\nXXXXXX XXX\nXTTX \u221e XTX\nXTTXX XXTX\nX     H  X\nXXXXXXXXXX\n", "Health: 9 X: 7 Y: 18\nXXXXXXXXXX\nX   b    X\nX XXXXXX X\nXR      \u221eX\nXXXX  XXXX\nX        X\nX     \u221e  X\nX      M X\nXXX    XXX\nXe      PX\nX    \u221e  PX\nXXXXX XXXX\nX     X  X\nX XXXXX XX\nX        X\nXXXXXX XXX\nXTTX \u221e XTX\nXTTXXmXXTX\nX      H X\nXXXXXXXXXX\n", "Health: 9 X: 8 Y: 18\nXXXXXXXXXX\nX   b    X\nX XXXXXX X\nXR      \u221eX\nXXXX  XXXX\nX        X\nX     \u221e  X\nX      M X\nXXX    XXX\nXe      PX\nX    \u221e  PX\nXXXXX XXXX\nX     X  X\nX XXXXX XX\nX        X\nXXXXXX XXX\nXTTX \u221e XTX\nXTTXX XXTX\nX    m  HX\nXXXXXXXXXX\n", "Health: 9 X: 8 Y: 17\nXXXXXXXXXX\nX   b    X\nX XXXXXX X\nXR      \u221eX\nXXXX  XXXX\nX        X\nX     \u221e  X\nX      M X\nXXX    XXX\nXe      PX\nX    \u221e  PX\nXXXXX XXXX\nX     X  X\nX XXXXX XX\nX        X\nXXXXXX XXX\nXTTX \u221e XTX\nXTTXX XX X\nX     m  X\nXXXXXXXXXX\n", "Health: 9 X: 8 Y: 16\nXXXXXXXXXX\nX   b    X\nX XXXXXX X\nXR      \u221eX\nXXXX  XXXX\nX        X\nX     \u221e  X\nX      M X\nXXX    XXX\nXe      PX\nX    \u221e  PX\nXXXXX XXXX\nX     X  X\nX XXXXX XX\nX        X\nXXXXXX XXX\nXTTX \u221e X X\nXTTXX XX X\nX      m X\nXXXXXXXXXX\n", "Health: 9 X: 8 Y: 17\nXXXXXXXXXX\nX   b    X\nX XXXXXX X\nXR      \u221eX\nXXXX  XXXX\nX        X\nX     \u221e  X\nX      M X\nXXX    XXX\nXe      PX\nX    \u221e  PX\nXXXXX XXXX\nX     X  X\nX XXXXX XX\nX        X\nXXXXXX XXX\nXTTX \u221e X X\nXTTXX XX X\nX       mX\nXXXXXXXXXX\n", "Health: 8 X: 8 Y: 18\nXXXXXXXXXX\nX   b    X\nX XXXXXX X\nXR      \u221eX\nXXXX  XXXX\nX        X\nX     \u221e  X\nX      M X\nXXX    XXX\nXe      PX\nX    \u221e  PX\nXXXXX XXXX\nX     X  X\nX XXXXX XX\nX        X\nXXXXXX XXX\nXTTX \u221e X X\nXTTXX XX X\nX       mX\nXXXXXXXXXX\n", "Health: 8 X: 7 Y: 18\nXXXXXXXXXX\nX   b    X\nX XXXXXX X\nXR      \u221eX\nXXXX  XXXX\nX        X\nX     \u221e  X\nX      M X\nXXX    XXX\nXe      PX\nX    \u221e  PX\nXXXXX XXXX\nX     X  X\nX XXXXX XX\nX        X\nXXXXXX XXX\nXTTX \u221e X X\nXTTXX XX X\nX      HmX\nXXXXXXXXXX\n", "Health: 8 X: 6 Y: 18\nXXXXXXXXXX\nX   b    X\nX XXXXXX X\nXR      \u221eX\nXXXX  XXXX\nX        X\nX     \u221e  X\nX      M X\nXXX    XXX\nXe      PX\nX    \u221e  PX\nXXXXX XXXX\nX     X  X\nX XXXXX XX\nX        X\nXXXXXX XXX\nXTTX \u221e X X\nXTTXX XX X\nX     H mX\nXXXXXXXXXX\n", "Health: 8 X: 5 Y: 18\nXXXXXXXXXX\nX   b    X\nX XXXXXX X\nXR      \u221eX\nXXXX  XXXX\nX        X\nX     \u221e  X\nX      M X\nXXX    XXX\nXe      PX\nX    \u221e  PX\nXXXXX XXXX\nX     X  X\nX XXXXX XX\nX        X\nXXXXXX XXX\nXTTX \u221e X X\nXTTXX XX X\nX    H  mX\nXXXXXXXXXX\n", "Health: 8 X: 4 Y: 18\nXXXXXXXXXX\nX   b    X\nX XXXXXX X\nXR      \u221eX\nXXXX  XXXX\nX        X\nX     \u221e  X\nX      M X\nXXX    XXX\nXe      PX\nX    \u221e  PX\nXXXXX XXXX\nX     X  X\nX XXXXX XX\nX        X\nXXXXXX XXX\nXTTX \u221e X X\nXTTXX XX X\nX   H   mX\nXXXXXXXXXX\n", "Health: 8 X: 3 Y: 18\nXXXXXXXXXX\nX   b    X\nX XXXXXX X\nXR      \u221eX\nXXXX  XXXX\nX        X\nX     \u221e  X\nX      M X\nXXX    XXX\nXe      PX\nX    \u221e  PX\nXXXXX XXXX\nX     X  X\nX XXXXX XX\nX        X\nXXXXXX XXX\nXTTX \u221e X X\nXTTXX XX X\nX  H   m X\nXXXXXXXXXX\n", "Health: 8 X: 2 Y: 18\nXXXXXXXXXX\nX   b    X\nX XXXXXX X\nXR      \u221eX\nXXXX  XXXX\nX        X\nX     \u221e  X\nX      M X\nXXX    XXX\nXe      PX\nX    \u221e  PX\nXXXXX XXXX\nX     X  X\nX XXXXX XX\nX        X\nXXXXXX XXX\nXTTX \u221e X X\nXTTXX XX X\nX H   m  X\nXXXXXXXXXX\n", "Health: 8 X: 2 Y: 17\nXXXXXXXXXX\nX   b    X\nX XXXXXX X\nXR      \u221eX\nXXXX  XXXX\nX        X\nX     \u221e  X\nX      M X\nXXX    XXX\nXe      PX\nX    \u221e  PX\nXXXXX XXXX\nX     X  X\nX XXXXX XX\nX        X\nXXXXXX XXX\nXTTX \u221e X X\nXT XX XX X\nX    m   X\nXXXXXXXXXX\n", "Health: 8 X: 2 Y: 16\nXXXXXXXXXX\nX   b    X\nX XXXXXX X\nXR      \u221eX\nXXXX  XXXX\nX        X\nX     \u221e  X\nX      M X\nXXX    XXX\nXe      PX\nX    \u221e  PX\nXXXXX XXXX\nX     X  X\nX XXXXX XX\nX        X\nXXXXXX XXX\nXT X \u221e X X\nXT XX XX X\nX   m    X\nXXXXXXXXXX\n", "Health: 8 X: 1 Y: 16\nXXXXXXXXXX\nX   b    X\nX XXXXXX X\nXR      \u221eX\nXXXX  XXXX\nX        X\nX     \u221e  X\nX      M X\nXXX    XXX\nXe      PX\nX    \u221e  PX\nXXXXX XXXX\nX     X  X\nX XXXXX XX\nX        X\nXXXXXX XXX\nX  X \u221e X X\nXT XX XX X\nX  m     X\nXXXXXXXXXX\n", "Health: 8 X: 1 Y: 17\nXXXXXXXXXX\nX   b    X\nX XXXXXX X\nXR      \u221eX\nXXXX  XXXX\nX        X\nX     \u221e  X\nX      M X\nXXX    XXX\nXe      PX\nX    \u221e  PX\nXXXXX XXXX\nX     X  X\nX XXXXX XX\nX        X\nXXXXXX XXX\nX  X \u221e X X\nX  XX XX X\nX m      X\nXXXXXXXXXX\n", "Health: 7 X: 1 Y: 18\nXXXXXXXXXX\nX   b    X\nX XXXXXX X\nXR      \u221eX\nXXXX  XXXX\nX        X\nX     \u221e  X\nX      M X\nXXX    XXX\nXe      PX\nX    \u221e  PX\nXXXXX XXXX\nX     X  X\nX XXXXX XX\nX        X\nXXXXXX XXX\nX  X \u221e X X\nX  XX XX X\nXHm      X\nXXXXXXXXXX\n", "Health: 7 X: 2 Y: 18\nXXXXXXXXXX\nX   b    X\nX XXXXXX X\nXR      \u221eX\nXXXX  XXXX\nX        X\nX     \u221e  X\nX      M X\nXXX    XXX\nXe      PX\nX    \u221e  PX\nXXXXX XXXX\nX     X  X\nX XXXXX XX\nX        X\nXXXXXX XXX\nX  X \u221e X X\nX  XX XX X\nX m      X\nXXXXXXXXXX\n", "Health: 7 X: 3 Y: 18\nXXXXXXXXXX\nX   b    X\nX XXXXXX X\nXR      \u221eX\nXXXX  XXXX\nX        X\nX     \u221e  X\nX      M X\nXXX    XXX\nXe      PX\nX    \u221e  PX\nXXXXX XXXX\nX     X  X\nX XXXXX XX\nX        X\nXXXXXX XXX\nX  X \u221e X X\nX  XX XX X\nX mH     X\nXXXXXXXXXX\n", "Health: 7 X: 4 Y: 18\nXXXXXXXXXX\nX   b    X\nX XXXXXX X\nXR      \u221eX\nXXXX  XXXX\nX        X\nX     \u221e  X\nX      M X\nXXX    XXX\nXe      PX\nX    \u221e  PX\nXXXXX XXXX\nX     X  X\nX XXXXX XX\nX        X\nXXXXXX XXX\nX  X \u221e X X\nX  XX XX X\nX m H    X\nXXXXXXXXXX\n", "Health: 7 X: 5 Y: 18\nXXXXXXXXXX\nX   b    X\nX XXXXXX X\nXR      \u221eX\nXXXX  XXXX\nX        X\nX     \u221e  X\nX      M X\nXXX    XXX\nXe      PX\nX    \u221e  PX\nXXXXX XXXX\nX     X  X\nX XXXXX XX\nX        X\nXXXXXX XXX\nX  X \u221e X X\nX  XX XX X\nX m  H   X\nXXXXXXXXXX\n", "Health: 7 X: 5 Y: 17\nXXXXXXXXXX\nX   b    X\nX XXXXXX X\nXR      \u221eX\nXXXX  XXXX\nX        X\nX     \u221e  X\nX      M X\nXXX    XXX\nXe      PX\nX    \u221e  PX\nXXXXX XXXX\nX     X  X\nX XXXXX XX\nX        X\nXXXXXX XXX\nX  X \u221e X X\nX  XXHXX X\nX m      X\nXXXXXXXXXX\n", "Health: 7 X: 5 Y: 16\nXXXXXXXXXX\nX   b    X\nX XXXXXX X\nXR      \u221eX\nXXXX  XXXX\nX        X\nX     \u221e  X\nX      M X\nXXX    XXX\nXe      PX\nX    \u221e  PX\nXXXXX XXXX\nX     X  X\nX XXXXX XX\nX        X\nXXXXXX XXX\nX  X \u221e X X\nX  XX XX X\nX  m     X\nXXXXXXXXXX\n", "Health: 7 X: 6 Y: 16\nXXXXXXXXXX\nX   b    X\nX XXXXXX X\nXR      \u221eX\nXXXX  XXXX\nX        X\nX     \u221e  X\nX      M X\nXXX    XXX\nXe      PX\nX    \u221e  PX\nXXXXX XXXX\nX     X  X\nX XXXXX XX\nX        X\nXXXXXX XXX\nX  X \u221eHX X\nX  XX XX X\nX   m    X\nXXXXXXXXXX\n", "Health: 7 X: 6 Y: 15\nXXXXXXXXXX\nX   b    X\nX XXXXXX X\nXR      \u221eX\nXXXX  XXXX\nX        X\nX     \u221e  X\nX      M X\nXXX    XXX\nXe      PX\nX    \u221e  PX\nXXXXX XXXX\nX     X  X\nX XXXXX XX\nX        X\nXXXXXXHXXX\nX  X \u221e X X\nX  XX XX X\nX    m   X\nXXXXXXXXXX\n", "Health: 7 X: 6 Y: 14\nXXXXXXXXXX\nX   b    X\nX XXXXXX X\nXR      \u221eX\nXXXX  XXXX\nX        X\nX     \u221e  X\nX      M X\nXXX    XXX\nXe      PX\nX    \u221e  PX\nXXXXX XXXX\nX     X  X\nX XXXXX XX\nX     H  X\nXXXXXX XXX\nX  X \u221e X X\nX  XXmXX X\nX        X\nXXXXXXXXXX\n", "Health: 7 X: 5 Y: 14\nXXXXXXXXXX\nX   b    X\nX XXXXXX X\nXR      \u221eX\nXXXX  XXXX\nX        X\nX     \u221e  X\nX      M X\nXXX    XXX\nXe      PX\nX    \u221e  PX\nXXXXX XXXX\nX     X  X\nX XXXXX XX\nX    H   X\nXXXXXX XXX\nX  X \u221e X X\nX  XX XX X\nX        X\nXXXXXXXXXX\n", "Health: 7 X: 4 Y: 14\nXXXXXXXXXX\nX   b    X\nX XXXXXX X\nXR      \u221eX\nXXXX  XXXX\nX        X\nX     \u221e  X\nX      M X\nXXX    XXX\nXe      PX\nX    \u221e  PX\nXXXXX XXXX\nX     X  X\nX XXXXX XX\nX   H    X\nXXXXXX XXX\nX  X \u221emX X\nX  XX XX X\nX        X\nXXXXXXXXXX\n", "Health: 7 X: 3 Y: 14\nXXXXXXXXXX\nX   b    X\nX XXXXXX X\nXR      \u221eX\nXXXX  XXXX\nX        X\nX     \u221e  X\nX      M X\nXXX    XXX\nXe      PX\nX    \u221e  PX\nXXXXX XXXX\nX     X  X\nX XXXXX XX\nX  H     X\nXXXXXXmXXX\nX  X \u221e X X\nX  XX XX X\nX        X\nXXXXXXXXXX\n", "Health: 7 X: 2 Y: 14\nXXXXXXXXXX\nX   b    X\nX XXXXXX X\nXR      \u221eX\nXXXX  XXXX\nX        X\nX     \u221e  X\nX      M X\nXXX    XXX\nXe      PX\nX    \u221e  PX\nXXXXX XXXX\nX     X  X\nX XXXXX XX\nX H   m  X\nXXXXXX XXX\nX  X \u221e X X\nX  XX XX X\nX        X\nXXXXXXXXXX\n", "Health: 7 X: 1 Y: 14\nXXXXXXXXXX\nX   b    X\nX XXXXXX X\nXR      \u221eX\nXXXX  XXXX\nX        X\nX     \u221e  X\nX      M X\nXXX    XXX\nXe      PX\nX    \u221e  PX\nXXXXX XXXX\nX     X  X\nX XXXXX XX\nXH   m   X\nXXXXXX XXX\nX  X \u221e X X\nX  XX XX X\nX        X\nXXXXXXXXXX\n", "Health: 7 X: 1 Y: 13\nXXXXXXXXXX\nX   b    X\nX XXXXXX X\nXR      \u221eX\nXXXX  XXXX\nX        X\nX     \u221e  X\nX      M X\nXXX    XXX\nXe      PX\nX    \u221e  PX\nXXXXX XXXX\nX     X  X\nXHXXXXX XX\nX   m    X\nXXXXXX XXX\nX  X \u221e X X\nX  XX XX X\nX        X\nXXXXXXXXXX\n", "Health: 7 X: 1 Y: 12\nXXXXXXXXXX\nX   b    X\nX XXXXXX X\nXR      \u221eX\nXXXX  XXXX\nX        X\nX     \u221e  X\nX      M X\nXXX    XXX\nXe      PX\nX    \u221e  PX\nXXXXX XXXX\nXH    X  X\nX XXXXX XX\nX  m     X\nXXXXXX XXX\nX  X \u221e X X\nX  XX XX X\nX        X\nXXXXXXXXXX\n", "Health: 7 X: 2 Y: 12\nXXXXXXXXXX\nX   b    X\nX XXXXXX X\nXR      \u221eX\nXXXX  XXXX\nX        X\nX     \u221e  X\nX      M X\nXXX    XXX\nXe      PX\nX    \u221e  PX\nXXXXX XXXX\nX H   X  X\nX XXXXX XX\nX m      X\nXXXXXX XXX\nX  X \u221e X X\nX  XX XX X\nX        X\nXXXXXXXXXX\n", "Health: 7 X: 3 Y: 12\nXXXXXXXXXX\nX   b    X\nX XXXXXX X\nXR      \u221eX\nXXXX  XXXX\nX        X\nX     \u221e  X\nX      M X\nXXX    XXX\nXe      PX\nX    \u221e  PX\nXXXXX XXXX\nX  H  X  X\nX XXXXX XX\nXm       X\nXXXXXX XXX\nX  X \u221e X X\nX  XX XX X\nX        X\nXXXXXXXXXX\n", "Health: 7 X: 4 Y: 12\nXXXXXXXXXX\nX   b    X\nX XXXXXX X\nXR      \u221eX\nXXXX  XXXX\nX        X\nX     \u221e  X\nX      M X\nXXX    XXX\nXe      PX\nX    \u221e  PX\nXXXXX XXXX\nX   H X  X\nXmXXXXX XX\nX        X\nXXXXXX XXX\nX  X \u221e X X\nX  XX XX X\nX        X\nXXXXXXXXXX\n", "Health: 7 X: 5 Y: 12\nXXXXXXXXXX\nX   b    X\nX XXXXXX X\nXR      \u221eX\nXXXX  XXXX\nX        X\nX     \u221e  X\nX      M X\nXXX    XXX\nXe      PX\nX    \u221e  PX\nXXXXX XXXX\nXm   HX  X\nX XXXXX XX\nX        X\nXXXXXX XXX\nX  X \u221e X X\nX  XX XX X\nX        X\nXXXXXXXXXX\n", "Health: 7 X: 5 Y: 11\nXXXXXXXXXX\nX   b    X\nX XXXXXX X\nXR      \u221eX\nXXXX  XXXX\nX        X\nX     \u221e  X\nX      M X\nXXX    XXX\nXe      PX\nX    \u221e  PX\nXXXXXHXXXX\nX m   X  X\nX XXXXX XX\nX        X\nXXXXXX XXX\nX  X \u221e X X\nX  XX XX X\nX        X\nXXXXXXXXXX\n", "Health: 7 X: 5 Y: 10\nXXXXXXXXXX\nX   b    X\nX XXXXXX X\nXR      \u221eX\nXXXX  XXXX\nX        X\nX     \u221e  X\nX      M X\nXXX    XXX\nXe      PX\nX    \u221e  PX\nXXXXX XXXX\nX  m  X  X\nX XXXXX XX\nX        X\nXXXXXX XXX\nX  X \u221e X X\nX  XX XX X\nX        X\nXXXXXXXXXX\n", "Health: 7 X: 6 Y: 10\nXXXXXXXXXX\nX   b    X\nX XXXXXX X\nXR      \u221eX\nXXXX  XXXX\nX        X\nX     \u221e  X\nX      M X\nXXX    XXX\nXe      PX\nX    \u221eH PX\nXXXXX XXXX\nX   m X  X\nX XXXXX XX\nX        X\nXXXXXX XXX\nX  X \u221e X X\nX  XX XX X\nX        X\nXXXXXXXXXX\n", "Health: 7 X: 7 Y: 10\nXXXXXXXXXX\nX   b    X\nX XXXXXX X\nXR      \u221eX\nXXXX  XXXX\nX        X\nX     \u221e  X\nX      M X\nXXX    XXX\nXe      PX\nX    \u221e HPX\nXXXXX XXXX\nX    mX  X\nX XXXXX XX\nX        X\nXXXXXX XXX\nX  X \u221e X X\nX  XX XX X\nX        X\nXXXXXXXXXX\n", "Health: 9 X: 8 Y: 10\nXXXXXXXXXX\nX   b    X\nX XXXXXX X\nXR      \u221eX\nXXXX  XXXX\nX        X\nX     \u221e  X\nX      M X\nXXX    XXX\nXe      PX\nX    \u221e   X\nXXXXXmXXXX\nX     X  X\nX XXXXX XX\nX        X\nXXXXXX XXX\nX  X \u221e X X\nX  XX XX X\nX        X\nXXXXXXXXXX\n", "Health: 11 X: 8 Y: 9\nXXXXXXXXXX\nX   b    X\nX XXXXXX X\nXR      \u221eX\nXXXX  XXXX\nX        X\nX     \u221e  X\nX      M X\nXXX    XXX\nXe       X\nX    \u221e   X\nXXXXX XXXX\nX     X  X\nX XXXXX XX\nX        X\nXXXXXX XXX\nX  X \u221e X X\nX  XX XX X\nX        X\nXXXXXXXXXX\n", "Health: 11 X: 7 Y: 9\nXXXXXXXXXX\nX   b    X\nX XXXXXX X\nXR      \u221eX\nXXXX  XXXX\nX        X\nX     \u221e  X\nX      M X\nXXX    XXX\nXe   m H X\nX    \u221e   X\nXXXXX XXXX\nX     X  X\nX XXXXX XX\nX        X\nXXXXXX XXX\nX  X \u221e X X\nX  XX XX X\nX        X\nXXXXXXXXXX\n", "Health: 11 X: 7 Y: 10\nXXXXXXXXXX\nX   b    X\nX XXXXXX X\nXR      \u221eX\nXXXX  XXXX\nX        X\nX     \u221e  X\nX      M X\nXXX    XXX\nXe    m  X\nX    \u221e H X\nXXXXX XXXX\nX     X  X\nX XXXXX XX\nX        X\nXXXXXX XXX\nX  X \u221e X X\nX  XX XX X\nX        X\nXXXXXXXXXX\n", "Health: 10 X: 6 Y: 10\nXXXXXXXXXX\nX   b    X\nX XXXXXX X\nXR      \u221eX\nXXXX  XXXX\nX        X\nX     \u221e  X\nX      M X\nXXX    XXX\nXe    m  X\nX    \u221eH  X\nXXXXX XXXX\nX     X  X\nX XXXXX XX\nX        X\nXXXXXX XXX\nX  X \u221e X X\nX  XX XX X\nX        X\nXXXXXXXXXX\n", "Health: 10 X: 5 Y: 10\nXXXXXXXXXX\nX   b    X\nX XXXXXX X\nXR      \u221eX\nXXXX  XXXX\nX        X\nX     \u221e  X\nX      M X\nXXX    XXX\nXe    m  X\nX    \u221e   X\nXXXXX XXXX\nX     X  X\nX XXXXX XX\nX        X\nXXXXXX XXX\nX  X \u221e X X\nX  XX XX X\nX        X\nXXXXXXXXXX\n", "Health: 10 X: 4 Y: 10\nXXXXXXXXXX\nX   b    X\nX XXXXXX X\nXR      \u221eX\nXXXX  XXXX\nX        X\nX     \u221e  X\nX      M X\nXXX    XXX\nXe    m  X\nX   H\u221e   X\nXXXXX XXXX\nX     X  X\nX XXXXX XX\nX        X\nXXXXXX XXX\nX  X \u221e X X\nX  XX XX X\nX        X\nXXXXXXXXXX\n", "Health: 10 X: 3 Y: 10\nXXXXXXXXXX\nX   b    X\nX XXXXXX X\nXR      \u221eX\nXXXX  XXXX\nX        X\nX     \u221e  X\nX     M  X\nXXX    XXX\nXe    m  X\nX  H \u221e   X\nXXXXX XXXX\nX     X  X\nX XXXXX XX\nX        X\nXXXXXX XXX\nX  X \u221e X X\nX  XX XX X\nX        X\nXXXXXXXXXX\n", "Health: 10 X: 2 Y: 10\nXXXXXXXXXX\nX   b    X\nX XXXXXX X\nXR      \u221eX\nXXXX  XXXX\nX        X\nX     \u221e  X\nX    M   X\nXXX    XXX\nXe    m  X\nX H  \u221e   X\nXXXXX XXXX\nX     X  X\nX XXXXX XX\nX        X\nXXXXXX XXX\nX  X \u221e X X\nX  XX XX X\nX        X\nXXXXXXXXXX\n", "Health: 10 X: 1 Y: 10\nXXXXXXXXXX\nX   b    X\nX XXXXXX X\nXR      \u221eX\nXXXX  XXXX\nX        X\nX     \u221e  X\nX   M    X\nXXX    XXX\nXe    m  X\nXH   \u221e   X\nXXXXX XXXX\nX     X  X\nX XXXXX XX\nX        X\nXXXXXX XXX\nX  X \u221e X X\nX  XX XX X\nX        X\nXXXXXXXXXX\n", "Health: 10 X: 1 Y: 9\nXXXXXXXXXX\nX   b    X\nX XXXXXX X\nXR      \u221eX\nXXXX  XXXX\nX        X\nX     \u221e  X\nX   M    X\nXXX    XXX\nXe   m   X\nX    \u221e   X\nXXXXX XXXX\nX     X  X\nX XXXXX XX\nX        X\nXXXXXX XXX\nX  X \u221e X X\nX  XX XX X\nX        X\nXXXXXXXXXX\n"], "map_number": 102}, {"mechanics": [{"timestep": 2, "mechanic": "OgreTreasure"}, {"timestep": 2, "mechanic": "BlobPotion"}, {"timestep": 3, "mechanic": "OgreTreasure"}, {"timestep": 3, "mechanic": "BlobHit"}, {"timestep": 4, "mechanic": "BlobHit"}, {"timestep": 7, "mechanic": "CollectPotion"}, {"timestep": 7, "mechanic": "MinitaurHit"}, {"timestep": 15, "mechanic": "CollectTreasure"}, {"timestep": 20, "mechanic": "CollectTreasure"}, {"timestep": 21, "mechanic": "CollectTreasure"}, {"timestep": 23, "mechanic": "CollectTreasure"}, {"timestep": 24, "mechanic": "CollectTreasure"}, {"timestep": 24, "mechanic": "MinitaurHit"}, {"timestep": 40, "mechanic": "OgreHit"}, {"timestep": 42, "mechanic": "ReachStairs"}, {"timestep": 42, "mechanic": "OgreHit"}], "frequencies": {}, "levelReport": {"utilityGained": 0.0, "exitUtility": 0.0, "runnerUtility": 0.3529411764705882, "loitererUtility": 0.0, "completionistUtility": 0.10588235294117646, "monsterKillerUtility": 0.10588235294117646, "treasureCollectorUtility": 0.10588235294117646, "turnsTaken": 0, "health": 10, "healthLost": 0, "alive": true, "javelinsThrown": 0, "monsterKills": 0, "minitaurKnockouts": 0, "treasuresCollected": 0, "potionsTaken": 0, "totalMonsters": 6, "totalTreasures": 9, "totalPotions": 2, "timeTaken": 0.0}, "positions": [{"X": 5, "Y": 12}, {"X": 4, "Y": 12}, {"X": 5, "Y": 12}, {"X": 6, "Y": 12}, {"X": 6, "Y": 11}, {"X": 6, "Y": 10}, {"X": 6, "Y": 9}, {"X": 6, "Y": 8}, {"X": 6, "Y": 7}, {"X": 6, "Y": 6}, {"X": 7, "Y": 6}, {"X": 8, "Y": 6}, {"X": 8, "Y": 5}, {"X": 7, "Y": 5}, {"X": 7, "Y": 4}, {"X": 7, "Y": 3}, {"X": 6, "Y": 3}, {"X": 5, "Y": 3}, {"X": 5, "Y": 2}, {"X": 5, "Y": 3}, {"X": 5, "Y": 4}, {"X": 4, "Y": 15}, {"X": 3, "Y": 15}, {"X": 3, "Y": 16}, {"X": 3, "Y": 17}, {"X": 4, "Y": 17}, {"X": 5, "Y": 17}, {"X": 5, "Y": 18}, {"X": 6, "Y": 18}, {"X": 7, "Y": 18}, {"X": 6, "Y": 18}, {"X": 5, "Y": 18}, {"X": 5, "Y": 17}, {"X": 6, "Y": 17}, {"X": 6, "Y": 16}, {"X": 6, "Y": 15}, {"X": 6, "Y": 14}, {"X": 5, "Y": 14}, {"X": 4, "Y": 14}, {"X": 3, "Y": 14}, {"X": 2, "Y": 14}, {"X": 3, "Y": 14}, {"X": 4, "Y": 14}, {"X": 5, "Y": 14}, {"X": 6, "Y": 14}, {"X": 5, "Y": 14}, {"X": 4, "Y": 14}, {"X": 5, "Y": 14}, {"X": 6, "Y": 14}, {"X": 7, "Y": 14}, {"X": 8, "Y": 14}, {"X": 8, "Y": 15}, {"X": 8, "Y": 16}, {"X": 8, "Y": 17}, {"X": 7, "Y": 17}, {"X": 6, "Y": 17}, {"X": 5, "Y": 17}, {"X": 6, "Y": 17}, {"X": 7, "Y": 17}, {"X": 8, "Y": 17}, {"X": 7, "Y": 17}, {"X": 6, "Y": 17}, {"X": 5, "Y": 17}, {"X": 4, "Y": 17}, {"X": 5, "Y": 17}, {"X": 5, "Y": 16}, {"X": 5, "Y": 15}, {"X": 5, "Y": 14}, {"X": 5, "Y": 13}, {"X": 5, "Y": 12}, {"X": 5, "Y": 11}, {"X": 5, "Y": 10}, {"X": 5, "Y": 9}, {"X": 6, "Y": 9}, {"X": 6, "Y": 8}, {"X": 6, "Y": 7}, {"X": 6, "Y": 6}, {"X": 7, "Y": 6}, {"X": 7, "Y": 5}, {"X": 7, "Y": 4}], "levelStates": ["Health: 10 X: 5 Y: 12\nXXXXXXXXXX\nX X e X TX\nXM       X\nX   X   XX\nX   T    X\nXX  XX   X\nX P     bX\nX X X  X X\nXT     o X\nX        X\nX  X   XPX\nX        X\nXX   H  XX\nX        X\nXb      bX\nX X T  X X\nXP   m  PX\nX        X\nXT TXT TXX\nXXXXXXXXXX\n", "Health: 10 X: 4 Y: 12\nXXXXXXXXXX\nX X e X TX\nXM       X\nX   X   XX\nX   T    X\nXX  XX   X\nX P      X\nX X X  XbX\nXT    o  X\nX        X\nX  X   XPX\nX        X\nXX  H   XX\nX        X\nX        X\nXbX Tm XbX\nXP      PX\nX        X\nXT TXT TXX\nXXXXXXXXXX\n", "Health: 10 X: 5 Y: 12\nXXXXXXXXXX\nX X e X TX\nX M      X\nX   X   XX\nX   T    X\nXX  XX   X\nX P      X\nX X X  X X\nXT   o  bX\nX        X\nX  X   XPX\nX        X\nXX   H  XX\nX        X\nX    m   X\nX X T  X X\nX        X\nX        X\nXT TXT TXX\nXXXXXXXXXX\n", "Health: 10 X: 6 Y: 12\nXXXXXXXXXX\nX X e X TX\nX M      X\nX   X   XX\nX   T    X\nXX  XX   X\nX P      X\nX X X  X X\nXT  o    X\nX       bX\nX  X   XPX\nX        X\nXX    H XX\nX    m   X\nX        X\nX X T  X X\nX        X\nX        X\nXT TXT TXX\nXXXXXXXXXX\n", "Health: 10 X: 6 Y: 11\nXXXXXXXXXX\nX X e X TX\nX M      X\nX   X   XX\nX   T    X\nXX  XX   X\nX P      X\nX X X  X X\nXT o     X\nX        X\nX  X   X X\nX     H  X\nXX   m  XX\nX        X\nX        X\nX X T  X X\nX        X\nX        X\nXT TXT TXX\nXXXXXXXXXX\n", "Health: 10 X: 6 Y: 10\nXXXXXXXXXX\nX X e X TX\nX M      X\nX   X   XX\nX   T    X\nXX  XX   X\nX P      X\nX X X  X X\nXTo      X\nX        X\nX  X  HX X\nX    m   X\nXX      XX\nX        X\nX        X\nX X T  XbX\nX        X\nX        X\nXT TXT TXX\nXXXXXXXXXX\n", "Health: 10 X: 6 Y: 9\nXXXXXXXXXX\nX X e X TX\nX M      X\nX   X   XX\nX   T    X\nXX  XX   X\nX P      X\nX X X  X X\nXo       X\nX     H  X\nX  X m X X\nX        X\nXX      XX\nX        X\nX        X\nX X T  XbX\nX        X\nX        X\nXT TXT TXX\nXXXXXXXXXX\n", "Health: 10 X: 6 Y: 8\nXXXXXXXXXX\nX X e X TX\nX M      X\nX   X   XX\nX   T    X\nXX  XX   X\nX P      X\nX X X  X X\nX o   H  X\nX    m  bX\nX  X   X X\nX        X\nXX      XX\nX        X\nX        X\nX X T  XbX\nX        X\nX        X\nXT TXT TXX\nXXXXXXXXXX\n", "Health: 10 X: 6 Y: 7\nXXXXXXXXXX\nX X e X TX\nX M      X\nX   X   XX\nX   T    X\nXX  XX   X\nX P      X\nX X X HX X\nX    m   X\nX o     bX\nX  X   X X\nX        X\nXX      XX\nX        X\nX        X\nX X T  XbX\nX        X\nX        X\nXT TXT TXX\nXXXXXXXXXX\n", "Health: 10 X: 6 Y: 6\nXXXXXXXXXX\nX X e X TX\nX M      X\nX   X   XX\nX   T    X\nXX  XX   X\nX P   H  X\nX X Xm X X\nX        X\nX       bX\nX oX   X X\nX        X\nXX      XX\nX        X\nX        X\nX X T  XbX\nX        X\nX        X\nXT TXT TXX\nXXXXXXXXXX\n", "Health: 10 X: 7 Y: 6\nXXXXXXXXXX\nX X e X TX\nX M      X\nX   X   XX\nX   T    X\nXX  XX   X\nX P  m H X\nX X X  X X\nX        X\nX       bX\nX  X   X X\nX o      X\nXX      XX\nX        X\nX        X\nX X T  XbX\nX        X\nX        X\nXT TXT TXX\nXXXXXXXXXX\n", "Health: 10 X: 8 Y: 6\nXXXXXXXXXX\nX X e X TX\nX M      X\nX   X   XX\nX   T    X\nXX  XX   X\nX P   m HX\nX X X  X X\nX       bX\nX        X\nX  X   X X\nX        X\nXXo     XX\nX        X\nX        X\nX X T  XbX\nX        X\nX        X\nXT TXT TXX\nXXXXXXXXXX\n", "Health: 10 X: 8 Y: 5\nXXXXXXXXXX\nX X e X TX\nX M      X\nX   X   XX\nX   T    X\nXX  XXm HX\nX P      X\nX X X  XbX\nX        X\nX        X\nX  X   X X\nX        X\nXX o    XX\nX        X\nX        X\nX X T  XbX\nX        X\nX        X\nXT TXT TXX\nXXXXXXXXXX\n", "Health: 9 X: 7 Y: 5\nXXXXXXXXXX\nX X e X TX\nX M      X\nX   X   XX\nX   T    X\nXX  XXmH X\nX P     bX\nX X X  X X\nX        X\nX        X\nX  X   X X\nX        X\nXX      XX\nX  o     X\nX        X\nX X T  XbX\nX        X\nX        X\nXT TXT TXX\nXXXXXXXXXX\n", "Health: 9 X: 7 Y: 4\nXXXXXXXXXX\nX X e X TX\nX M      X\nX   X   XX\nX   T  H X\nXX  XXm bX\nX P      X\nX X X  X X\nX        X\nX        X\nX  X   X X\nX        X\nXX      XX\nX        X\nX  o     X\nX X T  XbX\nX        X\nX        X\nXT TXT TXX\nXXXXXXXXXX\n", "Health: 9 X: 7 Y: 3\nXXXXXXXXXX\nX X e X TX\nX M      X\nX   X  HXX\nX   T   bX\nXX  XXm  X\nX P      X\nX X X  X X\nX        X\nX        X\nX  X   X X\nX        X\nXX      XX\nX        X\nX        X\nX XoT  XbX\nX        X\nX        X\nXT TXT TXX\nXXXXXXXXXX\n", "Health: 9 X: 6 Y: 3\nXXXXXXXXXX\nX X e X TX\nX M      X\nX   X H XX\nX   T  b X\nXX  XXm  X\nX P      X\nX X X  X X\nX        X\nX        X\nX  X   X X\nX        X\nXX      XX\nX        X\nX        X\nX X T  XbX\nX  o     X\nX        X\nXT TXT TXX\nXXXXXXXXXX\n", "Health: 9 X: 5 Y: 3\nXXXXXXXXXX\nX X e X TX\nX M      X\nX   XH bXX\nX   T    X\nXX  XXm  X\nX P      X\nX X X  X X\nX        X\nX        X\nX  X   X X\nX        X\nXX      XX\nX        X\nX        X\nX X T  XbX\nX        X\nX  o     X\nXT TXT TXX\nXXXXXXXXXX\n", "Health: 9 X: 5 Y: 2\nXXXXXXXXXX\nX X e X TX\nX  M H b X\nX   X   XX\nX   T    X\nXX  XXm  X\nX P      X\nX X X  X X\nX        X\nX        X\nX  X   X X\nX        X\nXX      XX\nX        X\nX        X\nX X T  XbX\nX        X\nX        X\nXT  XT TXX\nXXXXXXXXXX\n", "Health: 9 X: 5 Y: 3\nXXXXXXXXXX\nX X e X TX\nX  M  b  X\nX   XH  XX\nX   T m  X\nXX  XX   X\nX P      X\nX X X  X X\nX        X\nX        X\nX  X   X X\nX        X\nXX      XX\nX        X\nX        X\nX X T  XbX\nX        X\nX        X\nXTo XT TXX\nXXXXXXXXXX\n", "Health: 8 X: 5 Y: 4\nXXXXXXXXXX\nX X e X TX\nX  M b   X\nX   X   XX\nX   THm  X\nXX  XX   X\nX P      X\nX X X  X X\nX        X\nX        X\nX  X   X X\nX        X\nXX      XX\nX        X\nX        X\nX X T  XbX\nX        X\nX        X\nX   XT TXX\nXXXXXXXXXX\n", "Health: 8 X: 4 Y: 15\nXXXXXXXXXX\nX X e X TX\nX    b   X\nX  MX   XX\nX   T m  X\nXX  XX   X\nX P      X\nX X X  X X\nX        X\nX        X\nX  X   X X\nX        X\nXX      XX\nX        X\nX        X\nX X T  XbX\nX        X\nXo       X\nX   XT TXX\nXXXXXXXXXX\n", "Health: 8 X: 3 Y: 15\nXXXXXXXXXX\nX X e X TX\nX    b   X\nX  MX   XX\nX   T m  X\nXX  XX   X\nX P      X\nX X X  X X\nX        X\nX        X\nX  X   X X\nX        X\nXX      XX\nX        X\nX        X\nX XHT  XbX\nX        X\nXo       X\nX   XT TXX\nXXXXXXXXXX\n", "Health: 8 X: 3 Y: 16\nXXXXXXXXXX\nX X e X TX\nX    b   X\nX  MX   XX\nX   T m  X\nXX  XX   X\nX P      X\nX X X  X X\nX        X\nX        X\nX  X   X X\nX        X\nXX      XX\nX        X\nX        X\nX X T  XbX\nX  H     X\nX        X\nX   XT TXX\nXXXXXXXXXX\n", "Health: 8 X: 3 Y: 17\nXXXXXXXXXX\nX X e X TX\nX    b   X\nX  MX   XX\nX   T m  X\nXX  XX   X\nX P      X\nX X X  X X\nX        X\nX        X\nX  X   X X\nX        X\nXX      XX\nX        X\nX        X\nX X T  XbX\nX o      X\nX  H     X\nX   XT TXX\nXXXXXXXXXX\n", "Health: 8 X: 4 Y: 17\nXXXXXXXXXX\nX X e X TX\nX    b   X\nX  MX   XX\nX   T m  X\nXX  XX   X\nX P      X\nX X X  X X\nX        X\nX        X\nX  X   X X\nX        X\nXX      XX\nX        X\nX        X\nX X T  XbX\nX  o     X\nX   H    X\nX   XT TXX\nXXXXXXXXXX\n", "Health: 8 X: 5 Y: 17\nXXXXXXXXXX\nX X e X TX\nX    b   X\nX  MX   XX\nX   T    X\nXX  XXm  X\nX P      X\nX X X  X X\nX        X\nX        X\nX  X   X X\nX        X\nXX      XX\nX        X\nX        X\nX X T  XbX\nX   o    X\nX    H   X\nX   XT TXX\nXXXXXXXXXX\n", "Health: 8 X: 5 Y: 18\nXXXXXXXXXX\nX X e X TX\nX    b   X\nX  MX   XX\nX   T    X\nXX  XX   X\nX P   m  X\nX X X  X X\nX        X\nX        X\nX  X   X X\nX        X\nXX      XX\nX        X\nX        X\nX X T  X X\nX    o   X\nX        X\nX   X  TXX\nXXXXXXXXXX\n", "Health: 8 X: 6 Y: 18\nXXXXXXXXXX\nX X e X TX\nX    b   X\nX  MX   XX\nX   T    X\nXX  XX   X\nX P      X\nX X X mX X\nX        X\nX        X\nX  X   X X\nX        X\nXX      XX\nX        X\nX        X\nX X T  X X\nX     ob X\nX        X\nX   X HTXX\nXXXXXXXXXX\n", "Health: 8 X: 7 Y: 18\nXXXXXXXXXX\nX X e X TX\nX    b   X\nX  MX   XX\nX   T    X\nXX  XX   X\nX P      X\nX X X  X X\nX     m  X\nX        X\nX  X   X X\nX        X\nXX      XX\nX        X\nX        X\nX X T  X X\nX      \u221e X\nX        X\nX   X   XX\nXXXXXXXXXX\n", "Health: 8 X: 6 Y: 18\nXXXXXXXXXX\nX X e X TX\nX    b   X\nX  MX   XX\nX   T    X\nXX  XX   X\nX P      X\nX X X  X X\nX        X\nX     m  X\nX  X   X X\nX        X\nXX      XX\nX        X\nX        X\nX X T  X X\nX     o\u221e X\nX        X\nX   X H XX\nXXXXXXXXXX\n", "Health: 8 X: 5 Y: 18\nXXXXXXXXXX\nX X e X TX\nX    b   X\nX  MX   XX\nX   T    X\nXX  XX   X\nX P      X\nX X X  X X\nX        X\nX    m   X\nX  X   X X\nX        X\nXX      XX\nX        X\nX        X\nX X T  X X\nX    o \u221e X\nX        X\nX   X   XX\nXXXXXXXXXX\n", "Health: 6 X: 5 Y: 17\nXXXXXXXXXX\nX X e X TX\nX    b   X\nX  MX   XX\nX   T    X\nXX  XX   X\nX P      X\nX X X  X X\nX        X\nX        X\nX  X m X X\nX        X\nXX      XX\nX        X\nX        X\nX X T  X X\nX    o \u221e X\nX    H   X\nX   X   XX\nXXXXXXXXXX\n", "Health: 6 X: 6 Y: 17\nXXXXXXXXXX\nX X e X TX\nX    b   X\nX  MX   XX\nX   T    X\nXX  XX   X\nX P      X\nX X X  X X\nX        X\nX        X\nX  X  mX X\nX        X\nXX      XX\nX        X\nX        X\nX X T  X X\nX     o\u221e X\nX     H  X\nX   X   XX\nXXXXXXXXXX\n", "Health: 4 X: 6 Y: 16\nXXXXXXXXXX\nX X e X TX\nX    b   X\nX  MX   XX\nX   T    X\nXX  XX   X\nX P      X\nX X X  X X\nX        X\nX        X\nX  X   X X\nX     m  X\nXX      XX\nX        X\nX        X\nX X T  X X\nX     \u221e\u221e X\nX        X\nX   X   XX\nXXXXXXXXXX\n", "Health: 4 X: 6 Y: 15\nXXXXXXXXXX\nX X e X TX\nX    b   X\nX  MX   XX\nX   T    X\nXX  XX   X\nX P      X\nX X X  X X\nX        X\nX        X\nX  X   X X\nX        X\nXX    m XX\nX        X\nX        X\nX X T HX X\nX     \u221e\u221e X\nX        X\nX   X   XX\nXXXXXXXXXX\n", "Health: 4 X: 6 Y: 14\nXXXXXXXXXX\nX X e X TX\nX    b   X\nX  MX   XX\nX   T    X\nXX  XX   X\nX P      X\nX X X  X X\nX        X\nX        X\nX  X   X X\nX        X\nXX      XX\nX     m  X\nX     H  X\nX X T  X X\nX     \u221e\u221e X\nX        X\nX   X   XX\nXXXXXXXXXX\n", "Health: 4 X: 5 Y: 14\nXXXXXXXXXX\nX X e X TX\nX    b   X\nX  MX   XX\nX   T    X\nXX  XX   X\nX P      X\nX X X  X X\nX        X\nX        X\nX  X   X X\nX        X\nXX      XX\nX    m   X\nX    H   X\nX X T  X X\nX     \u221e\u221e X\nX        X\nX   X   XX\nXXXXXXXXXX\n", "Health: 4 X: 4 Y: 14\nXXXXXXXXXX\nX X e X TX\nX    b   X\nX   X   XX\nX  MT    X\nXX  XX   X\nX P      X\nX X X  X X\nX        X\nX        X\nX  X   X X\nX        X\nXX      XX\nX   m    X\nX   H    X\nX X T  X X\nX     \u221e\u221e X\nX        X\nX   X   XX\nXXXXXXXXXX\n", "Health: 4 X: 3 Y: 14\nXXXXXXXXXX\nX X e X TX\nX    b   X\nX   X   XX\nX  MT    X\nXX  XX   X\nX P      X\nX X X  X X\nX        X\nX        X\nX  X   X X\nX        X\nXX      XX\nX  m     X\nX  H     X\nX X T  X X\nX     \u221e\u221e X\nX        X\nX   X   XX\nXXXXXXXXXX\n", "Health: 4 X: 2 Y: 14\nXXXXXXXXXX\nX X e X TX\nX    b   X\nX   X   XX\nX   T    X\nXX MXX   X\nX P      X\nX X X  X X\nX        X\nX        X\nX  X   X X\nX        X\nXX      XX\nX m      X\nX H      X\nX X T  X X\nX     \u221e\u221e X\nX        X\nX   X   XX\nXXXXXXXXXX\n", "Health: 4 X: 3 Y: 14\nXXXXXXXXXX\nX X e X TX\nX    b   X\nX   X   XX\nX   T    X\nXX MXX   X\nX P      X\nX X X  X X\nX        X\nX        X\nX  X   X X\nX        X\nXX      XX\nX  m     X\nX  H     X\nX X T  X X\nX     \u221e\u221e X\nX        X\nX   X   XX\nXXXXXXXXXX\n", "Health: 4 X: 4 Y: 14\nXXXXXXXXXX\nX X e X TX\nX    b   X\nX   X   XX\nX   T    X\nXX MXX   X\nX P      X\nX X X  X X\nX        X\nX        X\nX  X   X X\nX        X\nXX      XX\nX   m    X\nX   H    X\nX X T  X X\nX     \u221e\u221e X\nX        X\nX   X   XX\nXXXXXXXXXX\n", "Health: 4 X: 5 Y: 14\nXXXXXXXXXX\nX X e X TX\nX    b   X\nX   X   XX\nX   T    X\nXX MXX   X\nX P      X\nX X X  X X\nX        X\nX        X\nX  X   X X\nX        X\nXX      XX\nX    m   X\nX    H   X\nX X T  X X\nX     \u221e\u221e X\nX        X\nX   X   XX\nXXXXXXXXXX\n", "Health: 4 X: 6 Y: 14\nXXXXXXXXXX\nX X e X TX\nX    b   X\nX   X   XX\nX   T    X\nXX MXX   X\nX P      X\nX X X  X X\nX        X\nX        X\nX  X   X X\nX        X\nXX      XX\nX     m  X\nX     H  X\nX X T  X X\nX     \u221e\u221e X\nX        X\nX   X   XX\nXXXXXXXXXX\n", "Health: 4 X: 5 Y: 14\nXXXXXXXXXX\nX X e X TX\nX    b   X\nX   X   XX\nX   T    X\nXX MXX   X\nX P      X\nX X X  X X\nX        X\nX        X\nX  X   X X\nX        X\nXX      XX\nX    m   X\nX    H   X\nX X T  X X\nX     \u221e\u221e X\nX        X\nX   X   XX\nXXXXXXXXXX\n", "Health: 4 X: 4 Y: 14\nXXXXXXXXXX\nX X e X TX\nX    b   X\nX   X   XX\nX   T    X\nXX MXX   X\nX P      X\nX X X  X X\nX        X\nX        X\nX  X   X X\nX        X\nXX      XX\nX   m    X\nX   H    X\nX X T  X X\nX     \u221e\u221e X\nX        X\nX   X   XX\nXXXXXXXXXX\n", "Health: 4 X: 5 Y: 14\nXXXXXXXXXX\nX X e X TX\nX    b   X\nX   X   XX\nX   T    X\nXX MXX   X\nX P      X\nX X X  X X\nX        X\nX        X\nX  X   X X\nX        X\nXX      XX\nX    m   X\nX    H   X\nX X T  X X\nX     \u221e\u221e X\nX        X\nX   X   XX\nXXXXXXXXXX\n", "Health: 4 X: 6 Y: 14\nXXXXXXXXXX\nX X e X TX\nX    b   X\nX   X   XX\nX   T    X\nXX MXX   X\nX P      X\nX X X  X X\nX        X\nX        X\nX  X   X X\nX        X\nXX      XX\nX     m  X\nX     H  X\nX X T  X X\nX     \u221e\u221e X\nX        X\nX   X   XX\nXXXXXXXXXX\n", "Health: 4 X: 7 Y: 14\nXXXXXXXXXX\nX X e X TX\nX    b   X\nX   X   XX\nX   T    X\nXX MXX   X\nX P      X\nX X X  X X\nX        X\nX        X\nX  X   X X\nX        X\nXX      XX\nX      m X\nX      H X\nX X T  X X\nX     \u221e\u221e X\nX        X\nX   X   XX\nXXXXXXXXXX\n", "Health: 4 X: 8 Y: 14\nXXXXXXXXXX\nX X e X TX\nX    b   X\nX   X   XX\nX   T    X\nXX MXX   X\nX P      X\nX X X  X X\nX        X\nX        X\nX  X   X X\nX        X\nXX      XX\nX       mX\nX       HX\nX X T  X X\nX     \u221e\u221e X\nX        X\nX   X   XX\nXXXXXXXXXX\n", "Health: 4 X: 8 Y: 15\nXXXXXXXXXX\nX X e X TX\nX    b   X\nX   X   XX\nX   T    X\nXX MXX   X\nX P      X\nX X X  X X\nX        X\nX        X\nX  X   X X\nX        X\nXX      XX\nX        X\nX       mX\nX X T  XHX\nX     \u221e\u221e X\nX        X\nX   X   XX\nXXXXXXXXXX\n", "Health: 4 X: 8 Y: 16\nXXXXXXXXXX\nX X e X TX\nX    b   X\nX   X   XX\nX   T    X\nXX MXX   X\nX P      X\nX X X  X X\nX        X\nX        X\nX  X   X X\nX        X\nXX      XX\nX        X\nX        X\nX X T  XmX\nX     \u221e\u221e X\nX        X\nX   X   XX\nXXXXXXXXXX\n", "Health: 4 X: 8 Y: 17\nXXXXXXXXXX\nX X e X TX\nX    b   X\nX   X   XX\nX   T    X\nXX MXX   X\nX P      X\nX X X  X X\nX        X\nX        X\nX  X   X X\nX        X\nXX      XX\nX        X\nX        X\nX X T  X X\nX     \u221e\u221emX\nX       HX\nX   X   XX\nXXXXXXXXXX\n", "Health: 4 X: 7 Y: 17\nXXXXXXXXXX\nX X e X TX\nX    b   X\nX   X   XX\nX   T    X\nXX MXX   X\nX P      X\nX X X  X X\nX        X\nX        X\nX  X   X X\nX        X\nXX      XX\nX        X\nX        X\nX X T  X X\nX     \u221em X\nX      H X\nX   X   XX\nXXXXXXXXXX\n", "Health: 4 X: 6 Y: 17\nXXXXXXXXXX\nX X e X TX\nX    b   X\nX   X   XX\nX   T    X\nXX MXX   X\nX P      X\nX X X  X X\nX        X\nX        X\nX  X   X X\nX        X\nXX      XX\nX        X\nX        X\nX X T  X X\nX     m\u221e X\nX     H  X\nX   X   XX\nXXXXXXXXXX\n", "Health: 4 X: 5 Y: 17\nXXXXXXXXXX\nX X e X TX\nX    b   X\nX   X   XX\nX   T    X\nXX  XX   X\nX PM     X\nX X X  X X\nX        X\nX        X\nX  X   X X\nX        X\nXX      XX\nX        X\nX        X\nX X T  X X\nX    m\u221e\u221e X\nX    H   X\nX   X   XX\nXXXXXXXXXX\n", "Health: 4 X: 6 Y: 17\nXXXXXXXXXX\nX X e X TX\nX    b   X\nX   X   XX\nX   T    X\nXX  XX   X\nX P M    X\nX X X  X X\nX        X\nX        X\nX  X   X X\nX        X\nXX      XX\nX        X\nX        X\nX X T  X X\nX     m\u221e X\nX     H  X\nX   X   XX\nXXXXXXXXXX\n", "Health: 4 X: 7 Y: 17\nXXXXXXXXXX\nX X e X TX\nX    b   X\nX   X   XX\nX   T    X\nXX  XX   X\nX P M    X\nX X X  X X\nX        X\nX        X\nX  X   X X\nX        X\nXX      XX\nX        X\nX        X\nX X T  X X\nX     \u221em X\nX      H X\nX   X   XX\nXXXXXXXXXX\n", "Health: 4 X: 8 Y: 17\nXXXXXXXXXX\nX X e X TX\nX    b   X\nX   X   XX\nX   T    X\nXX  XX   X\nX P M    X\nX X X  X X\nX        X\nX        X\nX  X   X X\nX        X\nXX      XX\nX        X\nX        X\nX X T  X X\nX     \u221e\u221emX\nX       HX\nX   X   XX\nXXXXXXXXXX\n", "Health: 4 X: 7 Y: 17\nXXXXXXXXXX\nX X e X TX\nX    b   X\nX   X   XX\nX   T    X\nXX  XX   X\nX P M    X\nX X X  X X\nX        X\nX        X\nX  X   X X\nX        X\nXX      XX\nX        X\nX        X\nX X T  X X\nX     \u221em X\nX      H X\nX   X   XX\nXXXXXXXXXX\n", "Health: 4 X: 6 Y: 17\nXXXXXXXXXX\nX X e X TX\nX    b   X\nX   X   XX\nX   T    X\nXX  XX   X\nX P M    X\nX X X  X X\nX        X\nX        X\nX  X   X X\nX        X\nXX      XX\nX        X\nX        X\nX X T  X X\nX     m\u221e X\nX     H  X\nX   X   XX\nXXXXXXXXXX\n", "Health: 4 X: 5 Y: 17\nXXXXXXXXXX\nX X e X TX\nX    b   X\nX   X   XX\nX   T    X\nXX  XX   X\nX P M    X\nX X X  X X\nX        X\nX        X\nX  X   X X\nX        X\nXX      XX\nX        X\nX        X\nX X T  X X\nX    m\u221e\u221e X\nX    H   X\nX   X   XX\nXXXXXXXXXX\n", "Health: 4 X: 4 Y: 17\nXXXXXXXXXX\nX X e X TX\nX    b   X\nX   X   XX\nX   T    X\nXX  XX   X\nX P M    X\nX X X  X X\nX        X\nX        X\nX  X   X X\nX        X\nXX      XX\nX        X\nX        X\nX X T  X X\nX   m \u221e\u221e X\nX   H    X\nX   X   XX\nXXXXXXXXXX\n", "Health: 4 X: 5 Y: 17\nXXXXXXXXXX\nX X e X TX\nX    b   X\nX   X   XX\nX   T    X\nXX  XX   X\nX P M    X\nX X X  X X\nX        X\nX        X\nX  X   X X\nX        X\nXX      XX\nX        X\nX        X\nX X T  X X\nX    m\u221e\u221e X\nX    H   X\nX   X   XX\nXXXXXXXXXX\n", "Health: 3 X: 5 Y: 16\nXXXXXXXXXX\nX X e X TX\nX    b   X\nX   X   XX\nX   T    X\nXX  XX   X\nX P M    X\nX X X  X X\nX        X\nX        X\nX  X   X X\nX        X\nXX      XX\nX        X\nX        X\nX X T  X X\nX    m\u221e\u221e X\nX        X\nX   X   XX\nXXXXXXXXXX\n", "Health: 3 X: 5 Y: 15\nXXXXXXXXXX\nX X e X TX\nX    b   X\nX   X   XX\nX   T    X\nXX  XX   X\nX P M    X\nX X X  X X\nX        X\nX        X\nX  X   X X\nX        X\nXX      XX\nX        X\nX        X\nX X TH X X\nX    m\u221e\u221e X\nX        X\nX   X   XX\nXXXXXXXXXX\n", "Health: 3 X: 5 Y: 14\nXXXXXXXXXX\nX X e X TX\nX    b   X\nX   X   XX\nX   T    X\nXX  XX   X\nX P M    X\nX X X  X X\nX        X\nX        X\nX  X   X X\nX        X\nXX      XX\nX        X\nX    H   X\nX X T  X X\nX    m\u221e\u221e X\nX        X\nX   X   XX\nXXXXXXXXXX\n", "Health: 3 X: 5 Y: 13\nXXXXXXXXXX\nX X e X TX\nX    b   X\nX   X   XX\nX   T    X\nXX  XX   X\nX P M    X\nX X X  X X\nX        X\nX        X\nX  X   X X\nX        X\nXX      XX\nX    H   X\nX        X\nX X T  X X\nX    m\u221e\u221e X\nX        X\nX   X   XX\nXXXXXXXXXX\n", "Health: 3 X: 5 Y: 12\nXXXXXXXXXX\nX X e X TX\nX    b   X\nX   X   XX\nX   T    X\nXX  XX   X\nX P M    X\nX X X  X X\nX        X\nX        X\nX  X   X X\nX        X\nXX   H  XX\nX        X\nX        X\nX X T  X X\nX    m\u221e\u221e X\nX        X\nX   X   XX\nXXXXXXXXXX\n", "Health: 3 X: 5 Y: 11\nXXXXXXXXXX\nX X e X TX\nX    b   X\nX   X   XX\nX   T    X\nXX  XX   X\nX P M    X\nX X X  X X\nX        X\nX        X\nX  X   X X\nX    H   X\nXX      XX\nX        X\nX        X\nX X Tm X X\nX     \u221e\u221e X\nX        X\nX   X   XX\nXXXXXXXXXX\n", "Health: 3 X: 5 Y: 10\nXXXXXXXXXX\nX X e X TX\nX    b   X\nX   X   XX\nX   T    X\nXX  XX   X\nX P M    X\nX X X  X X\nX        X\nX        X\nX  X H X X\nX        X\nXX      XX\nX        X\nX    m   X\nX X T  X X\nX     \u221e\u221e X\nX        X\nX   X   XX\nXXXXXXXXXX\n", "Health: 3 X: 5 Y: 9\nXXXXXXXXXX\nX X e X TX\nX    b   X\nX   X   XX\nX   T    X\nXX  XX   X\nX P M    X\nX X X  X X\nX        X\nX    H   X\nX  X   X X\nX        X\nXX      XX\nX    m   X\nX        X\nX X T  X X\nX     \u221e\u221e X\nX        X\nX   X   XX\nXXXXXXXXXX\n", "Health: 3 X: 6 Y: 9\nXXXXXXXXXX\nX X e X TX\nX    b   X\nX   X   XX\nX   T    X\nXX  XX   X\nX P M    X\nX X X  X X\nX        X\nX     H  X\nX  X   X X\nX        X\nXX   m  XX\nX        X\nX        X\nX X T  X X\nX     \u221e\u221e X\nX        X\nX   X   XX\nXXXXXXXXXX\n", "Health: 3 X: 6 Y: 8\nXXXXXXXXXX\nX X e X TX\nX    b   X\nX   X   XX\nX   T    X\nXX  XX   X\nX P M    X\nX X X  X X\nX     H  X\nX        X\nX  X   X X\nX    m   X\nXX      XX\nX        X\nX        X\nX X T  X X\nX     \u221e\u221e X\nX        X\nX   X   XX\nXXXXXXXXXX\n", "Health: 3 X: 6 Y: 7\nXXXXXXXXXX\nX X e X TX\nX    b   X\nX   X   XX\nX   T    X\nXX  XX   X\nX P  M   X\nX X X HX X\nX        X\nX        X\nX  X m X X\nX        X\nXX      XX\nX        X\nX        X\nX X T  X X\nX     \u221e\u221e X\nX        X\nX   X   XX\nXXXXXXXXXX\n", "Health: 2 X: 6 Y: 6\nXXXXXXXXXX\nX X e X TX\nX     b  X\nX   X   XX\nX   T    X\nXX  XX   X\nX P  \u221eH  X\nX X X  X X\nX        X\nX    m   X\nX  X   X X\nX        X\nXX      XX\nX        X\nX        X\nX X T  X X\nX     \u221e\u221e X\nX        X\nX   X   XX\nXXXXXXXXXX\n", "Health: 2 X: 7 Y: 6\nXXXXXXXXXX\nX X e X TX\nX      b X\nX   X   XX\nX   T    X\nXX  XX   X\nX P  \u221e H X\nX X X  X X\nX    m   X\nX        X\nX  X   X X\nX        X\nXX      XX\nX        X\nX        X\nX X T  X X\nX     \u221e\u221e X\nX        X\nX   X   XX\nXXXXXXXXXX\n", "Health: 2 X: 7 Y: 5\nXXXXXXXXXX\nX X e X TX\nX        X\nX   X  bXX\nX   T    X\nXX  XX H X\nX P  \u221e   X\nX X Xm X X\nX        X\nX        X\nX  X   X X\nX        X\nXX      XX\nX        X\nX        X\nX X T  X X\nX     \u221e\u221e X\nX        X\nX   X   XX\nXXXXXXXXXX\n", "Health: 0 X: 7 Y: 4\nXXXXXXXXXX\nX X e X TX\nX        X\nX   X   XX\nX   T  b X\nXX  XX   X\nX P  m   X\nX X X  X X\nX        X\nX        X\nX  X   X X\nX        X\nXX      XX\nX        X\nX        X\nX X T  X X\nX     \u221e\u221e X\nX        X\nX   X   XX\nXXXXXXXXXX\n"], "map_number": 202}, {"mechanics": [{"timestep": 2, "mechanic": "OgreTreasure"}, {"timestep": 2, "mechanic": "BlobPotion"}, {"timestep": 3, "mechanic": "OgreTreasure"}, {"timestep": 3, "mechanic": "BlobHit"}, {"timestep": 4, "mechanic": "BlobHit"}, {"timestep": 7, "mechanic": "CollectPotion"}, {"timestep": 7, "mechanic": "MinitaurHit"}, {"timestep": 15, "mechanic": "CollectTreasure"}, {"timestep": 20, "mechanic": "CollectTreasure"}, {"timestep": 21, "mechanic": "CollectTreasure"}, {"timestep": 23, "mechanic": "CollectTreasure"}, {"timestep": 24, "mechanic": "CollectTreasure"}, {"timestep": 24, "mechanic": "MinitaurHit"}, {"timestep": 40, "mechanic": "OgreHit"}, {"timestep": 42, "mechanic": "ReachStairs"}, {"timestep": 42, "mechanic": "OgreHit"}], "frequencies": {"OgreTreasure": 2, "BlobPotion": 1, "BlobHit": 2, "CollectPotion": 1, "MinitaurHit": 2, "CollectTreasure": 5, "OgreHit": 2, "ReachStairs": 1}, "levelReport": {"utilityGained": 0.0, "exitUtility": 1.0, "runnerUtility": 0.5700000000000001, "loitererUtility": 43.0, "completionistUtility": 0.6396296296296297, "monsterKillerUtility": 0.58, "treasureCollectorUtility": 0.6888888888888889, "turnsTaken": 43, "health": 4, "healthLost": 8, "alive": true, "javelinsThrown": 0, "monsterKills": 2, "minitaurKnockouts": 2, "treasuresCollected": 5, "potionsTaken": 1, "totalMonsters": 6, "totalTreasures": 9, "totalPotions": 2, "timeTaken": 0.0}, "positions": [{"X": 7, "Y": 2}, {"X": 7, "Y": 3}, {"X": 7, "Y": 4}, {"X": 7, "Y": 5}, {"X": 7, "Y": 6}, {"X": 7, "Y": 7}, {"X": 6, "Y": 7}, {"X": 6, "Y": 6}, {"X": 6, "Y": 7}, {"X": 6, "Y": 8}, {"X": 6, "Y": 9}, {"X": 7, "Y": 9}, {"X": 7, "Y": 10}, {"X": 7, "Y": 11}, {"X": 7, "Y": 12}, {"X": 7, "Y": 13}, {"X": 7, "Y": 14}, {"X": 7, "Y": 15}, {"X": 7, "Y": 16}, {"X": 7, "Y": 17}, {"X": 8, "Y": 17}, {"X": 8, "Y": 18}, {"X": 7, "Y": 18}, {"X": 6, "Y": 18}, {"X": 6, "Y": 17}, {"X": 7, "Y": 17}, {"X": 8, "Y": 17}, {"X": 8, "Y": 16}, {"X": 7, "Y": 16}, {"X": 7, "Y": 15}, {"X": 7, "Y": 14}, {"X": 6, "Y": 14}, {"X": 6, "Y": 13}, {"X": 5, "Y": 13}, {"X": 4, "Y": 13}, {"X": 3, "Y": 13}, {"X": 2, "Y": 13}, {"X": 2, "Y": 12}, {"X": 2, "Y": 11}, {"X": 2, "Y": 10}, {"X": 2, "Y": 9}, {"X": 1, "Y": 9}, {"X": 1, "Y": 8}], "levelStates": ["Health: 10 X: 7 Y: 2\nXXXXXXXXXX\nXT TX m  X\nX   XXXH X\nX        X\nX   XX   X\nXX XXXX XX\nX TTXXPP X\nX   XX   X\nXeo    b X\nX   XX   X\nXX XXXX XX\nX   XX   X\nX   XX   X\nX      T X\nX   XX   X\nXX XXXX XX\nX   XX   X\nXb bXXT TX\nX M XXT TX\nXXXXXXXXXX\n", "Health: 10 X: 7 Y: 3\nXXXXXXXXXX\nXT TX  m X\nX   XXX  X\nX      H X\nX   XX   X\nXX XXXX XX\nX TTXXPP X\nX o XX b X\nXe       X\nX   XX   X\nXX XXXX XX\nX   XX   X\nX   XX   X\nX      T X\nX   XX   X\nXX XXXX XX\nX   XX   X\nXb bXXT TX\nX M XXT TX\nXXXXXXXXXX\n", "Health: 10 X: 7 Y: 4\nXXXXXXXXXX\nXT TX    X\nX   XXXm X\nX        X\nX   XX H X\nXX XXXX XX\nX oTXXPb X\nX   XX   X\nXe       X\nX   XX   X\nXX XXXX XX\nX   XX   X\nX   XX   X\nX      T X\nX   XX   X\nXX XXXX XX\nX   XX   X\nXb bXXT TX\nX M XXT TX\nXXXXXXXXXX\n", "Health: 8 X: 7 Y: 5\nXXXXXXXXXX\nXT TX    X\nX   XXX  X\nX      m X\nX   XX   X\nXX XXXXHXX\nX  oXXPb X\nX   XX   X\nXe       X\nX   XX   X\nXX XXXX XX\nX   XX   X\nX   XX   X\nX      T X\nX   XX   X\nXX XXXX XX\nX   XX   X\nXb bXXT TX\nX M XXT TX\nXXXXXXXXXX\n", "Health: 8 X: 7 Y: 6\nXXXXXXXXXX\nXT TX    X\nX   XXX  X\nX        X\nX   XX m X\nXX XXXX XX\nX  oXXP\u221e X\nX   XX   X\nXe       X\nX   XX   X\nXX XXXX XX\nX   XX   X\nX   XX   X\nX      T X\nX   XX   X\nXX XXXX XX\nX   XX   X\nXb bXXT TX\nX M XXT TX\nXXXXXXXXXX\n", "Health: 8 X: 7 Y: 7\nXXXXXXXXXX\nXT TX    X\nX   XXX  X\nX        X\nX   XX   X\nXX XXXXmXX\nX  oXXP\u221e X\nX   XX H X\nXe       X\nX   XX   X\nXX XXXX XX\nX   XX   X\nX   XX   X\nX      T X\nX   XX   X\nXX XXXX XX\nX   XX   X\nXb bXXT TX\nX M XXT TX\nXXXXXXXXXX\n", "Health: 8 X: 6 Y: 7\nXXXXXXXXXX\nXT TX    X\nX   XXX  X\nX        X\nX   XX   X\nXX XXXX XX\nX  oXXP\u221e X\nX   XXH  X\nXe       X\nX   XX   X\nXX XXXX XX\nX   XX   X\nX   XX   X\nX      T X\nX   XX   X\nXX XXXX XX\nX   XX   X\nXb bXXT TX\nX M XXT TX\nXXXXXXXXXX\n", "Health: 9 X: 6 Y: 6\nXXXXXXXXXX\nXT TX    X\nX   XXX  X\nX        X\nX   XX   X\nXX XXXX XX\nX  oXX \u221e X\nX   XX   X\nXe       X\nX   XX   X\nXX XXXX XX\nX   XX   X\nX   XX   X\nX      T X\nX   XX   X\nXX XXXX XX\nX   XX   X\nXb bXXT TX\nX M XXT TX\nXXXXXXXXXX\n", "Health: 9 X: 6 Y: 7\nXXXXXXXXXX\nXT TX    X\nX   XXX  X\nX        X\nX   XX   X\nXX XXXX XX\nX  oXX \u221e X\nX   XXH  X\nXe       X\nX   XX   X\nXX XXXX XX\nX   XX   X\nX   XX   X\nX      T X\nX   XX   X\nXX XXXX XX\nX   XX   X\nXb bXXT TX\nX M XXT TX\nXXXXXXXXXX\n", "Health: 9 X: 6 Y: 8\nXXXXXXXXXX\nXT TX    X\nX   XXX  X\nX        X\nX   XX   X\nXX XXXX XX\nX  oXX \u221e X\nX   XX   X\nXe    H  X\nX   XX   X\nXX XXXX XX\nX   XX   X\nX   XX   X\nX      T X\nX   XX   X\nXX XXXX XX\nX   XX   X\nXb bXXT TX\nX M XXT TX\nXXXXXXXXXX\n", "Health: 9 X: 6 Y: 9\nXXXXXXXXXX\nXT TX    X\nX   XXX  X\nX        X\nX   XX   X\nXX XXXX XX\nX  oXX \u221e X\nX   XX   X\nXe       X\nX   XXH  X\nXX XXXX XX\nX   XX   X\nX   XX   X\nX      T X\nX   XX   X\nXX XXXX XX\nX   XX   X\nXb bXXT TX\nX M XXT TX\nXXXXXXXXXX\n", "Health: 9 X: 7 Y: 9\nXXXXXXXXXX\nXT TX    X\nX   XXX  X\nX        X\nX   XX   X\nXX XXXX XX\nX  oXX \u221e X\nX   XX   X\nXe       X\nX   XX H X\nXX XXXX XX\nX   XX   X\nX   XX   X\nX      T X\nX   XX   X\nXX XXXX XX\nX   XX   X\nXb bXXT TX\nX M XXT TX\nXXXXXXXXXX\n", "Health: 9 X: 7 Y: 10\nXXXXXXXXXX\nXT TX    X\nX   XXX  X\nX        X\nX   XX   X\nXX XXXX XX\nX  oXX \u221e X\nX   XX   X\nXe       X\nX   XX   X\nXX XXXXHXX\nX   XX   X\nX   XX   X\nX      T X\nX   XX   X\nXX XXXX XX\nX   XX   X\nXb bXXT TX\nX M XXT TX\nXXXXXXXXXX\n", "Health: 9 X: 7 Y: 11\nXXXXXXXXXX\nXT TX    X\nX   XXX  X\nX        X\nX   XX   X\nXX XXXX XX\nX  oXX \u221e X\nX   XX m X\nXe       X\nX   XX   X\nXX XXXX XX\nX   XX H X\nX   XX   X\nX      T X\nX   XX   X\nXX XXXX XX\nX   XX   X\nXb bXXT TX\nX M XXT TX\nXXXXXXXXXX\n", "Health: 9 X: 7 Y: 12\nXXXXXXXXXX\nXT TX    X\nX   XXX  X\nX        X\nX   XX   X\nXX XXXX XX\nX  oXX \u221e X\nX   XX   X\nXe     m X\nX   XX   X\nXX XXXX XX\nX   XX   X\nX   XX H X\nX      T X\nX   XX   X\nXX XXXX XX\nX   XX   X\nXb bXXT TX\nX M XXT TX\nXXXXXXXXXX\n", "Health: 9 X: 7 Y: 13\nXXXXXXXXXX\nXT TX    X\nX   XXX  X\nX        X\nX   XX   X\nXX XXXX XX\nX  oXX \u221e X\nX   XX   X\nXe       X\nX   XX m X\nXX XXXX XX\nX   XX   X\nX   XX   X\nX        X\nX   XX   X\nXX XXXX XX\nX   XX   X\nXb bXXT TX\nX M XXT TX\nXXXXXXXXXX\n", "Health: 9 X: 7 Y: 14\nXXXXXXXXXX\nXT TX    X\nX   XXX  X\nX        X\nX   XX   X\nXX XXXX XX\nX  oXX \u221e X\nX   XX   X\nXe       X\nX   XX   X\nXX XXXXmXX\nX   XX   X\nX   XX   X\nX        X\nX   XX H X\nXX XXXX XX\nX   XX   X\nXb bXXT TX\nX M XXT TX\nXXXXXXXXXX\n", "Health: 9 X: 7 Y: 15\nXXXXXXXXXX\nXT TX    X\nX   XXX  X\nX        X\nX   XX   X\nXX XXXX XX\nX  oXX \u221e X\nX   XX   X\nXe       X\nX   XX   X\nXX XXXX XX\nX   XX m X\nX   XX   X\nX        X\nX   XX   X\nXX XXXXHXX\nX   XX   X\nXb bXXT TX\nX M XXT TX\nXXXXXXXXXX\n", "Health: 9 X: 7 Y: 16\nXXXXXXXXXX\nXT TX    X\nX   XXX  X\nX        X\nX   XX   X\nXX XXXX XX\nX  oXX \u221e X\nX   XX   X\nXe       X\nX   XX   X\nXX XXXX XX\nX   XX   X\nX   XX m X\nX        X\nX   XX   X\nXX XXXX XX\nX   XX H X\nXb bXXT TX\nX M XXT TX\nXXXXXXXXXX\n", "Health: 9 X: 7 Y: 17\nXXXXXXXXXX\nXT TX    X\nX   XXX  X\nX        X\nX   XX   X\nXX XXXX XX\nX  oXX \u221e X\nX   XX   X\nXe       X\nX   XX   X\nXX XXXX XX\nX   XX   X\nX   XX   X\nX        X\nX   XX   X\nXX XXXX XX\nX   XX   X\nXb bXXTHTX\nX M XXT TX\nXXXXXXXXXX\n", "Health: 9 X: 8 Y: 17\nXXXXXXXXXX\nXT TX    X\nX   XXX  X\nX        X\nX   XX   X\nXX XXXX XX\nX  oXX \u221e X\nX   XX   X\nXe       X\nX   XX   X\nXX XXXX XX\nX   XX   X\nX   XX   X\nX        X\nX   XX m X\nXX XXXX XX\nX   XX   X\nXb bXXT  X\nX M XXT TX\nXXXXXXXXXX\n", "Health: 9 X: 8 Y: 18\nXXXXXXXXXX\nXT TX    X\nX   XXX  X\nX        X\nX   XX   X\nXX XXXX XX\nX  oXX \u221e X\nX   XX   X\nXe       X\nX   XX   X\nXX XXXX XX\nX   XX   X\nX   XX   X\nX        X\nX   XX   X\nXX XXXXmXX\nX   XX   X\nXb bXXT  X\nX M XXT  X\nXXXXXXXXXX\n", "Health: 9 X: 7 Y: 18\nXXXXXXXXXX\nXT TX    X\nX   XXX  X\nX        X\nX   XX   X\nXX XXXX XX\nX  oXX \u221e X\nX   XX   X\nXe       X\nX   XX   X\nXX XXXX XX\nX   XX   X\nX   XX   X\nX        X\nX   XX   X\nXX XXXX XX\nX   XX m X\nXb bXXT  X\nX M XXTH X\nXXXXXXXXXX\n", "Health: 9 X: 6 Y: 18\nXXXXXXXXXX\nXT TX    X\nX   XXX  X\nX        X\nX   XX   X\nXX XXXX XX\nX  oXX \u221e X\nX   XX   X\nXe       X\nX   XX   X\nXX XXXX XX\nX   XX   X\nX   XX   X\nX        X\nX   XX   X\nXX XXXX XX\nX   XXm  X\nXb bXXT  X\nX M XX   X\nXXXXXXXXXX\n", "Health: 8 X: 6 Y: 17\nXXXXXXXXXX\nXT TX    X\nX   XXX  X\nX        X\nX   XX   X\nXX XXXX XX\nX  oXX \u221e X\nX   XX   X\nXe       X\nX   XX   X\nXX XXXX XX\nX   XX   X\nX   XX   X\nX        X\nX   XX   X\nXX XXXX XX\nX   XXm  X\nXb bXX   X\nX M XX   X\nXXXXXXXXXX\n", "Health: 8 X: 7 Y: 17\nXXXXXXXXXX\nXT TX    X\nX   XXX  X\nX        X\nX   XX   X\nXX XXXX XX\nX  oXX \u221e X\nX   XX   X\nXe       X\nX   XX   X\nXX XXXX XX\nX   XX   X\nX   XX   X\nX        X\nX   XX   X\nXX XXXX XX\nX   XXm  X\nXb bXX H X\nX M XX   X\nXXXXXXXXXX\n", "Health: 8 X: 8 Y: 17\nXXXXXXXXXX\nXT TX    X\nX   XXX  X\nX        X\nX   XX   X\nXX XXXX XX\nX  oXX \u221e X\nX   XX   X\nXe       X\nX   XX   X\nXX XXXX XX\nX   XX   X\nX   XX   X\nX        X\nX   XX   X\nXX XXXX XX\nX   XXm  X\nXb bXX   X\nX M XX   X\nXXXXXXXXXX\n", "Health: 8 X: 8 Y: 16\nXXXXXXXXXX\nXT TX    X\nX   XXX  X\nX        X\nX   XX   X\nXX XXXX XX\nX  oXX \u221e X\nX   XX   X\nXe       X\nX   XX   X\nXX XXXX XX\nX   XX   X\nX   XX   X\nX        X\nX   XX   X\nXX XXXX XX\nX   XXm HX\nXb bXX   X\nX M XX   X\nXXXXXXXXXX\n", "Health: 8 X: 7 Y: 16\nXXXXXXXXXX\nXT TX    X\nX   XXX  X\nX        X\nX   XX   X\nXX XXXX XX\nX  oXX \u221e X\nX   XX   X\nXe       X\nX   XX   X\nXX XXXX XX\nX   XX   X\nX   XX   X\nX        X\nX   XX   X\nXX XXXX XX\nX   XXmH X\nXb bXX   X\nX M XX   X\nXXXXXXXXXX\n", "Health: 8 X: 7 Y: 15\nXXXXXXXXXX\nXT TX    X\nX   XXX  X\nX        X\nX   XX   X\nXX XXXX XX\nX  oXX \u221e X\nX   XX   X\nXe       X\nX   XX   X\nXX XXXX XX\nX   XX   X\nX   XX   X\nX        X\nX   XX   X\nXX XXXXHXX\nX   XXm  X\nXb bXX   X\nX M XX   X\nXXXXXXXXXX\n", "Health: 8 X: 7 Y: 14\nXXXXXXXXXX\nXT TX    X\nX   XXX  X\nX        X\nX   XX   X\nXX XXXX XX\nX  oXX \u221e X\nX   XX   X\nXe       X\nX   XX   X\nXX XXXX XX\nX   XX   X\nX   XX   X\nX        X\nX   XX H X\nXX XXXX XX\nX   XX m X\nXb bXX   X\nX M XX   X\nXXXXXXXXXX\n", "Health: 8 X: 6 Y: 14\nXXXXXXXXXX\nXT TX    X\nX   XXX  X\nX        X\nX   XX   X\nXX XXXX XX\nX  oXX \u221e X\nX   XX   X\nXe       X\nX   XX   X\nXX XXXX XX\nX   XX   X\nX   XX   X\nX        X\nX   XXH  X\nXX XXXXmXX\nX   XX   X\nXb bXX   X\nX M XX   X\nXXXXXXXXXX\n", "Health: 8 X: 6 Y: 13\nXXXXXXXXXX\nXT TX    X\nX   XXX  X\nX        X\nX   XX   X\nXX XXXX XX\nX  oXX \u221e X\nX   XX   X\nXe       X\nX   XX   X\nXX XXXX XX\nX   XX   X\nX   XX   X\nX     H  X\nX   XX m X\nXX XXXX XX\nX   XX   X\nXb bXX   X\nX M XX   X\nXXXXXXXXXX\n", "Health: 8 X: 5 Y: 13\nXXXXXXXXXX\nXT TX    X\nX   XXX  X\nX        X\nX   XX   X\nXX XXXX XX\nX  oXX \u221e X\nX   XX   X\nXe       X\nX   XX   X\nXX XXXX XX\nX   XX   X\nX   XX   X\nX    H   X\nX   XX   X\nXX XXXX XX\nX   XX   X\nXb bXX   X\nX M XX   X\nXXXXXXXXXX\n", "Health: 8 X: 4 Y: 13\nXXXXXXXXXX\nXT TX    X\nX   XXX  X\nX        X\nX   XX   X\nXX XXXX XX\nX  oXX \u221e X\nX   XX   X\nXe       X\nX   XX   X\nXX XXXX XX\nX   XX   X\nX   XX   X\nX   H m  X\nX   XX   X\nXX XXXX XX\nX   XX   X\nXb bXX   X\nX M XX   X\nXXXXXXXXXX\n", "Health: 8 X: 3 Y: 13\nXXXXXXXXXX\nXT TX    X\nX   XXX  X\nX        X\nX   XX   X\nXX XXXX XX\nX  oXX \u221e X\nX   XX   X\nXe       X\nX   XX   X\nXX XXXX XX\nX   XX   X\nX   XX   X\nX  H m   X\nX   XX   X\nXX XXXX XX\nXb  XX   X\nX  bXX   X\nX M XX   X\nXXXXXXXXXX\n", "Health: 8 X: 2 Y: 13\nXXXXXXXXXX\nXT TX    X\nX   XXX  X\nX        X\nX   XX   X\nXX XXXX XX\nX  oXX \u221e X\nX   XX   X\nXe       X\nX   XX   X\nXX XXXX XX\nX   XX   X\nX   XX   X\nX H m    X\nX   XX   X\nXX XXXX XX\nXb  XX   X\nX MbXX   X\nX   XX   X\nXXXXXXXXXX\n", "Health: 8 X: 2 Y: 12\nXXXXXXXXXX\nXT TX    X\nX   XXX  X\nX        X\nX   XX   X\nXX XXXX XX\nX o XX \u221e X\nX   XX   X\nXe       X\nX   XX   X\nXX XXXX XX\nX   XX   X\nX H XX   X\nX  m     X\nX   XX   X\nXX XXXX XX\nXbM XX   X\nX  bXX   X\nX   XX   X\nXXXXXXXXXX\n", "Health: 8 X: 2 Y: 11\nXXXXXXXXXX\nXT TX    X\nX   XXX  X\nX        X\nX   XX   X\nXX XXXX XX\nX   XX \u221e X\nX o XX   X\nXe       X\nX   XX   X\nXX XXXX XX\nX H XX   X\nX  mXX   X\nX        X\nX   XX   X\nXXMXXXX XX\nXb  XX   X\nX  bXX   X\nX   XX   X\nXXXXXXXXXX\n", "Health: 8 X: 2 Y: 10\nXXXXXXXXXX\nXT TX    X\nX   XXX  X\nX        X\nX   XX   X\nXX XXXX XX\nX   XX \u221e X\nX   XX   X\nXeo      X\nX   XX   X\nXXHXXXX XX\nX  mXX   X\nX   XX   X\nX        X\nX M XX   X\nXX XXXX XX\nXb  XX   X\nX  bXX   X\nX   XX   X\nXXXXXXXXXX\n", "Health: 6 X: 2 Y: 9\nXXXXXXXXXX\nXT TX    X\nX   XXX  X\nX        X\nX   XX   X\nXX XXXX XX\nX   XX \u221e X\nX   XX   X\nXeo      X\nX H XX   X\nXX XXXX XX\nX m XX   X\nX   XX   X\nX M      X\nX   XX   X\nXX XXXX XX\nXb  XX   X\nX  bXX   X\nX   XX   X\nXXXXXXXXXX\n", "Health: 6 X: 1 Y: 9\nXXXXXXXXXX\nXT TX    X\nX   XXX  X\nX        X\nX   XX   X\nXX XXXX XX\nX   XX \u221e X\nX   XX   X\nXo       X\nXH  XX   X\nXXmXXXX XX\nX   XX   X\nX   XX   X\nX M      X\nX   XX   X\nXX XXXX XX\nXb  XX   X\nX  bXX   X\nX   XX   X\nXXXXXXXXXX\n", "Health: 4 X: 1 Y: 8\nXXXXXXXXXX\nXT TX    X\nX   XXX  X\nX        X\nX   XX   X\nXX XXXX XX\nX   XX \u221e X\nX   XX   X\nX\u221e       X\nX m XX   X\nXX XXXX XX\nX   XX   X\nX   XX   X\nX M      X\nX   XX   X\nXX XXXX XX\nXb  XX   X\nX  bXX   X\nX   XX   X\nXXXXXXXXXX\n"], "map_number": 202}], "timestamp": "11-Aug-2021 04:49:15.461282", "ip": "99.177.250.216"}