{"Q1": "Every day", "Q2": "Often", "Q3": "Always", "Q4": "Often", "Q5": "Sometimes", "Q6": "Often", "Q7": "Often", "Q8": "Sometimes", "Q9": "Sometimes", "Q10": "Often", "results": [{"mechanics": [{"timestep": 1, "mechanic": "CollectTreasure"}, {"timestep": 3, "mechanic": "OgreTreasure"}, {"timestep": 4, "mechanic": "BlobHit"}, {"timestep": 7, "mechanic": "GoblinMeleeHit"}, {"timestep": 8, "mechanic": "GoblinRangedHit"}, {"timestep": 9, "mechanic": "GoblinRangedHit"}, {"timestep": 10, "mechanic": "CollectPotion"}, {"timestep": 10, "mechanic": "GoblinRangedHit"}, {"timestep": 11, "mechanic": "GoblinRangedHit"}, {"timestep": 20, "mechanic": "MinitaurHit"}, {"timestep": 32, "mechanic": "ReachStairs"}], "frequencies": {"CollectTreasure": 1, "OgreTreasure": 1, "BlobHit": 1, "GoblinMeleeHit": 1, "GoblinRangedHit": 4, "CollectPotion": 1, "MinitaurHit": 1, "ReachStairs": 1}, "levelReport": {"utilityGained": 0.0, "exitUtility": 1.0, "runnerUtility": 0.6699999999999999, "loitererUtility": 33.0, "completionistUtility": 0.7316666666666667, "monsterKillerUtility": 0.825, "treasureCollectorUtility": 0.37, "turnsTaken": 33, "health": 6, "healthLost": 6, "alive": true, "javelinsThrown": 0, "monsterKills": 3, "minitaurKnockouts": 1, "treasuresCollected": 1, "potionsTaken": 1, "totalMonsters": 5, "totalTreasures": 10, "totalPotions": 1, "timeTaken": 0.0}, "positions": [{"X": 4, "Y": 3}, {"X": 3, "Y": 3}, {"X": 2, "Y": 3}, {"X": 2, "Y": 4}, {"X": 2, "Y": 5}, {"X": 3, "Y": 5}, {"X": 2, "Y": 5}, {"X": 2, "Y": 6}, {"X": 2, "Y": 7}, {"X": 2, "Y": 8}, {"X": 2, "Y": 9}, {"X": 2, "Y": 10}, {"X": 2, "Y": 11}, {"X": 2, "Y": 12}, {"X": 2, "Y": 11}, {"X": 2, "Y": 12}, {"X": 2, "Y": 13}, {"X": 3, "Y": 13}, {"X": 2, "Y": 13}, {"X": 3, "Y": 13}, {"X": 3, "Y": 12}, {"X": 3, "Y": 13}, {"X": 2, "Y": 13}, {"X": 2, "Y": 14}, {"X": 2, "Y": 15}, {"X": 2, "Y": 16}, {"X": 1, "Y": 16}, {"X": 1, "Y": 17}, {"X": 1, "Y": 18}, {"X": 2, "Y": 18}, {"X": 3, "Y": 18}, {"X": 4, "Y": 18}, {"X": 5, "Y": 18}], "levelStates": ["Health: 10 X: 4 Y: 3\nXXXXXXXXXX\nX m   tTTX\nXXXXX XXXX\nXX TH T  X\nXX XX XX X\nX   X X oX\nX   X X  X\nX  bX XT X\nXX XX XXTX\nX P X X  X\nXX XX XTXX\nX  TX X TX\nX M X X TX\nX   X X  X\nXX XX XTXX\nX R X X  X\nX   X XXTX\nX XXX X  X\nX    e   X\nXXXXXXXXXX\n", "Health: 10 X: 3 Y: 3\nXXXXXXXXXX\nX  m  tTTX\nXXXXX XXXX\nXX    T  X\nXX XX XX X\nX   X Xo X\nX   X X  X\nX  bX XT X\nXX XX XXTX\nX P X X  X\nXX XX XTXX\nX  TX X TX\nX M X X TX\nX   X X  X\nXX XX XTXX\nX R X X  X\nX   X XXTX\nX XXX X  X\nX    e   X\nXXXXXXXXXX\n", "Health: 10 X: 2 Y: 3\nXXXXXXXXXX\nX   m tTTX\nXXXXX XXXX\nXXH   T  X\nXX XX XX X\nX   X X  X\nX  bX Xo X\nX   X XT X\nXX XX XXTX\nX P X X  X\nXX XX XTXX\nX MTX X TX\nX   X X TX\nX   X X  X\nXXRXX XTXX\nX   X X  X\nX   X XXTX\nX XXX X  X\nX    e   X\nXXXXXXXXXX\n", "Health: 10 X: 2 Y: 4\nXXXXXXXXXX\nX    mtTTX\nXXXXX XXXX\nXX    T  X\nXXHXX XX X\nX  bX X  X\nX   X X  X\nX   X X  X\nXX XX XXTX\nX P X X  X\nXXMXX XTXX\nX  TX X TX\nX   X X TX\nX R X X  X\nXX XX XTXX\nX   X X  X\nX   X XXTX\nX XXX X  X\nX    e   X\nXXXXXXXXXX\n", "Health: 9 X: 2 Y: 5\nXXXXXXXXXX\nX     tTTX\nXXXXXmXXXX\nXX    T  X\nXX XX XX X\nX H\u221eX X  X\nX   X X  X\nX   X X  X\nXX XX XXTX\nX M X X  X\nXX XX XTXX\nX  TX X TX\nX R X X TX\nX   X X  X\nXX XX XTXX\nX   X X  X\nX   X XXTX\nX XXX X  X\nX    e   X\nXXXXXXXXXX\n", "Health: 9 X: 3 Y: 5\nXXXXXXXXXX\nX     tTTX\nXXXXX XXXX\nXX   mT  X\nXX XX XX X\nX  \u221eX X  X\nX   X X  X\nX   X X  X\nXXMXX XXTX\nX P X X  X\nXX XX XTXX\nX  TX X TX\nX R X X TX\nX   X X  X\nXX XX XTXX\nX   X X  X\nX   X XXTX\nX XXX X  X\nX    e   X\nXXXXXXXXXX\n", "Health: 9 X: 2 Y: 5\nXXXXXXXXXX\nX     tTTX\nXXXXX XXXX\nXX  m T  X\nXX XX XX X\nX H\u221eX X  X\nX   X X  X\nX M X X  X\nXX XX XXTX\nX P X X  X\nXX XX XTXX\nX RTX X TX\nX   X X TX\nX   X X  X\nXX XX XTXX\nX   X X  X\nX   X XXTX\nX XXX X  X\nX    e   X\nXXXXXXXXXX\n", "Health: 8 X: 2 Y: 6\nXXXXXXXXXX\nX     tTTX\nXXXXX XXXX\nXX    T  X\nXX XX XX X\nX  \u221eX X  X\nX H X X  X\nX \u221e X X  X\nXX XX XXTX\nX P X X  X\nXXRXX XTXX\nX  TX X TX\nX   X X TX\nX   X X  X\nXX XX XTXX\nX   X X  X\nX   X XXTX\nX XXX X  X\nX    e   X\nXXXXXXXXXX\n", "Health: 7 X: 2 Y: 7\nXXXXXXXXXX\nX     tTTX\nXXXXX XXXX\nXXm   T  X\nXX XX XX X\nX  \u221eX X  X\nX   X X  X\nX \u221e X X  X\nXX XX XXTX\nX P X X  X\nXXRXX XTXX\nX  TX X TX\nX   X X TX\nX   X X  X\nXX XX XTXX\nX   X X  X\nX   X XXTX\nX XXX X  X\nX    e   X\nXXXXXXXXXX\n", "Health: 6 X: 2 Y: 8\nXXXXXXXXXX\nX     tTTX\nXXXXX XXXX\nXX    T  X\nXXmXX XX X\nX  \u221eX X  X\nX   X X  X\nX \u221e X X  X\nXXHXX XXTX\nX P X X  X\nXXRXX XTXX\nX  TX X TX\nX   X X TX\nX   X X  X\nXX XX XTXX\nX   X X  X\nX   X XXTX\nX XXX X  X\nX    e   X\nXXXXXXXXXX\n", "Health: 7 X: 2 Y: 9\nXXXXXXXXXX\nX     tTTX\nXXXXX XXXX\nXX    T  X\nXX XX XX X\nX m\u221eX X  X\nX   X X  X\nX \u221e X X  X\nXX XX XXTX\nX   X X  X\nXXRXX XTXX\nX  TX X TX\nX   X X TX\nX   X X  X\nXX XX XTXX\nX   X X  X\nX   X XXTX\nX XXX X  X\nX    e   X\nXXXXXXXXXX\n", "Health: 7 X: 2 Y: 10\nXXXXXXXXXX\nX     tTTX\nXXXXX XXXX\nXX    T  X\nXX XX XX X\nX  \u221eX X  X\nX m X X  X\nX \u221e X X  X\nXX XX XXTX\nX   X X  X\nXX\u221eXX XTXX\nX  TX X TX\nX   X X TX\nX   X X  X\nXX XX XTXX\nX   X X  X\nX   X XXTX\nX XXX X  X\nX    e   X\nXXXXXXXXXX\n", "Health: 7 X: 2 Y: 11\nXXXXXXXXXX\nX     tTTX\nXXXXX XXXX\nXX    T  X\nXX XX XX X\nX  \u221eX X  X\nX   X X  X\nX \u221e X X  X\nXX XX XXTX\nX   X X  X\nXX\u221eXX XTXX\nX HTX X TX\nX   X X TX\nX   X X  X\nXX XX XTXX\nX   X X  X\nX   X XXTX\nX XXX X  X\nX    e   X\nXXXXXXXXXX\n", "Health: 7 X: 2 Y: 12\nXXXXXXXXXX\nX     tTTX\nXXXXX XXXX\nXX    T  X\nXX XX XX X\nX  \u221eX X  X\nX   X X  X\nX \u221e X X  X\nXXmXX XXTX\nX   X X  X\nXX\u221eXX XTXX\nX  TX X TX\nX H X X TX\nX   X X  X\nXX XX XTXX\nX   X X  X\nX   X XXTX\nX XXX X  X\nX    e   X\nXXXXXXXXXX\n", "Health: 7 X: 2 Y: 11\nXXXXXXXXXX\nX     tTTX\nXXXXX XXXX\nXX    T  X\nXX XX XX X\nX  \u221eX X  X\nX   X X  X\nX \u221e X X  X\nXX XX XXTX\nX   X X  X\nXX\u221eXX XTXX\nX HTX X TX\nX   X X TX\nX   X X  X\nXX XX XTXX\nX   X X  X\nX   X XXTX\nX XXX X  X\nX    e   X\nXXXXXXXXXX\n", "Health: 7 X: 2 Y: 12\nXXXXXXXXXX\nX     tTTX\nXXXXX XXXX\nXX    T  X\nXX XX XX X\nX  \u221eX X  X\nX   X X  X\nX \u221e X X  X\nXX XX XXTX\nX   X X  X\nXX\u221eXX XTXX\nX  TX X TX\nX H X X TX\nX   X X  X\nXX XX XTXX\nX   X X  X\nX   X XXTX\nX XXX X  X\nX    e   X\nXXXXXXXXXX\n", "Health: 7 X: 2 Y: 13\nXXXXXXXXXX\nX     tTTX\nXXXXX XXXX\nXX    T  X\nXX XX XX X\nX  \u221eX X  X\nX   X X  X\nX \u221e X X  X\nXX XX XXTX\nX   X X  X\nXX\u221eXX XTXX\nX mTX X TX\nX   X X TX\nX H X X  X\nXX XX XTXX\nX   X X  X\nX   X XXTX\nX XXX X  X\nX    e   X\nXXXXXXXXXX\n", "Health: 7 X: 3 Y: 13\nXXXXXXXXXX\nX     tTTX\nXXXXX XXXX\nXX    T  X\nXX XX XX X\nX  \u221eX X  X\nX   X X  X\nX \u221e X X  X\nXX XX XXTX\nX   X X  X\nXX\u221eXX XTXX\nX  TX X TX\nX   X X TX\nX  HX X  X\nXX XX XTXX\nX   X X  X\nX   X XXTX\nX XXX X  X\nX    e   X\nXXXXXXXXXX\n", "Health: 7 X: 2 Y: 13\nXXXXXXXXXX\nX     tTTX\nXXXXX XXXX\nXX    T  X\nXX XX XX X\nX  \u221eX X  X\nX   X X  X\nX \u221e X X  X\nXX XX XXTX\nX   X X  X\nXX\u221eXX XTXX\nX mTX X TX\nX   X X TX\nX H X X  X\nXX XX XTXX\nX   X X  X\nX   X XXTX\nX XXX X  X\nX    e   X\nXXXXXXXXXX\n", "Health: 7 X: 3 Y: 13\nXXXXXXXXXX\nX     tTTX\nXXXXX XXXX\nXX    T  X\nXX XX XX X\nX  \u221eX X  X\nX   X X  X\nX \u221e X X  X\nXX XX XXTX\nX   X X  X\nXX\u221eXX XTXX\nX  TX X TX\nX   X X TX\nX  HX X  X\nXX XX XTXX\nX   X X  X\nX   X XXTX\nX XXX X  X\nX    e   X\nXXXXXXXXXX\n", "Health: 6 X: 3 Y: 12\nXXXXXXXXXX\nX     tTTX\nXXXXX XXXX\nXX    T  X\nXX XX XX X\nX  \u221eX X  X\nX   X X  X\nX \u221e X X  X\nXX XX XXTX\nX   X X  X\nXX\u221eXX XTXX\nX  TX X TX\nX  HX X TX\nX   X X  X\nXX XX XTXX\nX   X X  X\nX   X XXTX\nX XXX X  X\nX    e   X\nXXXXXXXXXX\n", "Health: 6 X: 3 Y: 13\nXXXXXXXXXX\nX     tTTX\nXXXXX XXXX\nXX    T  X\nXX XX XX X\nX  \u221eX X  X\nX   X X  X\nX \u221e X X  X\nXX XX XXTX\nX   X X  X\nXX\u221eXX XTXX\nX  TX X TX\nX   X X TX\nX  HX X  X\nXX XX XTXX\nX   X X  X\nX   X XXTX\nX XXX X  X\nX    e   X\nXXXXXXXXXX\n", "Health: 6 X: 2 Y: 13\nXXXXXXXXXX\nX     tTTX\nXXXXX XXXX\nXX    T  X\nXX XX XX X\nX  \u221eX X  X\nX   X X  X\nX \u221e X X  X\nXX XX XXTX\nX   X X  X\nXX\u221eXX XTXX\nX  TX X TX\nX   X X TX\nX H X X  X\nXX XX XTXX\nX   X X  X\nX   X XXTX\nX XXX X  X\nX    e   X\nXXXXXXXXXX\n", "Health: 6 X: 2 Y: 14\nXXXXXXXXXX\nX     tTTX\nXXXXX XXXX\nXX    T  X\nXX XX XX X\nX  \u221eX X  X\nX   X X  X\nX \u221e X X  X\nXX XX XXTX\nX   X X  X\nXX\u221eXX XTXX\nX  TX X TX\nX   X X TX\nX   X X  X\nXXHXX XTXX\nX   X X  X\nX   X XXTX\nX XXX X  X\nX    e   X\nXXXXXXXXXX\n", "Health: 6 X: 2 Y: 15\nXXXXXXXXXX\nX     tTTX\nXXXXX XXXX\nXX    T  X\nXX XX XX X\nX  \u221eX X  X\nX   X X  X\nX \u221e X X  X\nXX XX XXTX\nX   X X  X\nXX\u221eXX XTXX\nX  TX X TX\nX   X X TX\nX   X X  X\nXX XX XTXX\nX H X X  X\nX   X XXTX\nX XXX X  X\nX    e   X\nXXXXXXXXXX\n", "Health: 6 X: 2 Y: 16\nXXXXXXXXXX\nX     tTTX\nXXXXX XXXX\nXX    T  X\nXX XX XX X\nX  \u221eX X  X\nX   X X  X\nX \u221e X X  X\nXX XX XXTX\nX   X X  X\nXX\u221eXX XTXX\nX  TX X TX\nX   X X TX\nX   X X  X\nXX XX XTXX\nX   X X  X\nX H X XXTX\nX XXX X  X\nX    e   X\nXXXXXXXXXX\n", "Health: 6 X: 1 Y: 16\nXXXXXXXXXX\nX     tTTX\nXXXXX XXXX\nXX    T  X\nXX XX XX X\nX  \u221eX X  X\nX   X X  X\nX \u221e X X  X\nXX XX XXTX\nX   X X  X\nXX\u221eXX XTXX\nX mTX X TX\nX   X X TX\nX   X X  X\nXX XX XTXX\nX   X X  X\nXH  X XXTX\nX XXX X  X\nX    e   X\nXXXXXXXXXX\n", "Health: 6 X: 1 Y: 17\nXXXXXXXXXX\nX     tTTX\nXXXXX XXXX\nXX    T  X\nXX XX XX X\nX  \u221eX X  X\nX   X X  X\nX \u221e X X  X\nXX XX XXTX\nX   X X  X\nXX\u221eXX XTXX\nX  TX X TX\nX m X X TX\nX   X X  X\nXX XX XTXX\nX   X X  X\nX   X XXTX\nXHXXX X  X\nX    e   X\nXXXXXXXXXX\n", "Health: 6 X: 1 Y: 18\nXXXXXXXXXX\nX     tTTX\nXXXXX XXXX\nXX    T  X\nXX XX XX X\nX  \u221eX X  X\nX   X X  X\nX \u221e X X  X\nXX XX XXTX\nX   X X  X\nXX\u221eXX XTXX\nX  TX X TX\nX   X X TX\nX m X X  X\nXX XX XTXX\nX   X X  X\nX   X XXTX\nX XXX X  X\nXH   e   X\nXXXXXXXXXX\n", "Health: 6 X: 2 Y: 18\nXXXXXXXXXX\nX     tTTX\nXXXXX XXXX\nXX    T  X\nXX XX XX X\nX  \u221eX X  X\nX   X X  X\nX \u221e X X  X\nXX XX XXTX\nX   X X  X\nXX\u221eXX XTXX\nX  TX X TX\nX   X X TX\nX   X X  X\nXXmXX XTXX\nX   X X  X\nX   X XXTX\nX XXX X  X\nX H  e   X\nXXXXXXXXXX\n", "Health: 6 X: 3 Y: 18\nXXXXXXXXXX\nX     tTTX\nXXXXX XXXX\nXX    T  X\nXX XX XX X\nX  \u221eX X  X\nX   X X  X\nX \u221e X X  X\nXX XX XXTX\nX   X X  X\nXX\u221eXX XTXX\nX  TX X TX\nX   X X TX\nX   X X  X\nXX XX XTXX\nX m X X  X\nX   X XXTX\nX XXX X  X\nX  H e   X\nXXXXXXXXXX\n", "Health: 6 X: 4 Y: 18\nXXXXXXXXXX\nX     tTTX\nXXXXX XXXX\nXX    T  X\nXX XX XX X\nX  \u221eX X  X\nX   X X  X\nX \u221e X X  X\nXX XX XXTX\nX   X X  X\nXX\u221eXX XTXX\nX  TX X TX\nX   X X TX\nX   X X  X\nXX XX XTXX\nX   X X  X\nX m X XXTX\nX XXX X  X\nX   He   X\nXXXXXXXXXX\n", "Health: 6 X: 5 Y: 18\nXXXXXXXXXX\nX     tTTX\nXXXXX XXXX\nXX    T  X\nXX XX XX X\nX  \u221eX X  X\nX   X X  X\nX \u221e X X  X\nXX XX XXTX\nX   X X  X\nXX\u221eXX XTXX\nX  TX X TX\nX   X X TX\nX   X X  X\nXX XX XTXX\nX   X X  X\nXm  X XXTX\nX XXX X  X\nX    e   X\nXXXXXXXXXX\n"], "map_number": 100}, {"mechanics": [{"timestep": 1, "mechanic": "OgreHit"}, {"timestep": 2, "mechanic": "OgreHit"}, {"timestep": 2, "mechanic": "BlobPotion"}, {"timestep": 2, "mechanic": "BlobPotion"}, {"timestep": 5, "mechanic": "CollectPotion"}, {"timestep": 7, "mechanic": "BlobHit"}, {"timestep": 20, "mechanic": "ReachStairs"}], "frequencies": {"OgreHit": 2, "BlobPotion": 2, "CollectPotion": 1, "BlobHit": 1, "ReachStairs": 1}, "levelReport": {"utilityGained": 0.0, "exitUtility": 1.0, "runnerUtility": 0.79, "loitererUtility": 21.0, "completionistUtility": 0.45166666666666666, "monsterKillerUtility": 0.58, "treasureCollectorUtility": 0.3, "turnsTaken": 21, "health": 8, "healthLost": 4, "alive": true, "javelinsThrown": 0, "monsterKills": 2, "minitaurKnockouts": 0, "treasuresCollected": 0, "potionsTaken": 1, "totalMonsters": 6, "totalTreasures": 6, "totalPotions": 4, "timeTaken": 0.0}, "positions": [{"X": 5, "Y": 10}, {"X": 5, "Y": 9}, {"X": 6, "Y": 9}, {"X": 7, "Y": 9}, {"X": 8, "Y": 9}, {"X": 8, "Y": 10}, {"X": 8, "Y": 11}, {"X": 8, "Y": 10}, {"X": 8, "Y": 9}, {"X": 8, "Y": 8}, {"X": 8, "Y": 7}, {"X": 8, "Y": 6}, {"X": 8, "Y": 5}, {"X": 8, "Y": 4}, {"X": 7, "Y": 4}, {"X": 6, "Y": 4}, {"X": 5, "Y": 4}, {"X": 5, "Y": 3}, {"X": 5, "Y": 2}, {"X": 5, "Y": 1}, {"X": 4, "Y": 1}], "levelStates": ["Health: 10 X: 5 Y: 10\nXXXXXXXXXX\nXMX e X TX\nX        X\nX   X   XX\nX   T    X\nXX  XX   X\nX P     bX\nX X X  X X\nXT       X\nX     o  X\nX  X H XPX\nX        X\nXX      XX\nX        X\nXb      bX\nX X T  X X\nXP   m  PX\nX        X\nXT TXT TXX\nXXXXXXXXXX\n", "Health: 8 X: 5 Y: 9\nXXXXXXXXXX\nXMX e X TX\nX        X\nX   X   XX\nX   T    X\nXX  XX   X\nX P      X\nX X X  XbX\nXT       X\nX    Ho  X\nX  X   XPX\nX        X\nXX      XX\nX        X\nX        X\nXbX Tm XbX\nXP      PX\nX        X\nXT TXT TXX\nXXXXXXXXXX\n", "Health: 6 X: 6 Y: 9\nXXXXXXXXXX\nXMX e X TX\nX        X\nX   X   XX\nX   T    X\nXX  XX   X\nX P      X\nX X X  X X\nXT      bX\nX     \u221e  X\nX  X   XPX\nX        X\nXX      XX\nX        X\nX    m   X\nX X T  X X\nX        X\nX        X\nXT TXT TXX\nXXXXXXXXXX\n", "Health: 6 X: 7 Y: 9\nXXXXXXXXXX\nXMX e X TX\nX        X\nX   X   XX\nX   T    X\nXX  XX   X\nX P      X\nX X X  X X\nXT     b X\nX     \u221eH X\nX  X   XPX\nX        X\nXX      XX\nX    m   X\nX        X\nX X T  X X\nX        X\nX        X\nXT TXT TXX\nXXXXXXXXXX\n", "Health: 6 X: 8 Y: 9\nXXXXXXXXXX\nXMX e X TX\nX        X\nX   X   XX\nX   T    X\nXX  XX   X\nX P      X\nX X X  X X\nXT      bX\nX     \u221e HX\nX  X   XPX\nX        X\nXX   m  XX\nX        X\nX        X\nX X T  X X\nX        X\nX        X\nXT TXT TXX\nXXXXXXXXXX\n", "Health: 8 X: 8 Y: 10\nXXXXXXXXXX\nXMX e X TX\nX        X\nX   X   XX\nX   T    X\nXX  XX   X\nX P      X\nX X X  X X\nXT       X\nX     \u221e bX\nX  X   X X\nX    m   X\nXX      XX\nX        X\nX        X\nX X T  X X\nX        X\nX        X\nXT TXT TXX\nXXXXXXXXXX\n", "Health: 8 X: 8 Y: 11\nXXXXXXXXXX\nXMX e X TX\nX        X\nX   X   XX\nX   T    X\nXX  XX   X\nX P      X\nX X X  X X\nXT       X\nX     \u221e  X\nX  X   X X\nX     m HX\nXX      XX\nX        X\nX        X\nX X T  X X\nX        X\nX        X\nXT TXT TXX\nXXXXXXXXXX\n", "Health: 8 X: 8 Y: 10\nXXXXXXXXXX\nXMX e X TX\nX        X\nX   X   XX\nX   T    X\nXX  XX   X\nX P      X\nX X X  X X\nXT       X\nX     \u221e  X\nX  X   X X\nX      m X\nXX      XX\nX        X\nX        X\nX X T  X X\nX        X\nX        X\nXT TXT TXX\nXXXXXXXXXX\n", "Health: 8 X: 8 Y: 9\nXXXXXXXXXX\nXMX e X TX\nX        X\nX   X   XX\nX   T    X\nXX  XX   X\nX P      X\nX X X  X X\nXT       X\nX     \u221e HX\nX  X   X X\nX       mX\nXX      XX\nX        X\nX        X\nX X T  X X\nX        X\nX        X\nXT TXT TXX\nXXXXXXXXXX\n", "Health: 8 X: 8 Y: 8\nXXXXXXXXXX\nXMX e X TX\nX        X\nX   X   XX\nX   T    X\nXX  XX   X\nX P      X\nX X X  X X\nXT      HX\nX     \u221e  X\nX  X   XmX\nX        X\nXX      XX\nX        X\nX        X\nX X T  X X\nX        X\nX        X\nXT TXT TXX\nXXXXXXXXXX\n", "Health: 8 X: 8 Y: 7\nXXXXXXXXXX\nXMX e X TX\nX        X\nX   X   XX\nX   T    X\nXX  XX   X\nX P      X\nX X X  XHX\nXT       X\nX     \u221e mX\nX  X   X X\nX        X\nXX      XX\nX        X\nX        X\nX X T  X X\nX        X\nX        X\nXT TXT TXX\nXXXXXXXXXX\n", "Health: 8 X: 8 Y: 6\nXXXXXXXXXX\nXMX e X TX\nX        X\nX   X   XX\nX   T    X\nXX  XX   X\nX P     HX\nX X X  X X\nXT      mX\nX     \u221e  X\nX  X   X X\nX        X\nXX      XX\nX        X\nX        X\nX X T  X X\nX        X\nX        X\nXT TXT TXX\nXXXXXXXXXX\n", "Health: 8 X: 8 Y: 5\nXXXXXXXXXX\nXMX e X TX\nX        X\nX   X   XX\nX   T    X\nXX  XX  HX\nX P      X\nX X X  XmX\nXT       X\nX     \u221e  X\nX  X   X X\nX        X\nXX      XX\nX        X\nX        X\nX X T  X X\nX        X\nX        X\nXT TXT TXX\nXXXXXXXXXX\n", "Health: 8 X: 8 Y: 4\nXXXXXXXXXX\nXMX e X TX\nX        X\nX   X   XX\nX   T   HX\nXX  XX   X\nX P     mX\nX X X  X X\nXT       X\nX     \u221e  X\nX  X   X X\nX        X\nXX      XX\nX        X\nX        X\nX X T  X X\nX        X\nX        X\nXT TXT TXX\nXXXXXXXXXX\n", "Health: 8 X: 7 Y: 4\nXXXXXXXXXX\nXMX e X TX\nX        X\nX   X   XX\nX   T  H X\nXX  XX  mX\nX P      X\nX X X  X X\nXT       X\nX     \u221e  X\nX  X   X X\nX        X\nXX      XX\nX        X\nX        X\nX X T  X X\nX        X\nX        X\nXT TXT TXX\nXXXXXXXXXX\n", "Health: 8 X: 6 Y: 4\nXXXXXXXXXX\nXMX e X TX\nX        X\nX   X   XX\nX   T H mX\nXX  XX   X\nX P      X\nX X X  X X\nXT       X\nX     \u221e  X\nX  X   X X\nX        X\nXX      XX\nX        X\nX        X\nX X T  X X\nX        X\nX        X\nXT TXT TXX\nXXXXXXXXXX\n", "Health: 8 X: 5 Y: 4\nXXXXXXXXXX\nXMX e X TX\nX        X\nX   X   XX\nX   TH m X\nXX  XX   X\nX P      X\nX X X  X X\nXT       X\nX     \u221e  X\nX  X   X X\nX        X\nXX      XX\nX        X\nX        X\nX X T  X X\nX        X\nX        X\nXT TXT TXX\nXXXXXXXXXX\n", "Health: 8 X: 5 Y: 3\nXXXXXXXXXX\nXMX e X TX\nX        X\nX   XH mXX\nX   T    X\nXX  XX   X\nX P      X\nX X X  X X\nXT       X\nX     \u221e  X\nX  X   X X\nX        X\nXX      XX\nX        X\nX        X\nX X T  X X\nX        X\nX        X\nXT TXT TXX\nXXXXXXXXXX\n", "Health: 8 X: 5 Y: 2\nXXXXXXXXXX\nXMX e X TX\nX    H m X\nX   X   XX\nX   T    X\nXX  XX   X\nX P      X\nX X X  X X\nXT       X\nX     \u221e  X\nX  X   X X\nX        X\nXX      XX\nX        X\nX        X\nX X T  X X\nX        X\nX        X\nXT TXT TXX\nXXXXXXXXXX\n", "Health: 8 X: 5 Y: 1\nXXXXXXXXXX\nXMX eHX TX\nX     m  X\nX   X   XX\nX   T    X\nXX  XX   X\nX P      X\nX X X  X X\nXT       X\nX     \u221e  X\nX  X   X X\nX        X\nXX      XX\nX        X\nX        X\nX X T  X X\nX        X\nX        X\nXT TXT TXX\nXXXXXXXXXX\n", "Health: 8 X: 4 Y: 1\nXXXXXXXXXX\nXMX e X TX\nX    m   X\nX   X   XX\nX   T    X\nXX  XX   X\nX P      X\nX X X  X X\nXT       X\nX     \u221e  X\nX  X   X X\nX        X\nXX      XX\nX        X\nX        X\nX X T  X X\nX        X\nX        X\nXT TXT TXX\nXXXXXXXXXX\n"], "map_number": 202}, {"mechanics": [{"timestep": 2, "mechanic": "CollectPotion"}, {"timestep": 2, "mechanic": "OgreTreasure"}, {"timestep": 2, "mechanic": "BlobHit"}, {"timestep": 3, "mechanic": "OgreTreasure"}, {"timestep": 11, "mechanic": "CollectTreasure"}, {"timestep": 17, "mechanic": "CollectTreasure"}, {"timestep": 19, "mechanic": "CollectTreasure"}, {"timestep": 22, "mechanic": "CollectTreasure"}, {"timestep": 22, "mechanic": "MinitaurHit"}, {"timestep": 24, "mechanic": "CollectTreasure"}, {"timestep": 28, "mechanic": "MinitaurHit"}, {"timestep": 38, "mechanic": "GoblinMeleeHit"}, {"timestep": 39, "mechanic": "BlobHit"}, {"timestep": 39, "mechanic": "BlobHit"}, {"timestep": 44, "mechanic": "MinitaurHit"}, {"timestep": 45, "mechanic": "MinitaurHit"}, {"timestep": 52, "mechanic": "MinitaurHit"}, {"timestep": 56, "mechanic": "OgreTreasure"}, {"timestep": 58, "mechanic": "OgreTreasure"}, {"timestep": 61, "mechanic": "OgreHit"}, {"timestep": 61, "mechanic": "OgreHit"}, {"timestep": 61, "mechanic": "Die"}], "frequencies": {"CollectPotion": 1, "OgreTreasure": 4, "BlobHit": 3, "CollectTreasure": 5, "MinitaurHit": 5, "GoblinMeleeHit": 1, "OgreHit": 2, "Die": 1}, "levelReport": {"utilityGained": 0.0, "exitUtility": 0.0, "runnerUtility": -4.972941176470588, "loitererUtility": 57.0, "completionistUtility": -4.326252723311547, "monsterKillerUtility": -4.105882352941176, "treasureCollectorUtility": -4.416993464052288, "turnsTaken": 62, "health": 0, "healthLost": 12, "alive": false, "javelinsThrown": 0, "monsterKills": 5, "minitaurKnockouts": 4, "treasuresCollected": 5, "potionsTaken": 1, "totalMonsters": 6, "totalTreasures": 9, "totalPotions": 2, "timeTaken": 0.0}, "positions": [{"X": 7, "Y": 4}, {"X": 7, "Y": 5}, {"X": 7, "Y": 6}, {"X": 7, "Y": 7}, {"X": 6, "Y": 7}, {"X": 6, "Y": 8}, {"X": 6, "Y": 9}, {"X": 7, "Y": 9}, {"X": 7, "Y": 10}, {"X": 7, "Y": 11}, {"X": 7, "Y": 12}, {"X": 7, "Y": 13}, {"X": 7, "Y": 14}, {"X": 7, "Y": 15}, {"X": 7, "Y": 16}, {"X": 7, "Y": 17}, {"X": 7, "Y": 18}, {"X": 8, "Y": 18}, {"X": 7, "Y": 18}, {"X": 6, "Y": 18}, {"X": 7, "Y": 18}, {"X": 8, "Y": 18}, {"X": 8, "Y": 17}, {"X": 7, "Y": 17}, {"X": 6, "Y": 17}, {"X": 7, "Y": 17}, {"X": 8, "Y": 17}, {"X": 7, "Y": 17}, {"X": 7, "Y": 16}, {"X": 7, "Y": 15}, {"X": 7, "Y": 14}, {"X": 7, "Y": 13}, {"X": 6, "Y": 13}, {"X": 5, "Y": 13}, {"X": 4, "Y": 13}, {"X": 3, "Y": 13}, {"X": 2, "Y": 13}, {"X": 2, "Y": 14}, {"X": 2, "Y": 15}, {"X": 2, "Y": 16}, {"X": 2, "Y": 17}, {"X": 3, "Y": 17}, {"X": 2, "Y": 17}, {"X": 2, "Y": 16}, {"X": 2, "Y": 15}, {"X": 2, "Y": 14}, {"X": 3, "Y": 14}, {"X": 3, "Y": 13}, {"X": 3, "Y": 12}, {"X": 3, "Y": 11}, {"X": 2, "Y": 11}, {"X": 1, "Y": 11}, {"X": 2, "Y": 11}, {"X": 2, "Y": 10}, {"X": 2, "Y": 9}, {"X": 2, "Y": 8}, {"X": 2, "Y": 7}, {"X": 2, "Y": 6}, {"X": 2, "Y": 5}, {"X": 2, "Y": 4}, {"X": 2, "Y": 3}, {"X": 2, "Y": 3}], "levelStates": ["Health: 10 X: 7 Y: 4\nXXXXXXXXXX\nXT TX m  X\nX   XXX  X\nX        X\nX   XX H X\nXX XXXX XX\nX TTXXPP X\nX   XX   X\nXeo    b X\nX   XX   X\nXX XXXX XX\nX   XX   X\nX   XX   X\nX      T X\nX   XX   X\nXX XXXX XX\nX   XX   X\nXb bXXT TX\nX M XXT TX\nXXXXXXXXXX\n", "Health: 10 X: 7 Y: 5\nXXXXXXXXXX\nXT TX  m X\nX   XXX  X\nX        X\nX   XX   X\nXX XXXXHXX\nX TTXXPP X\nX o XX b X\nXe       X\nX   XX   X\nXX XXXX XX\nX   XX   X\nX   XX   X\nX      T X\nX   XX   X\nXX XXXX XX\nX   XX   X\nXb bXXT TX\nX M XXT TX\nXXXXXXXXXX\n", "Health: 11 X: 7 Y: 6\nXXXXXXXXXX\nXT TX    X\nX   XXXm X\nX        X\nX   XX   X\nXX XXXX XX\nX oTXXP  X\nX   XX \u221e X\nXe       X\nX   XX   X\nXX XXXX XX\nX   XX   X\nX   XX   X\nX      T X\nX   XX   X\nXX XXXX XX\nX   XX   X\nXb bXXT TX\nX M XXT TX\nXXXXXXXXXX\n", "Health: 11 X: 7 Y: 7\nXXXXXXXXXX\nXT TX    X\nX   XXX  X\nX      m X\nX   XX   X\nXX XXXX XX\nX  oXXP  X\nX   XX \u221e X\nXe       X\nX   XX   X\nXX XXXX XX\nX   XX   X\nX   XX   X\nX      T X\nX   XX   X\nXX XXXX XX\nX   XX   X\nXb bXXT TX\nX M XXT TX\nXXXXXXXXXX\n", "Health: 11 X: 6 Y: 7\nXXXXXXXXXX\nXT TX    X\nX   XXX  X\nX        X\nX   XX m X\nXX XXXX XX\nX  oXXP  X\nX   XXH\u221e X\nXe       X\nX   XX   X\nXX XXXX XX\nX   XX   X\nX   XX   X\nX      T X\nX   XX   X\nXX XXXX XX\nX   XX   X\nXb bXXT TX\nX M XXT TX\nXXXXXXXXXX\n", "Health: 11 X: 6 Y: 8\nXXXXXXXXXX\nXT TX    X\nX   XXX  X\nX        X\nX   XX   X\nXX XXXXmXX\nX  oXXP  X\nX   XX \u221e X\nXe    H  X\nX   XX   X\nXX XXXX XX\nX   XX   X\nX   XX   X\nX      T X\nX   XX   X\nXX XXXX XX\nX   XX   X\nXb bXXT TX\nX M XXT TX\nXXXXXXXXXX\n", "Health: 11 X: 6 Y: 9\nXXXXXXXXXX\nXT TX    X\nX   XXX  X\nX        X\nX   XX   X\nXX XXXX XX\nX  oXXP  X\nX   XX \u221e X\nXe       X\nX   XXH  X\nXX XXXX XX\nX   XX   X\nX   XX   X\nX      T X\nX   XX   X\nXX XXXX XX\nX   XX   X\nXb bXXT TX\nX M XXT TX\nXXXXXXXXXX\n", "Health: 11 X: 7 Y: 9\nXXXXXXXXXX\nXT TX    X\nX   XXX  X\nX        X\nX   XX   X\nXX XXXX XX\nX  oXXP  X\nX   XX \u221e X\nXe       X\nX   XX H X\nXX XXXX XX\nX   XX   X\nX   XX   X\nX      T X\nX   XX   X\nXX XXXX XX\nX   XX   X\nXb bXXT TX\nX M XXT TX\nXXXXXXXXXX\n", "Health: 11 X: 7 Y: 10\nXXXXXXXXXX\nXT TX    X\nX   XXX  X\nX        X\nX   XX   X\nXX XXXX XX\nX  oXXP  X\nX   XX \u221e X\nXe     m X\nX   XX   X\nXX XXXXHXX\nX   XX   X\nX   XX   X\nX      T X\nX   XX   X\nXX XXXX XX\nX   XX   X\nXb bXXT TX\nX M XXT TX\nXXXXXXXXXX\n", "Health: 11 X: 7 Y: 11\nXXXXXXXXXX\nXT TX    X\nX   XXX  X\nX        X\nX   XX   X\nXX XXXX XX\nX  oXXP  X\nX   XX \u221e X\nXe       X\nX   XX m X\nXX XXXX XX\nX   XX H X\nX   XX   X\nX      T X\nX   XX   X\nXX XXXX XX\nX   XX   X\nXb bXXT TX\nX M XXT TX\nXXXXXXXXXX\n", "Health: 11 X: 7 Y: 12\nXXXXXXXXXX\nXT TX    X\nX   XXX  X\nX        X\nX   XX   X\nXX XXXX XX\nX  oXXP  X\nX   XX \u221e X\nXe       X\nX   XX   X\nXX XXXXmXX\nX   XX   X\nX   XX H X\nX      T X\nX   XX   X\nXX XXXX XX\nX   XX   X\nXb bXXT TX\nX M XXT TX\nXXXXXXXXXX\n", "Health: 11 X: 7 Y: 13\nXXXXXXXXXX\nXT TX    X\nX   XXX  X\nX        X\nX   XX   X\nXX XXXX XX\nX  oXXP  X\nX   XX \u221e X\nXe       X\nX   XX   X\nXX XXXX XX\nX   XX m X\nX   XX   X\nX        X\nX   XX   X\nXX XXXX XX\nX   XX   X\nXb bXXT TX\nX M XXT TX\nXXXXXXXXXX\n", "Health: 11 X: 7 Y: 14\nXXXXXXXXXX\nXT TX    X\nX   XXX  X\nX        X\nX   XX   X\nXX XXXX XX\nX  oXXP  X\nX   XX \u221e X\nXe       X\nX   XX   X\nXX XXXX XX\nX   XX   X\nX   XX m X\nX        X\nX   XX H X\nXX XXXX XX\nX   XX   X\nXb bXXT TX\nX M XXT TX\nXXXXXXXXXX\n", "Health: 11 X: 7 Y: 15\nXXXXXXXXXX\nXT TX    X\nX   XXX  X\nX        X\nX   XX   X\nXX XXXX XX\nX  oXXP  X\nX   XX \u221e X\nXe       X\nX   XX   X\nXX XXXX XX\nX   XX   X\nX   XX   X\nX        X\nX   XX   X\nXX XXXXHXX\nX   XX   X\nXb bXXT TX\nX M XXT TX\nXXXXXXXXXX\n", "Health: 11 X: 7 Y: 16\nXXXXXXXXXX\nXT TX    X\nX   XXX  X\nX        X\nX   XX   X\nXX XXXX XX\nX  oXXP  X\nX   XX \u221e X\nXe       X\nX   XX   X\nXX XXXX XX\nX   XX   X\nX   XX   X\nX        X\nX   XX m X\nXX XXXX XX\nX   XX H X\nXb bXXT TX\nX M XXT TX\nXXXXXXXXXX\n", "Health: 11 X: 7 Y: 17\nXXXXXXXXXX\nXT TX    X\nX   XXX  X\nX        X\nX   XX   X\nXX XXXX XX\nX  oXXP  X\nX   XX \u221e X\nXe       X\nX   XX   X\nXX XXXX XX\nX   XX   X\nX   XX   X\nX        X\nX   XX   X\nXX XXXXmXX\nX   XX   X\nXb bXXTHTX\nX M XXT TX\nXXXXXXXXXX\n", "Health: 11 X: 7 Y: 18\nXXXXXXXXXX\nXT TX    X\nX   XXX  X\nX        X\nX   XX   X\nXX XXXX XX\nX  oXXP  X\nX   XX \u221e X\nXe       X\nX   XX   X\nXX XXXX XX\nX   XX   X\nX   XX   X\nX        X\nX   XX   X\nXX XXXX XX\nX   XX m X\nXb bXXT TX\nX M XXTHTX\nXXXXXXXXXX\n", "Health: 11 X: 8 Y: 18\nXXXXXXXXXX\nXT TX    X\nX   XXX  X\nX        X\nX   XX   X\nXX XXXX XX\nX  oXXP  X\nX   XX \u221e X\nXe       X\nX   XX   X\nXX XXXX XX\nX   XX   X\nX   XX   X\nX        X\nX   XX   X\nXX XXXX XX\nX   XX  mX\nXb bXXT TX\nX M XXT  X\nXXXXXXXXXX\n", "Health: 11 X: 7 Y: 18\nXXXXXXXXXX\nXT TX    X\nX   XXX  X\nX        X\nX   XX   X\nXX XXXX XX\nX  oXXP  X\nX   XX \u221e X\nXe       X\nX   XX   X\nXX XXXX XX\nX   XX   X\nX   XX   X\nX        X\nX   XX   X\nXX XXXX XX\nX   XX m X\nXb bXXT TX\nX M XXTH X\nXXXXXXXXXX\n", "Health: 11 X: 6 Y: 18\nXXXXXXXXXX\nXT TX    X\nX   XXX  X\nX        X\nX   XX   X\nXX XXXX XX\nX  oXXP  X\nX   XX \u221e X\nXe       X\nX   XX   X\nXX XXXX XX\nX   XX   X\nX   XX   X\nX        X\nX   XX   X\nXX XXXX XX\nX   XXm  X\nXb bXXT TX\nX M XX   X\nXXXXXXXXXX\n", "Health: 11 X: 7 Y: 18\nXXXXXXXXXX\nXT TX    X\nX   XXX  X\nX        X\nX   XX   X\nXX XXXX XX\nX  oXXP  X\nX   XX \u221e X\nXe       X\nX   XX   X\nXX XXXX XX\nX   XX   X\nX   XX   X\nX        X\nX   XX   X\nXX XXXX XX\nX   XX m X\nXb bXXT TX\nX M XX H X\nXXXXXXXXXX\n", "Health: 11 X: 8 Y: 18\nXXXXXXXXXX\nXT TX    X\nX   XXX  X\nX        X\nX   XX   X\nXX XXXX XX\nX  oXXP  X\nX   XX \u221e X\nXe       X\nX   XX   X\nXX XXXX XX\nX   XX   X\nX   XX   X\nX        X\nX   XX   X\nXX XXXX XX\nX   XX  mX\nXb bXXT TX\nX M XX   X\nXXXXXXXXXX\n", "Health: 10 X: 8 Y: 17\nXXXXXXXXXX\nXT TX    X\nX   XXX  X\nX        X\nX   XX   X\nXX XXXX XX\nX  oXXP  X\nX   XX \u221e X\nXe       X\nX   XX   X\nXX XXXX XX\nX   XX   X\nX   XX   X\nX        X\nX   XX   X\nXX XXXX XX\nX   XX  mX\nXb bXXT  X\nX M XX   X\nXXXXXXXXXX\n", "Health: 10 X: 7 Y: 17\nXXXXXXXXXX\nXT TX    X\nX   XXX  X\nX        X\nX   XX   X\nXX XXXX XX\nX  oXXP  X\nX   XX \u221e X\nXe       X\nX   XX   X\nXX XXXX XX\nX   XX   X\nX   XX   X\nX        X\nX   XX   X\nXX XXXX XX\nX   XX  mX\nXb bXXTH X\nX M XX   X\nXXXXXXXXXX\n", "Health: 10 X: 6 Y: 17\nXXXXXXXXXX\nXT TX    X\nX   XXX  X\nX        X\nX   XX   X\nXX XXXX XX\nX  oXXP  X\nX   XX \u221e X\nXe       X\nX   XX   X\nXX XXXX XX\nX   XX   X\nX   XX   X\nX        X\nX   XX   X\nXX XXXX XX\nX   XX  mX\nXb bXX   X\nX M XX   X\nXXXXXXXXXX\n", "Health: 10 X: 7 Y: 17\nXXXXXXXXXX\nXT TX    X\nX   XXX  X\nX        X\nX   XX   X\nXX XXXX XX\nX  oXXP  X\nX   XX \u221e X\nXe       X\nX   XX   X\nXX XXXX XX\nX   XX   X\nX   XX   X\nX        X\nX   XX   X\nXX XXXX XX\nX   XX  mX\nXb bXX H X\nX M XX   X\nXXXXXXXXXX\n", "Health: 10 X: 8 Y: 17\nXXXXXXXXXX\nXT TX    X\nX   XXX  X\nX        X\nX   XX   X\nXX XXXX XX\nX  oXXP  X\nX   XX \u221e X\nXe       X\nX   XX   X\nXX XXXX XX\nX   XX   X\nX   XX   X\nX        X\nX   XX   X\nXX XXXX XX\nX   XX  mX\nXb bXX   X\nX M XX   X\nXXXXXXXXXX\n", "Health: 10 X: 7 Y: 17\nXXXXXXXXXX\nXT TX    X\nX   XXX  X\nX        X\nX   XX   X\nXX XXXX XX\nX  oXXP  X\nX   XX \u221e X\nXe       X\nX   XX   X\nXX XXXX XX\nX   XX   X\nX   XX   X\nX        X\nX   XX   X\nXX XXXX XX\nX   XX  mX\nXb bXX H X\nX M XX   X\nXXXXXXXXXX\n", "Health: 9 X: 7 Y: 16\nXXXXXXXXXX\nXT TX    X\nX   XXX  X\nX        X\nX   XX   X\nXX XXXX XX\nX  oXXP  X\nX   XX \u221e X\nXe       X\nX   XX   X\nXX XXXX XX\nX   XX   X\nX   XX   X\nX        X\nX   XX   X\nXX XXXX XX\nX   XX HmX\nXb bXX   X\nX M XX   X\nXXXXXXXXXX\n", "Health: 9 X: 7 Y: 15\nXXXXXXXXXX\nXT TX    X\nX   XXX  X\nX        X\nX   XX   X\nXX XXXX XX\nX  oXXP  X\nX   XX \u221e X\nXe       X\nX   XX   X\nXX XXXX XX\nX   XX   X\nX   XX   X\nX        X\nX   XX   X\nXX XXXXHXX\nX   XX  mX\nXb bXX   X\nX M XX   X\nXXXXXXXXXX\n", "Health: 9 X: 7 Y: 14\nXXXXXXXXXX\nXT TX    X\nX   XXX  X\nX        X\nX   XX   X\nXX XXXX XX\nX  oXXP  X\nX   XX \u221e X\nXe       X\nX   XX   X\nXX XXXX XX\nX   XX   X\nX   XX   X\nX        X\nX   XX H X\nXX XXXX XX\nX   XX  mX\nXb bXX   X\nX M XX   X\nXXXXXXXXXX\n", "Health: 9 X: 7 Y: 13\nXXXXXXXXXX\nXT TX    X\nX   XXX  X\nX        X\nX   XX   X\nXX XXXX XX\nX  oXXP  X\nX   XX \u221e X\nXe       X\nX   XX   X\nXX XXXX XX\nX   XX   X\nX   XX   X\nX        X\nX   XX   X\nXX XXXX XX\nX   XX  mX\nXb bXX   X\nX M XX   X\nXXXXXXXXXX\n", "Health: 9 X: 6 Y: 13\nXXXXXXXXXX\nXT TX    X\nX   XXX  X\nX        X\nX   XX   X\nXX XXXX XX\nX  oXXP  X\nX   XX \u221e X\nXe       X\nX   XX   X\nXX XXXX XX\nX   XX   X\nX   XX   X\nX     H  X\nX   XX   X\nXX XXXX XX\nX   XX  mX\nXb bXX   X\nX M XX   X\nXXXXXXXXXX\n", "Health: 9 X: 5 Y: 13\nXXXXXXXXXX\nXT TX    X\nX   XXX  X\nX        X\nX   XX   X\nXX XXXX XX\nX  oXXP  X\nX   XX \u221e X\nXe       X\nX   XX   X\nXX XXXX XX\nX   XX   X\nX   XX   X\nX    H   X\nX   XX   X\nXX XXXX XX\nX   XX  mX\nXb bXX   X\nX M XX   X\nXXXXXXXXXX\n", "Health: 9 X: 4 Y: 13\nXXXXXXXXXX\nXT TX    X\nX   XXX  X\nX        X\nX   XX   X\nXX XXXX XX\nX  oXXP  X\nX   XX \u221e X\nXe       X\nX   XX   X\nXX XXXX XX\nX   XX   X\nX   XX   X\nX   H    X\nX   XX   X\nXX XXXX XX\nX   XX m X\nXb bXX   X\nX M XX   X\nXXXXXXXXXX\n", "Health: 9 X: 3 Y: 13\nXXXXXXXXXX\nXT TX    X\nX   XXX  X\nX        X\nX   XX   X\nXX XXXX XX\nX  oXXP  X\nX   XX \u221e X\nXe       X\nX   XX   X\nXX XXXX XX\nX   XX   X\nX   XX   X\nX  H     X\nX   XX   X\nXX XXXXmXX\nXb  XX   X\nX  bXX   X\nX M XX   X\nXXXXXXXXXX\n", "Health: 9 X: 2 Y: 13\nXXXXXXXXXX\nXT TX    X\nX   XXX  X\nX        X\nX   XX   X\nXX XXXX XX\nX  oXXP  X\nX   XX \u221e X\nXe       X\nX   XX   X\nXX XXXX XX\nX   XX   X\nX   XX   X\nX H      X\nX   XX m X\nXX XXXX XX\nXb  XX   X\nX MbXX   X\nX   XX   X\nXXXXXXXXXX\n", "Health: 9 X: 2 Y: 14\nXXXXXXXXXX\nXT TX    X\nX   XXX  X\nX        X\nX   XX   X\nXX XXXX XX\nX  oXXP  X\nX   XX \u221e X\nXe       X\nX   XX   X\nXX XXXX XX\nX   XX   X\nX   XX   X\nX        X\nX H XXm  X\nXX XXXX XX\nXbM XX   X\nX  bXX   X\nX   XX   X\nXXXXXXXXXX\n", "Health: 8 X: 2 Y: 15\nXXXXXXXXXX\nXT TX    X\nX   XXX  X\nX        X\nX   XX   X\nXX XXXX XX\nX  oXXP  X\nX   XX \u221e X\nXe       X\nX   XX   X\nXX XXXX XX\nX   XX   X\nX   XX   X\nX     m  X\nX   XX   X\nXXHXXXX XX\nXb\u221ebXX   X\nX   XX   X\nX   XX   X\nXXXXXXXXXX\n", "Health: 6 X: 2 Y: 16\nXXXXXXXXXX\nXT TX    X\nX   XXX  X\nX        X\nX   XX   X\nXX XXXX XX\nX  oXXP  X\nX   XX \u221e X\nXe       X\nX   XX   X\nXX XXXX XX\nX   XX   X\nX   XX   X\nX    m   X\nX   XX   X\nXX XXXX XX\nX\u221e\u221e\u221eXX   X\nX   XX   X\nX   XX   X\nXXXXXXXXXX\n", "Health: 6 X: 2 Y: 17\nXXXXXXXXXX\nXT TX    X\nX   XXX  X\nX        X\nX   XX   X\nXX XXXX XX\nX  oXXP  X\nX   XX \u221e X\nXe       X\nX   XX   X\nXX XXXX XX\nX   XX   X\nX   XX   X\nX   m    X\nX   XX   X\nXX XXXX XX\nX\u221e\u221e\u221eXX   X\nX H XX   X\nX   XX   X\nXXXXXXXXXX\n", "Health: 6 X: 3 Y: 17\nXXXXXXXXXX\nXT TX    X\nX   XXX  X\nX        X\nX   XX   X\nXX XXXX XX\nX  oXXP  X\nX   XX \u221e X\nXe       X\nX   XX   X\nXX XXXX XX\nX   XX   X\nX   XX   X\nX  m     X\nX   XX   X\nXX XXXX XX\nX\u221e\u221e\u221eXX   X\nX  HXX   X\nX   XX   X\nXXXXXXXXXX\n", "Health: 6 X: 2 Y: 17\nXXXXXXXXXX\nXT TX    X\nX   XXX  X\nX        X\nX   XX   X\nXX XXXX XX\nX  oXXP  X\nX   XX \u221e X\nXe       X\nX   XX   X\nXX XXXX XX\nX   XX   X\nX   XX   X\nX m      X\nX   XX   X\nXX XXXX XX\nX\u221e\u221e\u221eXX   X\nX H XX   X\nX   XX   X\nXXXXXXXXXX\n", "Health: 6 X: 2 Y: 16\nXXXXXXXXXX\nXT TX    X\nX   XXX  X\nX        X\nX   XX   X\nXX XXXX XX\nX  oXXP  X\nX   XX \u221e X\nXe       X\nX   XX   X\nXX XXXX XX\nX   XX   X\nX   XX   X\nX        X\nX m XX   X\nXX XXXX XX\nX\u221e\u221e\u221eXX   X\nX   XX   X\nX   XX   X\nXXXXXXXXXX\n", "Health: 5 X: 2 Y: 15\nXXXXXXXXXX\nXT TX    X\nX   XXX  X\nX        X\nX   XX   X\nXX XXXX XX\nX  oXXP  X\nX   XX \u221e X\nXe       X\nX   XX   X\nXX XXXX XX\nX   XX   X\nX   XX   X\nX        X\nX m XX   X\nXXHXXXX XX\nX\u221e\u221e\u221eXX   X\nX   XX   X\nX   XX   X\nXXXXXXXXXX\n", "Health: 5 X: 2 Y: 14\nXXXXXXXXXX\nXT TX    X\nX   XXX  X\nX        X\nX   XX   X\nXX XXXX XX\nX  oXXP  X\nX   XX \u221e X\nXe       X\nX   XX   X\nXX XXXX XX\nX   XX   X\nX   XX   X\nX        X\nX m XX   X\nXX XXXX XX\nX\u221e\u221e\u221eXX   X\nX   XX   X\nX   XX   X\nXXXXXXXXXX\n", "Health: 5 X: 3 Y: 14\nXXXXXXXXXX\nXT TX    X\nX   XXX  X\nX        X\nX   XX   X\nXX XXXX XX\nX  oXXP  X\nX   XX \u221e X\nXe       X\nX   XX   X\nXX XXXX XX\nX   XX   X\nX   XX   X\nX        X\nX mHXX   X\nXX XXXX XX\nX\u221e\u221e\u221eXX   X\nX   XX   X\nX   XX   X\nXXXXXXXXXX\n", "Health: 5 X: 3 Y: 13\nXXXXXXXXXX\nXT TX    X\nX   XXX  X\nX        X\nX   XX   X\nXX XXXX XX\nX  oXXP  X\nX   XX \u221e X\nXe       X\nX   XX   X\nXX XXXX XX\nX   XX   X\nX   XX   X\nX  H     X\nX m XX   X\nXX XXXX XX\nX\u221e\u221e\u221eXX   X\nX   XX   X\nX   XX   X\nXXXXXXXXXX\n", "Health: 5 X: 3 Y: 12\nXXXXXXXXXX\nXT TX    X\nX   XXX  X\nX        X\nX   XX   X\nXX XXXX XX\nX  oXXP  X\nX   XX \u221e X\nXe       X\nX   XX   X\nXX XXXX XX\nX   XX   X\nX  HXX   X\nX        X\nX m XX   X\nXX XXXX XX\nX\u221e\u221e\u221eXX   X\nX   XX   X\nX   XX   X\nXXXXXXXXXX\n", "Health: 5 X: 3 Y: 11\nXXXXXXXXXX\nXT TX    X\nX   XXX  X\nX        X\nX   XX   X\nXX XXXX XX\nX  oXXP  X\nX   XX \u221e X\nXe       X\nX   XX   X\nXX XXXX XX\nX  HXX   X\nX   XX   X\nX        X\nX m XX   X\nXX XXXX XX\nX\u221e\u221e\u221eXX   X\nX   XX   X\nX   XX   X\nXXXXXXXXXX\n", "Health: 5 X: 2 Y: 11\nXXXXXXXXXX\nXT TX    X\nX   XXX  X\nX        X\nX   XX   X\nXX XXXX XX\nX o XXP  X\nX   XX \u221e X\nXe       X\nX   XX   X\nXX XXXX XX\nX H XX   X\nX   XX   X\nX m      X\nX   XX   X\nXX XXXX XX\nX\u221e\u221e\u221eXX   X\nX   XX   X\nX   XX   X\nXXXXXXXXXX\n", "Health: 5 X: 1 Y: 11\nXXXXXXXXXX\nXT TX    X\nX   XXX  X\nX        X\nX   XX   X\nXXoXXXX XX\nX   XXP  X\nX   XX \u221e X\nXe       X\nX   XX   X\nXX XXXX XX\nXH  XX   X\nX m XX   X\nX        X\nX   XX   X\nXX XXXX XX\nX\u221e\u221e\u221eXX   X\nX   XX   X\nX   XX   X\nXXXXXXXXXX\n", "Health: 4 X: 2 Y: 11\nXXXXXXXXXX\nXT TX    X\nX   XXX  X\nX        X\nX o XX   X\nXX XXXX XX\nX   XXP  X\nX   XX \u221e X\nXe       X\nX   XX   X\nXX XXXX XX\nX H XX   X\nX m XX   X\nX        X\nX   XX   X\nXX XXXX XX\nX\u221e\u221e\u221eXX   X\nX   XX   X\nX   XX   X\nXXXXXXXXXX\n", "Health: 4 X: 2 Y: 10\nXXXXXXXXXX\nXT TX    X\nX   XXX  X\nX o      X\nX   XX   X\nXX XXXX XX\nX   XXP  X\nX   XX \u221e X\nXe       X\nX   XX   X\nXXHXXXX XX\nX   XX   X\nX m XX   X\nX        X\nX   XX   X\nXX XXXX XX\nX\u221e\u221e\u221eXX   X\nX   XX   X\nX   XX   X\nXXXXXXXXXX\n", "Health: 4 X: 2 Y: 9\nXXXXXXXXXX\nXT TX    X\nX o XXX  X\nX        X\nX   XX   X\nXX XXXX XX\nX   XXP  X\nX   XX \u221e X\nXe       X\nX H XX   X\nXX XXXX XX\nX   XX   X\nX m XX   X\nX        X\nX   XX   X\nXX XXXX XX\nX\u221e\u221e\u221eXX   X\nX   XX   X\nX   XX   X\nXXXXXXXXXX\n", "Health: 4 X: 2 Y: 8\nXXXXXXXXXX\nXToTX    X\nX   XXX  X\nX        X\nX   XX   X\nXX XXXX XX\nX   XXP  X\nX   XX \u221e X\nXeH      X\nX   XX   X\nXX XXXX XX\nX   XX   X\nX m XX   X\nX        X\nX   XX   X\nXX XXXX XX\nX\u221e\u221e\u221eXX   X\nX   XX   X\nX   XX   X\nXXXXXXXXXX\n", "Health: 4 X: 2 Y: 7\nXXXXXXXXXX\nXo TX    X\nX   XXX  X\nX        X\nX   XX   X\nXX XXXX XX\nX   XXP  X\nX H XX \u221e X\nXe       X\nX   XX   X\nXX XXXX XX\nX   XX   X\nX m XX   X\nX        X\nX   XX   X\nXX XXXX XX\nX\u221e\u221e\u221eXX   X\nX   XX   X\nX   XX   X\nXXXXXXXXXX\n", "Health: 4 X: 2 Y: 6\nXXXXXXXXXX\nX oTX    X\nX   XXX  X\nX        X\nX   XX   X\nXX XXXX XX\nX   XXP  X\nX   XX \u221e X\nXe       X\nX   XX   X\nXX XXXX XX\nX   XX   X\nX m XX   X\nX        X\nX   XX   X\nXX XXXX XX\nX\u221e\u221e\u221eXX   X\nX   XX   X\nX   XX   X\nXXXXXXXXXX\n", "Health: 4 X: 2 Y: 5\nXXXXXXXXXX\nX  oX    X\nX   XXX  X\nX        X\nX   XX   X\nXXHXXXX XX\nX   XXP  X\nX   XX \u221e X\nXe       X\nX   XX   X\nXX XXXX XX\nX m XX   X\nX   XX   X\nX        X\nX   XX   X\nXX XXXX XX\nX\u221e\u221e\u221eXX   X\nX   XX   X\nX   XX   X\nXXXXXXXXXX\n", "Health: 4 X: 2 Y: 4\nXXXXXXXXXX\nX o X    X\nX   XXX  X\nX        X\nX H XX   X\nXX XXXX XX\nX   XXP  X\nX   XX \u221e X\nXe       X\nX   XX   X\nXXmXXXX XX\nX   XX   X\nX   XX   X\nX        X\nX   XX   X\nXX XXXX XX\nX\u221e\u221e\u221eXX   X\nX   XX   X\nX   XX   X\nXXXXXXXXXX\n", "Health: 4 X: 2 Y: 3\nXXXXXXXXXX\nX   X    X\nX o XXX  X\nX H      X\nX   XX   X\nXX XXXX XX\nX   XXP  X\nX   XX \u221e X\nXe       X\nX m XX   X\nXX XXXX XX\nX   XX   X\nX   XX   X\nX        X\nX   XX   X\nXX XXXX XX\nX\u221e\u221e\u221eXX   X\nX   XX   X\nX   XX   X\nXXXXXXXXXX\n", "Health: 0 X: 2 Y: 3\nXXXXXXXXXX\nX   X    X\nX   XXX  X\nX \u221e      X\nX   XX   X\nXX XXXX XX\nX   XXP  X\nX   XX \u221e X\nXem      X\nX   XX   X\nXX XXXX XX\nX   XX   X\nX   XX   X\nX        X\nX   XX   X\nXX XXXX XX\nX\u221e\u221e\u221eXX   X\nX   XX   X\nX   XX   X\nXXXXXXXXXX\n"], "map_number": 101}], "timestamp": "10-Aug-2021 18:40:48.716300", "ip": "74.83.252.238"}