{"Q1": "Never", "Q2": "Never", "Q3": "Never", "Q4": "Never", "Q5": "Never", "Q6": "Never", "Q7": "Never", "Q8": "Never", "Q9": "Never", "Q10": "Never", "results": [{"mechanics": [{"timestep": 2, "mechanic": "BlobPotion"}, {"timestep": 2, "mechanic": "BlobPotion"}, {"timestep": 3, "mechanic": "MinitaurHit"}, {"timestep": 4, "mechanic": "UsePortal"}, {"timestep": 4, "mechanic": "BlobPotion"}, {"timestep": 6, "mechanic": "OgreTreasure"}, {"timestep": 8, "mechanic": "GoblinMeleeHit"}, {"timestep": 9, "mechanic": "ReachStairs"}], "frequencies": {"BlobPotion": 3, "MinitaurHit": 1, "UsePortal": 1, "OgreTreasure": 1, "GoblinMeleeHit": 1, "ReachStairs": 1}, "levelReport": {"utilityGained": 0.0, "exitUtility": 1.0, "runnerUtility": 0.9, "loitererUtility": 10.0, "completionistUtility": 0.3466666666666667, "monsterKillerUtility": 0.43999999999999995, "treasureCollectorUtility": 0.3, "turnsTaken": 10, "health": 8, "healthLost": 2, "alive": true, "javelinsThrown": 0, "monsterKills": 1, "minitaurKnockouts": 1, "treasuresCollected": 0, "potionsTaken": 0, "totalMonsters": 6, "totalTreasures": 6, "totalPotions": 4, "timeTaken": 0.0}, "positions": [{"X": 5, "Y": 12}, {"X": 4, "Y": 12}, {"X": 4, "Y": 13}, {"X": 4, "Y": 14}, {"X": 4, "Y": 4}, {"X": 5, "Y": 4}, {"X": 5, "Y": 3}, {"X": 5, "Y": 2}, {"X": 4, "Y": 2}, {"X": 4, "Y": 1}], "levelStates": ["Health: 10 X: 5 Y: 12\nXXXXXXXXXX\nX X e X TX\nXM       X\nX   X   XX\nX   T    X\nXX  XX   X\nX P     bX\nX X X  X X\nXT     o X\nX        X\nX  X   XPX\nX        X\nXX   H  XX\nX        X\nXb      bX\nX X T  X X\nXP   m  PX\nX        X\nXT TXT TXX\nXXXXXXXXXX\n", "Health: 10 X: 4 Y: 12\nXXXXXXXXXX\nX X e X TX\nXM       X\nX   X   XX\nX   T    X\nXX  XX   X\nX P      X\nX X X  XbX\nXT    o  X\nX        X\nX  X   XPX\nX        X\nXX  H   XX\nX        X\nX        X\nXbX Tm XbX\nXP      PX\nX        X\nXT TXT TXX\nXXXXXXXXXX\n", "Health: 10 X: 4 Y: 13\nXXXXXXXXXX\nX X e X TX\nXM       X\nX   X   XX\nX   T    X\nXX  XX   X\nX P      X\nX X X  X X\nXT   o  bX\nX        X\nX  X   XPX\nX        X\nXX      XX\nX   H    X\nX    m   X\nX X T  X X\nX        X\nX        X\nXT TXT TXX\nXXXXXXXXXX\n", "Health: 9 X: 4 Y: 14\nXXXXXXXXXX\nX X e X TX\nXM       X\nX   X   XX\nX   T    X\nXX  XX   X\nX P      X\nX X X  X X\nXT  o    X\nX       bX\nX  X   XPX\nX        X\nXX      XX\nX        X\nX   Hm   X\nX X T  X X\nX        X\nX        X\nXT TXT TXX\nXXXXXXXXXX\n", "Health: 9 X: 4 Y: 4\nXXXXXXXXXX\nX X e X TX\nX M      X\nX   X   XX\nX   T    X\nXX  XX   X\nX P      X\nX X X  X X\nXT o     X\nX        X\nX  X   X X\nX        X\nXX      XX\nX        X\nX    m   X\nX X T  X X\nX        X\nX        X\nXT TXT TXX\nXXXXXXXXXX\n", "Health: 9 X: 5 Y: 4\nXXXXXXXXXX\nX X e X TX\nX M      X\nX   X   XX\nX   TH   X\nXX  XX   X\nX P      X\nX X X  X X\nXTo      X\nX        X\nX  X   X X\nX        X\nXX      XX\nX        X\nX    m   X\nX X T  X X\nX        X\nX        X\nXT TXT TXX\nXXXXXXXXXX\n", "Health: 9 X: 5 Y: 3\nXXXXXXXXXX\nX X e X TX\nX M      X\nX   XH  XX\nX   T    X\nXX  XX   X\nX P      X\nX X X  X X\nXo       X\nX        X\nX  X   X X\nX        X\nXX      XX\nX        X\nX    m   X\nX X T  X X\nX        X\nX        X\nXT TXT TXX\nXXXXXXXXXX\n", "Health: 9 X: 5 Y: 2\nXXXXXXXXXX\nX X e X TX\nX  M H   X\nX   X   XX\nX   T    X\nXX  XX   X\nX P      X\nX X X  X X\nX o      X\nX        X\nX  X   X X\nX        X\nXX      XX\nX        X\nX    m   X\nX X T  X X\nX        X\nX        X\nXT TXT TXX\nXXXXXXXXXX\n", "Health: 8 X: 4 Y: 2\nXXXXXXXXXX\nX X e X TX\nX  \u221eH    X\nX   X   XX\nX   T    X\nXX  XX   X\nX P      X\nX X X  X X\nX        X\nX o      X\nX  X   X X\nX        X\nXX      XX\nX        X\nX    m   X\nX X T  X X\nX        X\nX        X\nXT TXT TXX\nXXXXXXXXXX\n", "Health: 8 X: 4 Y: 1\nXXXXXXXXXX\nX X e X TX\nX  \u221e     X\nX   X   XX\nX   T    X\nXX  XX   X\nX P      X\nX X X  X X\nX        X\nX        X\nX oX   X X\nX        X\nXX      XX\nX    m   X\nX        X\nX X T  X X\nX        X\nX        X\nXT TXT TXX\nXXXXXXXXXX\n"], "map_number": 202}, {"mechanics": [{"timestep": 2, "mechanic": "OgreTreasure"}, {"timestep": 2, "mechanic": "BlobPotion"}, {"timestep": 3, "mechanic": "OgreTreasure"}, {"timestep": 3, "mechanic": "BlobPotion"}, {"timestep": 7, "mechanic": "OgreHit"}, {"timestep": 10, "mechanic": "ReachStairs"}], "frequencies": {"OgreTreasure": 2, "BlobPotion": 2, "OgreHit": 1, "ReachStairs": 1}, "levelReport": {"utilityGained": 0.0, "exitUtility": 1.0, "runnerUtility": 0.89, "loitererUtility": 11.0, "completionistUtility": 0.3, "monsterKillerUtility": 0.3, "treasureCollectorUtility": 0.3, "turnsTaken": 11, "health": 8, "healthLost": 2, "alive": true, "javelinsThrown": 0, "monsterKills": 0, "minitaurKnockouts": 0, "treasuresCollected": 0, "potionsTaken": 0, "totalMonsters": 6, "totalTreasures": 9, "totalPotions": 2, "timeTaken": 0.0}, "positions": [{"X": 6, "Y": 3}, {"X": 5, "Y": 3}, {"X": 4, "Y": 3}, {"X": 3, "Y": 3}, {"X": 2, "Y": 3}, {"X": 2, "Y": 4}, {"X": 2, "Y": 5}, {"X": 2, "Y": 6}, {"X": 2, "Y": 7}, {"X": 2, "Y": 8}, {"X": 1, "Y": 8}], "levelStates": ["Health: 10 X: 6 Y: 3\nXXXXXXXXXX\nXT TX m  X\nX   XXX  X\nX     H  X\nX   XX   X\nXX XXXX XX\nX TTXXPP X\nX   XX   X\nXeo    b X\nX   XX   X\nXX XXXX XX\nX   XX   X\nX   XX   X\nX      T X\nX   XX   X\nXX XXXX XX\nX   XX   X\nXb bXXT TX\nX M XXT TX\nXXXXXXXXXX\n", "Health: 10 X: 5 Y: 3\nXXXXXXXXXX\nXT TX  m X\nX   XXX  X\nX    H   X\nX   XX   X\nXX XXXX XX\nX TTXXPP X\nX o XX b X\nXe       X\nX   XX   X\nXX XXXX XX\nX   XX   X\nX   XX   X\nX      T X\nX   XX   X\nXX XXXX XX\nX   XX   X\nXb bXXT TX\nX M XXT TX\nXXXXXXXXXX\n", "Health: 10 X: 4 Y: 3\nXXXXXXXXXX\nXT TX    X\nX   XXXm X\nX   H    X\nX   XX   X\nXX XXXX XX\nX oTXXPb X\nX   XX   X\nXe       X\nX   XX   X\nXX XXXX XX\nX   XX   X\nX   XX   X\nX      T X\nX   XX   X\nXX XXXX XX\nX   XX   X\nXb bXXT TX\nX M XXT TX\nXXXXXXXXXX\n", "Health: 10 X: 3 Y: 3\nXXXXXXXXXX\nXT TX    X\nX   XXX  X\nX  H   m X\nX   XX   X\nXX XXXX XX\nX  oXXb  X\nX   XX   X\nXe       X\nX   XX   X\nXX XXXX XX\nX   XX   X\nX   XX   X\nX      T X\nX   XX   X\nXX XXXX XX\nX   XX   X\nXb bXXT TX\nX M XXT TX\nXXXXXXXXXX\n", "Health: 10 X: 2 Y: 3\nXXXXXXXXXX\nXT TX    X\nX   XXX  X\nX H   m  X\nX   XX   X\nXX XXXX XX\nX  oXXb  X\nX   XX   X\nXe       X\nX   XX   X\nXX XXXX XX\nX   XX   X\nX   XX   X\nX      T X\nX   XX   X\nXX XXXX XX\nX   XX   X\nXbMbXXT TX\nX   XXT TX\nXXXXXXXXXX\n", "Health: 10 X: 2 Y: 4\nXXXXXXXXXX\nXT TX    X\nX   XXX  X\nX    m   X\nX H XX   X\nXX XXXX XX\nX  oXXb  X\nX   XX   X\nXe       X\nX   XX   X\nXX XXXX XX\nX   XX   X\nX   XX   X\nX      T X\nX   XX   X\nXX XXXX XX\nX M XX   X\nXb bXXT TX\nX   XXT TX\nXXXXXXXXXX\n", "Health: 10 X: 2 Y: 5\nXXXXXXXXXX\nXT TX    X\nX   XXX  X\nX   m    X\nX   XX   X\nXXHXXXX XX\nX  oXXb  X\nX   XX   X\nXe       X\nX   XX   X\nXX XXXX XX\nX   XX   X\nX   XX   X\nX      T X\nX   XX   X\nXXMXXXX XX\nX   XX   X\nXb bXXT TX\nX   XXT TX\nXXXXXXXXXX\n", "Health: 8 X: 2 Y: 6\nXXXXXXXXXX\nXT TX    X\nX   XXX  X\nX  m     X\nX   XX   X\nXX XXXX XX\nX  oXXb  X\nX   XX   X\nXe       X\nX   XX   X\nXX XXXX XX\nX   XX   X\nX   XX   X\nX      T X\nX M XX   X\nXX XXXX XX\nX   XX   X\nXb bXXT TX\nX   XXT TX\nXXXXXXXXXX\n", "Health: 8 X: 2 Y: 7\nXXXXXXXXXX\nXT TX    X\nX   XXX  X\nX m      X\nX   XX   X\nXX XXXX XX\nX o XXb  X\nX H XX   X\nXe       X\nX   XX   X\nXX XXXX XX\nX   XX   X\nX   XX   X\nX M    T X\nX   XX   X\nXX XXXX XX\nX   XX   X\nXb bXXT TX\nX   XXT TX\nXXXXXXXXXX\n", "Health: 8 X: 2 Y: 8\nXXXXXXXXXX\nXT TX    X\nX   XXX  X\nX        X\nX m XX   X\nXX XXXX XX\nX   XXb  X\nX o XX   X\nXeH      X\nX   XX   X\nXX XXXX XX\nX   XX   X\nX M XX   X\nX      T X\nX   XX   X\nXX XXXX XX\nX   XX   X\nXb bXXT TX\nX   XXT TX\nXXXXXXXXXX\n", "Health: 8 X: 1 Y: 8\nXXXXXXXXXX\nXT TX    X\nX   XXX  X\nX        X\nX   XX   X\nXXmXXXX XX\nX   XXb  X\nXo  XX   X\nXe       X\nX   XX   X\nXX XXXX XX\nX   XX   X\nX M XX   X\nX      T X\nX   XX   X\nXX XXXX XX\nX   XX   X\nXb bXXT TX\nX   XXT TX\nXXXXXXXXXX\n"], "map_number": 101}, {"mechanics": [{"timestep": 2, "mechanic": "MinitaurHit"}, {"timestep": 3, "mechanic": "MinitaurHit"}, {"timestep": 6, "mechanic": "UsePortal"}, {"timestep": 10, "mechanic": "ReachStairs"}], "frequencies": {"MinitaurHit": 2, "UsePortal": 1, "ReachStairs": 1}, "levelReport": {"utilityGained": 0.0, "exitUtility": 1.0, "runnerUtility": 0.89, "loitererUtility": 11.0, "completionistUtility": 0.3, "monsterKillerUtility": 0.3, "treasureCollectorUtility": 0.3, "turnsTaken": 11, "health": 9, "healthLost": 1, "alive": true, "javelinsThrown": 0, "monsterKills": 0, "minitaurKnockouts": 1, "treasuresCollected": 0, "potionsTaken": 0, "totalMonsters": 7, "totalTreasures": 8, "totalPotions": 2, "timeTaken": 0.0}, "positions": [{"X": 8, "Y": 2}, {"X": 8, "Y": 1}, {"X": 7, "Y": 1}, {"X": 6, "Y": 1}, {"X": 5, "Y": 1}, {"X": 4, "Y": 1}, {"X": 1, "Y": 17}, {"X": 2, "Y": 17}, {"X": 3, "Y": 17}, {"X": 4, "Y": 17}, {"X": 5, "Y": 17}], "levelStates": ["Health: 10 X: 8 Y: 2\nXXXXXXXXXX\nXXXT m   X\nXXXXXXXXHX\nX    b   X\nX XX XXXXX\nX XX XXXXX\nX MX XT tX\nX XX XTX X\nX XX XTX X\nX MX XTX X\nX XX XXX X\nX P o  P X\nX XXXXXX X\nXTX RR XTX\nX X    X X\nX XX  XX X\nX   TT   X\nXT   e   X\nXXXXXXXXXX\n", "Health: 10 X: 8 Y: 1\nXXXXXXXXXX\nXXXT  m HX\nXXXXXXXX X\nX    b   X\nX XX XXXXX\nX XX XXXXX\nX MX XT tX\nX XX XTX X\nX XX XTX X\nX MX XTX X\nX XX XXX X\nX P o  P X\nX XXXXXX X\nXTX RR XTX\nX X    X X\nX XX  XX X\nX   TT   X\nXT   e   X\nXXXXXXXXXX\n", "Health: 9 X: 7 Y: 1\nXXXXXXXXXX\nXXXT  mH X\nXXXXXXXX X\nX    b   X\nX XX XXXXX\nX XX XXXXX\nX MX XT tX\nX XX XTX X\nX XX XTX X\nX MX XTX X\nX XX XXX X\nX P o  P X\nX XXXXXX X\nXTX RR XTX\nX X    X X\nX XX  XX X\nX   TT   X\nXT   e   X\nXXXXXXXXXX\n", "Health: 9 X: 6 Y: 1\nXXXXXXXXXX\nXXXT  m  X\nXXXXXXXX X\nX    b   X\nX XX XXXXX\nX XX XXXXX\nX MX XT tX\nX XX XTX X\nX XX XTX X\nX MX XTX X\nX XX XXX X\nX P o  P X\nX XXXXXX X\nXTX RR XTX\nX X    X X\nX XX  XX X\nX   TT   X\nXT   e   X\nXXXXXXXXXX\n", "Health: 9 X: 5 Y: 1\nXXXXXXXXXX\nXXXT Hm  X\nXXXXXXXX X\nX    b   X\nX XX XXXXX\nX XX XXXXX\nX MX XT tX\nX XX XTX X\nX XX XTX X\nX MX XTX X\nX XX XXX X\nX P o  P X\nX XXXXXX X\nXTX RR XTX\nX X    X X\nX XX  XX X\nX   TT   X\nXT   e   X\nXXXXXXXXXX\n", "Health: 9 X: 4 Y: 1\nXXXXXXXXXX\nXXXTH m  X\nXXXXXXXX X\nX    b   X\nX XX XXXXX\nX XX XXXXX\nX MX XT tX\nX XX XTX X\nX XX XTX X\nX MX XTX X\nX XX XXX X\nX P o  P X\nX XXXXXX X\nXTX RR XTX\nX X    X X\nX XX  XX X\nX   TT   X\nXT   e   X\nXXXXXXXXXX\n", "Health: 9 X: 1 Y: 17\nXXXXXXXXXX\nXXXT  m  X\nXXXXXXXX X\nX    b   X\nX XX XXXXX\nX XX XXXXX\nX MX XT tX\nX XX XTX X\nX XX XTX X\nX MX XTX X\nX XX XXX X\nX P o  P X\nX XXXXXX X\nXTX RR XTX\nX X    X X\nX XX  XX X\nX   TT   X\nXT   e   X\nXXXXXXXXXX\n", "Health: 9 X: 2 Y: 17\nXXXXXXXXXX\nXXXT  m  X\nXXXXXXXX X\nX    b   X\nX XX XXXXX\nX XX XXXXX\nX MX XT tX\nX XX XTX X\nX XX XTX X\nX MX XTX X\nX XX XXX X\nX P o  P X\nX XXXXXX X\nXTX RR XTX\nX X    X X\nX XX  XX X\nX   TT   X\nXTH  e   X\nXXXXXXXXXX\n", "Health: 9 X: 3 Y: 17\nXXXXXXXXXX\nXXXT   m X\nXXXXXXXX X\nX    b   X\nX XX XXXXX\nX XX XXXXX\nX MX XT tX\nX XX XTX X\nX XX XTX X\nX MX XTX X\nX XX XXX X\nX P o  P X\nX XXXXXX X\nXTX RR XTX\nX X    X X\nX XX  XX X\nX   TT   X\nXT H e   X\nXXXXXXXXXX\n", "Health: 9 X: 4 Y: 17\nXXXXXXXXXX\nXXXT    mX\nXXXXXXXX X\nX    b   X\nX XX XXXXX\nX XX XXXXX\nX MX XT tX\nX XX XTX X\nX XX XTX X\nX MX XTX X\nX XX XXX X\nX P o  P X\nX XXXXXX X\nXTX R  XTX\nX X R  X X\nX XX  XX X\nX   TT   X\nXT  He   X\nXXXXXXXXXX\n", "Health: 9 X: 5 Y: 17\nXXXXXXXXXX\nXXXT     X\nXXXXXXXXmX\nX    b   X\nX XX XXXXX\nX XX XXXXX\nX MX XT tX\nX XX XTX X\nX XX XTX X\nX MX XTX X\nX XX XXX X\nX P o  P X\nX XXXXXX X\nXTX  R XTX\nX X  R X X\nX XX  XX X\nX   TT   X\nXT   e   X\nXXXXXXXXXX\n"], "map_number": 201}], "timestamp": "11-Aug-2021 04:49:35.681471", "ip": "108.48.151.121"}