{"Q1": "Never", "Q2": "Never", "Q3": "Never", "Q4": "Never", "Q5": "Never", "Q6": "Never", "Q7": "Never", "Q8": "Never", "Q9": "Never", "Q10": "Never", "results": [{"mechanics": [{"timestep": 2, "mechanic": "JavelinThrow"}, {"timestep": 10, "mechanic": "OgreHit"}, {"timestep": 10, "mechanic": "OgreHit"}, {"timestep": 11, "mechanic": "JavelinThrow"}, {"timestep": 19, "mechanic": "CollectPotion"}, {"timestep": 25, "mechanic": "TriggerTrap"}, {"timestep": 27, "mechanic": "TriggerTrap"}, {"timestep": 29, "mechanic": "CollectTreasure"}, {"timestep": 30, "mechanic": "CollectTreasure"}, {"timestep": 31, "mechanic": "CollectTreasure"}, {"timestep": 32, "mechanic": "CollectTreasure"}, {"timestep": 37, "mechanic": "MinitaurHit"}, {"timestep": 37, "mechanic": "TriggerTrap"}, {"timestep": 44, "mechanic": "CollectTreasure"}, {"timestep": 50, "mechanic": "CollectTreasure"}, {"timestep": 50, "mechanic": "GoblinRangedHit"}, {"timestep": 51, "mechanic": "CollectTreasure"}, {"timestep": 51, "mechanic": "GoblinRangedHit"}, {"timestep": 57, "mechanic": "CollectTreasure"}, {"timestep": 60, "mechanic": "CollectPotion"}, {"timestep": 75, "mechanic": "ReachStairs"}], "frequencies": {"JavelinThrow": 2, "OgreHit": 2, "CollectPotion": 2, "TriggerTrap": 3, "CollectTreasure": 8, "MinitaurHit": 1, "GoblinRangedHit": 2, "ReachStairs": 1}, "levelReport": {"utilityGained": 0.0, "exitUtility": 1.0, "runnerUtility": 0.24, "loitererUtility": 76.0, "completionistUtility": 0.8444444444444443, "monsterKillerUtility": 0.5333333333333333, "treasureCollectorUtility": 1.0, "turnsTaken": 76, "health": 4, "healthLost": 10, "alive": true, "javelinsThrown": 2, "monsterKills": 2, "minitaurKnockouts": 3, "treasuresCollected": 8, "potionsTaken": 2, "totalMonsters": 7, "totalTreasures": 8, "totalPotions": 2, "timeTaken": 0.0}, "positions": [{"X": 7, "Y": 3}, {"X": 8, "Y": 3}, {"X": 8, "Y": 3}, {"X": 7, "Y": 3}, {"X": 6, "Y": 3}, {"X": 5, "Y": 3}, {"X": 4, "Y": 3}, {"X": 4, "Y": 4}, {"X": 4, "Y": 5}, {"X": 4, "Y": 6}, {"X": 4, "Y": 6}, {"X": 4, "Y": 6}, {"X": 4, "Y": 7}, {"X": 4, "Y": 8}, {"X": 4, "Y": 9}, {"X": 4, "Y": 10}, {"X": 4, "Y": 11}, {"X": 5, "Y": 11}, {"X": 6, "Y": 11}, {"X": 7, "Y": 11}, {"X": 8, "Y": 11}, {"X": 8, "Y": 10}, {"X": 8, "Y": 9}, {"X": 8, "Y": 8}, {"X": 8, "Y": 7}, {"X": 8, "Y": 6}, {"X": 8, "Y": 7}, {"X": 8, "Y": 6}, {"X": 7, "Y": 6}, {"X": 6, "Y": 6}, {"X": 6, "Y": 7}, {"X": 6, "Y": 8}, {"X": 6, "Y": 9}, {"X": 6, "Y": 8}, {"X": 6, "Y": 7}, {"X": 6, "Y": 6}, {"X": 7, "Y": 6}, {"X": 8, "Y": 6}, {"X": 8, "Y": 7}, {"X": 8, "Y": 8}, {"X": 8, "Y": 9}, {"X": 8, "Y": 10}, {"X": 8, "Y": 11}, {"X": 8, "Y": 12}, {"X": 8, "Y": 13}, {"X": 8, "Y": 14}, {"X": 8, "Y": 15}, {"X": 8, "Y": 16}, {"X": 7, "Y": 16}, {"X": 6, "Y": 16}, {"X": 5, "Y": 16}, {"X": 4, "Y": 16}, {"X": 3, "Y": 16}, {"X": 2, "Y": 16}, {"X": 1, "Y": 16}, {"X": 1, "Y": 15}, {"X": 1, "Y": 14}, {"X": 1, "Y": 13}, {"X": 1, "Y": 12}, {"X": 1, "Y": 11}, {"X": 2, "Y": 11}, {"X": 3, "Y": 11}, {"X": 4, "Y": 11}, {"X": 5, "Y": 11}, {"X": 6, "Y": 11}, {"X": 7, "Y": 11}, {"X": 8, "Y": 11}, {"X": 8, "Y": 12}, {"X": 8, "Y": 13}, {"X": 8, "Y": 14}, {"X": 8, "Y": 15}, {"X": 8, "Y": 16}, {"X": 8, "Y": 17}, {"X": 7, "Y": 17}, {"X": 6, "Y": 17}, {"X": 5, "Y": 17}], "levelStates": ["Health: 10 X: 7 Y: 3\nXXXXXXXXXX\nXXXT m   X\nXXXXXXXX X\nX     bH X\nX XX XXXXX\nX XX XXXXX\nX MX XT tX\nX XX XTX X\nX XX XTX X\nX MX XTX X\nX XX XXX X\nX P o  P X\nX XXXXXX X\nXTX RR XTX\nX X    X X\nX XX  XX X\nX   TT   X\nXT   e   X\nXXXXXXXXXX\n", "Health: 10 X: 8 Y: 3\nXXXXXXXXXX\nXXXT  m  X\nXXXXXXXX X\nX      bHX\nX XX XXXXX\nX XX XXXXX\nX MX XT tX\nX XX XTX X\nX XX XTX X\nX MX XTX X\nX XX XXX X\nX P o  P X\nX XXXXXX X\nXTX RR XTX\nX X    X X\nX XX  XX X\nX   TT   X\nXT   e   X\nXXXXXXXXXX\n", "Health: 10 X: 8 Y: 3\nXXXXXXXXXX\nXXXT   m X\nXXXXXXXX X\nX      \u221eHX\nX XX XXXXX\nX XX XXXXX\nX MX XT tX\nX XX XTX X\nX XX XTX X\nX MX XTX X\nX XX XXX X\nX P o  P X\nX XXXXXX X\nXTX RR XTX\nX X    X X\nX XX  XX X\nX   TT   X\nXT   e   X\nXXXXXXXXXX\n", "Health: 10 X: 7 Y: 3\nXXXXXXXXXX\nXXXT    mX\nXXXXXXXX X\nX      \u221e X\nX XX XXXXX\nX XX XXXXX\nX MX XT tX\nX XX XTX X\nX XX XTX X\nX MX XTX X\nX XX XXX X\nX P o  P X\nX XXXXXX X\nXTX RR XTX\nX X    X X\nX XX  XX X\nX   TT   X\nXT   e   X\nXXXXXXXXXX\n", "Health: 10 X: 6 Y: 3\nXXXXXXXXXX\nXXXT     X\nXXXXXXXXmX\nX     H\u221e X\nX XX XXXXX\nX XX XXXXX\nX MX XT tX\nX XX XTX X\nX XX XTX X\nX MX XTX X\nX XX XXX X\nX P o  P X\nX XXXXXX X\nXTX RR XTX\nX X    X X\nX XX  XX X\nX   TT   X\nXT   e   X\nXXXXXXXXXX\n", "Health: 10 X: 5 Y: 3\nXXXXXXXXXX\nXXXT     X\nXXXXXXXX X\nX    H \u221emX\nX XX XXXXX\nX XX XXXXX\nX MX XT tX\nX XX XTX X\nX XX XTX X\nX MX XTX X\nX XX XXX X\nX P o  P X\nX XXXXXX X\nXTX RR XTX\nX X    X X\nX XX  XX X\nX   TT   X\nXT   e   X\nXXXXXXXXXX\n", "Health: 10 X: 4 Y: 3\nXXXXXXXXXX\nXXXT     X\nXXXXXXXX X\nX   H  \u221e X\nX XX XXXXX\nX XX XXXXX\nX MX XT tX\nX XX XTX X\nX XX XTX X\nX MX XTX X\nX XXoXXX X\nX P    P X\nX XXXXXX X\nXTX RR XTX\nX X    X X\nX XX  XX X\nX   TT   X\nXT   e   X\nXXXXXXXXXX\n", "Health: 10 X: 4 Y: 4\nXXXXXXXXXX\nXXXT     X\nXXXXXXXX X\nX     m\u221e X\nX XXHXXXXX\nX XX XXXXX\nX MX XT tX\nX XX XTX X\nX XX XTX X\nX MXoXTX X\nX XX XXX X\nX P    P X\nX XXXXXX X\nXTX RR XTX\nX X    X X\nX XX  XX X\nX   TT   X\nXT   e   X\nXXXXXXXXXX\n", "Health: 10 X: 4 Y: 5\nXXXXXXXXXX\nXXXT     X\nXXXXXXXX X\nX    m \u221e X\nX XX XXXXX\nX XXHXXXXX\nX MX XT tX\nX XX XTX X\nX XXoXTX X\nX MX XTX X\nX XX XXX X\nX P    P X\nX XXXXXX X\nXTX RR XTX\nX X    X X\nX XX  XX X\nX   TT   X\nXT   e   X\nXXXXXXXXXX\n", "Health: 10 X: 4 Y: 6\nXXXXXXXXXX\nXXXT     X\nXXXXXXXX X\nX   m  \u221e X\nX XX XXXXX\nX XX XXXXX\nX MXHXT tX\nX XXoXTX X\nX XX XTX X\nX MX XTX X\nX XX XXX X\nX P    P X\nX XXXXXX X\nXTX RR XTX\nX X    X X\nX XX  XX X\nX   TT   X\nXT   e   X\nXXXXXXXXXX\n", "Health: 6 X: 4 Y: 6\nXXXXXXXXXX\nXXXT     X\nXXXXXXXX X\nX      \u221e X\nX XXmXXXXX\nX XX XXXXX\nX MXHXT tX\nX XX\u221eXTX X\nX XX XTX X\nX MX XTX X\nX XX XXX X\nX P    P X\nX XXXXXX X\nXTX RR XTX\nX X    X X\nX XX  XX X\nX   TT   X\nXT   e   X\nXXXXXXXXXX\n", "Health: 6 X: 4 Y: 6\nXXXXXXXXXX\nXXXT     X\nXXXXXXXX X\nX      \u221e X\nX XXmXXXXX\nX XX XXXXX\nX MXHXT tX\nX XX\u221eXTX X\nX XX XTX X\nX MX XTX X\nX XX XXX X\nX P    P X\nX XXXXXX X\nXTX RR XTX\nX X    X X\nX XX  XX X\nX   TT   X\nXT   e   X\nXXXXXXXXXX\n", "Health: 6 X: 4 Y: 7\nXXXXXXXXXX\nXXXT     X\nXXXXXXXX X\nX      \u221e X\nX XXmXXXXX\nX XX XXXXX\nX MX XT tX\nX XX\u221eXTX X\nX XX XTX X\nX MX XTX X\nX XX XXX X\nX P    P X\nX XXXXXX X\nXTX RR XTX\nX X    X X\nX XX  XX X\nX   TT   X\nXT   e   X\nXXXXXXXXXX\n", "Health: 6 X: 4 Y: 8\nXXXXXXXXXX\nXXXT     X\nXXXXXXXX X\nX      \u221e X\nX XXmXXXXX\nX XX XXXXX\nX MX XT tX\nX XX\u221eXTX X\nX XXHXTX X\nX MX XTX X\nX XX XXX X\nX P    P X\nX XXXXXX X\nXTX RR XTX\nX X    X X\nX XX  XX X\nX   TT   X\nXT   e   X\nXXXXXXXXXX\n", "Health: 6 X: 4 Y: 9\nXXXXXXXXXX\nXXXT     X\nXXXXXXXX X\nX      \u221e X\nX XXmXXXXX\nX XX XXXXX\nX MX XT tX\nX XX\u221eXTX X\nX XX XTX X\nX MXHXTX X\nX XX XXX X\nX P    P X\nX XXXXXX X\nXTX RR XTX\nX X    X X\nX XX  XX X\nX   TT   X\nXT   e   X\nXXXXXXXXXX\n", "Health: 6 X: 4 Y: 10\nXXXXXXXXXX\nXXXT     X\nXXXXXXXX X\nX      \u221e X\nX XXmXXXXX\nX XX XXXXX\nX MX XT tX\nX XX\u221eXTX X\nX XX XTX X\nX MX XTX X\nX XXHXXX X\nX P    P X\nX XXXXXX X\nXTX RR XTX\nX X    X X\nX XX  XX X\nX   TT   X\nXT   e   X\nXXXXXXXXXX\n", "Health: 6 X: 4 Y: 11\nXXXXXXXXXX\nXXXT     X\nXXXXXXXX X\nX      \u221e X\nX XX XXXXX\nX XXmXXXXX\nX MX XT tX\nX XX\u221eXTX X\nX XX XTX X\nX MX XTX X\nX XX XXX X\nX P H  P X\nX XXXXXX X\nXTX RR XTX\nX X    X X\nX XX  XX X\nX   TT   X\nXT   e   X\nXXXXXXXXXX\n", "Health: 6 X: 5 Y: 11\nXXXXXXXXXX\nXXXT     X\nXXXXXXXX X\nX      \u221e X\nX XX XXXXX\nX XX XXXXX\nX MXmXT tX\nX XX\u221eXTX X\nX XX XTX X\nX MX XTX X\nX XX XXX X\nX P  H P X\nX XXXXXX X\nXTX RR XTX\nX X    X X\nX XX  XX X\nX   TT   X\nXT   e   X\nXXXXXXXXXX\n", "Health: 6 X: 6 Y: 11\nXXXXXXXXXX\nXXXT     X\nXXXXXXXX X\nX      \u221e X\nX XX XXXXX\nX XX XXXXX\nX MX XT tX\nX XX\u221eXTX X\nX XX XTX X\nX MX XTX X\nX XX XXX X\nX P   HP X\nX XXXXXX X\nXTX RR XTX\nX X    X X\nX XX  XX X\nX   TT   X\nXT   e   X\nXXXXXXXXXX\n", "Health: 8 X: 7 Y: 11\nXXXXXXXXXX\nXXXT     X\nXXXXXXXX X\nX      \u221e X\nX XX XXXXX\nX XX XXXXX\nX MX XT tX\nX XX\u221eXTX X\nX XXmXTX X\nX MX XTX X\nX XX XXX X\nX P      X\nX XXXXXX X\nXTX RR XTX\nX X    X X\nX XX  XX X\nX   TT   X\nXT   e   X\nXXXXXXXXXX\n", "Health: 8 X: 8 Y: 11\nXXXXXXXXXX\nXXXT     X\nXXXXXXXX X\nX      \u221e X\nX XX XXXXX\nX XX XXXXX\nX MX XT tX\nX XX\u221eXTX X\nX XX XTX X\nX MXmXTX X\nX XX XXX X\nX P     HX\nX XXXXXX X\nXTX RR XTX\nX X    X X\nX XX  XX X\nX   TT   X\nXT   e   X\nXXXXXXXXXX\n", "Health: 8 X: 8 Y: 10\nXXXXXXXXXX\nXXXT     X\nXXXXXXXX X\nX      \u221e X\nX XX XXXXX\nX XX XXXXX\nX MX XT tX\nX XX\u221eXTX X\nX XX XTX X\nX MX XTX X\nX XXmXXXHX\nX P      X\nX XXXXXX X\nXTX RR XTX\nX X    X X\nX XX  XX X\nX   TT   X\nXT   e   X\nXXXXXXXXXX\n", "Health: 8 X: 8 Y: 9\nXXXXXXXXXX\nXXXT     X\nXXXXXXXX X\nX      \u221e X\nX XX XXXXX\nX XX XXXXX\nX MX XT tX\nX XX\u221eXTX X\nX XX XTX X\nX MX XTXHX\nX XX XXX X\nX P m    X\nX XXXXXX X\nXTX RR XTX\nX X    X X\nX XX  XX X\nX   TT   X\nXT   e   X\nXXXXXXXXXX\n", "Health: 8 X: 8 Y: 8\nXXXXXXXXXX\nXXXT     X\nXXXXXXXX X\nX      \u221e X\nX XX XXXXX\nX XX XXXXX\nX MX XT tX\nX XX\u221eXTX X\nX XX XTXHX\nX MX XTX X\nX XX XXX X\nX P  m   X\nX XXXXXX X\nXTX RR XTX\nX X    X X\nX XX  XX X\nX   TT   X\nXT   e   X\nXXXXXXXXXX\n", "Health: 8 X: 8 Y: 7\nXXXXXXXXXX\nXXXT     X\nXXXXXXXX X\nX      \u221e X\nX XX XXXXX\nX XX XXXXX\nX MX XT tX\nX XX\u221eXTXHX\nX XX XTX X\nX MX XTX X\nX XX XXX X\nX P   m  X\nX XXXXXX X\nXTX RR XTX\nX X    X X\nX XX  XX X\nX   TT   X\nXT   e   X\nXXXXXXXXXX\n", "Health: 7 X: 8 Y: 6\nXXXXXXXXXX\nXXXT     X\nXXXXXXXX X\nX      \u221e X\nX XX XXXXX\nX XX XXXXX\nX MX XT tX\nX XX\u221eXTX X\nX XX XTX X\nX MX XTX X\nX XX XXX X\nX P      X\nX XXXXXX X\nXTX RR XTX\nX X    X X\nX XX  XX X\nX   TT   X\nXT   e   X\nXXXXXXXXXX\n", "Health: 7 X: 8 Y: 7\nXXXXXXXXXX\nXXXT     X\nXXXXXXXX X\nX      \u221e X\nX XX XXXXX\nX XX XXXXX\nX MX XT tX\nX XX\u221eXTXHX\nX XX XTX X\nX MX XTX X\nX XX XXX X\nX P     mX\nX XXXXXX X\nXTX RR XTX\nX X    X X\nX XX  XX X\nX   TT   X\nXT   e   X\nXXXXXXXXXX\n", "Health: 6 X: 8 Y: 6\nXXXXXXXXXX\nXXXT     X\nXXXXXXXX X\nX      \u221e X\nX XX XXXXX\nX XX XXXXX\nX MX XT tX\nX XX\u221eXTX X\nX XX XTX X\nX MX XTX X\nX XX XXXmX\nX P      X\nX XXXXXX X\nXTX RR XTX\nX X    X X\nX XX  XX X\nX   TT   X\nXT   e   X\nXXXXXXXXXX\n", "Health: 6 X: 7 Y: 6\nXXXXXXXXXX\nXXXT     X\nXXXXXXXX X\nX      \u221e X\nX XX XXXXX\nX XX XXXXX\nX MX XTHtX\nX XX\u221eXTX X\nX XX XTX X\nX MX XTXmX\nX XX XXX X\nX P      X\nX XXXXXX X\nXTX RR XTX\nX X    X X\nX XX  XX X\nX   TT   X\nXT   e   X\nXXXXXXXXXX\n", "Health: 6 X: 6 Y: 6\nXXXXXXXXXX\nXXXT     X\nXXXXXXXX X\nX      \u221e X\nX XX XXXXX\nX XX XXXXX\nX MX X  tX\nX XX\u221eXTX X\nX XX XTXmX\nX MX XTX X\nX XX XXX X\nX P      X\nX XXXXXX X\nXTX RR XTX\nX X    X X\nX XX  XX X\nX   TT   X\nXT   e   X\nXXXXXXXXXX\n", "Health: 6 X: 6 Y: 7\nXXXXXXXXXX\nXXXT     X\nXXXXXXXX X\nX      \u221e X\nX XX XXXXX\nX XX XXXXX\nX MX X  tX\nX XX\u221eX XmX\nX XX XTX X\nX MX XTX X\nX XX XXX X\nX P      X\nX XXXXXX X\nXTX RR XTX\nX X    X X\nX XX  XX X\nX   TT   X\nXT   e   X\nXXXXXXXXXX\n", "Health: 6 X: 6 Y: 8\nXXXXXXXXXX\nXXXT     X\nXXXXXXXX X\nX      \u221e X\nX XX XXXXX\nX XX XXXXX\nX MX X  tX\nX XX\u221eX X X\nX XX X X X\nX MX XTX X\nX XX XXX X\nX P      X\nX XXXXXX X\nXTX RR XTX\nX X    X X\nX XX  XX X\nX   TT   X\nXT   e   X\nXXXXXXXXXX\n", "Health: 6 X: 6 Y: 9\nXXXXXXXXXX\nXXXT     X\nXXXXXXXX X\nX      \u221e X\nX XX XXXXX\nX XX XXXXX\nX MX X  tX\nX XX\u221eX X X\nX XX X X X\nX MX X X X\nX XX XXX X\nX P      X\nX XXXXXX X\nXTX RR XTX\nX X    X X\nX XX  XX X\nX   TT   X\nXT   e   X\nXXXXXXXXXX\n", "Health: 6 X: 6 Y: 8\nXXXXXXXXXX\nXXXT     X\nXXXXXXXX X\nX      \u221e X\nX XX XXXXX\nX XX XXXXX\nX MX X  tX\nX XX\u221eX X X\nX XX X X X\nX MX X X X\nX XX XXX X\nX P      X\nX XXXXXX X\nXTX RR XTX\nX X    X X\nX XX  XX X\nX   TT   X\nXT   e   X\nXXXXXXXXXX\n", "Health: 6 X: 6 Y: 7\nXXXXXXXXXX\nXXXT     X\nXXXXXXXX X\nX      \u221e X\nX XX XXXXX\nX XX XXXXX\nX MX X  tX\nX XX\u221eX X X\nX XX X X X\nX MX X X X\nX XX XXX X\nX P      X\nX XXXXXX X\nXTX RR XTX\nX X    X X\nX XX  XX X\nX   TT   X\nXT   e   X\nXXXXXXXXXX\n", "Health: 6 X: 6 Y: 6\nXXXXXXXXXX\nXXXT     X\nXXXXXXXX X\nX      \u221e X\nX XX XXXXX\nX XX XXXXX\nX MX X  tX\nX XX\u221eX X X\nX XX X X X\nX MX X X X\nX XX XXX X\nX P      X\nX XXXXXX X\nXTX RR XTX\nX X    X X\nX XX  XX X\nX   TT   X\nXT   e   X\nXXXXXXXXXX\n", "Health: 6 X: 7 Y: 6\nXXXXXXXXXX\nXXXT     X\nXXXXXXXX X\nX      \u221e X\nX XX XXXXX\nX XX XXXXX\nX MX X HtX\nX XX\u221eX X X\nX XX X X X\nX MX X X X\nX XX XXX X\nX P      X\nX XXXXXX X\nXTX RR XTX\nX X    X X\nX XX  XX X\nX   TT   X\nXT   e   X\nXXXXXXXXXX\n", "Health: 4 X: 8 Y: 6\nXXXXXXXXXX\nXXXT     X\nXXXXXXXX X\nX      \u221e X\nX XX XXXXX\nX XX XXXXX\nX MX X  tX\nX XX\u221eX X X\nX XX X X X\nX MX X X X\nX XX XXX X\nX P      X\nX XXXXXX X\nXTX RR XTX\nX X    X X\nX XX  XX X\nX   TT   X\nXT   e   X\nXXXXXXXXXX\n", "Health: 4 X: 8 Y: 7\nXXXXXXXXXX\nXXXT     X\nXXXXXXXX X\nX      \u221e X\nX XX XXXXX\nX XX XXXXX\nX MX X  tX\nX XX\u221eX XHX\nX XX X X X\nX MX X X X\nX XX XXX X\nX P      X\nX XXXXXX X\nXTX RR XTX\nX X    X X\nX XX  XX X\nX   TT   X\nXT   e   X\nXXXXXXXXXX\n", "Health: 4 X: 8 Y: 8\nXXXXXXXXXX\nXXXT     X\nXXXXXXXX X\nX      \u221e X\nX XX XXXXX\nX XX XXXXX\nX MX X  tX\nX XX\u221eX X X\nX XX X XHX\nX MX X X X\nX XX XXX X\nX P      X\nX XXXXXX X\nXTX RR XTX\nX X    X X\nX XX  XX X\nX   TT   X\nXT   e   X\nXXXXXXXXXX\n", "Health: 4 X: 8 Y: 9\nXXXXXXXXXX\nXXXT     X\nXXXXXXXX X\nX      \u221e X\nX XX XXXXX\nX XX XXXXX\nX MX X  tX\nX XX\u221eX X X\nX XX X X X\nX MX X XHX\nX XX XXX X\nX P      X\nX XXXXXX X\nXTX RR XTX\nX X    X X\nX XX  XX X\nX   TT   X\nXT   e   X\nXXXXXXXXXX\n", "Health: 4 X: 8 Y: 10\nXXXXXXXXXX\nXXXT     X\nXXXXXXXX X\nX      \u221e X\nX XX XXXXX\nX XX XXXXX\nX MX X  tX\nX XX\u221eX X X\nX XX X X X\nX MX X X X\nX XX XXXHX\nX P      X\nX XXXXXX X\nXTX RR XTX\nX X    X X\nX XX  XX X\nX   TT   X\nXT   e   X\nXXXXXXXXXX\n", "Health: 4 X: 8 Y: 11\nXXXXXXXXXX\nXXXT     X\nXXXXXXXX X\nX      \u221e X\nX XX XXXXX\nX XX XXXXX\nX MX X  tX\nX XX\u221eX XmX\nX XX X X X\nX MX X X X\nX XX XXX X\nX P     HX\nX XXXXXX X\nXTX RR XTX\nX X    X X\nX XX  XX X\nX   TT   X\nXT   e   X\nXXXXXXXXXX\n", "Health: 4 X: 8 Y: 12\nXXXXXXXXXX\nXXXT     X\nXXXXXXXX X\nX      \u221e X\nX XX XXXXX\nX XX XXXXX\nX MX X  tX\nX XX\u221eX X X\nX XX X XmX\nX MX X X X\nX XX XXX X\nX P      X\nX XXXXXXHX\nXTX RR XTX\nX X    X X\nX XX  XX X\nX   TT   X\nXT   e   X\nXXXXXXXXXX\n", "Health: 4 X: 8 Y: 13\nXXXXXXXXXX\nXXXT     X\nXXXXXXXX X\nX      \u221e X\nX XX XXXXX\nX XX XXXXX\nX MX X  tX\nX XX\u221eX X X\nX XX X X X\nX MX X XmX\nX XX XXX X\nX P      X\nX XXXXXX X\nXTX RR X X\nX X    X X\nX XX  XX X\nX   TT   X\nXT   e   X\nXXXXXXXXXX\n", "Health: 4 X: 8 Y: 14\nXXXXXXXXXX\nXXXT     X\nXXXXXXXX X\nX      \u221e X\nX XX XXXXX\nX XX XXXXX\nX MX X  tX\nX XX\u221eX X X\nX XX X X X\nX MX X X X\nX XX XXXmX\nX P      X\nX XXXXXX X\nXTX RR X X\nX X    XHX\nX XX  XX X\nX   TT   X\nXT   e   X\nXXXXXXXXXX\n", "Health: 4 X: 8 Y: 15\nXXXXXXXXXX\nXXXT     X\nXXXXXXXX X\nX      \u221e X\nX XX XXXXX\nX XX XXXXX\nX MX X  tX\nX XX\u221eX X X\nX XX X X X\nX MX X X X\nX XX XXX X\nX P     mX\nX XXXXXX X\nXTX RR X X\nX X    X X\nX XX  XXHX\nX   TT   X\nXT   e   X\nXXXXXXXXXX\n", "Health: 4 X: 8 Y: 16\nXXXXXXXXXX\nXXXT     X\nXXXXXXXX X\nX      \u221e X\nX XX XXXXX\nX XX XXXXX\nX MX X  tX\nX XX\u221eX X X\nX XX X X X\nX MX X X X\nX XX XXX X\nX P      X\nX XXXXXXmX\nXTX RR X X\nX X    X X\nX XX  XX X\nX   TT  HX\nXT   e   X\nXXXXXXXXXX\n", "Health: 4 X: 7 Y: 16\nXXXXXXXXXX\nXXXT     X\nXXXXXXXX X\nX      \u221e X\nX XX XXXXX\nX XX XXXXX\nX MX X  tX\nX XX\u221eX X X\nX XX X X X\nX MX X X X\nX XX XXX X\nX P      X\nX XXXXXX X\nXTX RR X X\nX X    X X\nX XX  XX X\nX   TT H X\nXT   e   X\nXXXXXXXXXX\n", "Health: 4 X: 6 Y: 16\nXXXXXXXXXX\nXXXT     X\nXXXXXXXX X\nX      \u221e X\nX XX XXXXX\nX XX XXXXX\nX MX X  tX\nX XX\u221eX X X\nX XX X X X\nX MX X X X\nX XX XXX X\nX P      X\nX XXXXXX X\nXTX RR X X\nX X    XmX\nX XX  XX X\nX   TTH  X\nXT   e   X\nXXXXXXXXXX\n", "Health: 3 X: 5 Y: 16\nXXXXXXXXXX\nXXXT     X\nXXXXXXXX X\nX      \u221e X\nX XX XXXXX\nX XX XXXXX\nX MX X  tX\nX XX\u221eX X X\nX XX X X X\nX MX X X X\nX XX XXX X\nX P      X\nX XXXXXX X\nXTX RR X X\nX X    X X\nX XX  XXmX\nX   T    X\nXT   e   X\nXXXXXXXXXX\n", "Health: 2 X: 4 Y: 16\nXXXXXXXXXX\nXXXT     X\nXXXXXXXX X\nX      \u221e X\nX XX XXXXX\nX XX XXXXX\nX MX X  tX\nX XX\u221eX X X\nX XX X X X\nX MX X X X\nX XX XXX X\nX P      X\nX XXXXXX X\nXTX RR X X\nX X    X X\nX XX  XX X\nX       mX\nXT   e   X\nXXXXXXXXXX\n", "Health: 2 X: 3 Y: 16\nXXXXXXXXXX\nXXXT     X\nXXXXXXXX X\nX      \u221e X\nX XX XXXXX\nX XX XXXXX\nX MX X  tX\nX XX\u221eX X X\nX XX X X X\nX MX X X X\nX XX XXX X\nX P      X\nX XXXXXX X\nXTX RR X X\nX X    X X\nX XX  XX X\nX  H   m X\nXT   e   X\nXXXXXXXXXX\n", "Health: 2 X: 2 Y: 16\nXXXXXXXXXX\nXXXT     X\nXXXXXXXX X\nX      \u221e X\nX XX XXXXX\nX XX XXXXX\nX MX X  tX\nX XX\u221eX X X\nX XX X X X\nX MX X X X\nX XX XXX X\nX P      X\nX XXXXXX X\nXTX RR X X\nX X    X X\nX XX  XX X\nX H   m  X\nXT   e   X\nXXXXXXXXXX\n", "Health: 2 X: 1 Y: 16\nXXXXXXXXXX\nXXXT     X\nXXXXXXXX X\nX      \u221e X\nX XX XXXXX\nX XX XXXXX\nX MX X  tX\nX XX\u221eX X X\nX XX X X X\nX MX X X X\nX XX XXX X\nX P      X\nX XXXXXX X\nXTX RR X X\nX X    X X\nX XX  XX X\nXH       X\nXT   e   X\nXXXXXXXXXX\n", "Health: 2 X: 1 Y: 15\nXXXXXXXXXX\nXXXT     X\nXXXXXXXX X\nX      \u221e X\nX XX XXXXX\nX XX XXXXX\nX MX X  tX\nX XX\u221eX X X\nX XX X X X\nX MX X X X\nX XX XXX X\nX P      X\nX XXXXXX X\nXTX RR X X\nX X    X X\nXHXX  XX X\nX        X\nXT   e   X\nXXXXXXXXXX\n", "Health: 2 X: 1 Y: 14\nXXXXXXXXXX\nXXXT     X\nXXXXXXXX X\nX      \u221e X\nX XX XXXXX\nX XX XXXXX\nX MX X  tX\nX XX\u221eX X X\nX XX X X X\nX MX X X X\nX XX XXX X\nX P      X\nX XXXXXX X\nXTX RR X X\nXHX    X X\nX XX  XX X\nX  m     X\nXT   e   X\nXXXXXXXXXX\n", "Health: 2 X: 1 Y: 13\nXXXXXXXXXX\nXXXT     X\nXXXXXXXX X\nX      \u221e X\nX XX XXXXX\nX XX XXXXX\nX MX X  tX\nX XX\u221eX X X\nX XX X X X\nX MX X X X\nX XX XXX X\nX P      X\nX XXXXXX X\nX X RR X X\nX X    X X\nX XX  XX X\nX m      X\nXT   e   X\nXXXXXXXXXX\n", "Health: 2 X: 1 Y: 12\nXXXXXXXXXX\nXXXT     X\nXXXXXXXX X\nX      \u221e X\nX XX XXXXX\nX XX XXXXX\nX MX X  tX\nX XX\u221eX X X\nX XX X X X\nX MX X X X\nX XX XXX X\nX P      X\nXHXXXXXX X\nX X RR X X\nX X    X X\nX XX  XX X\nXm       X\nXT   e   X\nXXXXXXXXXX\n", "Health: 2 X: 1 Y: 11\nXXXXXXXXXX\nXXXT     X\nXXXXXXXX X\nX      \u221e X\nX XX XXXXX\nX XX XXXXX\nX MX X  tX\nX XX\u221eX X X\nX XX X X X\nX MX X X X\nX XX XXX X\nXHP      X\nX XXXXXX X\nX X RR X X\nX X    X X\nXmXX  XX X\nX        X\nXT   e   X\nXXXXXXXXXX\n", "Health: 4 X: 2 Y: 11\nXXXXXXXXXX\nXXXT     X\nXXXXXXXX X\nX      \u221e X\nX XX XXXXX\nX XX XXXXX\nX MX X  tX\nX XX\u221eX X X\nX XX X X X\nX MX X X X\nX XX XXX X\nX        X\nX XXXXXX X\nX X RR X X\nXmX    X X\nX XX  XX X\nX        X\nXT   e   X\nXXXXXXXXXX\n", "Health: 4 X: 3 Y: 11\nXXXXXXXXXX\nXXXT     X\nXXXXXXXX X\nX      \u221e X\nX XX XXXXX\nX XX XXXXX\nX MX X  tX\nX XX\u221eX X X\nX XX X X X\nX MX X X X\nX XX XXX X\nX  H     X\nX XXXXXX X\nX X RR X X\nX X    X X\nX XX  XX X\nX        X\nXT   e   X\nXXXXXXXXXX\n", "Health: 4 X: 4 Y: 11\nXXXXXXXXXX\nXXXT     X\nXXXXXXXX X\nX      \u221e X\nX XX XXXXX\nX XX XXXXX\nX MX X  tX\nX XX\u221eX X X\nX XX X X X\nX MX X X X\nX XX XXX X\nX   H    X\nXmXXXXXX X\nX X RR X X\nX X    X X\nX XX  XX X\nX        X\nXT   e   X\nXXXXXXXXXX\n", "Health: 4 X: 5 Y: 11\nXXXXXXXXXX\nXXXT     X\nXXXXXXXX X\nX      \u221e X\nX XX XXXXX\nX XX XXXXX\nX MX X  tX\nX XX\u221eX X X\nX XX X X X\nX MX X X X\nX XX XXX X\nXm   H   X\nX XXXXXX X\nX X RR X X\nX X    X X\nX XX  XX X\nX        X\nXT   e   X\nXXXXXXXXXX\n", "Health: 4 X: 6 Y: 11\nXXXXXXXXXX\nXXXT     X\nXXXXXXXX X\nX      \u221e X\nX XX XXXXX\nX XX XXXXX\nX MX X  tX\nX XX\u221eX X X\nX XX X X X\nX MX X X X\nX XX XXX X\nX     H  X\nX XXXXXX X\nX X RR X X\nX X    X X\nX XX  XX X\nX        X\nXT   e   X\nXXXXXXXXXX\n", "Health: 4 X: 7 Y: 11\nXXXXXXXXXX\nXXXT     X\nXXXXXXXX X\nX      \u221e X\nX XX XXXXX\nX XX XXXXX\nX MX X  tX\nX XX\u221eX X X\nX XX X X X\nX MX X X X\nX XX XXX X\nX  m     X\nX XXXXXX X\nX X RR X X\nX X    X X\nX XX  XX X\nX        X\nXT   e   X\nXXXXXXXXXX\n", "Health: 4 X: 8 Y: 11\nXXXXXXXXXX\nXXXT     X\nXXXXXXXX X\nX      \u221e X\nX XX XXXXX\nX XX XXXXX\nX MX X  tX\nX XX\u221eX X X\nX XX X X X\nX MX X X X\nX XX XXX X\nX   m   HX\nX XXXXXX X\nX X RR X X\nX X    X X\nX XX  XX X\nX        X\nXT   e   X\nXXXXXXXXXX\n", "Health: 4 X: 8 Y: 12\nXXXXXXXXXX\nXXXT     X\nXXXXXXXX X\nX      \u221e X\nX XX XXXXX\nX XX XXXXX\nX MX X  tX\nX XX\u221eX X X\nX XX X X X\nX MX X X X\nX XX XXX X\nX    m   X\nX XXXXXXHX\nX X RR X X\nX X    X X\nX XX  XX X\nX        X\nXT   e   X\nXXXXXXXXXX\n", "Health: 4 X: 8 Y: 13\nXXXXXXXXXX\nXXXT     X\nXXXXXXXX X\nX      \u221e X\nX XX XXXXX\nX XX XXXXX\nX MX X  tX\nX XX\u221eX X X\nX XX X X X\nX MX X X X\nX XX XXX X\nX     m  X\nX XXXXXX X\nX X RR X X\nX X    X X\nX XX  XX X\nX        X\nXT   e   X\nXXXXXXXXXX\n", "Health: 4 X: 8 Y: 14\nXXXXXXXXXX\nXXXT     X\nXXXXXXXX X\nX      \u221e X\nX XX XXXXX\nX XX XXXXX\nX MX X  tX\nX XX\u221eX X X\nX XX X X X\nX MX X X X\nX XX XXX X\nX        X\nX XXXXXX X\nX X RR X X\nX X    XHX\nX XX  XX X\nX        X\nXT   e   X\nXXXXXXXXXX\n", "Health: 4 X: 8 Y: 15\nXXXXXXXXXX\nXXXT     X\nXXXXXXXX X\nX      \u221e X\nX XX XXXXX\nX XX XXXXX\nX MX X  tX\nX XX\u221eX X X\nX XX X X X\nX MX X X X\nX XX XXX X\nX       mX\nX XXXXXX X\nX X RR X X\nX X    X X\nX XX  XXHX\nX        X\nXT   e   X\nXXXXXXXXXX\n", "Health: 4 X: 8 Y: 16\nXXXXXXXXXX\nXXXT     X\nXXXXXXXX X\nX      \u221e X\nX XX XXXXX\nX XX XXXXX\nX MX X  tX\nX XX\u221eX X X\nX XX X X X\nX MX X X X\nX XX XXX X\nX        X\nX XXXXXXmX\nX X RR X X\nX X    X X\nX XX  XX X\nX       HX\nXT   e   X\nXXXXXXXXXX\n", "Health: 4 X: 8 Y: 17\nXXXXXXXXXX\nXXXT     X\nXXXXXXXX X\nX      \u221e X\nX XX XXXXX\nX XX XXXXX\nX MX X  tX\nX XX\u221eX X X\nX XX X X X\nX MX X X X\nX XX XXX X\nX        X\nX XXXXXX X\nX X RR X X\nX X    X X\nX XX  XX X\nX        X\nXT   e  HX\nXXXXXXXXXX\n", "Health: 4 X: 7 Y: 17\nXXXXXXXXXX\nXXXT     X\nXXXXXXXX X\nX      \u221e X\nX XX XXXXX\nX XX XXXXX\nX MX X  tX\nX XX\u221eX X X\nX XX X X X\nX MX X X X\nX XX XXX X\nX        X\nX XXXXXX X\nX X RR X X\nX X    XmX\nX XX  XX X\nX        X\nXT   e H X\nXXXXXXXXXX\n", "Health: 4 X: 6 Y: 17\nXXXXXXXXXX\nXXXT     X\nXXXXXXXX X\nX      \u221e X\nX XX XXXXX\nX XX XXXXX\nX MX X  tX\nX XX\u221eX X X\nX XX X X X\nX MX X X X\nX XX XXX X\nX        X\nX XXXXXX X\nX X RR X X\nX X    X X\nX XX  XXmX\nX        X\nXT   eH  X\nXXXXXXXXXX\n", "Health: 4 X: 5 Y: 17\nXXXXXXXXXX\nXXXT     X\nXXXXXXXX X\nX      \u221e X\nX XX XXXXX\nX XX XXXXX\nX MX X  tX\nX XX\u221eX X X\nX XX X X X\nX MX X X X\nX XX XXX X\nX        X\nX XXXXXX X\nX X R  X X\nX X  R X X\nX XX  XX X\nX       mX\nXT   e   X\nXXXXXXXXXX\n"], "map_number": 201}, {"mechanics": [{"timestep": 0, "mechanic": "CollectTreasure"}, {"timestep": 3, "mechanic": "CollectTreasure"}, {"timestep": 3, "mechanic": "OgreTreasure"}, {"timestep": 6, "mechanic": "MinitaurHit"}, {"timestep": 7, "mechanic": "MinitaurHit"}, {"timestep": 10, "mechanic": "TriggerTrap"}, {"timestep": 11, "mechanic": "CollectTreasure"}, {"timestep": 12, "mechanic": "CollectTreasure"}, {"timestep": 14, "mechanic": "TriggerTrap"}, {"timestep": 14, "mechanic": "MinitaurHit"}, {"timestep": 15, "mechanic": "MinitaurHit"}, {"timestep": 17, "mechanic": "MinitaurHit"}, {"timestep": 23, "mechanic": "MinitaurHit"}, {"timestep": 24, "mechanic": "MinitaurHit"}, {"timestep": 30, "mechanic": "OgreHit"}, {"timestep": 31, "mechanic": "JavelinThrow"}, {"timestep": 36, "mechanic": "CollectTreasure"}, {"timestep": 39, "mechanic": "CollectTreasure"}, {"timestep": 42, "mechanic": "CollectTreasure"}, {"timestep": 45, "mechanic": "CollectTreasure"}, {"timestep": 48, "mechanic": "CollectTreasure"}, {"timestep": 53, "mechanic": "ReachStairs"}], "frequencies": {"CollectTreasure": 9, "OgreTreasure": 1, "MinitaurHit": 7, "TriggerTrap": 2, "OgreHit": 1, "JavelinThrow": 1, "ReachStairs": 1}, "levelReport": {"utilityGained": 0.0, "exitUtility": 1.0, "runnerUtility": 0.45999999999999996, "loitererUtility": 54.0, "completionistUtility": 0.5683333333333334, "monsterKillerUtility": 0.475, "treasureCollectorUtility": 0.9299999999999999, "turnsTaken": 54, "health": 3, "healthLost": 7, "alive": true, "javelinsThrown": 1, "monsterKills": 1, "minitaurKnockouts": 3, "treasuresCollected": 9, "potionsTaken": 0, "totalMonsters": 5, "totalTreasures": 10, "totalPotions": 1, "timeTaken": 0.0}, "positions": [{"X": 6, "Y": 3}, {"X": 5, "Y": 3}, {"X": 4, "Y": 3}, {"X": 3, "Y": 3}, {"X": 2, "Y": 3}, {"X": 3, "Y": 3}, {"X": 4, "Y": 3}, {"X": 5, "Y": 3}, {"X": 5, "Y": 2}, {"X": 5, "Y": 1}, {"X": 6, "Y": 1}, {"X": 7, "Y": 1}, {"X": 8, "Y": 1}, {"X": 7, "Y": 1}, {"X": 6, "Y": 1}, {"X": 5, "Y": 1}, {"X": 4, "Y": 1}, {"X": 5, "Y": 1}, {"X": 5, "Y": 2}, {"X": 5, "Y": 3}, {"X": 5, "Y": 4}, {"X": 5, "Y": 5}, {"X": 5, "Y": 6}, {"X": 5, "Y": 5}, {"X": 5, "Y": 4}, {"X": 5, "Y": 3}, {"X": 6, "Y": 3}, {"X": 7, "Y": 3}, {"X": 8, "Y": 3}, {"X": 8, "Y": 4}, {"X": 8, "Y": 5}, {"X": 8, "Y": 5}, {"X": 7, "Y": 5}, {"X": 7, "Y": 6}, {"X": 7, "Y": 7}, {"X": 8, "Y": 7}, {"X": 8, "Y": 8}, {"X": 8, "Y": 9}, {"X": 7, "Y": 9}, {"X": 7, "Y": 10}, {"X": 7, "Y": 11}, {"X": 7, "Y": 12}, {"X": 8, "Y": 12}, {"X": 8, "Y": 13}, {"X": 7, "Y": 13}, {"X": 7, "Y": 14}, {"X": 7, "Y": 15}, {"X": 8, "Y": 15}, {"X": 8, "Y": 16}, {"X": 8, "Y": 17}, {"X": 8, "Y": 18}, {"X": 7, "Y": 18}, {"X": 6, "Y": 18}, {"X": 5, "Y": 18}], "levelStates": ["Health: 10 X: 6 Y: 3\nXXXXXXXXXX\nX m   tTTX\nXXXXX XXXX\nXX T     X\nXX XX XX X\nX   X X oX\nX   X X  X\nX  bX XT X\nXX XX XXTX\nX P X X  X\nXX XX XTXX\nX  TX X TX\nX M X X TX\nX   X X  X\nXX XX XTXX\nX R X X  X\nX   X XXTX\nX XXX X  X\nX    e   X\nXXXXXXXXXX\n", "Health: 10 X: 5 Y: 3\nXXXXXXXXXX\nX  m  tTTX\nXXXXX XXXX\nXX T H   X\nXX XX XX X\nX   X Xo X\nX   X X  X\nX  bX XT X\nXX XX XXTX\nX P X X  X\nXX XX XTXX\nX  TX X TX\nX M X X TX\nX   X X  X\nXX XX XTXX\nX R X X  X\nX   X XXTX\nX XXX X  X\nX    e   X\nXXXXXXXXXX\n", "Health: 10 X: 4 Y: 3\nXXXXXXXXXX\nX   m tTTX\nXXXXX XXXX\nXX TH    X\nXX XX XX X\nX   X X  X\nX   X Xo X\nX  bX XT X\nXX XX XXTX\nX P X X  X\nXX XX XTXX\nX  TX X TX\nX M X X TX\nX   X X  X\nXX XX XTXX\nX R X X  X\nX   X XXTX\nX XXX X  X\nX    e   X\nXXXXXXXXXX\n", "Health: 10 X: 3 Y: 3\nXXXXXXXXXX\nX    mtTTX\nXXXXX XXXX\nXX       X\nXX XX XX X\nX   X X  X\nX   X X  X\nX  bX X  X\nXX XX XXTX\nX P X X  X\nXX XX XTXX\nX  TX X TX\nX M X X TX\nX   X X  X\nXX XX XTXX\nX R X X  X\nX   X XXTX\nX XXX X  X\nX    e   X\nXXXXXXXXXX\n", "Health: 10 X: 2 Y: 3\nXXXXXXXXXX\nX     tTTX\nXXXXXmXXXX\nXXH      X\nXX XX XX X\nX   X X  X\nX  bX X  X\nX   X X  X\nXX XX XXTX\nX P X X  X\nXX XX XTXX\nX MTX X TX\nX   X X TX\nX   X X  X\nXXRXX XTXX\nX   X X  X\nX   X XXTX\nX XXX X  X\nX    e   X\nXXXXXXXXXX\n", "Health: 10 X: 3 Y: 3\nXXXXXXXXXX\nX     tTTX\nXXXXX XXXX\nXX   m   X\nXX XX XX X\nX   X X  X\nX  bX X  X\nX   X X  X\nXX XX XXTX\nX P X X  X\nXX XX XTXX\nX MTX X TX\nX   X X TX\nX   X X  X\nXXRXX XTXX\nX   X X  X\nX   X XXTX\nX XXX X  X\nX    e   X\nXXXXXXXXXX\n", "Health: 9 X: 4 Y: 3\nXXXXXXXXXX\nX     tTTX\nXXXXX XXXX\nXX  Hm   X\nXX XX XX X\nX   X X  X\nX  bX X  X\nX   X X  X\nXX XX XXTX\nX P X X  X\nXX XX XTXX\nX MTX X TX\nX   X X TX\nX   X X  X\nXXRXX XTXX\nX   X X  X\nX   X XXTX\nX XXX X  X\nX    e   X\nXXXXXXXXXX\n", "Health: 9 X: 5 Y: 3\nXXXXXXXXXX\nX     tTTX\nXXXXX XXXX\nXX   m   X\nXX XX XX X\nX   X X  X\nX  bX X  X\nX   X X  X\nXX XX XXTX\nX P X X  X\nXX XX XTXX\nX MTX X TX\nX   X X TX\nX   X X  X\nXXRXX XTXX\nX   X X  X\nX   X XXTX\nX XXX X  X\nX    e   X\nXXXXXXXXXX\n", "Health: 9 X: 5 Y: 2\nXXXXXXXXXX\nX     tTTX\nXXXXXHXXXX\nXX   m   X\nXX XX XX X\nX   X X  X\nX  bX X  X\nX   X X  X\nXX XX XXTX\nX P X X  X\nXX XX XTXX\nX MTX X TX\nX   X X TX\nX   X X  X\nXXRXX XTXX\nX   X X  X\nX   X XXTX\nX XXX X  X\nX    e   X\nXXXXXXXXXX\n", "Health: 9 X: 5 Y: 1\nXXXXXXXXXX\nX    HtTTX\nXXXXX XXXX\nXX   m   X\nXX XX XX X\nX   X X  X\nX  bX X  X\nX   X X  X\nXX XX XXTX\nX P X X  X\nXX XX XTXX\nX MTX X TX\nX   X X TX\nX   X X  X\nXXRXX XTXX\nX   X X  X\nX   X XXTX\nX XXX X  X\nX    e   X\nXXXXXXXXXX\n", "Health: 8 X: 6 Y: 1\nXXXXXXXXXX\nX     tTTX\nXXXXX XXXX\nXX   m   X\nXX XX XX X\nX   X X  X\nX  bX X  X\nX   X X  X\nXX XX XXTX\nX P X X  X\nXX XX XTXX\nX MTX X TX\nX   X X TX\nX   X X  X\nXXRXX XTXX\nX   X X  X\nX   X XXTX\nX XXX X  X\nX    e   X\nXXXXXXXXXX\n", "Health: 8 X: 7 Y: 1\nXXXXXXXXXX\nX     t TX\nXXXXX XXXX\nXX   m   X\nXX XX XX X\nX   X X  X\nX  bX X  X\nX   X X  X\nXX XX XXTX\nX P X X  X\nXX XX XTXX\nX MTX X TX\nX   X X TX\nX   X X  X\nXXRXX XTXX\nX   X X  X\nX   X XXTX\nX XXX X  X\nX    e   X\nXXXXXXXXXX\n", "Health: 8 X: 8 Y: 1\nXXXXXXXXXX\nX     t  X\nXXXXXmXXXX\nXX       X\nXX XX XX X\nX   X X  X\nX  bX X  X\nX   X X  X\nXX XX XXTX\nX P X X  X\nXX XX XTXX\nX MTX X TX\nX   X X TX\nX   X X  X\nXXRXX XTXX\nX   X X  X\nX   X XXTX\nX XXX X  X\nX    e   X\nXXXXXXXXXX\n", "Health: 8 X: 7 Y: 1\nXXXXXXXXXX\nX    mt  X\nXXXXX XXXX\nXX       X\nXX XX XX X\nX   X X  X\nX  bX X  X\nX   X X  X\nXX XX XXTX\nX P X X  X\nXX XX XTXX\nX MTX X TX\nX   X X TX\nX   X X  X\nXXRXX XTXX\nX   X X  X\nX   X XXTX\nX XXX X  X\nX    e   X\nXXXXXXXXXX\n", "Health: 6 X: 6 Y: 1\nXXXXXXXXXX\nX    mt  X\nXXXXX XXXX\nXX       X\nXX XX XX X\nX   X X  X\nX  bX X  X\nX   X X  X\nXX XX XXTX\nX P X X  X\nXX XX XTXX\nX MTX X TX\nX   X X TX\nX   X X  X\nXXRXX XTXX\nX   X X  X\nX   X XXTX\nX XXX X  X\nX    e   X\nXXXXXXXXXX\n", "Health: 6 X: 5 Y: 1\nXXXXXXXXXX\nX    mt  X\nXXXXX XXXX\nXX       X\nXX XX XX X\nX   X X  X\nX  bX X  X\nX   X X  X\nXX XX XXTX\nX P X X  X\nXX XX XTXX\nX MTX X TX\nX   X X TX\nX   X X  X\nXXRXX XTXX\nX   X X  X\nX   X XXTX\nX XXX X  X\nX    e   X\nXXXXXXXXXX\n", "Health: 6 X: 4 Y: 1\nXXXXXXXXXX\nX   Hmt  X\nXXXXX XXXX\nXX       X\nXX XX XX X\nX   X X  X\nX  bX X  X\nX   X X  X\nXX XX XXTX\nX P X X  X\nXX XX XTXX\nX MTX X TX\nX   X X TX\nX   X X  X\nXXRXX XTXX\nX   X X  X\nX   X XXTX\nX XXX X  X\nX    e   X\nXXXXXXXXXX\n", "Health: 6 X: 5 Y: 1\nXXXXXXXXXX\nX    mt  X\nXXXXX XXXX\nXX       X\nXX XX XX X\nX   X X  X\nX  bX X  X\nX   X X  X\nXX XX XXTX\nX P X X  X\nXX XX XTXX\nX MTX X TX\nX   X X TX\nX   X X  X\nXXRXX XTXX\nX   X X  X\nX   X XXTX\nX XXX X  X\nX    e   X\nXXXXXXXXXX\n", "Health: 6 X: 5 Y: 2\nXXXXXXXXXX\nX    mt  X\nXXXXXHXXXX\nXX       X\nXX XX XX X\nX   X X  X\nX  bX X  X\nX   X X  X\nXX XX XXTX\nX P X X  X\nXX XX XTXX\nX MTX X TX\nX   X X TX\nX   X X  X\nXXRXX XTXX\nX   X X  X\nX   X XXTX\nX XXX X  X\nX    e   X\nXXXXXXXXXX\n", "Health: 6 X: 5 Y: 3\nXXXXXXXXXX\nX    mt  X\nXXXXX XXXX\nXX   H   X\nXX XX XX X\nX   X X  X\nX  bX X  X\nX   X X  X\nXX XX XXTX\nX P X X  X\nXX XX XTXX\nX MTX X TX\nX   X X TX\nX   X X  X\nXXRXX XTXX\nX   X X  X\nX   X XXTX\nX XXX X  X\nX    e   X\nXXXXXXXXXX\n", "Health: 6 X: 5 Y: 4\nXXXXXXXXXX\nX     t  X\nXXXXXmXXXX\nXX       X\nXX XXHXX X\nX   X X  X\nX  bX X  X\nX   X X  X\nXX XX XXTX\nX P X X  X\nXX XX XTXX\nX MTX X TX\nX   X X TX\nX   X X  X\nXXRXX XTXX\nX   X X  X\nX   X XXTX\nX XXX X  X\nX    e   X\nXXXXXXXXXX\n", "Health: 6 X: 5 Y: 5\nXXXXXXXXXX\nX     t  X\nXXXXX XXXX\nXX   m   X\nXX XX XX X\nX   XHX  X\nX  bX X  X\nX   X X  X\nXX XX XXTX\nX P X X  X\nXX XX XTXX\nX MTX X TX\nX   X X TX\nX   X X  X\nXXRXX XTXX\nX   X X  X\nX   X XXTX\nX XXX X  X\nX    e   X\nXXXXXXXXXX\n", "Health: 6 X: 5 Y: 6\nXXXXXXXXXX\nX     t  X\nXXXXX XXXX\nXX       X\nXX XXmXX X\nX   X X  X\nX  bXHX  X\nX   X X  X\nXX XX XXTX\nX P X X  X\nXX XX XTXX\nX MTX X TX\nX   X X TX\nX   X X  X\nXXRXX XTXX\nX   X X  X\nX   X XXTX\nX XXX X  X\nX    e   X\nXXXXXXXXXX\n", "Health: 5 X: 5 Y: 5\nXXXXXXXXXX\nX     t  X\nXXXXX XXXX\nXX       X\nXX XXmXX X\nX   XHX  X\nX  bX X  X\nX   X X  X\nXX XX XXTX\nX P X X  X\nXX XX XTXX\nX MTX X TX\nX   X X TX\nX   X X  X\nXXRXX XTXX\nX   X X  X\nX   X XXTX\nX XXX X  X\nX    e   X\nXXXXXXXXXX\n", "Health: 5 X: 5 Y: 4\nXXXXXXXXXX\nX     t  X\nXXXXX XXXX\nXX       X\nXX XXmXX X\nX   X X  X\nX  bX X  X\nX   X X  X\nXX XX XXTX\nX P X X  X\nXX XX XTXX\nX MTX X TX\nX   X X TX\nX   X X  X\nXXRXX XTXX\nX   X X  X\nX   X XXTX\nX XXX X  X\nX    e   X\nXXXXXXXXXX\n", "Health: 5 X: 5 Y: 3\nXXXXXXXXXX\nX     t  X\nXXXXX XXXX\nXX   H   X\nXX XXmXX X\nX   X X  X\nX  bX X  X\nX   X X  X\nXX XX XXTX\nX P X X  X\nXX XX XTXX\nX MTX X TX\nX   X X TX\nX   X X  X\nXXRXX XTXX\nX   X X  X\nX   X XXTX\nX XXX X  X\nX    e   X\nXXXXXXXXXX\n", "Health: 5 X: 6 Y: 3\nXXXXXXXXXX\nX     t  X\nXXXXX XXXX\nXX       X\nXX XXmXX X\nX   X X  X\nX  bX X  X\nX   X X  X\nXX XX XXTX\nX P X X  X\nXX XX XTXX\nX MTX X TX\nX   X X TX\nX   X X  X\nXXRXX XTXX\nX   X X  X\nX   X XXTX\nX XXX X  X\nX    e   X\nXXXXXXXXXX\n", "Health: 5 X: 7 Y: 3\nXXXXXXXXXX\nX     t  X\nXXXXX XXXX\nXX     H X\nXX XXmXX X\nX   X X  X\nX  bX X  X\nX   X X  X\nXX XX XXTX\nX P X X  X\nXX XX XTXX\nX MTX X TX\nX   X X TX\nX   X X  X\nXXRXX XTXX\nX   X X  X\nX   X XXTX\nX XXX X  X\nX    e   X\nXXXXXXXXXX\n", "Health: 5 X: 8 Y: 3\nXXXXXXXXXX\nX     t  X\nXXXXX XXXX\nXX      HX\nXX XXmXX X\nX   X X  X\nX  bX Xo X\nX   X X  X\nXX XX XXTX\nX P X X  X\nXX XX XTXX\nX MTX X TX\nX   X X TX\nX   X X  X\nXXRXX XTXX\nX   X X  X\nX   X XXTX\nX XXX X  X\nX    e   X\nXXXXXXXXXX\n", "Health: 5 X: 8 Y: 4\nXXXXXXXXXX\nX     t  X\nXXXXX XXXX\nXX   m   X\nXX XX XXHX\nX   X Xo X\nX  bX X  X\nX   X X  X\nXX XX XXTX\nX P X X  X\nXX XX XTXX\nX MTX X TX\nX   X X TX\nX   X X  X\nXXRXX XTXX\nX   X X  X\nX   X XXTX\nX XXX X  X\nX    e   X\nXXXXXXXXXX\n", "Health: 3 X: 8 Y: 5\nXXXXXXXXXX\nX     t  X\nXXXXX XXXX\nXX       X\nXX XX XX X\nX   X XoHX\nX  bX X  X\nX   X X  X\nXX XX XXTX\nX P X X  X\nXX XX XTXX\nX MTX X TX\nX   X X TX\nX   X X  X\nXXRXX XTXX\nX   X X  X\nX   X XXTX\nX XXX X  X\nX    e   X\nXXXXXXXXXX\n", "Health: 3 X: 8 Y: 5\nXXXXXXXXXX\nX     t  X\nXXXXX XXXX\nXX     m X\nXX XX XX X\nX   X X\u221eHX\nX  bX X  X\nX   X X  X\nXX XX XXTX\nX P X X  X\nXX XX XTXX\nX MTX X TX\nX   X X TX\nX   X X  X\nXXRXX XTXX\nX   X X  X\nX   X XXTX\nX XXX X  X\nX    e   X\nXXXXXXXXXX\n", "Health: 3 X: 7 Y: 5\nXXXXXXXXXX\nX     t  X\nXXXXX XXXX\nXX      mX\nXX XX XX X\nX   X X\u221e X\nX  bX X  X\nX   X X  X\nXX XX XXTX\nX P X X  X\nXX XX XTXX\nX MTX X TX\nX   X X TX\nX   X X  X\nXXRXX XTXX\nX   X X  X\nX   X XXTX\nX XXX X  X\nX    e   X\nXXXXXXXXXX\n", "Health: 3 X: 7 Y: 6\nXXXXXXXXXX\nX     t  X\nXXXXX XXXX\nXX       X\nXX XX XXmX\nX   X X\u221e X\nX  bX XH X\nX   X X  X\nXX XX XXTX\nX P X X  X\nXX XX XTXX\nX MTX X TX\nX   X X TX\nX   X X  X\nXXRXX XTXX\nX   X X  X\nX   X XXTX\nX XXX X  X\nX    e   X\nXXXXXXXXXX\n", "Health: 3 X: 7 Y: 7\nXXXXXXXXXX\nX     t  X\nXXXXX XXXX\nXX       X\nXX XX XX X\nX   X X\u221emX\nX  bX X  X\nX   X X  X\nXX XX XXTX\nX P X X  X\nXX XX XTXX\nX MTX X TX\nX   X X TX\nX   X X  X\nXXRXX XTXX\nX   X X  X\nX   X XXTX\nX XXX X  X\nX    e   X\nXXXXXXXXXX\n", "Health: 3 X: 8 Y: 7\nXXXXXXXXXX\nX     t  X\nXXXXX XXXX\nXX       X\nXX XX XX X\nX   X X\u221e X\nX  bX X mX\nX   X X HX\nXX XX XXTX\nX P X X  X\nXX XX XTXX\nX MTX X TX\nX   X X TX\nX   X X  X\nXXRXX XTXX\nX   X X  X\nX   X XXTX\nX XXX X  X\nX    e   X\nXXXXXXXXXX\n", "Health: 3 X: 8 Y: 8\nXXXXXXXXXX\nX     t  X\nXXXXX XXXX\nXX       X\nXX XX XX X\nX   X X\u221e X\nX  bX X  X\nX   X X mX\nXX XX XX X\nX P X X  X\nXX XX XTXX\nX MTX X TX\nX   X X TX\nX   X X  X\nXXRXX XTXX\nX   X X  X\nX   X XXTX\nX XXX X  X\nX    e   X\nXXXXXXXXXX\n", "Health: 3 X: 8 Y: 9\nXXXXXXXXXX\nX     t  X\nXXXXX XXXX\nXX       X\nXX XX XX X\nX   X X\u221e X\nX  bX X  X\nX   X X  X\nXX XX XX X\nX P X X HX\nXX XX XTXX\nX MTX X TX\nX   X X TX\nX   X X  X\nXXRXX XTXX\nX   X X  X\nX   X XXTX\nX XXX X  X\nX    e   X\nXXXXXXXXXX\n", "Health: 3 X: 7 Y: 9\nXXXXXXXXXX\nX     t  X\nXXXXX XXXX\nXX       X\nXX XX XX X\nX   X X\u221e X\nX  bX X  X\nX   X X  X\nXX XX XX X\nX P X XHmX\nXX XX XTXX\nX MTX X TX\nX   X X TX\nX   X X  X\nXXRXX XTXX\nX   X X  X\nX   X XXTX\nX XXX X  X\nX    e   X\nXXXXXXXXXX\n", "Health: 3 X: 7 Y: 10\nXXXXXXXXXX\nX     t  X\nXXXXX XXXX\nXX       X\nXX XX XX X\nX   X X\u221e X\nX  bX X  X\nX   X X  X\nXX XX XX X\nX P X Xm X\nXX XX X XX\nX MTX X TX\nX   X X TX\nX   X X  X\nXXRXX XTXX\nX   X X  X\nX   X XXTX\nX XXX X  X\nX    e   X\nXXXXXXXXXX\n", "Health: 3 X: 7 Y: 11\nXXXXXXXXXX\nX     t  X\nXXXXX XXXX\nXX       X\nXX XX XX X\nX   X X\u221e X\nX  bX X  X\nX   X X  X\nXX XX XX X\nX P X X  X\nXX XX X XX\nX MTX XHTX\nX   X X TX\nX   X X  X\nXXRXX XTXX\nX   X X  X\nX   X XXTX\nX XXX X  X\nX    e   X\nXXXXXXXXXX\n", "Health: 3 X: 7 Y: 12\nXXXXXXXXXX\nX     t  X\nXXXXX XXXX\nXX       X\nXX XX XX X\nX   X X\u221e X\nX  bX X  X\nX   X X  X\nXX XX XX X\nX P X X  X\nXX XX X XX\nX MTX XmTX\nX   X XHTX\nX   X X  X\nXXRXX XTXX\nX   X X  X\nX   X XXTX\nX XXX X  X\nX    e   X\nXXXXXXXXXX\n", "Health: 3 X: 8 Y: 12\nXXXXXXXXXX\nX     t  X\nXXXXX XXXX\nXX       X\nXX XX XX X\nX   X X\u221e X\nX  bX X  X\nX   X X  X\nXX XX XX X\nX P X X  X\nXX XX X XX\nX MTX X TX\nX   X X  X\nX   X X  X\nXXRXX XTXX\nX   X X  X\nX   X XXTX\nX XXX X  X\nX    e   X\nXXXXXXXXXX\n", "Health: 3 X: 8 Y: 13\nXXXXXXXXXX\nX     t  X\nXXXXX XXXX\nXX       X\nXX XX XX X\nX   X X\u221e X\nX  bX X  X\nX   X X  X\nXX XX XX X\nX P X X  X\nXX XX X XX\nX MTX X TX\nX   X X  X\nX   X X HX\nXXRXX XTXX\nX   X X  X\nX   X XXTX\nX XXX X  X\nX    e   X\nXXXXXXXXXX\n", "Health: 3 X: 7 Y: 13\nXXXXXXXXXX\nX     t  X\nXXXXX XXXX\nXX       X\nXX XX XX X\nX   X X\u221e X\nX  bX X  X\nX   X X  X\nXX XX XX X\nX P X X  X\nXX XX X XX\nX MTX X TX\nX   X Xm X\nX   X XH X\nXXRXX XTXX\nX   X X  X\nX   X XXTX\nX XXX X  X\nX    e   X\nXXXXXXXXXX\n", "Health: 3 X: 7 Y: 14\nXXXXXXXXXX\nX     t  X\nXXXXX XXXX\nXX       X\nXX XX XX X\nX   X X\u221e X\nX  bX X  X\nX   X X  X\nXX XX XX X\nX P X X  X\nXX XX X XX\nX MTX X TX\nX   X X  X\nX   X Xm X\nXXRXX X XX\nX   X X  X\nX   X XXTX\nX XXX X  X\nX    e   X\nXXXXXXXXXX\n", "Health: 3 X: 7 Y: 15\nXXXXXXXXXX\nX     t  X\nXXXXX XXXX\nXX       X\nXX XX XX X\nX   X X\u221e X\nX  bX X  X\nX   X X  X\nXX XX XX X\nX P X X  X\nXX XX X XX\nX MTX X TX\nX   X X  X\nX   X X  X\nXXRXX X XX\nX   X XH X\nX   X XXTX\nX XXX X  X\nX    e   X\nXXXXXXXXXX\n", "Health: 3 X: 8 Y: 15\nXXXXXXXXXX\nX     t  X\nXXXXX XXXX\nXX       X\nXX XX XX X\nX   X X\u221e X\nX  bX X  X\nX   X X  X\nXX XX XX X\nX P X X  X\nXX XX X XX\nX MTX X TX\nX   X X  X\nX   X X  X\nXXRXX X XX\nX   X XmHX\nX   X XXTX\nX XXX X  X\nX    e   X\nXXXXXXXXXX\n", "Health: 3 X: 8 Y: 16\nXXXXXXXXXX\nX     t  X\nXXXXX XXXX\nXX       X\nXX XX XX X\nX   X X\u221e X\nX  bX X  X\nX   X X  X\nXX XX XX X\nX P X X  X\nXX XX X XX\nX MTX X TX\nX   X X  X\nX   X X  X\nXXRXX X XX\nX   X X mX\nX   X XX X\nX XXX X  X\nX    e   X\nXXXXXXXXXX\n", "Health: 3 X: 8 Y: 17\nXXXXXXXXXX\nX     t  X\nXXXXX XXXX\nXX       X\nXX XX XX X\nX   X X\u221e X\nX  bX X  X\nX   X X  X\nXX XX XX X\nX P X X  X\nXX XX X XX\nX MTX X TX\nX   X X  X\nX   X X  X\nXXRXX X XX\nX   X X  X\nX   X XX X\nX XXX X HX\nX    e   X\nXXXXXXXXXX\n", "Health: 3 X: 8 Y: 18\nXXXXXXXXXX\nX     t  X\nXXXXX XXXX\nXX       X\nXX XX XX X\nX   X X\u221e X\nX  bX X  X\nX   X X  X\nXX XX XX X\nX P X X  X\nXX XX X XX\nX MTX X TX\nX   X X  X\nX   X X  X\nXXRXX X XX\nX   X X  X\nX   X XX X\nX XXX X mX\nX    e  HX\nXXXXXXXXXX\n", "Health: 3 X: 7 Y: 18\nXXXXXXXXXX\nX     t  X\nXXXXX XXXX\nXX       X\nXX XX XX X\nX   X X\u221e X\nX  bX X  X\nX   X X  X\nXX XX XX X\nX P X X  X\nXX XX X XX\nX MTX X TX\nX   X X  X\nX   X X  X\nXXRXX X XX\nX   X X  X\nX   X XX X\nX XXX Xm X\nX    e H X\nXXXXXXXXXX\n", "Health: 3 X: 6 Y: 18\nXXXXXXXXXX\nX     t  X\nXXXXX XXXX\nXX       X\nXX XX XX X\nX   X X\u221e X\nX  bX X  X\nX   X X  X\nXX XX XX X\nX P X X  X\nXX XX X XX\nX MTX X TX\nX   X X  X\nX   X X  X\nXXRXX X XX\nX   X X  X\nX   X XX X\nX XXX X  X\nX    eHm X\nXXXXXXXXXX\n", "Health: 3 X: 5 Y: 18\nXXXXXXXXXX\nX     t  X\nXXXXX XXXX\nXX       X\nXX XX XX X\nX   X X\u221e X\nX  bX X  X\nX   X X  X\nXX XX XX X\nX P X X  X\nXX XX X XX\nX MTX X TX\nX   X X  X\nX   X X  X\nXXRXX X XX\nX   X X  X\nX   X XX X\nX XXX X  X\nX    em  X\nXXXXXXXXXX\n"], "map_number": 100}, {"mechanics": [{"timestep": 2, "mechanic": "BlobPotion"}, {"timestep": 2, "mechanic": "BlobPotion"}, {"timestep": 4, "mechanic": "BlobPotion"}, {"timestep": 8, "mechanic": "CollectTreasure"}, {"timestep": 10, "mechanic": "CollectTreasure"}, {"timestep": 11, "mechanic": "JavelinThrow"}, {"timestep": 11, "mechanic": "BlobHit"}, {"timestep": 17, "mechanic": "CollectTreasure"}, {"timestep": 19, "mechanic": "CollectTreasure"}, {"timestep": 33, "mechanic": "BlobHit"}, {"timestep": 37, "mechanic": "CollectTreasure"}, {"timestep": 40, "mechanic": "GoblinMeleeHit"}, {"timestep": 40, "mechanic": "CollectPotion"}, {"timestep": 51, "mechanic": "CollectTreasure"}, {"timestep": 52, "mechanic": "MinitaurHit"}, {"timestep": 53, "mechanic": "MinitaurHit"}, {"timestep": 57, "mechanic": "ReachStairs"}], "frequencies": {"BlobPotion": 3, "CollectTreasure": 6, "JavelinThrow": 1, "BlobHit": 2, "GoblinMeleeHit": 1, "CollectPotion": 1, "MinitaurHit": 2, "ReachStairs": 1}, "levelReport": {"utilityGained": 0.0, "exitUtility": 1.0, "runnerUtility": 0.42000000000000004, "loitererUtility": 58.0, "completionistUtility": 0.825, "monsterKillerUtility": 1.0, "treasureCollectorUtility": 1.0, "turnsTaken": 58, "health": 7, "healthLost": 5, "alive": true, "javelinsThrown": 1, "monsterKills": 5, "minitaurKnockouts": 2, "treasuresCollected": 6, "potionsTaken": 1, "totalMonsters": 6, "totalTreasures": 6, "totalPotions": 4, "timeTaken": 0.0}, "positions": [{"X": 4, "Y": 11}, {"X": 3, "Y": 11}, {"X": 3, "Y": 12}, {"X": 3, "Y": 13}, {"X": 3, "Y": 14}, {"X": 3, "Y": 15}, {"X": 3, "Y": 16}, {"X": 3, "Y": 17}, {"X": 3, "Y": 18}, {"X": 2, "Y": 18}, {"X": 1, "Y": 18}, {"X": 1, "Y": 18}, {"X": 2, "Y": 18}, {"X": 3, "Y": 18}, {"X": 3, "Y": 17}, {"X": 4, "Y": 17}, {"X": 5, "Y": 17}, {"X": 5, "Y": 18}, {"X": 6, "Y": 18}, {"X": 7, "Y": 18}, {"X": 7, "Y": 17}, {"X": 8, "Y": 17}, {"X": 8, "Y": 16}, {"X": 8, "Y": 15}, {"X": 8, "Y": 14}, {"X": 8, "Y": 13}, {"X": 7, "Y": 13}, {"X": 6, "Y": 13}, {"X": 5, "Y": 13}, {"X": 4, "Y": 13}, {"X": 3, "Y": 13}, {"X": 2, "Y": 13}, {"X": 2, "Y": 12}, {"X": 2, "Y": 11}, {"X": 1, "Y": 11}, {"X": 1, "Y": 10}, {"X": 1, "Y": 9}, {"X": 1, "Y": 8}, {"X": 1, "Y": 7}, {"X": 1, "Y": 6}, {"X": 2, "Y": 6}, {"X": 2, "Y": 5}, {"X": 2, "Y": 4}, {"X": 2, "Y": 3}, {"X": 2, "Y": 2}, {"X": 3, "Y": 2}, {"X": 4, "Y": 2}, {"X": 5, "Y": 2}, {"X": 6, "Y": 2}, {"X": 7, "Y": 2}, {"X": 8, "Y": 2}, {"X": 8, "Y": 1}, {"X": 8, "Y": 2}, {"X": 7, "Y": 2}, {"X": 6, "Y": 2}, {"X": 5, "Y": 2}, {"X": 4, "Y": 2}, {"X": 4, "Y": 1}], "levelStates": ["Health: 10 X: 4 Y: 11\nXXXXXXXXXX\nX X e X TX\nXM       X\nX   X   XX\nX   T    X\nXX  XX   X\nX P     bX\nX X X  X X\nXT       X\nX     o  X\nX  X   XPX\nX   H    X\nXX      XX\nX        X\nXb      bX\nX X T  X X\nXP   m  PX\nX        X\nXT TXT TXX\nXXXXXXXXXX\n", "Health: 10 X: 3 Y: 11\nXXXXXXXXXX\nX X e X TX\nXM       X\nX   X   XX\nX   T    X\nXX  XX   X\nX P      X\nX X X  XbX\nXT       X\nX    o   X\nX  X   XPX\nX  H     X\nXX      XX\nX        X\nX        X\nXbX Tm XbX\nXP      PX\nX        X\nXT TXT TXX\nXXXXXXXXXX\n", "Health: 10 X: 3 Y: 12\nXXXXXXXXXX\nX X e X TX\nXM       X\nX   X   XX\nX   T    X\nXX  XX   X\nX P      X\nX X X  X X\nXT      bX\nX        X\nX  X o XPX\nX        X\nXX H    XX\nX        X\nX    m   X\nX X T  X X\nX        X\nX        X\nXT TXT TXX\nXXXXXXXXXX\n", "Health: 10 X: 3 Y: 13\nXXXXXXXXXX\nX X e X TX\nXM       X\nX   X   XX\nX   T    X\nXX  XX   X\nX P      X\nX X X  X X\nXT       X\nX       bX\nX  Xo  XPX\nX        X\nXX      XX\nX  H m   X\nX        X\nX X T  X X\nX        X\nX        X\nXT TXT TXX\nXXXXXXXXXX\n", "Health: 10 X: 3 Y: 14\nXXXXXXXXXX\nX X e X TX\nXM       X\nX   X   XX\nX   T    X\nXX  XX   X\nX P      X\nX X X  X X\nXT       X\nX        X\nX  X   X X\nX   o    X\nXX      XX\nX   m    X\nX  H     X\nX X T  X X\nX        X\nX        X\nXT TXT TXX\nXXXXXXXXXX\n", "Health: 10 X: 3 Y: 15\nXXXXXXXXXX\nX X e X TX\nXM       X\nX   X   XX\nX   T    X\nXX  XX   X\nX P      X\nX X X  X X\nXT       X\nX        X\nX  X   X X\nX  o    bX\nXX      XX\nX  m     X\nX        X\nX XHT  X X\nX      b X\nX        X\nXT TXT TXX\nXXXXXXXXXX\n", "Health: 10 X: 3 Y: 16\nXXXXXXXXXX\nX X e X TX\nXM       X\nX   X   XX\nX   T    X\nXX  XX   X\nX P      X\nX X X  X X\nXT       X\nX        X\nX  X   X X\nX       bX\nXX o    XX\nX        X\nX  m     X\nX X T  X X\nX bH  b  X\nX        X\nXT TXT TXX\nXXXXXXXXXX\n", "Health: 10 X: 3 Y: 17\nXXXXXXXXXX\nX X e X TX\nXM       X\nX   X   XX\nX   T    X\nXX  XX   X\nX P      X\nX X X  X X\nXT       X\nX        X\nX  X   X X\nX       bX\nXX      XX\nX  o     X\nX        X\nX XmT  X X\nX  b b   X\nX  H     X\nXT TXT TXX\nXXXXXXXXXX\n", "Health: 10 X: 3 Y: 18\nXXXXXXXXXX\nX X e X TX\nXM       X\nX   X   XX\nX   T    X\nXX  XX   X\nX P      X\nX X X  X X\nXT       X\nX        X\nX  X   X X\nX       bX\nXX      XX\nX        X\nX  o     X\nX X T  X X\nX  m b   X\nX  b     X\nXT  XT TXX\nXXXXXXXXXX\n", "Health: 10 X: 2 Y: 18\nXXXXXXXXXX\nX X e X TX\nXM       X\nX   X   XX\nX   T    X\nXX  XX   X\nX P      X\nX X X  X X\nXT       X\nX        X\nX  X   X X\nX       bX\nXX      XX\nX        X\nX        X\nX XoT  X X\nX m b    X\nX b      X\nXTH XT TXX\nXXXXXXXXXX\n", "Health: 10 X: 1 Y: 18\nXXXXXXXXXX\nX X e X TX\nXM       X\nX   X   XX\nX   T    X\nXX  XX   X\nX P      X\nX X X  X X\nXT       X\nX        X\nX  X   X X\nX       bX\nXX      XX\nX        X\nX        X\nX X T  X X\nXm \u221e     X\nXb       X\nX   XT TXX\nXXXXXXXXXX\n", "Health: 8 X: 1 Y: 18\nXXXXXXXXXX\nX X e X TX\nXM       X\nX   X   XX\nX   T    X\nXX  XX   X\nX P      X\nX X X  X X\nXT       X\nX        X\nX  X   X X\nX       bX\nXX      XX\nX        X\nX        X\nX X T  X X\nX  \u221e     X\nXm       X\nX   XT TXX\nXXXXXXXXXX\n", "Health: 8 X: 2 Y: 18\nXXXXXXXXXX\nX X e X TX\nXM       X\nX   X   XX\nX   T    X\nXX  XX   X\nX P      X\nX X X  X X\nXT       X\nX        X\nX  X   X X\nX       bX\nXX      XX\nX        X\nX        X\nX X T  X X\nX  \u221e     X\nXm       X\nX H XT TXX\nXXXXXXXXXX\n", "Health: 8 X: 3 Y: 18\nXXXXXXXXXX\nX X e X TX\nXM       X\nX   X   XX\nX   T    X\nXX  XX   X\nX P      X\nX X X  X X\nXT       X\nX        X\nX  X   X X\nX       bX\nXX      XX\nX        X\nX        X\nX X T  X X\nX  \u221e     X\nXm       X\nX   XT TXX\nXXXXXXXXXX\n", "Health: 8 X: 3 Y: 17\nXXXXXXXXXX\nX X e X TX\nXM       X\nX   X   XX\nX   T    X\nXX  XX   X\nX P      X\nX X X  X X\nXT       X\nX        X\nX  X   X X\nX       bX\nXX      XX\nX        X\nX        X\nX X T  X X\nX  \u221e     X\nXm H     X\nX   XT TXX\nXXXXXXXXXX\n", "Health: 8 X: 4 Y: 17\nXXXXXXXXXX\nX X e X TX\nXM       X\nX   X   XX\nX   T    X\nXX  XX   X\nX P      X\nX X X  X X\nXT       X\nX        X\nX  X   X X\nX       bX\nXX      XX\nX        X\nX        X\nX X T  X X\nX  \u221e     X\nXm  H    X\nX   XT TXX\nXXXXXXXXXX\n", "Health: 8 X: 5 Y: 17\nXXXXXXXXXX\nX X e X TX\nXM       X\nX   X   XX\nX   T    X\nXX  XX   X\nX P      X\nX X X  X X\nXT       X\nX        X\nX  X   X X\nX       bX\nXX      XX\nX        X\nX        X\nX X T  X X\nX  \u221e     X\nXm   H   X\nX   XT TXX\nXXXXXXXXXX\n", "Health: 8 X: 5 Y: 18\nXXXXXXXXXX\nX X e X TX\nXM       X\nX   X   XX\nX   T    X\nXX  XX   X\nX P      X\nX X X  X X\nXT       X\nX        X\nX  X   X X\nX       bX\nXX      XX\nX        X\nX        X\nX X T  X X\nX  \u221e     X\nX\u221em      X\nX   X  TXX\nXXXXXXXXXX\n", "Health: 8 X: 6 Y: 18\nXXXXXXXXXX\nX X e X TX\nXM       X\nX   X   XX\nX   T    X\nXX  XX   X\nX P      X\nX X X  X X\nXT       X\nX        X\nX  X   X X\nX       bX\nXX      XX\nX        X\nX        X\nX X T  X X\nX  \u221e     X\nX\u221e m     X\nX   X HTXX\nXXXXXXXXXX\n", "Health: 8 X: 7 Y: 18\nXXXXXXXXXX\nX X e X TX\nX M      X\nX   X   XX\nX   T    X\nXX  XX   X\nX P      X\nX X X  X X\nXT       X\nX        X\nX  X   X X\nX       bX\nXX      XX\nX        X\nX        X\nX X T  X X\nX  \u221e     X\nX\u221e  m    X\nX   X   XX\nXXXXXXXXXX\n", "Health: 8 X: 7 Y: 17\nXXXXXXXXXX\nX X e X TX\nX M      X\nX   X   XX\nX   T    X\nXX  XX   X\nX P      X\nX X X  X X\nXT       X\nX        X\nX  X   X X\nX       bX\nXX      XX\nX        X\nX        X\nX X T  X X\nX  \u221e     X\nX\u221e   m H X\nX   X   XX\nXXXXXXXXXX\n", "Health: 8 X: 8 Y: 17\nXXXXXXXXXX\nX X e X TX\nX M      X\nX   X   XX\nX   T    X\nXX  XX   X\nX P      X\nX X X  X X\nXT       X\nX        X\nX  X   X X\nX       bX\nXX      XX\nX        X\nX        X\nX X T  X X\nX  \u221e     X\nX\u221e    m HX\nX   X   XX\nXXXXXXXXXX\n", "Health: 8 X: 8 Y: 16\nXXXXXXXXXX\nX X e X TX\nX M      X\nX   X   XX\nX   T    X\nXX  XX   X\nX P      X\nX X X  X X\nXT       X\nX        X\nX  X   X X\nX       bX\nXX      XX\nX        X\nX        X\nX X T  X X\nX  \u221e  m  X\nX\u221e       X\nX   X   XX\nXXXXXXXXXX\n", "Health: 8 X: 8 Y: 15\nXXXXXXXXXX\nX X e X TX\nX M      X\nX   X   XX\nX   T    X\nXX  XX   X\nX P      X\nX X X  X X\nXT       X\nX        X\nX  X   X X\nX       bX\nXX      XX\nX        X\nX        X\nX X T  XHX\nX  \u221e   m X\nX\u221e       X\nX   X   XX\nXXXXXXXXXX\n", "Health: 8 X: 8 Y: 14\nXXXXXXXXXX\nX X e X TX\nX M      X\nX   X   XX\nX   T    X\nXX  XX   X\nX P      X\nX X X  X X\nXT       X\nX        X\nX  X   X X\nX       bX\nXX      XX\nX        X\nX       HX\nX X T  X X\nX  \u221e    mX\nX\u221e       X\nX   X   XX\nXXXXXXXXXX\n", "Health: 8 X: 8 Y: 13\nXXXXXXXXXX\nX X e X TX\nX M      X\nX   X   XX\nX   T    X\nXX  XX   X\nX P      X\nX X X  X X\nXT       X\nX        X\nX  X   X X\nX       bX\nXX      XX\nX       HX\nX        X\nX X T  XmX\nX  \u221e     X\nX\u221e       X\nX   X   XX\nXXXXXXXXXX\n", "Health: 8 X: 7 Y: 13\nXXXXXXXXXX\nX X e X TX\nX M      X\nX   X   XX\nX   T    X\nXX  XX   X\nX P      X\nX X X  X X\nXT       X\nX        X\nX  X   X X\nX       bX\nXX      XX\nX      H X\nX       mX\nX X T  X X\nX  \u221e     X\nX\u221e       X\nX   X   XX\nXXXXXXXXXX\n", "Health: 8 X: 6 Y: 13\nXXXXXXXXXX\nX X e X TX\nX M      X\nX   X   XX\nX   T    X\nXX  XX   X\nX P      X\nX X X  X X\nXT       X\nX        X\nX  X   X X\nX       bX\nXX      XX\nX     H mX\nX        X\nX X T  X X\nX  \u221e     X\nX\u221e       X\nX   X   XX\nXXXXXXXXXX\n", "Health: 8 X: 5 Y: 13\nXXXXXXXXXX\nX X e X TX\nX  M     X\nX   X   XX\nX   T    X\nXX  XX   X\nX P      X\nX X X  X X\nXT       X\nX        X\nX  X   X X\nX      b X\nXX      XX\nX    H m X\nX        X\nX X T  X X\nX  \u221e     X\nX\u221e       X\nX   X   XX\nXXXXXXXXXX\n", "Health: 8 X: 4 Y: 13\nXXXXXXXXXX\nX X e X TX\nX        X\nX  MX   XX\nX   T    X\nXX  XX   X\nX P      X\nX X X  X X\nXT       X\nX        X\nX  X   X X\nX     b  X\nXX      XX\nX   H m  X\nX        X\nX X T  X X\nX  \u221e     X\nX\u221e       X\nX   X   XX\nXXXXXXXXXX\n", "Health: 8 X: 3 Y: 13\nXXXXXXXXXX\nX X e X TX\nX        X\nX  MX   XX\nX   T    X\nXX  XX   X\nX P      X\nX X X  X X\nXT       X\nX        X\nX  X   X X\nX    b   X\nXX      XX\nX  H m   X\nX        X\nX X T  X X\nX  \u221e     X\nX\u221e       X\nX   X   XX\nXXXXXXXXXX\n", "Health: 8 X: 2 Y: 13\nXXXXXXXXXX\nX X e X TX\nX        X\nX   X   XX\nX  MT    X\nXX  XX   X\nX P      X\nX X X  X X\nXT       X\nX        X\nX  X   X X\nX   b    X\nXX      XX\nX H m    X\nX        X\nX X T  X X\nX  \u221e     X\nX\u221e       X\nX   X   XX\nXXXXXXXXXX\n", "Health: 8 X: 2 Y: 12\nXXXXXXXXXX\nX X e X TX\nX        X\nX   X   XX\nX   T    X\nXX MXX   X\nX P      X\nX X X  X X\nXT       X\nX        X\nX  X   X X\nX  b     X\nXXH m   XX\nX        X\nX        X\nX X T  X X\nX  \u221e     X\nX\u221e       X\nX   X   XX\nXXXXXXXXXX\n", "Health: 7 X: 2 Y: 11\nXXXXXXXXXX\nX X e X TX\nX        X\nX   X   XX\nX   T    X\nXX  XX   X\nX PM     X\nX X X  X X\nXT       X\nX        X\nX  X   X X\nX H\u221em    X\nXX      XX\nX        X\nX        X\nX X T  X X\nX  \u221e     X\nX\u221e       X\nX   X   XX\nXXXXXXXXXX\n", "Health: 7 X: 1 Y: 11\nXXXXXXXXXX\nX X e X TX\nX        X\nX   X   XX\nX   T    X\nXX  XX   X\nX PM     X\nX X X  X X\nXT       X\nX        X\nX  X   X X\nXH m     X\nXX      XX\nX        X\nX        X\nX X T  X X\nX  \u221e     X\nX\u221e       X\nX   X   XX\nXXXXXXXXXX\n", "Health: 7 X: 1 Y: 10\nXXXXXXXXXX\nX X e X TX\nX        X\nX   X   XX\nX   T    X\nXX  XX   X\nX PM     X\nX X X  X X\nXT       X\nX        X\nXH X   X X\nX m\u221e     X\nXX      XX\nX        X\nX        X\nX X T  X X\nX  \u221e     X\nX\u221e       X\nX   X   XX\nXXXXXXXXXX\n", "Health: 7 X: 1 Y: 9\nXXXXXXXXXX\nX X e X TX\nX        X\nX   X   XX\nX   T    X\nXX  XX   X\nX PM     X\nX X X  X X\nXT       X\nXH       X\nX mX   X X\nX  \u221e     X\nXX      XX\nX        X\nX        X\nX X T  X X\nX  \u221e     X\nX\u221e       X\nX   X   XX\nXXXXXXXXXX\n", "Health: 7 X: 1 Y: 8\nXXXXXXXXXX\nX X e X TX\nX        X\nX   X   XX\nX   T    X\nXX  XX   X\nX PM     X\nX X X  X X\nX        X\nX m      X\nX  X   X X\nX  \u221e     X\nXX      XX\nX        X\nX        X\nX X T  X X\nX  \u221e     X\nX\u221e       X\nX   X   XX\nXXXXXXXXXX\n", "Health: 7 X: 1 Y: 7\nXXXXXXXXXX\nX X e X TX\nX        X\nX   X   XX\nX   T    X\nXX  XX   X\nX PM     X\nXHX X  X X\nX m      X\nX        X\nX  X   X X\nX  \u221e     X\nXX      XX\nX        X\nX        X\nX X T  X X\nX  \u221e     X\nX\u221e       X\nX   X   XX\nXXXXXXXXXX\n", "Health: 7 X: 1 Y: 6\nXXXXXXXXXX\nX X e X TX\nX        X\nX   X   XX\nX   T    X\nXX  XX   X\nXHP      X\nX X X  X X\nXm       X\nX        X\nX  X   X X\nX  \u221e     X\nXX      XX\nX        X\nX        X\nX X T  X X\nX  \u221e     X\nX\u221e       X\nX   X   XX\nXXXXXXXXXX\n", "Health: 8 X: 2 Y: 6\nXXXXXXXXXX\nX X e X TX\nX        X\nX   X   XX\nX   T    X\nXX  XX   X\nX        X\nXmX X  X X\nX        X\nX        X\nX  X   X X\nX  \u221e     X\nXX      XX\nX        X\nX        X\nX X T  X X\nX  \u221e     X\nX\u221e       X\nX   X   XX\nXXXXXXXXXX\n", "Health: 8 X: 2 Y: 5\nXXXXXXXXXX\nX X e X TX\nX        X\nX   X   XX\nX   T    X\nXXH XX   X\nXm       X\nX X X  X X\nX        X\nX        X\nX  X   X X\nX  \u221e     X\nXX      XX\nX        X\nX        X\nX X T  X X\nX  \u221e     X\nX\u221e       X\nX   X   XX\nXXXXXXXXXX\n", "Health: 8 X: 2 Y: 4\nXXXXXXXXXX\nX X e X TX\nX        X\nX   X   XX\nX H T    X\nXX  XX   X\nX m      X\nX X X  X X\nX        X\nX        X\nX  X   X X\nX  \u221e     X\nXX      XX\nX        X\nX        X\nX X T  X X\nX  \u221e     X\nX\u221e       X\nX   X   XX\nXXXXXXXXXX\n", "Health: 8 X: 2 Y: 3\nXXXXXXXXXX\nX X e X TX\nX        X\nX H X   XX\nX   T    X\nXXm XX   X\nX        X\nX X X  X X\nX        X\nX        X\nX  X   X X\nX  \u221e     X\nXX      XX\nX        X\nX        X\nX X T  X X\nX  \u221e     X\nX\u221e       X\nX   X   XX\nXXXXXXXXXX\n", "Health: 8 X: 2 Y: 2\nXXXXXXXXXX\nX X e X TX\nX H      X\nX   X   XX\nX m T    X\nXX  XX   X\nX        X\nX X X  X X\nX        X\nX        X\nX  X   X X\nX  \u221e     X\nXX      XX\nX        X\nX        X\nX X T  X X\nX  \u221e     X\nX\u221e       X\nX   X   XX\nXXXXXXXXXX\n", "Health: 8 X: 3 Y: 2\nXXXXXXXXXX\nX X e X TX\nX  H     X\nX m X   XX\nX   T    X\nXX  XX   X\nX        X\nX X X  X X\nX        X\nX        X\nX  X   X X\nX  \u221e     X\nXX      XX\nX        X\nX        X\nX X T  X X\nX  \u221e     X\nX\u221e       X\nX   X   XX\nXXXXXXXXXX\n", "Health: 8 X: 4 Y: 2\nXXXXXXXXXX\nX X e X TX\nX m H    X\nX   X   XX\nX   T    X\nXX  XX   X\nX        X\nX X X  X X\nX        X\nX        X\nX  X   X X\nX  \u221e     X\nXX      XX\nX        X\nX        X\nX X T  X X\nX  \u221e     X\nX\u221e       X\nX   X   XX\nXXXXXXXXXX\n", "Health: 8 X: 5 Y: 2\nXXXXXXXXXX\nX X e X TX\nX  m H   X\nX   X   XX\nX   T    X\nXX  XX   X\nX        X\nX X X  X X\nX        X\nX        X\nX  X   X X\nX  \u221e     X\nXX      XX\nX        X\nX        X\nX X T  X X\nX  \u221e     X\nX\u221e       X\nX   X   XX\nXXXXXXXXXX\n", "Health: 8 X: 6 Y: 2\nXXXXXXXXXX\nX X e X TX\nX   m H  X\nX   X   XX\nX   T    X\nXX  XX   X\nX        X\nX X X  X X\nX        X\nX        X\nX  X   X X\nX  \u221e     X\nXX      XX\nX        X\nX        X\nX X T  X X\nX  \u221e     X\nX\u221e       X\nX   X   XX\nXXXXXXXXXX\n", "Health: 8 X: 7 Y: 2\nXXXXXXXXXX\nX X e X TX\nX    m H X\nX   X   XX\nX   T    X\nXX  XX   X\nX        X\nX X X  X X\nX        X\nX        X\nX  X   X X\nX  \u221e     X\nXX      XX\nX        X\nX        X\nX X T  X X\nX  \u221e     X\nX\u221e       X\nX   X   XX\nXXXXXXXXXX\n", "Health: 8 X: 8 Y: 2\nXXXXXXXXXX\nX X e X TX\nX     m HX\nX   X   XX\nX   T    X\nXX  XX   X\nX        X\nX X X  X X\nX        X\nX        X\nX  X   X X\nX  \u221e     X\nXX      XX\nX        X\nX        X\nX X T  X X\nX  \u221e     X\nX\u221e       X\nX   X   XX\nXXXXXXXXXX\n", "Health: 8 X: 8 Y: 1\nXXXXXXXXXX\nX X e X  X\nX      m X\nX   X   XX\nX   T    X\nXX  XX   X\nX        X\nX X X  X X\nX        X\nX        X\nX  X   X X\nX  \u221e     X\nXX      XX\nX        X\nX        X\nX X T  X X\nX  \u221e     X\nX\u221e       X\nX   X   XX\nXXXXXXXXXX\n", "Health: 7 X: 8 Y: 2\nXXXXXXXXXX\nX X e X  X\nX      mHX\nX   X   XX\nX   T    X\nXX  XX   X\nX        X\nX X X  X X\nX        X\nX        X\nX  X   X X\nX  \u221e     X\nXX      XX\nX        X\nX        X\nX X T  X X\nX  \u221e     X\nX\u221e       X\nX   X   XX\nXXXXXXXXXX\n", "Health: 7 X: 7 Y: 2\nXXXXXXXXXX\nX X e X  X\nX      m X\nX   X   XX\nX   T    X\nXX  XX   X\nX        X\nX X X  X X\nX        X\nX        X\nX  X   X X\nX  \u221e     X\nXX      XX\nX        X\nX        X\nX X T  X X\nX  \u221e     X\nX\u221e       X\nX   X   XX\nXXXXXXXXXX\n", "Health: 7 X: 6 Y: 2\nXXXXXXXXXX\nX X e X  X\nX     Hm X\nX   X   XX\nX   T    X\nXX  XX   X\nX        X\nX X X  X X\nX        X\nX        X\nX  X   X X\nX  \u221e     X\nXX      XX\nX        X\nX        X\nX X T  X X\nX  \u221e     X\nX\u221e       X\nX   X   XX\nXXXXXXXXXX\n", "Health: 7 X: 5 Y: 2\nXXXXXXXXXX\nX X e X  X\nX    H m X\nX   X   XX\nX   T    X\nXX  XX   X\nX        X\nX X X  X X\nX        X\nX        X\nX  X   X X\nX  \u221e     X\nXX      XX\nX        X\nX        X\nX X T  X X\nX  \u221e     X\nX\u221e       X\nX   X   XX\nXXXXXXXXXX\n", "Health: 7 X: 4 Y: 2\nXXXXXXXXXX\nX X e X  X\nX   H  m X\nX   X   XX\nX   T    X\nXX  XX   X\nX        X\nX X X  X X\nX        X\nX        X\nX  X   X X\nX  \u221e     X\nXX      XX\nX        X\nX        X\nX X T  X X\nX  \u221e     X\nX\u221e       X\nX   X   XX\nXXXXXXXXXX\n", "Health: 7 X: 4 Y: 1\nXXXXXXXXXX\nX X e X  X\nX      m X\nX   X   XX\nX   T    X\nXX  XX   X\nX        X\nX X X  X X\nX        X\nX        X\nX  X   X X\nX  \u221e     X\nXX      XX\nX        X\nX        X\nX X T  X X\nX  \u221e     X\nX\u221e       X\nX   X   XX\nXXXXXXXXXX\n"], "map_number": 202}], "timestamp": "10-Aug-2021 20:07:04.023672", "ip": "172.88.248.56"}