{"Q1": "Never", "Q2": "Never", "Q3": "Never", "Q4": "Never", "Q5": "Never", "Q6": "Never", "Q7": "Never", "Q8": "Never", "Q9": "Never", "Q10": "Never", "results": [{"mechanics": [{"timestep": 3, "mechanic": "MinitaurHit"}, {"timestep": 4, "mechanic": "MinitaurHit"}, {"timestep": 8, "mechanic": "UsePortal"}, {"timestep": 12, "mechanic": "ReachStairs"}], "frequencies": {"MinitaurHit": 2, "UsePortal": 1, "ReachStairs": 1}, "levelReport": {"utilityGained": 0.0, "exitUtility": 1.0, "runnerUtility": 0.87, "loitererUtility": 13.0, "completionistUtility": 0.3, "monsterKillerUtility": 0.3, "treasureCollectorUtility": 0.3, "turnsTaken": 13, "health": 9, "healthLost": 1, "alive": true, "javelinsThrown": 0, "monsterKills": 0, "minitaurKnockouts": 1, "treasuresCollected": 0, "potionsTaken": 0, "totalMonsters": 7, "totalTreasures": 8, "totalPotions": 2, "timeTaken": 0.0}, "positions": [{"X": 8, "Y": 2}, {"X": 8, "Y": 3}, {"X": 8, "Y": 2}, {"X": 8, "Y": 1}, {"X": 7, "Y": 1}, {"X": 6, "Y": 1}, {"X": 5, "Y": 1}, {"X": 4, "Y": 1}, {"X": 1, "Y": 17}, {"X": 2, "Y": 17}, {"X": 3, "Y": 17}, {"X": 4, "Y": 17}, {"X": 5, "Y": 17}], "levelStates": ["Health: 10 X: 8 Y: 2\nXXXXXXXXXX\nXXXT m   X\nXXXXXXXXHX\nX    b   X\nX XX XXXXX\nX XX XXXXX\nX MX XT tX\nX XX XTX X\nX XX XTX X\nX MX XTX X\nX XX XXX X\nX P o  P X\nX XXXXXX X\nXTX RR XTX\nX X    X X\nX XX  XX X\nX   TT   X\nXT   e   X\nXXXXXXXXXX\n", "Health: 10 X: 8 Y: 3\nXXXXXXXXXX\nXXXT  m  X\nXXXXXXXX X\nX     b HX\nX XX XXXXX\nX XX XXXXX\nX MX XT tX\nX XX XTX X\nX XX XTX X\nX MX XTX X\nX XX XXX X\nX P o  P X\nX XXXXXX X\nXTX RR XTX\nX X    X X\nX XX  XX X\nX   TT   X\nXT   e   X\nXXXXXXXXXX\n", "Health: 10 X: 8 Y: 2\nXXXXXXXXXX\nXXXT   m X\nXXXXXXXXHX\nX     b  X\nX XX XXXXX\nX XX XXXXX\nX MX XT tX\nX XX XTX X\nX XX XTX X\nX MX XTX X\nX XX XXX X\nX P o  P X\nX XXXXXX X\nXTX RR XTX\nX X    X X\nX XX  XX X\nX   TT   X\nXT   e   X\nXXXXXXXXXX\n", "Health: 9 X: 8 Y: 1\nXXXXXXXXXX\nXXXT   mHX\nXXXXXXXX X\nX     b  X\nX XX XXXXX\nX XX XXXXX\nX MX XT tX\nX XX XTX X\nX XX XTX X\nX MX XTX X\nX XX XXX X\nX P o  P X\nX XXXXXX X\nXTX RR XTX\nX X    X X\nX XX  XX X\nX   TT   X\nXT   e   X\nXXXXXXXXXX\n", "Health: 9 X: 7 Y: 1\nXXXXXXXXXX\nXXXT   m X\nXXXXXXXX X\nX     b  X\nX XX XXXXX\nX XX XXXXX\nX MX XT tX\nX XX XTX X\nX XX XTX X\nX MX XTX X\nX XX XXX X\nX P o  P X\nX XXXXXX X\nXTX RR XTX\nX X    X X\nX XX  XX X\nX   TT   X\nXT   e   X\nXXXXXXXXXX\n", "Health: 9 X: 6 Y: 1\nXXXXXXXXXX\nXXXT  Hm X\nXXXXXXXX X\nX     b  X\nX XX XXXXX\nX XX XXXXX\nX MX XT tX\nX XX XTX X\nX XX XTX X\nX MX XTX X\nX XX XXX X\nX P o  P X\nX XXXXXX X\nXTX RR XTX\nX X    X X\nX XX  XX X\nX   TT   X\nXT   e   X\nXXXXXXXXXX\n", "Health: 9 X: 5 Y: 1\nXXXXXXXXXX\nXXXT H m X\nXXXXXXXX X\nX     b  X\nX XX XXXXX\nX XX XXXXX\nX MX XT tX\nX XX XTX X\nX XX XTX X\nX MX XTX X\nX XX XXX X\nX P o  P X\nX XXXXXX X\nXTX RR XTX\nX X    X X\nX XX  XX X\nX   TT   X\nXT   e   X\nXXXXXXXXXX\n", "Health: 9 X: 4 Y: 1\nXXXXXXXXXX\nXXXTH  m X\nXXXXXXXX X\nX     b  X\nX XX XXXXX\nX XX XXXXX\nX MX XT tX\nX XX XTX X\nX XX XTX X\nX MX XTX X\nX XX XXX X\nX P o  P X\nX XXXXXX X\nXTX RR XTX\nX X    X X\nX XX  XX X\nX   TT   X\nXT   e   X\nXXXXXXXXXX\n", "Health: 9 X: 1 Y: 17\nXXXXXXXXXX\nXXXT   m X\nXXXXXXXX X\nX     b  X\nX XX XXXXX\nX XX XXXXX\nX MX XT tX\nX XX XTX X\nX XX XTX X\nX MX XTX X\nX XX XXX X\nX P o  P X\nX XXXXXX X\nXTX RR XTX\nX X    X X\nX XX  XX X\nX   TT   X\nXT   e   X\nXXXXXXXXXX\n", "Health: 9 X: 2 Y: 17\nXXXXXXXXXX\nXXXT    mX\nXXXXXXXX X\nX     b  X\nX XX XXXXX\nX XX XXXXX\nX MX XT tX\nX XX XTX X\nX XX XTX X\nX MX XTX X\nX XX XXX X\nX P o  P X\nX XXXXXX X\nXTX RR XTX\nX X    X X\nX XX  XX X\nX   TT   X\nXTH  e   X\nXXXXXXXXXX\n", "Health: 9 X: 3 Y: 17\nXXXXXXXXXX\nXXXT     X\nXXXXXXXXmX\nX     b  X\nX XX XXXXX\nX XX XXXXX\nX MX XT tX\nX XX XTX X\nX XX XTX X\nX MX XTX X\nX XX XXX X\nX P o  P X\nX XXXXXX X\nXTX RR XTX\nX X    X X\nX XX  XX X\nX   TT   X\nXT H e   X\nXXXXXXXXXX\n", "Health: 9 X: 4 Y: 17\nXXXXXXXXXX\nXXXT     X\nXXXXXXXX X\nX     b mX\nX XX XXXXX\nX XX XXXXX\nX MX XT tX\nX XX XTX X\nX XX XTX X\nX MX XTX X\nX XX XXX X\nX P o  P X\nX XXXXXX X\nXTX R  XTX\nX X R  X X\nX XX  XX X\nX   TT   X\nXT  He   X\nXXXXXXXXXX\n", "Health: 9 X: 5 Y: 17\nXXXXXXXXXX\nXXXT     X\nXXXXXXXX X\nX     bm X\nX XX XXXXX\nX XX XXXXX\nX MX XT tX\nX XX XTX X\nX XX XTX X\nX MX XTX X\nX XX XXX X\nX P o  P X\nX XXXXXX X\nXTX  R XTX\nX X  R X X\nX XX  XX X\nX   TT   X\nXT   e   X\nXXXXXXXXXX\n"], "map_number": 201}, {"mechanics": [{"timestep": 6, "mechanic": "ReachStairs"}], "frequencies": {"ReachStairs": 1}, "levelReport": {"utilityGained": 0.0, "exitUtility": 1.0, "runnerUtility": 0.9299999999999999, "loitererUtility": 7.0, "completionistUtility": 0.3333333333333333, "monsterKillerUtility": 0.39999999999999997, "treasureCollectorUtility": 0.3, "turnsTaken": 7, "health": 10, "healthLost": 0, "alive": true, "javelinsThrown": 0, "monsterKills": 1, "minitaurKnockouts": 0, "treasuresCollected": 0, "potionsTaken": 0, "totalMonsters": 8, "totalTreasures": 7, "totalPotions": 2, "timeTaken": 0.0}, "positions": [{"X": 6, "Y": 10}, {"X": 5, "Y": 10}, {"X": 4, "Y": 10}, {"X": 3, "Y": 10}, {"X": 2, "Y": 10}, {"X": 1, "Y": 10}, {"X": 1, "Y": 9}], "levelStates": ["Health: 10 X: 6 Y: 10\nXXXXXXXXXX\nX   b m  X\nX XXXXXX X\nXR      RX\nXXXX  XXXX\nX      M X\nX  M     X\nX      M X\nXXX    XXX\nXe      PX\nX     H PX\nXXXXX XXXX\nX     X TX\nX XXXXX XX\nX        X\nXXXXXX XXX\nXTTX   XTX\nXTTXX XXTX\nX    b   X\nXXXXXXXXXX\n", "Health: 10 X: 5 Y: 10\nXXXXXXXXXX\nX   b  m X\nX XXXXXX X\nXR      RX\nXXXX  XXXX\nX     M  X\nX   M    X\nX      M X\nXXX    XXX\nXe      PX\nX    H  PX\nXXXXX XXXX\nX     X TX\nX XXXXX XX\nX        X\nXXXXXX XXX\nXTTX   XTX\nXTTXX XXTX\nX    b   X\nXXXXXXXXXX\n", "Health: 10 X: 4 Y: 10\nXXXXXXXXXX\nX   b   mX\nX XXXXXX X\nXR      RX\nXXXX  XXXX\nX    M   X\nX        X\nX   M  M X\nXXX    XXX\nXe      PX\nX   H   PX\nXXXXX XXXX\nX     X TX\nX XXXXX XX\nX        X\nXXXXXX XXX\nXTTX   XTX\nXTTXX XXTX\nX    b   X\nXXXXXXXXXX\n", "Health: 10 X: 3 Y: 10\nXXXXXXXXXX\nX   b    X\nX XXXXXXmX\nXR      RX\nXXXX  XXXX\nX   M    X\nX        X\nX  M  M  X\nXXX    XXX\nXe      PX\nX  H    PX\nXXXXX XXXX\nX     X TX\nX XXXXX XX\nX        X\nXXXXXX XXX\nXTTX   XTX\nXTTXX XXTX\nX    b   X\nXXXXXXXXXX\n", "Health: 10 X: 2 Y: 10\nXXXXXXXXXX\nX   b    X\nX XXXXXX X\nXR      \u221eX\nXXXX  XXXX\nX  M     X\nX        X\nX    M   X\nXXXM   XXX\nXe      PX\nX H     PX\nXXXXX XXXX\nX     X TX\nX XXXXX XX\nX        X\nXXXXXX XXX\nXTTX   XTX\nXTTXX XXTX\nX    b   X\nXXXXXXXXXX\n", "Health: 10 X: 1 Y: 10\nXXXXXXXXXX\nX   b    X\nX XXXXXX X\nXR     m\u221eX\nXXXX  XXXX\nX  M     X\nX        X\nX   M    X\nXXX    XXX\nXe M    PX\nXH      PX\nXXXXX XXXX\nX     X TX\nX XXXXX XX\nX        X\nXXXXXX XXX\nXTTX   XTX\nXTTXX XXTX\nX    b   X\nXXXXXXXXXX\n", "Health: 10 X: 1 Y: 9\nXXXXXXXXXX\nX   b    X\nX XXXXXX X\nXR    m \u221eX\nXXXX  XXXX\nX  M     X\nX        X\nX   M    X\nXXX    XXX\nXeM     PX\nX       PX\nXXXXX XXXX\nX     X TX\nX XXXXX XX\nX        X\nXXXXXX XXX\nXTTX   XTX\nXTTXX XXTX\nX    b   X\nXXXXXXXXXX\n"], "map_number": 102}, {"mechanics": [{"timestep": 2, "mechanic": "OgreTreasure"}, {"timestep": 2, "mechanic": "BlobPotion"}, {"timestep": 3, "mechanic": "OgreTreasure"}, {"timestep": 3, "mechanic": "BlobPotion"}, {"timestep": 4, "mechanic": "MinitaurHit"}, {"timestep": 15, "mechanic": "OgreHit"}, {"timestep": 20, "mechanic": "ReachStairs"}], "frequencies": {"OgreTreasure": 2, "BlobPotion": 2, "MinitaurHit": 1, "OgreHit": 1, "ReachStairs": 1}, "levelReport": {"utilityGained": 0.0, "exitUtility": 1.0, "runnerUtility": 0.79, "loitererUtility": 21.0, "completionistUtility": 0.3466666666666667, "monsterKillerUtility": 0.43999999999999995, "treasureCollectorUtility": 0.3, "turnsTaken": 21, "health": 7, "healthLost": 3, "alive": true, "javelinsThrown": 0, "monsterKills": 1, "minitaurKnockouts": 2, "treasuresCollected": 0, "potionsTaken": 0, "totalMonsters": 6, "totalTreasures": 9, "totalPotions": 2, "timeTaken": 0.0}, "positions": [{"X": 7, "Y": 2}, {"X": 7, "Y": 3}, {"X": 7, "Y": 4}, {"X": 6, "Y": 4}, {"X": 6, "Y": 3}, {"X": 5, "Y": 3}, {"X": 4, "Y": 3}, {"X": 3, "Y": 3}, {"X": 2, "Y": 3}, {"X": 1, "Y": 3}, {"X": 1, "Y": 4}, {"X": 2, "Y": 4}, {"X": 3, "Y": 4}, {"X": 2, "Y": 4}, {"X": 2, "Y": 5}, {"X": 2, "Y": 6}, {"X": 2, "Y": 7}, {"X": 2, "Y": 8}, {"X": 2, "Y": 9}, {"X": 1, "Y": 9}, {"X": 1, "Y": 8}], "levelStates": ["Health: 10 X: 7 Y: 2\nXXXXXXXXXX\nXT TX m  X\nX   XXXH X\nX        X\nX   XX   X\nXX XXXX XX\nX TTXXPP X\nX   XX   X\nXeo    b X\nX   XX   X\nXX XXXX XX\nX   XX   X\nX   XX   X\nX      T X\nX   XX   X\nXX XXXX XX\nX   XX   X\nXb bXXT TX\nX M XXT TX\nXXXXXXXXXX\n", "Health: 10 X: 7 Y: 3\nXXXXXXXXXX\nXT TX  m X\nX   XXX  X\nX      H X\nX   XX   X\nXX XXXX XX\nX TTXXPP X\nX o XX b X\nXe       X\nX   XX   X\nXX XXXX XX\nX   XX   X\nX   XX   X\nX      T X\nX   XX   X\nXX XXXX XX\nX   XX   X\nXb bXXT TX\nX M XXT TX\nXXXXXXXXXX\n", "Health: 10 X: 7 Y: 4\nXXXXXXXXXX\nXT TX    X\nX   XXXm X\nX        X\nX   XX H X\nXX XXXX XX\nX oTXXPb X\nX   XX   X\nXe       X\nX   XX   X\nXX XXXX XX\nX   XX   X\nX   XX   X\nX      T X\nX   XX   X\nXX XXXX XX\nX   XX   X\nXb bXXT TX\nX M XXT TX\nXXXXXXXXXX\n", "Health: 10 X: 6 Y: 4\nXXXXXXXXXX\nXT TX    X\nX   XXX  X\nX      m X\nX   XXH  X\nXX XXXX XX\nX  oXXb  X\nX   XX   X\nXe       X\nX   XX   X\nXX XXXX XX\nX   XX   X\nX   XX   X\nX      T X\nX   XX   X\nXX XXXX XX\nX   XX   X\nXb bXXT TX\nX M XXT TX\nXXXXXXXXXX\n", "Health: 9 X: 6 Y: 3\nXXXXXXXXXX\nXT TX    X\nX   XXX  X\nX     Hm X\nX   XX   X\nXX XXXX XX\nX  oXXb  X\nX   XX   X\nXe       X\nX   XX   X\nXX XXXX XX\nX   XX   X\nX   XX   X\nX      T X\nX   XX   X\nXX XXXX XX\nX   XX   X\nXb bXXT TX\nX M XXT TX\nXXXXXXXXXX\n", "Health: 9 X: 5 Y: 3\nXXXXXXXXXX\nXT TX    X\nX   XXX  X\nX    H m X\nX   XX   X\nXX XXXX XX\nX  oXXb  X\nX   XX   X\nXe       X\nX   XX   X\nXX XXXX XX\nX   XX   X\nX   XX   X\nX      T X\nX   XX   X\nXX XXXX XX\nX   XX   X\nXb bXXT TX\nX M XXT TX\nXXXXXXXXXX\n", "Health: 9 X: 4 Y: 3\nXXXXXXXXXX\nXT TX    X\nX   XXX  X\nX   H  m X\nX   XX   X\nXX XXXX XX\nX  oXXb  X\nX   XX   X\nXe       X\nX   XX   X\nXX XXXX XX\nX   XX   X\nX   XX   X\nX      T X\nX   XX   X\nXX XXXX XX\nX   XX   X\nXb bXXT TX\nX M XXT TX\nXXXXXXXXXX\n", "Health: 9 X: 3 Y: 3\nXXXXXXXXXX\nXT TX    X\nX   XXX  X\nX  H   m X\nX   XX   X\nXX XXXX XX\nX  oXXb  X\nX   XX   X\nXe       X\nX   XX   X\nXX XXXX XX\nX   XX   X\nX   XX   X\nX      T X\nX   XX   X\nXX XXXX XX\nX   XX   X\nXb bXXT TX\nX M XXT TX\nXXXXXXXXXX\n", "Health: 9 X: 2 Y: 3\nXXXXXXXXXX\nXT TX    X\nX   XXX  X\nX H    m X\nX   XX   X\nXX XXXX XX\nX  oXXb  X\nX   XX   X\nXe       X\nX   XX   X\nXX XXXX XX\nX   XX   X\nX   XX   X\nX      T X\nX   XX   X\nXX XXXX XX\nX   XX   X\nXbMbXXT TX\nX   XXT TX\nXXXXXXXXXX\n", "Health: 9 X: 1 Y: 3\nXXXXXXXXXX\nXT TX    X\nX   XXX  X\nXH     m X\nX   XX   X\nXX XXXX XX\nX  oXXb  X\nX   XX   X\nXe       X\nX   XX   X\nXX XXXX XX\nX   XX   X\nX   XX   X\nX      T X\nX   XX   X\nXX XXXX XX\nX   XX   X\nXbMbXXT TX\nX   XXT TX\nXXXXXXXXXX\n", "Health: 9 X: 1 Y: 4\nXXXXXXXXXX\nXT TX    X\nX   XXX  X\nX     m  X\nXH  XX   X\nXX XXXX XX\nX  oXXb  X\nX   XX   X\nXe       X\nX   XX   X\nXX XXXX XX\nX   XX   X\nX   XX   X\nX      T X\nX   XX   X\nXX XXXX XX\nX   XX   X\nXbMbXXT TX\nX   XXT TX\nXXXXXXXXXX\n", "Health: 9 X: 2 Y: 4\nXXXXXXXXXX\nXT TX    X\nX   XXX  X\nX    m   X\nX H XX   X\nXX XXXX XX\nX  oXXb  X\nX   XX   X\nXe       X\nX   XX   X\nXX XXXX XX\nX   XX   X\nX   XX   X\nX      T X\nX   XX   X\nXX XXXX XX\nX M XX   X\nXb bXXT TX\nX   XXT TX\nXXXXXXXXXX\n", "Health: 9 X: 3 Y: 4\nXXXXXXXXXX\nXT TX    X\nX   XXX  X\nX   m    X\nX  HXX   X\nXX XXXX XX\nX  oXXb  X\nX   XX   X\nXe       X\nX   XX   X\nXX XXXX XX\nX   XX   X\nX   XX   X\nX      T X\nX   XX   X\nXX XXXX XX\nX M XX   X\nXb bXXT TX\nX   XXT TX\nXXXXXXXXXX\n", "Health: 9 X: 2 Y: 4\nXXXXXXXXXX\nXT TX    X\nX   XXX  X\nX  m     X\nX H XX   X\nXX XXXX XX\nX  oXXb  X\nX   XX   X\nXe       X\nX   XX   X\nXX XXXX XX\nX   XX   X\nX   XX   X\nX      T X\nX   XX   X\nXXMXXXX XX\nX   XX   X\nXb bXXT TX\nX   XXT TX\nXXXXXXXXXX\n", "Health: 9 X: 2 Y: 5\nXXXXXXXXXX\nXT TX    X\nX   XXX  X\nX m      X\nX   XX   X\nXXHXXXX XX\nX  oXXb  X\nX   XX   X\nXe       X\nX   XX   X\nXX XXXX XX\nX   XX   X\nX   XX   X\nX      T X\nX M XX   X\nXX XXXX XX\nX   XX   X\nXb bXXT TX\nX   XXT TX\nXXXXXXXXXX\n", "Health: 7 X: 2 Y: 6\nXXXXXXXXXX\nXT TX    X\nX   XXX  X\nX        X\nX m XX   X\nXX XXXX XX\nX  oXXb  X\nX   XX   X\nXe       X\nX   XX   X\nXX XXXX XX\nX   XX   X\nX   XX   X\nX M    T X\nX   XX   X\nXX XXXX XX\nX   XX   X\nXb bXXT TX\nX   XXT TX\nXXXXXXXXXX\n", "Health: 7 X: 2 Y: 7\nXXXXXXXXXX\nXT TX    X\nX   XXX  X\nX        X\nX   XX   X\nXXmXXXX XX\nX o XXb  X\nX H XX   X\nXe       X\nX   XX   X\nXX XXXX XX\nX   XX   X\nX M XX   X\nX      T X\nX   XX   X\nXX XXXX XX\nX   XX   X\nXb bXXT TX\nX   XXT TX\nXXXXXXXXXX\n", "Health: 7 X: 2 Y: 8\nXXXXXXXXXX\nXT TX    X\nX   XXX  X\nX        X\nX   XX   X\nXX XXXX XX\nX \u221e XXb  X\nX   XX   X\nXeH      X\nX   XX   X\nXX XXXX XX\nX M XX   X\nX   XX   X\nX      T X\nX   XX   X\nXX XXXX XX\nX   XX   X\nXb bXXT TX\nX   XXT TX\nXXXXXXXXXX\n", "Health: 7 X: 2 Y: 9\nXXXXXXXXXX\nXT TX    X\nX   XXX  X\nX        X\nX   XX   X\nXX XXXX XX\nX \u221e XXb  X\nX   XX   X\nXe       X\nX H XX   X\nXXMXXXX XX\nX   XX   X\nX   XX   X\nX      T X\nX   XX   X\nXX XXXX XX\nX   XX   X\nXb bXXT TX\nX   XXT TX\nXXXXXXXXXX\n", "Health: 7 X: 1 Y: 9\nXXXXXXXXXX\nXT TX    X\nX   XXX  X\nX        X\nX   XX   X\nXX XXXX XX\nX \u221e XXb  X\nX   XX   X\nXe       X\nXHM XX   X\nXX XXXX XX\nX   XX   X\nX   XX   X\nX      T X\nX   XX   X\nXX XXXX XX\nX   XX   X\nXb bXXT TX\nX   XXT TX\nXXXXXXXXXX\n", "Health: 7 X: 1 Y: 8\nXXXXXXXXXX\nXT TX    X\nX   XXX  X\nX        X\nX   XX   X\nXX XXXX XX\nX \u221e XXb  X\nX   XX   X\nXeM      X\nX   XX   X\nXX XXXX XX\nX   XX   X\nX   XX   X\nX      T X\nX   XX   X\nXX XXXX XX\nX   XX   X\nXb bXXT TX\nX   XXT TX\nXXXXXXXXXX\n"], "map_number": 101}], "timestamp": "11-Aug-2021 03:59:35.861137", "ip": "73.221.49.52"}