{"Q1": "A few times a week", "Q2": "Always", "Q3": "Often", "Q4": "Always", "Q5": "Always", "Q6": "Often", "Q7": "Always", "Q8": "Often", "Q9": "Often", "Q10": "Sometimes", "results": [{"mechanics": [{"timestep": 2, "mechanic": "CollectPotion"}, {"timestep": 3, "mechanic": "CollectPotion"}, {"timestep": 30, "mechanic": "CollectTreasure"}, {"timestep": 36, "mechanic": "BlobHit"}, {"timestep": 44, "mechanic": "CollectTreasure"}, {"timestep": 45, "mechanic": "CollectTreasure"}, {"timestep": 46, "mechanic": "CollectTreasure"}, {"timestep": 47, "mechanic": "CollectTreasure"}, {"timestep": 50, "mechanic": "MinitaurHit"}, {"timestep": 51, "mechanic": "MinitaurHit"}, {"timestep": 55, "mechanic": "CollectTreasure"}, {"timestep": 56, "mechanic": "CollectTreasure"}, {"timestep": 58, "mechanic": "MinitaurHit"}, {"timestep": 59, "mechanic": "MinitaurHit"}, {"timestep": 84, "mechanic": "ReachStairs"}], "frequencies": {"CollectPotion": 2, "CollectTreasure": 7, "BlobHit": 1, "MinitaurHit": 4, "ReachStairs": 1}, "levelReport": {"utilityGained": 0.0, "exitUtility": 1.0, "runnerUtility": 0.15000000000000002, "loitererUtility": 85.0, "completionistUtility": 0.9333333333333333, "monsterKillerUtility": 0.8, "treasureCollectorUtility": 1.0, "turnsTaken": 85, "health": 11, "healthLost": 3, "alive": true, "javelinsThrown": 0, "monsterKills": 5, "minitaurKnockouts": 5, "treasuresCollected": 7, "potionsTaken": 2, "totalMonsters": 8, "totalTreasures": 7, "totalPotions": 2, "timeTaken": 0.0}, "positions": [{"X": 6, "Y": 10}, {"X": 7, "Y": 10}, {"X": 8, "Y": 10}, {"X": 8, "Y": 9}, {"X": 7, "Y": 9}, {"X": 6, "Y": 9}, {"X": 5, "Y": 9}, {"X": 4, "Y": 9}, {"X": 3, "Y": 9}, {"X": 2, "Y": 9}, {"X": 3, "Y": 9}, {"X": 4, "Y": 9}, {"X": 4, "Y": 10}, {"X": 5, "Y": 10}, {"X": 5, "Y": 11}, {"X": 5, "Y": 12}, {"X": 4, "Y": 12}, {"X": 3, "Y": 12}, {"X": 2, "Y": 12}, {"X": 1, "Y": 12}, {"X": 1, "Y": 13}, {"X": 1, "Y": 14}, {"X": 2, "Y": 14}, {"X": 3, "Y": 14}, {"X": 4, "Y": 14}, {"X": 5, "Y": 14}, {"X": 6, "Y": 14}, {"X": 7, "Y": 14}, {"X": 7, "Y": 13}, {"X": 7, "Y": 12}, {"X": 8, "Y": 12}, {"X": 7, "Y": 12}, {"X": 7, "Y": 13}, {"X": 7, "Y": 14}, {"X": 6, "Y": 14}, {"X": 6, "Y": 15}, {"X": 6, "Y": 16}, {"X": 5, "Y": 16}, {"X": 5, "Y": 17}, {"X": 5, "Y": 18}, {"X": 4, "Y": 18}, {"X": 3, "Y": 18}, {"X": 2, "Y": 18}, {"X": 1, "Y": 18}, {"X": 1, "Y": 17}, {"X": 1, "Y": 16}, {"X": 2, "Y": 16}, {"X": 2, "Y": 17}, {"X": 2, "Y": 18}, {"X": 3, "Y": 18}, {"X": 4, "Y": 18}, {"X": 5, "Y": 18}, {"X": 6, "Y": 18}, {"X": 7, "Y": 18}, {"X": 8, "Y": 18}, {"X": 8, "Y": 17}, {"X": 8, "Y": 16}, {"X": 8, "Y": 17}, {"X": 8, "Y": 18}, {"X": 7, "Y": 18}, {"X": 6, "Y": 18}, {"X": 5, "Y": 18}, {"X": 5, "Y": 17}, {"X": 5, "Y": 16}, {"X": 6, "Y": 16}, {"X": 6, "Y": 15}, {"X": 6, "Y": 14}, {"X": 5, "Y": 14}, {"X": 4, "Y": 14}, {"X": 3, "Y": 14}, {"X": 2, "Y": 14}, {"X": 1, "Y": 14}, {"X": 1, "Y": 13}, {"X": 1, "Y": 12}, {"X": 2, "Y": 12}, {"X": 3, "Y": 12}, {"X": 4, "Y": 12}, {"X": 5, "Y": 12}, {"X": 5, "Y": 11}, {"X": 5, "Y": 10}, {"X": 5, "Y": 9}, {"X": 4, "Y": 9}, {"X": 3, "Y": 9}, {"X": 2, "Y": 9}, {"X": 1, "Y": 9}], "levelStates": ["Health: 10 X: 6 Y: 10\nXXXXXXXXXX\nX   b m  X\nX XXXXXX X\nXR      RX\nXXXX  XXXX\nX      M X\nX  M     X\nX      M X\nXXX    XXX\nXe      PX\nX     H PX\nXXXXX XXXX\nX     X TX\nX XXXXX XX\nX        X\nXXXXXX XXX\nXTTX   XTX\nXTTXX XXTX\nX    b   X\nXXXXXXXXXX\n", "Health: 10 X: 7 Y: 10\nXXXXXXXXXX\nX   b  m X\nX XXXXXX X\nXR      RX\nXXXX  XXXX\nX      M X\nX   M    X\nX      M X\nXXX    XXX\nXe      PX\nX      HPX\nXXXXX XXXX\nX     X TX\nX XXXXX XX\nX        X\nXXXXXX XXX\nXTTX   XTX\nXTTXX XXTX\nX    b   X\nXXXXXXXXXX\n", "Health: 12 X: 8 Y: 10\nXXXXXXXXXX\nX   b   mX\nX XXXXXX X\nXR      RX\nXXXX  XXXX\nX      M X\nX        X\nX   M  M X\nXXX    XXX\nXe      PX\nX        X\nXXXXX XXXX\nX     X TX\nX XXXXX XX\nX        X\nXXXXXX XXX\nXTTX   XTX\nXTTXX XXTX\nX    b   X\nXXXXXXXXXX\n", "Health: 14 X: 8 Y: 9\nXXXXXXXXXX\nX   b    X\nX XXXXXXmX\nXR      RX\nXXXX  XXXX\nX      M X\nX        X\nX   M  M X\nXXX    XXX\nXe       X\nX        X\nXXXXX XXXX\nX     X TX\nX XXXXX XX\nX        X\nXXXXXX XXX\nXTTX   XTX\nXTTXX XXTX\nX    b   X\nXXXXXXXXXX\n", "Health: 14 X: 7 Y: 9\nXXXXXXXXXX\nX   b    X\nX XXXXXX X\nXR      \u221eX\nXXXX  XXXX\nX      M X\nX        X\nX    M M X\nXXX    XXX\nXe     H X\nX        X\nXXXXX XXXX\nX     X TX\nX XXXXX XX\nX        X\nXXXXXX XXX\nXTTX   XTX\nXTTXX XXTX\nX    b   X\nXXXXXXXXXX\n", "Health: 14 X: 6 Y: 9\nXXXXXXXXXX\nX   b    X\nX XXXXXX X\nXR     m\u221eX\nXXXX  XXXX\nX     M  X\nX        X\nX     MM X\nXXX    XXX\nXe    H  X\nX        X\nXXXXX XXXX\nX     X TX\nX XXXXX XX\nX        X\nXXXXXX XXX\nXTTX   XTX\nXTTXX XXTX\nX    b   X\nXXXXXXXXXX\n", "Health: 14 X: 5 Y: 9\nXXXXXXXXXX\nX   b    X\nX XXXXXX X\nXR    m \u221eX\nXXXX  XXXX\nX    M   X\nX        X\nX    M M X\nXXX    XXX\nXe   H   X\nX        X\nXXXXX XXXX\nX     X TX\nX XXXXX XX\nX        X\nXXXXXX XXX\nXTTX   XTX\nXTTXX XXTX\nX    b   X\nXXXXXXXXXX\n", "Health: 14 X: 4 Y: 9\nXXXXXXXXXX\nX   b    X\nX XXXXXX X\nXR   m  \u221eX\nXXXX  XXXX\nX   M    X\nX        X\nX   M M  X\nXXX    XXX\nXe  H    X\nX        X\nXXXXX XXXX\nX     X TX\nX XXXXX XX\nX        X\nXXXXXX XXX\nXTTX   XTX\nXTTXX XXTX\nX    b   X\nXXXXXXXXXX\n", "Health: 14 X: 3 Y: 9\nXXXXXXXXXX\nX   b    X\nX XXXXXX X\nXR  m   \u221eX\nXXXX  XXXX\nX  M     X\nX        X\nX  M M   X\nXXX    XXX\nXe H     X\nX        X\nXXXXX XXXX\nX     X TX\nX XXXXX XX\nX        X\nXXXXXX XXX\nXTTX   XTX\nXTTXX XXTX\nX    b   X\nXXXXXXXXXX\n", "Health: 14 X: 2 Y: 9\nXXXXXXXXXX\nX   b    X\nX XXXXXX X\nXR      \u221eX\nXXXXm XXXX\nX  M     X\nX        X\nX  MM    X\nXXX    XXX\nXeH      X\nX        X\nXXXXX XXXX\nX     X TX\nX XXXXX XX\nX        X\nXXXXXX XXX\nXTTX   XTX\nXTTXX XXTX\nX    b   X\nXXXXXXXXXX\n", "Health: 14 X: 3 Y: 9\nXXXXXXXXXX\nX   b    X\nX XXXXXX X\nXR      \u221eX\nXXXX  XXXX\nX   m    X\nX  M     X\nX  M     X\nXXXM   XXX\nXe H     X\nX        X\nXXXXX XXXX\nX     X TX\nX XXXXX XX\nX        X\nXXXXXX XXX\nXTTX   XTX\nXTTXX XXTX\nX    b   X\nXXXXXXXXXX\n", "Health: 14 X: 4 Y: 9\nXXXXXXXXXX\nX   b    X\nX XXXXXX X\nXR      \u221eX\nXXXX  XXXX\nX        X\nX   \u221e    X\nX   M    X\nXXX M  XXX\nXe  H    X\nX        X\nXXXXX XXXX\nX     X TX\nX XXXXX XX\nX        X\nXXXXXX XXX\nXTTX   XTX\nXTTXX XXTX\nX    b   X\nXXXXXXXXXX\n", "Health: 14 X: 4 Y: 10\nXXXXXXXXXX\nX   b    X\nX XXXXXX X\nXR      \u221eX\nXXXX  XXXX\nX        X\nX   \u221e    X\nX        X\nXXX M  XXX\nXe  M    X\nX   H    X\nXXXXX XXXX\nX     X TX\nX XXXXX XX\nX        X\nXXXXXX XXX\nXTTX   XTX\nXTTXX XXTX\nX    b   X\nXXXXXXXXXX\n", "Health: 14 X: 5 Y: 10\nXXXXXXXXXX\nX   b    X\nX XXXXXX X\nXR      \u221eX\nXXXX  XXXX\nX        X\nX   \u221e    X\nX        X\nXXX  M XXX\nXe   M   X\nX    H   X\nXXXXX XXXX\nX     X TX\nX XXXXX XX\nX        X\nXXXXXX XXX\nXTTX   XTX\nXTTXX XXTX\nX    b   X\nXXXXXXXXXX\n", "Health: 14 X: 5 Y: 11\nXXXXXXXXXX\nX   b    X\nX XXXXXX X\nXR      \u221eX\nXXXX  XXXX\nX        X\nX   \u221e    X\nX        X\nXXX    XXX\nXe   M   X\nX    M   X\nXXXXXHXXXX\nX     X TX\nX XXXXX XX\nX        X\nXXXXXX XXX\nXTTX   XTX\nXTTXX XXTX\nX    b   X\nXXXXXXXXXX\n", "Health: 14 X: 5 Y: 12\nXXXXXXXXXX\nX   b    X\nX XXXXXX X\nXR      \u221eX\nXXXX  XXXX\nX        X\nX   \u221e    X\nX        X\nXXX    XXX\nXe       X\nX    M   X\nXXXXXMXXXX\nX    HX TX\nX XXXXX XX\nX        X\nXXXXXX XXX\nXTTX   XTX\nXTTXX XXTX\nX    b   X\nXXXXXXXXXX\n", "Health: 14 X: 4 Y: 12\nXXXXXXXXXX\nX   b    X\nX XXXXXX X\nXR      \u221eX\nXXXX  XXXX\nX        X\nX   \u221e    X\nX        X\nXXX    XXX\nXe       X\nX    M   X\nXXXXX XXXX\nX   HMX TX\nX XXXXX XX\nX        X\nXXXXXX XXX\nXTTX   XTX\nXTTXX XXTX\nX    b   X\nXXXXXXXXXX\n", "Health: 14 X: 3 Y: 12\nXXXXXXXXXX\nX   b    X\nX XXXXXX X\nXR      \u221eX\nXXXX  XXXX\nX        X\nX   \u221e    X\nX   m    X\nXXX    XXX\nXe       X\nX    M   X\nXXXXX XXXX\nX  HM X TX\nX XXXXX XX\nX        X\nXXXXXX XXX\nXTTX   XTX\nXTTXX XXTX\nX    b   X\nXXXXXXXXXX\n", "Health: 14 X: 2 Y: 12\nXXXXXXXXXX\nX   b    X\nX XXXXXX X\nXR      \u221eX\nXXXX  XXXX\nX        X\nX   \u221e    X\nX        X\nXXX m  XXX\nXe       X\nX    M   X\nXXXXX XXXX\nX HM  X TX\nX XXXXX XX\nX        X\nXXXXXX XXX\nXTTX   XTX\nXTTXX XXTX\nX    b   X\nXXXXXXXXXX\n", "Health: 14 X: 1 Y: 12\nXXXXXXXXXX\nX   b    X\nX XXXXXX X\nXR      \u221eX\nXXXX  XXXX\nX        X\nX   \u221e    X\nX        X\nXXX    XXX\nXe  m    X\nX    M   X\nXXXXX XXXX\nXHM   X TX\nX XXXXX XX\nX        X\nXXXXXX XXX\nXTTX   XTX\nXTTXX XXTX\nX    b   X\nXXXXXXXXXX\n", "Health: 14 X: 1 Y: 13\nXXXXXXXXXX\nX   b    X\nX XXXXXX X\nXR      \u221eX\nXXXX  XXXX\nX        X\nX   \u221e    X\nX        X\nXXX    XXX\nXe       X\nX   mM   X\nXXXXX XXXX\nX M   X TX\nXHXXXXX XX\nX        X\nXXXXXX XXX\nXTTX   XTX\nXTTXX XXTX\nX    b   X\nXXXXXXXXXX\n", "Health: 14 X: 1 Y: 14\nXXXXXXXXXX\nX   b    X\nX XXXXXX X\nXR      \u221eX\nXXXX  XXXX\nX        X\nX   \u221e    X\nX        X\nXXX    XXX\nXe       X\nX    \u221e   X\nXXXXX XXXX\nX M   X TX\nX XXXXX XX\nXH       X\nXXXXXX XXX\nXTTX   XTX\nXTTXX XXTX\nX    b   X\nXXXXXXXXXX\n", "Health: 14 X: 2 Y: 14\nXXXXXXXXXX\nX   b    X\nX XXXXXX X\nXR      \u221eX\nXXXX  XXXX\nX        X\nX   \u221e    X\nX        X\nXXX    XXX\nXe       X\nX    \u221e   X\nXXXXX XXXX\nX M   X TX\nX XXXXX XX\nX H      X\nXXXXXX XXX\nXTTX   XTX\nXTTXX XXTX\nX    b   X\nXXXXXXXXXX\n", "Health: 14 X: 3 Y: 14\nXXXXXXXXXX\nX   b    X\nX XXXXXX X\nXR      \u221eX\nXXXX  XXXX\nX        X\nX   \u221e    X\nX        X\nXXX    XXX\nXe       X\nX    \u221e   X\nXXXXX XXXX\nX M   X TX\nX XXXXX XX\nX  H     X\nXXXXXX XXX\nXTTX   XTX\nXTTXX XXTX\nX    b   X\nXXXXXXXXXX\n", "Health: 14 X: 4 Y: 14\nXXXXXXXXXX\nX   b    X\nX XXXXXX X\nXR      \u221eX\nXXXX  XXXX\nX        X\nX   \u221e    X\nX        X\nXXX    XXX\nXe       X\nX    \u221e   X\nXXXXX XXXX\nX M   X TX\nX XXXXX XX\nX   H    X\nXXXXXX XXX\nXTTX   XTX\nXTTXX XXTX\nX    b   X\nXXXXXXXXXX\n", "Health: 14 X: 5 Y: 14\nXXXXXXXXXX\nX   b    X\nX XXXXXX X\nXR      \u221eX\nXXXX  XXXX\nX        X\nX   \u221e    X\nX        X\nXXX    XXX\nXe       X\nX    \u221e   X\nXXXXX XXXX\nX M   X TX\nX XXXXX XX\nX    H   X\nXXXXXX XXX\nXTTX   XTX\nXTTXX XXTX\nX    b   X\nXXXXXXXXXX\n", "Health: 14 X: 6 Y: 14\nXXXXXXXXXX\nX   b    X\nX XXXXXX X\nXR      \u221eX\nXXXX  XXXX\nX        X\nX   \u221e    X\nX        X\nXXX    XXX\nXe       X\nX    \u221e   X\nXXXXX XXXX\nX M   X TX\nX XXXXX XX\nX     H  X\nXXXXXX XXX\nXTTX   XTX\nXTTXXbXXTX\nX        X\nXXXXXXXXXX\n", "Health: 14 X: 7 Y: 14\nXXXXXXXXXX\nX   b    X\nX XXXXXX X\nXR      \u221eX\nXXXX  XXXX\nX        X\nX   \u221e    X\nX        X\nXXX    XXX\nXe       X\nX    \u221e   X\nXXXXXmXXXX\nX M   X TX\nX XXXXX XX\nX      H X\nXXXXXX XXX\nXTTX   XTX\nXTTXXbXXTX\nX        X\nXXXXXXXXXX\n", "Health: 14 X: 7 Y: 13\nXXXXXXXXXX\nX   b    X\nX XXXXXX X\nXR      \u221eX\nXXXX  XXXX\nX        X\nX   \u221e    X\nX        X\nXXX    XXX\nXe       X\nX    \u221e   X\nXXXXX XXXX\nX M  mX TX\nX XXXXXHXX\nX        X\nXXXXXX XXX\nXTTX b XTX\nXTTXX XXTX\nX        X\nXXXXXXXXXX\n", "Health: 14 X: 7 Y: 12\nXXXXXXXXXX\nX   b    X\nX XXXXXX X\nXR      \u221eX\nXXXX  XXXX\nX        X\nX   \u221e    X\nX        X\nXXX    XXX\nXe       X\nX    \u221e   X\nXXXXX XXXX\nX M m XHTX\nX XXXXX XX\nX        X\nXXXXXX XXX\nXTTX b XTX\nXTTXX XXTX\nX        X\nXXXXXXXXXX\n", "Health: 14 X: 8 Y: 12\nXXXXXXXXXX\nX   b    X\nX XXXXXX X\nXR      \u221eX\nXXXX  XXXX\nX        X\nX   \u221e    X\nX        X\nXXX    XXX\nXe       X\nX    \u221e   X\nXXXXX XXXX\nX Mm  X  X\nX XXXXX XX\nX        X\nXXXXXX XXX\nXTTX b XTX\nXTTXX XXTX\nX        X\nXXXXXXXXXX\n", "Health: 14 X: 7 Y: 12\nXXXXXXXXXX\nX   b    X\nX XXXXXX X\nXR      \u221eX\nXXXX  XXXX\nX        X\nX   \u221e    X\nX        X\nXXX    XXX\nXe       X\nX    \u221e   X\nXXXXX XXXX\nX \u221e   XH X\nX XXXXX XX\nX        X\nXXXXXX XXX\nXTTX b XTX\nXTTXX XXTX\nX        X\nXXXXXXXXXX\n", "Health: 14 X: 7 Y: 13\nXXXXXXXXXX\nX   b    X\nX XXXXXX X\nXR      \u221eX\nXXXX  XXXX\nX        X\nX   \u221e    X\nX        X\nXXX    XXX\nXe       X\nX    \u221e   X\nXXXXX XXXX\nX \u221e   X  X\nX XXXXXHXX\nX        X\nXXXXXX XXX\nXTTX b XTX\nXTTXX XXTX\nX        X\nXXXXXXXXXX\n", "Health: 14 X: 7 Y: 14\nXXXXXXXXXX\nX   b    X\nX XXXXXX X\nXR      \u221eX\nXXXX  XXXX\nX        X\nX   \u221e    X\nX        X\nXXX    XXX\nXe       X\nX    \u221e   X\nXXXXX XXXX\nX \u221e   X  X\nX XXXXX XX\nX      H X\nXXXXXX XXX\nXTTX b XTX\nXTTXX XXTX\nX        X\nXXXXXXXXXX\n", "Health: 14 X: 6 Y: 14\nXXXXXXXXXX\nX   b    X\nX XXXXXX X\nXR      \u221eX\nXXXX  XXXX\nX        X\nX   \u221e    X\nX        X\nXXX    XXX\nXe       X\nX    \u221e   X\nXXXXX XXXX\nX \u221e   X  X\nX XXXXX XX\nX     H  X\nXXXXXX XXX\nXTTX b XTX\nXTTXX XXTX\nX        X\nXXXXXXXXXX\n", "Health: 14 X: 6 Y: 15\nXXXXXXXXXX\nX   b    X\nX XXXXXX X\nXR      \u221eX\nXXXX  XXXX\nX        X\nX   \u221e    X\nX        X\nXXX    XXX\nXe       X\nX    \u221e   X\nXXXXX XXXX\nX \u221e   X  X\nX XXXXX XX\nX        X\nXXXXXXHXXX\nXTTX b XTX\nXTTXX XXTX\nX        X\nXXXXXXXXXX\n", "Health: 13 X: 6 Y: 16\nXXXXXXXXXX\nX   b    X\nX XXXXXX X\nXR      \u221eX\nXXXX  XXXX\nX        X\nX   \u221e    X\nX        X\nXXX    XXX\nXe       X\nX    \u221e   X\nXXXXX XXXX\nX \u221e   X  X\nX XXXXX XX\nX        X\nXXXXXX XXX\nXTTX \u221eHXTX\nXTTXX XXTX\nX        X\nXXXXXXXXXX\n", "Health: 13 X: 5 Y: 16\nXXXXXXXXXX\nX   b    X\nX XXXXXX X\nXR      \u221eX\nXXXX  XXXX\nX        X\nX   \u221e    X\nX        X\nXXX    XXX\nXe       X\nX    \u221e   X\nXXXXX XXXX\nXm\u221e   X  X\nX XXXXX XX\nX        X\nXXXXXX XXX\nXTTX \u221e XTX\nXTTXX XXTX\nX        X\nXXXXXXXXXX\n", "Health: 13 X: 5 Y: 17\nXXXXXXXXXX\nX   b    X\nX XXXXXX X\nXR      \u221eX\nXXXX  XXXX\nX        X\nX   \u221e    X\nX        X\nXXX    XXX\nXe       X\nX    \u221e   X\nXXXXX XXXX\nX \u221e   X  X\nXmXXXXX XX\nX        X\nXXXXXX XXX\nXTTX \u221e XTX\nXTTXXHXXTX\nX        X\nXXXXXXXXXX\n", "Health: 13 X: 5 Y: 18\nXXXXXXXXXX\nX   b    X\nX XXXXXX X\nXR      \u221eX\nXXXX  XXXX\nX        X\nX   \u221e    X\nX        X\nXXX    XXX\nXe       X\nX    \u221e   X\nXXXXX XXXX\nX \u221e   X  X\nX XXXXX XX\nXm       X\nXXXXXX XXX\nXTTX \u221e XTX\nXTTXX XXTX\nX    H   X\nXXXXXXXXXX\n", "Health: 13 X: 4 Y: 18\nXXXXXXXXXX\nX   b    X\nX XXXXXX X\nXR      \u221eX\nXXXX  XXXX\nX        X\nX   \u221e    X\nX        X\nXXX    XXX\nXe       X\nX    \u221e   X\nXXXXX XXXX\nX \u221e   X  X\nX XXXXX XX\nX m      X\nXXXXXX XXX\nXTTX \u221e XTX\nXTTXX XXTX\nX   H    X\nXXXXXXXXXX\n", "Health: 13 X: 3 Y: 18\nXXXXXXXXXX\nX   b    X\nX XXXXXX X\nXR      \u221eX\nXXXX  XXXX\nX        X\nX   \u221e    X\nX        X\nXXX    XXX\nXe       X\nX    \u221e   X\nXXXXX XXXX\nX \u221e   X  X\nX XXXXX XX\nX  m     X\nXXXXXX XXX\nXTTX \u221e XTX\nXTTXX XXTX\nX  H     X\nXXXXXXXXXX\n", "Health: 13 X: 2 Y: 18\nXXXXXXXXXX\nX   b    X\nX XXXXXX X\nXR      \u221eX\nXXXX  XXXX\nX        X\nX   \u221e    X\nX        X\nXXX    XXX\nXe       X\nX    \u221e   X\nXXXXX XXXX\nX \u221e   X  X\nX XXXXX XX\nX   m    X\nXXXXXX XXX\nXTTX \u221e XTX\nXTTXX XXTX\nX H      X\nXXXXXXXXXX\n", "Health: 13 X: 1 Y: 18\nXXXXXXXXXX\nX   b    X\nX XXXXXX X\nXR      \u221eX\nXXXX  XXXX\nX        X\nX   \u221e    X\nX        X\nXXX    XXX\nXe       X\nX    \u221e   X\nXXXXX XXXX\nX \u221e   X  X\nX XXXXX XX\nX    m   X\nXXXXXX XXX\nXTTX \u221e XTX\nXTTXX XXTX\nXH       X\nXXXXXXXXXX\n", "Health: 13 X: 1 Y: 17\nXXXXXXXXXX\nX   b    X\nX XXXXXX X\nXR      \u221eX\nXXXX  XXXX\nX        X\nX   \u221e    X\nX        X\nXXX    XXX\nXe       X\nX    \u221e   X\nXXXXX XXXX\nX \u221e   X  X\nX XXXXX XX\nX     m  X\nXXXXXX XXX\nXTTX \u221e XTX\nX TXX XXTX\nX        X\nXXXXXXXXXX\n", "Health: 13 X: 1 Y: 16\nXXXXXXXXXX\nX   b    X\nX XXXXXX X\nXR      \u221eX\nXXXX  XXXX\nX        X\nX   \u221e    X\nX        X\nXXX    XXX\nXe       X\nX    \u221e   X\nXXXXX XXXX\nX \u221e   X  X\nX XXXXX XX\nX        X\nXXXXXXmXXX\nX TX \u221e XTX\nX TXX XXTX\nX        X\nXXXXXXXXXX\n", "Health: 13 X: 2 Y: 16\nXXXXXXXXXX\nX   b    X\nX XXXXXX X\nXR      \u221eX\nXXXX  XXXX\nX        X\nX   \u221e    X\nX        X\nXXX    XXX\nXe       X\nX    \u221e   X\nXXXXX XXXX\nX \u221e   X  X\nX XXXXX XX\nX        X\nXXXXXX XXX\nX  X \u221emXTX\nX TXX XXTX\nX        X\nXXXXXXXXXX\n", "Health: 13 X: 2 Y: 17\nXXXXXXXXXX\nX   b    X\nX XXXXXX X\nXR      \u221eX\nXXXX  XXXX\nX        X\nX   \u221e    X\nX        X\nXXX    XXX\nXe       X\nX    \u221e   X\nXXXXX XXXX\nX \u221e   X  X\nX XXXXX XX\nX        X\nXXXXXX XXX\nX  X \u221e XTX\nX  XX XXTX\nX        X\nXXXXXXXXXX\n", "Health: 13 X: 2 Y: 18\nXXXXXXXXXX\nX   b    X\nX XXXXXX X\nXR      \u221eX\nXXXX  XXXX\nX        X\nX   \u221e    X\nX        X\nXXX    XXX\nXe       X\nX    \u221e   X\nXXXXX XXXX\nX \u221e   X  X\nX XXXXX XX\nX        X\nXXXXXX XXX\nX  X \u221e XTX\nX  XXmXXTX\nX H      X\nXXXXXXXXXX\n", "Health: 13 X: 3 Y: 18\nXXXXXXXXXX\nX   b    X\nX XXXXXX X\nXR      \u221eX\nXXXX  XXXX\nX        X\nX   \u221e    X\nX        X\nXXX    XXX\nXe       X\nX    \u221e   X\nXXXXX XXXX\nX \u221e   X  X\nX XXXXX XX\nX        X\nXXXXXX XXX\nX  X \u221e XTX\nX  XX XXTX\nX  H m   X\nXXXXXXXXXX\n", "Health: 12 X: 4 Y: 18\nXXXXXXXXXX\nX   b    X\nX XXXXXX X\nXR      \u221eX\nXXXX  XXXX\nX        X\nX   \u221e    X\nX        X\nXXX    XXX\nXe       X\nX    \u221e   X\nXXXXX XXXX\nX \u221e   X  X\nX XXXXX XX\nX        X\nXXXXXX XXX\nX  X \u221e XTX\nX  XX XXTX\nX   Hm   X\nXXXXXXXXXX\n", "Health: 12 X: 5 Y: 18\nXXXXXXXXXX\nX   b    X\nX XXXXXX X\nXR      \u221eX\nXXXX  XXXX\nX        X\nX   \u221e    X\nX        X\nXXX    XXX\nXe       X\nX    \u221e   X\nXXXXX XXXX\nX \u221e   X  X\nX XXXXX XX\nX        X\nXXXXXX XXX\nX  X \u221e XTX\nX  XX XXTX\nX    m   X\nXXXXXXXXXX\n", "Health: 12 X: 6 Y: 18\nXXXXXXXXXX\nX   b    X\nX XXXXXX X\nXR      \u221eX\nXXXX  XXXX\nX        X\nX   \u221e    X\nX        X\nXXX    XXX\nXe       X\nX    \u221e   X\nXXXXX XXXX\nX \u221e   X  X\nX XXXXX XX\nX        X\nXXXXXX XXX\nX  X \u221e XTX\nX  XX XXTX\nX    mH  X\nXXXXXXXXXX\n", "Health: 12 X: 7 Y: 18\nXXXXXXXXXX\nX   b    X\nX XXXXXX X\nXR      \u221eX\nXXXX  XXXX\nX        X\nX   \u221e    X\nX        X\nXXX    XXX\nXe       X\nX    \u221e   X\nXXXXX XXXX\nX \u221e   X  X\nX XXXXX XX\nX        X\nXXXXXX XXX\nX  X \u221e XTX\nX  XX XXTX\nX    m H X\nXXXXXXXXXX\n", "Health: 12 X: 8 Y: 18\nXXXXXXXXXX\nX   b    X\nX XXXXXX X\nXR      \u221eX\nXXXX  XXXX\nX        X\nX   \u221e    X\nX        X\nXXX    XXX\nXe       X\nX    \u221e   X\nXXXXX XXXX\nX \u221e   X  X\nX XXXXX XX\nX        X\nXXXXXX XXX\nX  X \u221e XTX\nX  XX XXTX\nX    m  HX\nXXXXXXXXXX\n", "Health: 12 X: 8 Y: 17\nXXXXXXXXXX\nX   b    X\nX XXXXXX X\nXR      \u221eX\nXXXX  XXXX\nX        X\nX   \u221e    X\nX        X\nXXX    XXX\nXe       X\nX    \u221e   X\nXXXXX XXXX\nX \u221e   X  X\nX XXXXX XX\nX        X\nXXXXXX XXX\nX  X \u221e XTX\nX  XX XX X\nX    m   X\nXXXXXXXXXX\n", "Health: 12 X: 8 Y: 16\nXXXXXXXXXX\nX   b    X\nX XXXXXX X\nXR      \u221eX\nXXXX  XXXX\nX        X\nX   \u221e    X\nX        X\nXXX    XXX\nXe       X\nX    \u221e   X\nXXXXX XXXX\nX \u221e   X  X\nX XXXXX XX\nX        X\nXXXXXX XXX\nX  X \u221e X X\nX  XX XX X\nX     m  X\nXXXXXXXXXX\n", "Health: 12 X: 8 Y: 17\nXXXXXXXXXX\nX   b    X\nX XXXXXX X\nXR      \u221eX\nXXXX  XXXX\nX        X\nX   \u221e    X\nX        X\nXXX    XXX\nXe       X\nX    \u221e   X\nXXXXX XXXX\nX \u221e   X  X\nX XXXXX XX\nX        X\nXXXXXX XXX\nX  X \u221e X X\nX  XX XX X\nX      m X\nXXXXXXXXXX\n", "Health: 11 X: 8 Y: 18\nXXXXXXXXXX\nX   b    X\nX XXXXXX X\nXR      \u221eX\nXXXX  XXXX\nX        X\nX   \u221e    X\nX        X\nXXX    XXX\nXe       X\nX    \u221e   X\nXXXXX XXXX\nX \u221e   X  X\nX XXXXX XX\nX        X\nXXXXXX XXX\nX  X \u221e X X\nX  XX XX X\nX      mHX\nXXXXXXXXXX\n", "Health: 11 X: 7 Y: 18\nXXXXXXXXXX\nX   b    X\nX XXXXXX X\nXR      \u221eX\nXXXX  XXXX\nX        X\nX   \u221e    X\nX        X\nXXX    XXX\nXe       X\nX    \u221e   X\nXXXXX XXXX\nX \u221e   X  X\nX XXXXX XX\nX        X\nXXXXXX XXX\nX  X \u221e X X\nX  XX XX X\nX      m X\nXXXXXXXXXX\n", "Health: 11 X: 6 Y: 18\nXXXXXXXXXX\nX   b    X\nX XXXXXX X\nXR      \u221eX\nXXXX  XXXX\nX        X\nX   \u221e    X\nX        X\nXXX    XXX\nXe       X\nX    \u221e   X\nXXXXX XXXX\nX \u221e   X  X\nX XXXXX XX\nX        X\nXXXXXX XXX\nX  X \u221e X X\nX  XX XX X\nX     Hm X\nXXXXXXXXXX\n", "Health: 11 X: 5 Y: 18\nXXXXXXXXXX\nX   b    X\nX XXXXXX X\nXR      \u221eX\nXXXX  XXXX\nX        X\nX   \u221e    X\nX        X\nXXX    XXX\nXe       X\nX    \u221e   X\nXXXXX XXXX\nX \u221e   X  X\nX XXXXX XX\nX        X\nXXXXXX XXX\nX  X \u221e X X\nX  XX XX X\nX    H m X\nXXXXXXXXXX\n", "Health: 11 X: 5 Y: 17\nXXXXXXXXXX\nX   b    X\nX XXXXXX X\nXR      \u221eX\nXXXX  XXXX\nX        X\nX   \u221e    X\nX        X\nXXX    XXX\nXe       X\nX    \u221e   X\nXXXXX XXXX\nX \u221e   X  X\nX XXXXX XX\nX        X\nXXXXXX XXX\nX  X \u221e X X\nX  XXHXX X\nX      m X\nXXXXXXXXXX\n", "Health: 11 X: 5 Y: 16\nXXXXXXXXXX\nX   b    X\nX XXXXXX X\nXR      \u221eX\nXXXX  XXXX\nX        X\nX   \u221e    X\nX        X\nXXX    XXX\nXe       X\nX    \u221e   X\nXXXXX XXXX\nX \u221e   X  X\nX XXXXX XX\nX        X\nXXXXXX XXX\nX  X \u221e X X\nX  XX XX X\nX      m X\nXXXXXXXXXX\n", "Health: 11 X: 6 Y: 16\nXXXXXXXXXX\nX   b    X\nX XXXXXX X\nXR      \u221eX\nXXXX  XXXX\nX        X\nX   \u221e    X\nX        X\nXXX    XXX\nXe       X\nX    \u221e   X\nXXXXX XXXX\nX \u221e   X  X\nX XXXXX XX\nX        X\nXXXXXX XXX\nX  X \u221eHX X\nX  XX XX X\nX     m  X\nXXXXXXXXXX\n", "Health: 11 X: 6 Y: 15\nXXXXXXXXXX\nX   b    X\nX XXXXXX X\nXR      \u221eX\nXXXX  XXXX\nX        X\nX   \u221e    X\nX        X\nXXX    XXX\nXe       X\nX    \u221e   X\nXXXXX XXXX\nX \u221e   X  X\nX XXXXX XX\nX        X\nXXXXXXHXXX\nX  X \u221e X X\nX  XX XX X\nX    m   X\nXXXXXXXXXX\n", "Health: 11 X: 6 Y: 14\nXXXXXXXXXX\nX   b    X\nX XXXXXX X\nXR      \u221eX\nXXXX  XXXX\nX        X\nX   \u221e    X\nX        X\nXXX    XXX\nXe       X\nX    \u221e   X\nXXXXX XXXX\nX \u221e   X  X\nX XXXXX XX\nX     H  X\nXXXXXX XXX\nX  X \u221e X X\nX  XXmXX X\nX        X\nXXXXXXXXXX\n", "Health: 11 X: 5 Y: 14\nXXXXXXXXXX\nX   b    X\nX XXXXXX X\nXR      \u221eX\nXXXX  XXXX\nX        X\nX   \u221e    X\nX        X\nXXX    XXX\nXe       X\nX    \u221e   X\nXXXXX XXXX\nX \u221e   X  X\nX XXXXX XX\nX    H   X\nXXXXXX XXX\nX  X \u221e X X\nX  XX XX X\nX        X\nXXXXXXXXXX\n", "Health: 11 X: 4 Y: 14\nXXXXXXXXXX\nX   b    X\nX XXXXXX X\nXR      \u221eX\nXXXX  XXXX\nX        X\nX   \u221e    X\nX        X\nXXX    XXX\nXe       X\nX    \u221e   X\nXXXXX XXXX\nX \u221e   X  X\nX XXXXX XX\nX   H    X\nXXXXXX XXX\nX  X \u221emX X\nX  XX XX X\nX        X\nXXXXXXXXXX\n", "Health: 11 X: 3 Y: 14\nXXXXXXXXXX\nX   b    X\nX XXXXXX X\nXR      \u221eX\nXXXX  XXXX\nX        X\nX   \u221e    X\nX        X\nXXX    XXX\nXe       X\nX    \u221e   X\nXXXXX XXXX\nX \u221e   X  X\nX XXXXX XX\nX  H     X\nXXXXXXmXXX\nX  X \u221e X X\nX  XX XX X\nX        X\nXXXXXXXXXX\n", "Health: 11 X: 2 Y: 14\nXXXXXXXXXX\nX   b    X\nX XXXXXX X\nXR      \u221eX\nXXXX  XXXX\nX        X\nX   \u221e    X\nX        X\nXXX    XXX\nXe       X\nX    \u221e   X\nXXXXX XXXX\nX \u221e   X  X\nX XXXXX XX\nX H   m  X\nXXXXXX XXX\nX  X \u221e X X\nX  XX XX X\nX        X\nXXXXXXXXXX\n", "Health: 11 X: 1 Y: 14\nXXXXXXXXXX\nX   b    X\nX XXXXXX X\nXR      \u221eX\nXXXX  XXXX\nX        X\nX   \u221e    X\nX        X\nXXX    XXX\nXe       X\nX    \u221e   X\nXXXXX XXXX\nX \u221e   X  X\nX XXXXX XX\nXH   m   X\nXXXXXX XXX\nX  X \u221e X X\nX  XX XX X\nX        X\nXXXXXXXXXX\n", "Health: 11 X: 1 Y: 13\nXXXXXXXXXX\nX   b    X\nX XXXXXX X\nXR      \u221eX\nXXXX  XXXX\nX        X\nX   \u221e    X\nX        X\nXXX    XXX\nXe       X\nX    \u221e   X\nXXXXX XXXX\nX \u221e   X  X\nXHXXXXX XX\nX   m    X\nXXXXXX XXX\nX  X \u221e X X\nX  XX XX X\nX        X\nXXXXXXXXXX\n", "Health: 11 X: 1 Y: 12\nXXXXXXXXXX\nX   b    X\nX XXXXXX X\nXR      \u221eX\nXXXX  XXXX\nX        X\nX   \u221e    X\nX        X\nXXX    XXX\nXe       X\nX    \u221e   X\nXXXXX XXXX\nXH\u221e   X  X\nX XXXXX XX\nX  m     X\nXXXXXX XXX\nX  X \u221e X X\nX  XX XX X\nX        X\nXXXXXXXXXX\n", "Health: 11 X: 2 Y: 12\nXXXXXXXXXX\nX   b    X\nX XXXXXX X\nXR      \u221eX\nXXXX  XXXX\nX        X\nX   \u221e    X\nX        X\nXXX    XXX\nXe       X\nX    \u221e   X\nXXXXX XXXX\nX \u221e   X  X\nX XXXXX XX\nX m      X\nXXXXXX XXX\nX  X \u221e X X\nX  XX XX X\nX        X\nXXXXXXXXXX\n", "Health: 11 X: 3 Y: 12\nXXXXXXXXXX\nX   b    X\nX XXXXXX X\nXR      \u221eX\nXXXX  XXXX\nX        X\nX   \u221e    X\nX        X\nXXX    XXX\nXe       X\nX    \u221e   X\nXXXXX XXXX\nX \u221eH  X  X\nX XXXXX XX\nXm       X\nXXXXXX XXX\nX  X \u221e X X\nX  XX XX X\nX        X\nXXXXXXXXXX\n", "Health: 11 X: 4 Y: 12\nXXXXXXXXXX\nX   b    X\nX XXXXXX X\nXR      \u221eX\nXXXX  XXXX\nX        X\nX   \u221e    X\nX        X\nXXX    XXX\nXe       X\nX    \u221e   X\nXXXXX XXXX\nX \u221e H X  X\nXmXXXXX XX\nX        X\nXXXXXX XXX\nX  X \u221e X X\nX  XX XX X\nX        X\nXXXXXXXXXX\n", "Health: 11 X: 5 Y: 12\nXXXXXXXXXX\nX   b    X\nX XXXXXX X\nXR      \u221eX\nXXXX  XXXX\nX        X\nX   \u221e    X\nX        X\nXXX    XXX\nXe       X\nX    \u221e   X\nXXXXX XXXX\nXm\u221e  HX  X\nX XXXXX XX\nX        X\nXXXXXX XXX\nX  X \u221e X X\nX  XX XX X\nX        X\nXXXXXXXXXX\n", "Health: 11 X: 5 Y: 11\nXXXXXXXXXX\nX   b    X\nX XXXXXX X\nXR      \u221eX\nXXXX  XXXX\nX        X\nX   \u221e    X\nX        X\nXXX    XXX\nXe       X\nX    \u221e   X\nXXXXXHXXXX\nX \u221e   X  X\nX XXXXX XX\nX        X\nXXXXXX XXX\nX  X \u221e X X\nX  XX XX X\nX        X\nXXXXXXXXXX\n", "Health: 11 X: 5 Y: 10\nXXXXXXXXXX\nX   b    X\nX XXXXXX X\nXR      \u221eX\nXXXX  XXXX\nX        X\nX   \u221e    X\nX        X\nXXX    XXX\nXe       X\nX    \u221e   X\nXXXXX XXXX\nX \u221em  X  X\nX XXXXX XX\nX        X\nXXXXXX XXX\nX  X \u221e X X\nX  XX XX X\nX        X\nXXXXXXXXXX\n", "Health: 11 X: 5 Y: 9\nXXXXXXXXXX\nX   b    X\nX XXXXXX X\nXR      \u221eX\nXXXX  XXXX\nX        X\nX   \u221e    X\nX        X\nXXX    XXX\nXe   H   X\nX    \u221e   X\nXXXXX XXXX\nX \u221e m X  X\nX XXXXX XX\nX        X\nXXXXXX XXX\nX  X \u221e X X\nX  XX XX X\nX        X\nXXXXXXXXXX\n", "Health: 11 X: 4 Y: 9\nXXXXXXXXXX\nX   b    X\nX XXXXXX X\nXR      \u221eX\nXXXX  XXXX\nX        X\nX   \u221e    X\nX        X\nXXX    XXX\nXe  H    X\nX    \u221e   X\nXXXXX XXXX\nX \u221e  mX  X\nX XXXXX XX\nX        X\nXXXXXX XXX\nX  X \u221e X X\nX  XX XX X\nX        X\nXXXXXXXXXX\n", "Health: 11 X: 3 Y: 9\nXXXXXXXXXX\nX   b    X\nX XXXXXX X\nXR      \u221eX\nXXXX  XXXX\nX        X\nX   \u221e    X\nX        X\nXXX    XXX\nXe H     X\nX    \u221e   X\nXXXXXmXXXX\nX \u221e   X  X\nX XXXXX XX\nX        X\nXXXXXX XXX\nX  X \u221e X X\nX  XX XX X\nX        X\nXXXXXXXXXX\n", "Health: 11 X: 2 Y: 9\nXXXXXXXXXX\nX   b    X\nX XXXXXX X\nXR      \u221eX\nXXXX  XXXX\nX        X\nX   \u221e    X\nX        X\nXXX    XXX\nXeH      X\nX    \u221e   X\nXXXXX XXXX\nX \u221e   X  X\nX XXXXX XX\nX        X\nXXXXXX XXX\nX  X \u221e X X\nX  XX XX X\nX        X\nXXXXXXXXXX\n", "Health: 11 X: 1 Y: 9\nXXXXXXXXXX\nX   b    X\nX XXXXXX X\nXR      \u221eX\nXXXX  XXXX\nX        X\nX   \u221e    X\nX        X\nXXX    XXX\nXe   m   X\nX    \u221e   X\nXXXXX XXXX\nX \u221e   X  X\nX XXXXX XX\nX        X\nXXXXXX XXX\nX  X \u221e X X\nX  XX XX X\nX        X\nXXXXXXXXXX\n"], "map_number": 102}, {"mechanics": [{"timestep": 0, "mechanic": "CollectTreasure"}, {"timestep": 3, "mechanic": "CollectTreasure"}, {"timestep": 3, "mechanic": "OgreTreasure"}, {"timestep": 5, "mechanic": "MinitaurHit"}, {"timestep": 10, "mechanic": "OgreHit"}, {"timestep": 13, "mechanic": "CollectTreasure"}, {"timestep": 15, "mechanic": "OgreHit"}, {"timestep": 17, "mechanic": "MinitaurHit"}, {"timestep": 22, "mechanic": "CollectTreasure"}, {"timestep": 25, "mechanic": "CollectTreasure"}, {"timestep": 28, "mechanic": "CollectTreasure"}, {"timestep": 31, "mechanic": "CollectTreasure"}, {"timestep": 36, "mechanic": "ReachStairs"}], "frequencies": {"CollectTreasure": 7, "OgreTreasure": 1, "MinitaurHit": 2, "OgreHit": 2, "ReachStairs": 1}, "levelReport": {"utilityGained": 0.0, "exitUtility": 1.0, "runnerUtility": 0.63, "loitererUtility": 37.0, "completionistUtility": 0.5216666666666666, "monsterKillerUtility": 0.475, "treasureCollectorUtility": 0.7899999999999999, "turnsTaken": 37, "health": 4, "healthLost": 6, "alive": true, "javelinsThrown": 0, "monsterKills": 1, "minitaurKnockouts": 2, "treasuresCollected": 7, "potionsTaken": 0, "totalMonsters": 5, "totalTreasures": 10, "totalPotions": 1, "timeTaken": 0.0}, "positions": [{"X": 6, "Y": 3}, {"X": 5, "Y": 3}, {"X": 4, "Y": 3}, {"X": 3, "Y": 3}, {"X": 4, "Y": 3}, {"X": 5, "Y": 3}, {"X": 6, "Y": 3}, {"X": 7, "Y": 3}, {"X": 8, "Y": 3}, {"X": 8, "Y": 4}, {"X": 8, "Y": 5}, {"X": 8, "Y": 6}, {"X": 8, "Y": 7}, {"X": 8, "Y": 8}, {"X": 8, "Y": 9}, {"X": 8, "Y": 8}, {"X": 8, "Y": 7}, {"X": 8, "Y": 6}, {"X": 8, "Y": 7}, {"X": 8, "Y": 8}, {"X": 8, "Y": 9}, {"X": 7, "Y": 9}, {"X": 7, "Y": 10}, {"X": 7, "Y": 11}, {"X": 7, "Y": 12}, {"X": 8, "Y": 12}, {"X": 8, "Y": 13}, {"X": 7, "Y": 13}, {"X": 7, "Y": 14}, {"X": 7, "Y": 15}, {"X": 8, "Y": 15}, {"X": 8, "Y": 16}, {"X": 8, "Y": 17}, {"X": 8, "Y": 18}, {"X": 7, "Y": 18}, {"X": 6, "Y": 18}, {"X": 5, "Y": 18}], "levelStates": ["Health: 10 X: 6 Y: 3\nXXXXXXXXXX\nX m   tTTX\nXXXXX XXXX\nXX T     X\nXX XX XX X\nX   X X oX\nX   X X  X\nX  bX XT X\nXX XX XXTX\nX P X X  X\nXX XX XTXX\nX  TX X TX\nX M X X TX\nX   X X  X\nXX XX XTXX\nX R X X  X\nX   X XXTX\nX XXX X  X\nX    e   X\nXXXXXXXXXX\n", "Health: 10 X: 5 Y: 3\nXXXXXXXXXX\nX  m  tTTX\nXXXXX XXXX\nXX T H   X\nXX XX XX X\nX   X Xo X\nX   X X  X\nX  bX XT X\nXX XX XXTX\nX P X X  X\nXX XX XTXX\nX  TX X TX\nX M X X TX\nX   X X  X\nXX XX XTXX\nX R X X  X\nX   X XXTX\nX XXX X  X\nX    e   X\nXXXXXXXXXX\n", "Health: 10 X: 4 Y: 3\nXXXXXXXXXX\nX   m tTTX\nXXXXX XXXX\nXX TH    X\nXX XX XX X\nX   X X  X\nX   X Xo X\nX  bX XT X\nXX XX XXTX\nX P X X  X\nXX XX XTXX\nX  TX X TX\nX M X X TX\nX   X X  X\nXX XX XTXX\nX R X X  X\nX   X XXTX\nX XXX X  X\nX    e   X\nXXXXXXXXXX\n", "Health: 10 X: 3 Y: 3\nXXXXXXXXXX\nX    mtTTX\nXXXXX XXXX\nXX       X\nXX XX XX X\nX   X X  X\nX   X X  X\nX  bX X  X\nXX XX XXTX\nX P X X  X\nXX XX XTXX\nX  TX X TX\nX M X X TX\nX   X X  X\nXX XX XTXX\nX R X X  X\nX   X XXTX\nX XXX X  X\nX    e   X\nXXXXXXXXXX\n", "Health: 10 X: 4 Y: 3\nXXXXXXXXXX\nX     tTTX\nXXXXXmXXXX\nXX  H    X\nXX XX XX X\nX   X X  X\nX   X X  X\nX  bX X  X\nXX XX XXTX\nX P X X  X\nXX XX XTXX\nX  TX X TX\nX M X X TX\nX   X X  X\nXX XX XTXX\nX R X X  X\nX   X XXTX\nX XXX X  X\nX    e   X\nXXXXXXXXXX\n", "Health: 9 X: 5 Y: 3\nXXXXXXXXXX\nX     tTTX\nXXXXXmXXXX\nXX   H   X\nXX XX XX X\nX   X X  X\nX   X X  X\nX  bX X  X\nXX XX XXTX\nX P X X  X\nXX XX XTXX\nX  TX X TX\nX M X X TX\nX   X X  X\nXX XX XTXX\nX R X X  X\nX   X XXTX\nX XXX X  X\nX    e   X\nXXXXXXXXXX\n", "Health: 9 X: 6 Y: 3\nXXXXXXXXXX\nX     tTTX\nXXXXXmXXXX\nXX       X\nXX XX XX X\nX   X X  X\nX   X X  X\nX  bX X  X\nXX XX XXTX\nX P X X  X\nXX XX XTXX\nX  TX X TX\nX M X X TX\nX   X X  X\nXX XX XTXX\nX R X X  X\nX   X XXTX\nX XXX X  X\nX    e   X\nXXXXXXXXXX\n", "Health: 9 X: 7 Y: 3\nXXXXXXXXXX\nX     tTTX\nXXXXXmXXXX\nXX     H X\nXX XX XX X\nX   X X  X\nX   X X  X\nX  bX X  X\nXX XX XXTX\nX P X X  X\nXX XX XTXX\nX  TX X TX\nX M X X TX\nX   X X  X\nXX XX XTXX\nX R X X  X\nX   X XXTX\nX XXX X  X\nX    e   X\nXXXXXXXXXX\n", "Health: 9 X: 8 Y: 3\nXXXXXXXXXX\nX     tTTX\nXXXXXmXXXX\nXX      HX\nXX XX XX X\nX   X X  X\nX   X Xo X\nX  bX X  X\nXX XX XXTX\nX P X X  X\nXX XX XTXX\nX  TX X TX\nX M X X TX\nX   X X  X\nXX XX XTXX\nX R X X  X\nX   X XXTX\nX XXX X  X\nX    e   X\nXXXXXXXXXX\n", "Health: 9 X: 8 Y: 4\nXXXXXXXXXX\nX     tTTX\nXXXXXmXXXX\nXX       X\nXX XX XXHX\nX   X Xo X\nX   X X  X\nX  bX X  X\nXX XX XXTX\nX P X X  X\nXX XX XTXX\nX  TX X TX\nX M X X TX\nX   X X  X\nXX XX XTXX\nX R X X  X\nX   X XXTX\nX XXX X  X\nX    e   X\nXXXXXXXXXX\n", "Health: 7 X: 8 Y: 5\nXXXXXXXXXX\nX     tTTX\nXXXXXmXXXX\nXX       X\nXX XX XX X\nX   X XoHX\nX   X X  X\nX  bX X  X\nXX XX XXTX\nX P X X  X\nXX XX XTXX\nX  TX X TX\nX M X X TX\nX   X X  X\nXX XX XTXX\nX R X X  X\nX   X XXTX\nX XXX X  X\nX    e   X\nXXXXXXXXXX\n", "Health: 7 X: 8 Y: 6\nXXXXXXXXXX\nX     tTTX\nXXXXX XXXX\nXX   m   X\nXX XX XX X\nX   X X oX\nX   X X HX\nX  bX X  X\nXX XX XXTX\nX P X X  X\nXX XX XTXX\nX  TX X TX\nX M X X TX\nX   X X  X\nXX XX XTXX\nX R X X  X\nX   X XXTX\nX XXX X  X\nX    e   X\nXXXXXXXXXX\n", "Health: 7 X: 8 Y: 7\nXXXXXXXXXX\nX     tTTX\nXXXXX XXXX\nXX       X\nXX XX XX X\nX   X X  X\nX   X X oX\nX  bX X HX\nXX XX XXTX\nX P X X  X\nXX XX XTXX\nX  TX X TX\nX M X X TX\nX   X X  X\nXX XX XTXX\nX R X X  X\nX   X XXTX\nX XXX X  X\nX    e   X\nXXXXXXXXXX\n", "Health: 7 X: 8 Y: 8\nXXXXXXXXXX\nX     tTTX\nXXXXX XXXX\nXX     m X\nXX XX XX X\nX   X X  X\nX   X X  X\nX  bX X oX\nXX XX XX X\nX P X X  X\nXX XX XTXX\nX  TX X TX\nX M X X TX\nX   X X  X\nXX XX XTXX\nX R X X  X\nX   X XXTX\nX XXX X  X\nX    e   X\nXXXXXXXXXX\n", "Health: 7 X: 8 Y: 9\nXXXXXXXXXX\nX     tTTX\nXXXXX XXXX\nXX      mX\nXX XX XX X\nX   X X  X\nX   X X  X\nX  bX X  X\nXX XX XX X\nX P X X HX\nXX XX XTXX\nX  TX X TX\nX M X X TX\nX   X X  X\nXX XX XTXX\nX R X X  X\nX   X XXTX\nX XXX X  X\nX    e   X\nXXXXXXXXXX\n", "Health: 5 X: 8 Y: 8\nXXXXXXXXXX\nX     tTTX\nXXXXX XXXX\nXX       X\nXX XX XXmX\nX   X X  X\nX   X X  X\nX  bX X  X\nXX XX XX X\nX P X X  X\nXX XX XTXX\nX  TX X TX\nX M X X TX\nX   X X  X\nXX XX XTXX\nX R X X  X\nX   X XXTX\nX XXX X  X\nX    e   X\nXXXXXXXXXX\n", "Health: 5 X: 8 Y: 7\nXXXXXXXXXX\nX     tTTX\nXXXXX XXXX\nXX       X\nXX XX XX X\nX   X X mX\nX   X X  X\nX  bX X HX\nXX XX XX X\nX P X X  X\nXX XX XTXX\nX  TX X TX\nX M X X TX\nX   X X  X\nXX XX XTXX\nX R X X  X\nX   X XXTX\nX XXX X  X\nX    e   X\nXXXXXXXXXX\n", "Health: 4 X: 8 Y: 6\nXXXXXXXXXX\nX     tTTX\nXXXXX XXXX\nXX       X\nXX XX XX X\nX   X X mX\nX   X X HX\nX  bX X  X\nXX XX XX X\nX P X X  X\nXX XX XTXX\nX  TX X TX\nX M X X TX\nX   X X  X\nXX XX XTXX\nX R X X  X\nX   X XXTX\nX XXX X  X\nX    e   X\nXXXXXXXXXX\n", "Health: 4 X: 8 Y: 7\nXXXXXXXXXX\nX     tTTX\nXXXXX XXXX\nXX       X\nXX XX XX X\nX   X X mX\nX   X X  X\nX  bX X HX\nXX XX XX X\nX P X X  X\nXX XX XTXX\nX  TX X TX\nX M X X TX\nX   X X  X\nXX XX XTXX\nX R X X  X\nX   X XXTX\nX XXX X  X\nX    e   X\nXXXXXXXXXX\n", "Health: 4 X: 8 Y: 8\nXXXXXXXXXX\nX     tTTX\nXXXXX XXXX\nXX       X\nXX XX XX X\nX   X X mX\nX   X X  X\nX  bX X  X\nXX XX XX X\nX P X X  X\nXX XX XTXX\nX  TX X TX\nX M X X TX\nX   X X  X\nXX XX XTXX\nX R X X  X\nX   X XXTX\nX XXX X  X\nX    e   X\nXXXXXXXXXX\n", "Health: 4 X: 8 Y: 9\nXXXXXXXXXX\nX     tTTX\nXXXXX XXXX\nXX       X\nXX XX XX X\nX   X X mX\nX   X X  X\nX  bX X  X\nXX XX XX X\nX P X X HX\nXX XX XTXX\nX  TX X TX\nX M X X TX\nX   X X  X\nXX XX XTXX\nX R X X  X\nX   X XXTX\nX XXX X  X\nX    e   X\nXXXXXXXXXX\n", "Health: 4 X: 7 Y: 9\nXXXXXXXXXX\nX     tTTX\nXXXXX XXXX\nXX       X\nXX XX XX X\nX   X X mX\nX   X X  X\nX  bX X  X\nXX XX XX X\nX P X XH X\nXX XX XTXX\nX  TX X TX\nX M X X TX\nX   X X  X\nXX XX XTXX\nX R X X  X\nX   X XXTX\nX XXX X  X\nX    e   X\nXXXXXXXXXX\n", "Health: 4 X: 7 Y: 10\nXXXXXXXXXX\nX     tTTX\nXXXXX XXXX\nXX       X\nXX XX XX X\nX   X X mX\nX   X X  X\nX  bX X  X\nXX XX XX X\nX P X X  X\nXX XX X XX\nX  TX X TX\nX M X X TX\nX   X X  X\nXX XX XTXX\nX R X X  X\nX   X XXTX\nX XXX X  X\nX    e   X\nXXXXXXXXXX\n", "Health: 4 X: 7 Y: 11\nXXXXXXXXXX\nX     tTTX\nXXXXX XXXX\nXX       X\nXX XX XX X\nX   X X  X\nX   X X mX\nX  bX X  X\nXX XX XX X\nX P X X  X\nXX XX X XX\nX  TX XHTX\nX M X X TX\nX   X X  X\nXX XX XTXX\nX R X X  X\nX   X XXTX\nX XXX X  X\nX    e   X\nXXXXXXXXXX\n", "Health: 4 X: 7 Y: 12\nXXXXXXXXXX\nX     tTTX\nXXXXX XXXX\nXX       X\nXX XX XX X\nX   X X  X\nX   X X  X\nX  bX X mX\nXX XX XX X\nX P X X  X\nXX XX X XX\nX  TX X TX\nX M X XHTX\nX   X X  X\nXX XX XTXX\nX R X X  X\nX   X XXTX\nX XXX X  X\nX    e   X\nXXXXXXXXXX\n", "Health: 4 X: 8 Y: 12\nXXXXXXXXXX\nX     tTTX\nXXXXX XXXX\nXX       X\nXX XX XX X\nX   X X  X\nX   X X  X\nX  bX X  X\nXX XX XX X\nX P X X  X\nXX XX X XX\nX  TX X TX\nX M X X  X\nX   X X  X\nXX XX XTXX\nX R X X  X\nX   X XXTX\nX XXX X  X\nX    e   X\nXXXXXXXXXX\n", "Health: 4 X: 8 Y: 13\nXXXXXXXXXX\nX     tTTX\nXXXXX XXXX\nXX       X\nXX XX XX X\nX   X X  X\nX   X X  X\nX  bX X  X\nXX XX XX X\nX P X X mX\nXX XX X XX\nX  TX X TX\nX M X X  X\nX   X X HX\nXX XX XTXX\nX R X X  X\nX   X XXTX\nX XXX X  X\nX    e   X\nXXXXXXXXXX\n", "Health: 4 X: 7 Y: 13\nXXXXXXXXXX\nX     tTTX\nXXXXX XXXX\nXX       X\nXX XX XX X\nX   X X  X\nX   X X  X\nX  bX X  X\nXX XX XX X\nX P X Xm X\nXX XX X XX\nX  TX X TX\nX M X X  X\nX   X XH X\nXX XX XTXX\nX R X X  X\nX   X XXTX\nX XXX X  X\nX    e   X\nXXXXXXXXXX\n", "Health: 4 X: 7 Y: 14\nXXXXXXXXXX\nX     tTTX\nXXXXX XXXX\nXX       X\nXX XX XX X\nX   X X  X\nX   X X  X\nX  bX X  X\nXX XX XX X\nX P X X  X\nXX XX X XX\nX  TX X TX\nX M X X  X\nX   X X  X\nXX XX X XX\nX R X X  X\nX   X XXTX\nX XXX X  X\nX    e   X\nXXXXXXXXXX\n", "Health: 4 X: 7 Y: 15\nXXXXXXXXXX\nX     tTTX\nXXXXX XXXX\nXX       X\nXX XX XX X\nX   X X  X\nX   X X  X\nX  bX X  X\nXX XX XX X\nX P X X  X\nXX XX X XX\nX  TX XmTX\nX M X X  X\nX   X X  X\nXX XX X XX\nX R X XH X\nX   X XXTX\nX XXX X  X\nX    e   X\nXXXXXXXXXX\n", "Health: 4 X: 8 Y: 15\nXXXXXXXXXX\nX     tTTX\nXXXXX XXXX\nXX       X\nXX XX XX X\nX   X X  X\nX   X X  X\nX  bX X  X\nXX XX XX X\nX P X X  X\nXX XX X XX\nX  TX X TX\nX M X Xm X\nX   X X  X\nXX XX X XX\nX R X X HX\nX   X XXTX\nX XXX X  X\nX    e   X\nXXXXXXXXXX\n", "Health: 4 X: 8 Y: 16\nXXXXXXXXXX\nX     tTTX\nXXXXX XXXX\nXX       X\nXX XX XX X\nX   X X  X\nX   X X  X\nX  bX X  X\nXX XX XX X\nX P X X  X\nXX XX X XX\nX  TX X TX\nX M X X  X\nX   X Xm X\nXX XX X XX\nX R X X  X\nX   X XX X\nX XXX X  X\nX    e   X\nXXXXXXXXXX\n", "Health: 4 X: 8 Y: 17\nXXXXXXXXXX\nX     tTTX\nXXXXX XXXX\nXX       X\nXX XX XX X\nX   X X  X\nX   X X  X\nX  bX X  X\nXX XX XX X\nX P X X  X\nXX XX X XX\nX  TX X TX\nX M X X  X\nX   X X  X\nXX XX X XX\nX R X X  X\nX   X XX X\nX XXX X HX\nX    e   X\nXXXXXXXXXX\n", "Health: 4 X: 8 Y: 18\nXXXXXXXXXX\nX     tTTX\nXXXXX XXXX\nXX       X\nXX XX XX X\nX   X X  X\nX   X X  X\nX  bX X  X\nXX XX XX X\nX P X X  X\nXX XX X XX\nX  TX X TX\nX M X X  X\nX   X X  X\nXX XX X XX\nX R X Xm X\nX   X XX X\nX XXX X  X\nX    e  HX\nXXXXXXXXXX\n", "Health: 4 X: 7 Y: 18\nXXXXXXXXXX\nX     tTTX\nXXXXX XXXX\nXX       X\nXX XX XX X\nX   X X  X\nX   X X  X\nX  bX X  X\nXX XX XX X\nX P X X  X\nXX XX X XX\nX  TX X TX\nX M X X  X\nX   X X  X\nXX XX X XX\nX R X X mX\nX   X XX X\nX XXX X  X\nX    e H X\nXXXXXXXXXX\n", "Health: 4 X: 6 Y: 18\nXXXXXXXXXX\nX     tTTX\nXXXXX XXXX\nXX       X\nXX XX XX X\nX   X X  X\nX   X X  X\nX  bX X  X\nXX XX XX X\nX P X X  X\nXX XX X XX\nX  TX X TX\nX M X X  X\nX   X X  X\nXX XX X XX\nX R X X  X\nX   X XX X\nX XXX X  X\nX    eH  X\nXXXXXXXXXX\n", "Health: 4 X: 5 Y: 18\nXXXXXXXXXX\nX     tTTX\nXXXXX XXXX\nXX       X\nXX XX XX X\nX   X X  X\nX   X X  X\nX  bX X  X\nXX XX XX X\nX P X X  X\nXX XX X XX\nX  TX X TX\nX M X X  X\nX   X X  X\nXX XX X XX\nX R X X  X\nX   X XX X\nX XXX X mX\nX    e   X\nXXXXXXXXXX\n"], "map_number": 100}, {"mechanics": [{"timestep": 1, "mechanic": "BlobHit"}, {"timestep": 7, "mechanic": "OgreHit"}, {"timestep": 7, "mechanic": "OgreHit"}, {"timestep": 14, "mechanic": "CollectPotion"}, {"timestep": 17, "mechanic": "CollectTreasure"}, {"timestep": 23, "mechanic": "CollectTreasure"}, {"timestep": 23, "mechanic": "GoblinRangedHit"}, {"timestep": 24, "mechanic": "CollectTreasure"}, {"timestep": 24, "mechanic": "GoblinRangedHit"}, {"timestep": 27, "mechanic": "ReachStairs"}], "frequencies": {"BlobHit": 1, "OgreHit": 2, "CollectPotion": 1, "CollectTreasure": 3, "GoblinRangedHit": 2, "ReachStairs": 1}, "levelReport": {"utilityGained": 0.0, "exitUtility": 1.0, "runnerUtility": 0.72, "loitererUtility": 28.0, "completionistUtility": 0.5819444444444444, "monsterKillerUtility": 0.5333333333333333, "treasureCollectorUtility": 0.5625, "turnsTaken": 28, "health": 6, "healthLost": 6, "alive": true, "javelinsThrown": 0, "monsterKills": 2, "minitaurKnockouts": 0, "treasuresCollected": 3, "potionsTaken": 1, "totalMonsters": 7, "totalTreasures": 8, "totalPotions": 2, "timeTaken": 0.0}, "positions": [{"X": 7, "Y": 3}, {"X": 6, "Y": 3}, {"X": 5, "Y": 3}, {"X": 4, "Y": 3}, {"X": 4, "Y": 4}, {"X": 4, "Y": 5}, {"X": 4, "Y": 6}, {"X": 4, "Y": 6}, {"X": 4, "Y": 7}, {"X": 4, "Y": 8}, {"X": 4, "Y": 9}, {"X": 4, "Y": 10}, {"X": 4, "Y": 11}, {"X": 3, "Y": 11}, {"X": 2, "Y": 11}, {"X": 1, "Y": 11}, {"X": 1, "Y": 12}, {"X": 1, "Y": 13}, {"X": 1, "Y": 14}, {"X": 1, "Y": 15}, {"X": 1, "Y": 16}, {"X": 2, "Y": 16}, {"X": 3, "Y": 16}, {"X": 4, "Y": 16}, {"X": 5, "Y": 16}, {"X": 6, "Y": 16}, {"X": 6, "Y": 17}, {"X": 5, "Y": 17}], "levelStates": ["Health: 10 X: 7 Y: 3\nXXXXXXXXXX\nXXXT m   X\nXXXXXXXX X\nX     bH X\nX XX XXXXX\nX XX XXXXX\nX MX XT tX\nX XX XTX X\nX XX XTX X\nX MX XTX X\nX XX XXX X\nX P o  P X\nX XXXXXX X\nXTX RR XTX\nX X    X X\nX XX  XX X\nX   TT   X\nXT   e   X\nXXXXXXXXXX\n", "Health: 10 X: 6 Y: 3\nXXXXXXXXXX\nXXXT  m  X\nXXXXXXXX X\nX     \u221e  X\nX XX XXXXX\nX XX XXXXX\nX MX XT tX\nX XX XTX X\nX XX XTX X\nX MX XTX X\nX XX XXX X\nX P o  P X\nX XXXXXX X\nXTX RR XTX\nX X    X X\nX XX  XX X\nX   TT   X\nXT   e   X\nXXXXXXXXXX\n", "Health: 10 X: 5 Y: 3\nXXXXXXXXXX\nXXXT   m X\nXXXXXXXX X\nX    H\u221e  X\nX XX XXXXX\nX XX XXXXX\nX MX XT tX\nX XX XTX X\nX XX XTX X\nX MX XTX X\nX XX XXX X\nX P o  P X\nX XXXXXX X\nXTX RR XTX\nX X    X X\nX XX  XX X\nX   TT   X\nXT   e   X\nXXXXXXXXXX\n", "Health: 10 X: 4 Y: 3\nXXXXXXXXXX\nXXXT    mX\nXXXXXXXX X\nX   H \u221e  X\nX XX XXXXX\nX XX XXXXX\nX MX XT tX\nX XX XTX X\nX XX XTX X\nX MX XTX X\nX XXoXXX X\nX P    P X\nX XXXXXX X\nXTX RR XTX\nX X    X X\nX XX  XX X\nX   TT   X\nXT   e   X\nXXXXXXXXXX\n", "Health: 10 X: 4 Y: 4\nXXXXXXXXXX\nXXXT     X\nXXXXXXXXmX\nX     \u221e  X\nX XXHXXXXX\nX XX XXXXX\nX MX XT tX\nX XX XTX X\nX XX XTX X\nX MXoXTX X\nX XX XXX X\nX P    P X\nX XXXXXX X\nXTX RR XTX\nX X    X X\nX XX  XX X\nX   TT   X\nXT   e   X\nXXXXXXXXXX\n", "Health: 10 X: 4 Y: 5\nXXXXXXXXXX\nXXXT     X\nXXXXXXXX X\nX     \u221e mX\nX XX XXXXX\nX XXHXXXXX\nX MX XT tX\nX XX XTX X\nX XXoXTX X\nX MX XTX X\nX XX XXX X\nX P    P X\nX XXXXXX X\nXTX RR XTX\nX X    X X\nX XX  XX X\nX   TT   X\nXT   e   X\nXXXXXXXXXX\n", "Health: 10 X: 4 Y: 6\nXXXXXXXXXX\nXXXT     X\nXXXXXXXX X\nX     \u221em X\nX XX XXXXX\nX XX XXXXX\nX MXHXT tX\nX XXoXTX X\nX XX XTX X\nX MX XTX X\nX XX XXX X\nX P    P X\nX XXXXXX X\nXTX RR XTX\nX X    X X\nX XX  XX X\nX   TT   X\nXT   e   X\nXXXXXXXXXX\n", "Health: 6 X: 4 Y: 6\nXXXXXXXXXX\nXXXT     X\nXXXXXXXX X\nX     \u221e  X\nX XX XXXXX\nX XX XXXXX\nX MXHXT tX\nX XX\u221eXTX X\nX XX XTX X\nX MX XTX X\nX XX XXX X\nX P    P X\nX XXXXXX X\nXTX RR XTX\nX X    X X\nX XX  XX X\nX   TT   X\nXT   e   X\nXXXXXXXXXX\n", "Health: 6 X: 4 Y: 7\nXXXXXXXXXX\nXXXT     X\nXXXXXXXX X\nX    m\u221e  X\nX XX XXXXX\nX XX XXXXX\nX MX XT tX\nX XX\u221eXTX X\nX XX XTX X\nX MX XTX X\nX XX XXX X\nX P    P X\nX XXXXXX X\nXTX RR XTX\nX X    X X\nX XX  XX X\nX   TT   X\nXT   e   X\nXXXXXXXXXX\n", "Health: 6 X: 4 Y: 8\nXXXXXXXXXX\nXXXT     X\nXXXXXXXX X\nX   m \u221e  X\nX XX XXXXX\nX XX XXXXX\nX MX XT tX\nX XX\u221eXTX X\nX XXHXTX X\nX MX XTX X\nX XX XXX X\nX P    P X\nX XXXXXX X\nXTX RR XTX\nX X    X X\nX XX  XX X\nX   TT   X\nXT   e   X\nXXXXXXXXXX\n", "Health: 6 X: 4 Y: 9\nXXXXXXXXXX\nXXXT     X\nXXXXXXXX X\nX     \u221e  X\nX XXmXXXXX\nX XX XXXXX\nX MX XT tX\nX XX\u221eXTX X\nX XX XTX X\nX MXHXTX X\nX XX XXX X\nX P    P X\nX XXXXXX X\nXTX RR XTX\nX X    X X\nX XX  XX X\nX   TT   X\nXT   e   X\nXXXXXXXXXX\n", "Health: 6 X: 4 Y: 10\nXXXXXXXXXX\nXXXT     X\nXXXXXXXX X\nX     \u221e  X\nX XX XXXXX\nX XXmXXXXX\nX MX XT tX\nX XX\u221eXTX X\nX XX XTX X\nX MX XTX X\nX XXHXXX X\nX P    P X\nX XXXXXX X\nXTX RR XTX\nX X    X X\nX XX  XX X\nX   TT   X\nXT   e   X\nXXXXXXXXXX\n", "Health: 6 X: 4 Y: 11\nXXXXXXXXXX\nXXXT     X\nXXXXXXXX X\nX     \u221e  X\nX XX XXXXX\nX XX XXXXX\nX MXmXT tX\nX XX\u221eXTX X\nX XX XTX X\nX MX XTX X\nX XX XXX X\nX P H  P X\nX XXXXXX X\nXTX RR XTX\nX X    X X\nX XX  XX X\nX   TT   X\nXT   e   X\nXXXXXXXXXX\n", "Health: 6 X: 3 Y: 11\nXXXXXXXXXX\nXXXT     X\nXXXXXXXX X\nX     \u221e  X\nX XX XXXXX\nX XX XXXXX\nX MX XT tX\nX XX\u221eXTX X\nX XX XTX X\nX MX XTX X\nX XX XXX X\nX PH   P X\nX XXXXXX X\nXTX RR XTX\nX X    X X\nX XX  XX X\nX   TT   X\nXT   e   X\nXXXXXXXXXX\n", "Health: 8 X: 2 Y: 11\nXXXXXXXXXX\nXXXT     X\nXXXXXXXX X\nX     \u221e  X\nX XX XXXXX\nX XX XXXXX\nX MX XT tX\nX XX\u221eXTX X\nX XXmXTX X\nX MX XTX X\nX XX XXX X\nX      P X\nX XXXXXX X\nXTX RR XTX\nX X    X X\nX XX  XX X\nX   TT   X\nXT   e   X\nXXXXXXXXXX\n", "Health: 8 X: 1 Y: 11\nXXXXXXXXXX\nXXXT     X\nXXXXXXXX X\nX     \u221e  X\nX XX XXXXX\nX XX XXXXX\nX MX XT tX\nX XX\u221eXTX X\nX XX XTX X\nX MXmXTX X\nX XX XXX X\nXH     P X\nX XXXXXX X\nXTX RR XTX\nX X    X X\nX XX  XX X\nX   TT   X\nXT   e   X\nXXXXXXXXXX\n", "Health: 8 X: 1 Y: 12\nXXXXXXXXXX\nXXXT     X\nXXXXXXXX X\nX     \u221e  X\nX XX XXXXX\nX XX XXXXX\nX MX XT tX\nX XX\u221eXTX X\nX XX XTX X\nX MX XTX X\nX XXmXXX X\nX      P X\nXHXXXXXX X\nXTX RR XTX\nX X    X X\nX XX  XX X\nX   TT   X\nXT   e   X\nXXXXXXXXXX\n", "Health: 8 X: 1 Y: 13\nXXXXXXXXXX\nXXXT     X\nXXXXXXXX X\nX     \u221e  X\nX XX XXXXX\nX XX XXXXX\nX MX XT tX\nX XX\u221eXTX X\nX XX XTX X\nX MX XTX X\nX XX XXX X\nX   m  P X\nX XXXXXX X\nX X RR XTX\nX X    X X\nX XX  XX X\nX   TT   X\nXT   e   X\nXXXXXXXXXX\n", "Health: 8 X: 1 Y: 14\nXXXXXXXXXX\nXXXT     X\nXXXXXXXX X\nX     \u221e  X\nX XX XXXXX\nX XX XXXXX\nX MX XT tX\nX XX\u221eXTX X\nX XX XTX X\nX MX XTX X\nX XX XXX X\nX  m   P X\nX XXXXXX X\nX X RR XTX\nXHX    X X\nX XX  XX X\nX   TT   X\nXT   e   X\nXXXXXXXXXX\n", "Health: 8 X: 1 Y: 15\nXXXXXXXXXX\nXXXT     X\nXXXXXXXX X\nX     \u221e  X\nX XX XXXXX\nX XX XXXXX\nX MX XT tX\nX XX\u221eXTX X\nX XX XTX X\nX MX XTX X\nX XX XXX X\nX      P X\nX XXXXXX X\nX X RR XTX\nX X    X X\nXHXX  XX X\nX   TT   X\nXT   e   X\nXXXXXXXXXX\n", "Health: 8 X: 1 Y: 16\nXXXXXXXXXX\nXXXT     X\nXXXXXXXX X\nX     \u221e  X\nX XX XXXXX\nX XX XXXXX\nX MX XT tX\nX XX\u221eXTX X\nX XX XTX X\nX MX XTX X\nX XX XXX X\nXm     P X\nX XXXXXX X\nX X RR XTX\nX X    X X\nX XX  XX X\nXH  TT   X\nXT   e   X\nXXXXXXXXXX\n", "Health: 8 X: 2 Y: 16\nXXXXXXXXXX\nXXXT     X\nXXXXXXXX X\nX     \u221e  X\nX XX XXXXX\nX XX XXXXX\nX MX XT tX\nX XX\u221eXTX X\nX XX XTX X\nX MX XTX X\nX XX XXX X\nX      P X\nXmXXXXXX X\nX X RR XTX\nX X    X X\nX XX  XX X\nX H TT   X\nXT   e   X\nXXXXXXXXXX\n", "Health: 8 X: 3 Y: 16\nXXXXXXXXXX\nXXXT     X\nXXXXXXXX X\nX     \u221e  X\nX XX XXXXX\nX XX XXXXX\nX MX XT tX\nX XX\u221eXTX X\nX XX XTX X\nX MX XTX X\nX XX XXX X\nX      P X\nX XXXXXX X\nX X RR XTX\nX X    X X\nX XX  XX X\nX  HTT   X\nXT   e   X\nXXXXXXXXXX\n", "Health: 7 X: 4 Y: 16\nXXXXXXXXXX\nXXXT     X\nXXXXXXXX X\nX     \u221e  X\nX XX XXXXX\nX XX XXXXX\nX MX XT tX\nX XX\u221eXTX X\nX XX XTX X\nX MX XTX X\nX XX XXX X\nX      P X\nX XXXXXX X\nX X RR XTX\nXmX    X X\nX XX  XX X\nX    T   X\nXT   e   X\nXXXXXXXXXX\n", "Health: 6 X: 5 Y: 16\nXXXXXXXXXX\nXXXT     X\nXXXXXXXX X\nX     \u221e  X\nX XX XXXXX\nX XX XXXXX\nX MX XT tX\nX XX\u221eXTX X\nX XX XTX X\nX MX XTX X\nX XX XXX X\nX      P X\nX XXXXXX X\nX X RR XTX\nX X    X X\nXmXX  XX X\nX        X\nXT   e   X\nXXXXXXXXXX\n", "Health: 6 X: 6 Y: 16\nXXXXXXXXXX\nXXXT     X\nXXXXXXXX X\nX     \u221e  X\nX XX XXXXX\nX XX XXXXX\nX MX XT tX\nX XX\u221eXTX X\nX XX XTX X\nX MX XTX X\nX XX XXX X\nX      P X\nX XXXXXX X\nX X RR XTX\nX X    X X\nX XX  XX X\nXm    H  X\nXT   e   X\nXXXXXXXXXX\n", "Health: 6 X: 6 Y: 17\nXXXXXXXXXX\nXXXT     X\nXXXXXXXX X\nX     \u221e  X\nX XX XXXXX\nX XX XXXXX\nX MX XT tX\nX XX\u221eXTX X\nX XX XTX X\nX MX XTX X\nX XX XXX X\nX      P X\nX XXXXXX X\nX X RR XTX\nX X    X X\nX XX  XX X\nX m      X\nXT   eH  X\nXXXXXXXXXX\n", "Health: 6 X: 5 Y: 17\nXXXXXXXXXX\nXXXT     X\nXXXXXXXX X\nX     \u221e  X\nX XX XXXXX\nX XX XXXXX\nX MX XT tX\nX XX\u221eXTX X\nX XX XTX X\nX MX XTX X\nX XX XXX X\nX      P X\nX XXXXXX X\nX X R  XTX\nX X  R X X\nX XX  XX X\nX  m     X\nXT   e   X\nXXXXXXXXXX\n"], "map_number": 201}], "timestamp": "11-Aug-2021 01:29:38.691201", "ip": "198.72.251.160"}