{"Q1": "A few times a week", "Q2": "Rarely", "Q3": "Often", "Q4": "Often", "Q5": "Always", "Q6": "Always", "Q7": "Sometimes", "Q8": "Sometimes", "Q9": "Sometimes", "Q10": "Always", "results": [{"mechanics": [{"timestep": 2, "mechanic": "BlobPotion"}, {"timestep": 2, "mechanic": "BlobPotion"}, {"timestep": 4, "mechanic": "JavelinThrow"}, {"timestep": 4, "mechanic": "BlobPotion"}, {"timestep": 6, "mechanic": "OgreTreasure"}, {"timestep": 20, "mechanic": "CollectPotion"}, {"timestep": 22, "mechanic": "JavelinThrow"}, {"timestep": 24, "mechanic": "BlobHit"}, {"timestep": 36, "mechanic": "UsePortal"}, {"timestep": 43, "mechanic": "CollectTreasure"}, {"timestep": 46, "mechanic": "JavelinThrow"}, {"timestep": 52, "mechanic": "ReachStairs"}], "frequencies": {"BlobPotion": 3, "JavelinThrow": 3, "OgreTreasure": 1, "CollectPotion": 1, "BlobHit": 1, "UsePortal": 1, "CollectTreasure": 1, "ReachStairs": 1}, "levelReport": {"utilityGained": 0.0, "exitUtility": 1.0, "runnerUtility": 0.47, "loitererUtility": 53.0, "completionistUtility": 0.4905555555555555, "monsterKillerUtility": 0.58, "treasureCollectorUtility": 0.41666666666666663, "turnsTaken": 53, "health": 11, "healthLost": 1, "alive": true, "javelinsThrown": 3, "monsterKills": 2, "minitaurKnockouts": 2, "treasuresCollected": 1, "potionsTaken": 1, "totalMonsters": 6, "totalTreasures": 6, "totalPotions": 4, "timeTaken": 0.0}, "positions": [{"X": 4, "Y": 11}, {"X": 3, "Y": 11}, {"X": 2, "Y": 11}, {"X": 2, "Y": 10}, {"X": 2, "Y": 10}, {"X": 1, "Y": 10}, {"X": 1, "Y": 9}, {"X": 2, "Y": 9}, {"X": 1, "Y": 9}, {"X": 1, "Y": 10}, {"X": 1, "Y": 11}, {"X": 2, "Y": 11}, {"X": 3, "Y": 11}, {"X": 4, "Y": 11}, {"X": 4, "Y": 10}, {"X": 4, "Y": 9}, {"X": 4, "Y": 8}, {"X": 3, "Y": 8}, {"X": 3, "Y": 7}, {"X": 3, "Y": 6}, {"X": 2, "Y": 6}, {"X": 1, "Y": 6}, {"X": 1, "Y": 6}, {"X": 1, "Y": 7}, {"X": 1, "Y": 8}, {"X": 1, "Y": 9}, {"X": 2, "Y": 9}, {"X": 3, "Y": 9}, {"X": 4, "Y": 9}, {"X": 5, "Y": 9}, {"X": 5, "Y": 10}, {"X": 5, "Y": 11}, {"X": 5, "Y": 12}, {"X": 5, "Y": 13}, {"X": 5, "Y": 14}, {"X": 5, "Y": 15}, {"X": 4, "Y": 4}, {"X": 5, "Y": 4}, {"X": 5, "Y": 3}, {"X": 5, "Y": 2}, {"X": 6, "Y": 2}, {"X": 7, "Y": 2}, {"X": 8, "Y": 2}, {"X": 8, "Y": 1}, {"X": 8, "Y": 2}, {"X": 7, "Y": 2}, {"X": 7, "Y": 2}, {"X": 6, "Y": 2}, {"X": 5, "Y": 2}, {"X": 5, "Y": 3}, {"X": 5, "Y": 2}, {"X": 4, "Y": 2}, {"X": 4, "Y": 1}], "levelStates": ["Health: 10 X: 4 Y: 11\nXXXXXXXXXX\nX X e X TX\nXM       X\nX   X   XX\nX   T    X\nXX  XX   X\nX P     bX\nX X X  X X\nXT       X\nX     o  X\nX  X   XPX\nX   H    X\nXX      XX\nX        X\nXb      bX\nX X T  X X\nXP   m  PX\nX        X\nXT TXT TXX\nXXXXXXXXXX\n", "Health: 10 X: 3 Y: 11\nXXXXXXXXXX\nX X e X TX\nXM       X\nX   X   XX\nX   T    X\nXX  XX   X\nX P      X\nX X X  XbX\nXT       X\nX    o   X\nX  X   XPX\nX  H     X\nXX      XX\nX        X\nX        X\nXbX Tm XbX\nXP      PX\nX        X\nXT TXT TXX\nXXXXXXXXXX\n", "Health: 10 X: 2 Y: 11\nXXXXXXXXXX\nX X e X TX\nXM       X\nX   X   XX\nX   T    X\nXX  XX   X\nX P      X\nX X X  X X\nXT   o  bX\nX        X\nX  X   XPX\nX H      X\nXX      XX\nX        X\nX    m   X\nX X T  X X\nX        X\nX        X\nXT TXT TXX\nXXXXXXXXXX\n", "Health: 10 X: 2 Y: 10\nXXXXXXXXXX\nX X e X TX\nXM       X\nX   X   XX\nX   T    X\nXX  XX   X\nX P      X\nX X X  X X\nXT  o    X\nX       bX\nX HX   XPX\nX        X\nXX      XX\nX    m   X\nX        X\nXbX T  X X\nX        X\nX        X\nXT TXT TXX\nXXXXXXXXXX\n", "Health: 10 X: 2 Y: 10\nXXXXXXXXXX\nX X e X TX\nXM       X\nX   X   XX\nX   T    X\nXX  XX   X\nX P      X\nX X X  X X\nXT o     X\nX        X\nX HX   X X\nX        X\nXX   m  XX\nX        X\nX        X\nXbX T  X X\nX        X\nX        X\nXT TXT TXX\nXXXXXXXXXX\n", "Health: 10 X: 1 Y: 10\nXXXXXXXXXX\nX X e X TX\nXM       X\nX   X   XX\nX   T    X\nXX  XX   X\nX P      X\nX X X  X X\nXTo      X\nX        X\nXH X   X X\nX    m   X\nXX      XX\nX        X\nX        X\nXbX T  X X\nX        X\nX        X\nXT TXT TXX\nXXXXXXXXXX\n", "Health: 10 X: 1 Y: 9\nXXXXXXXXXX\nX X e X TX\nXM       X\nX   X   XX\nX   T    X\nXX  XX   X\nX P      X\nX X X  X X\nXo       X\nXH       X\nX  X m X X\nX        X\nXX      XX\nX        X\nX        X\nXbX T  X X\nX        X\nX        X\nXT TXT TXX\nXXXXXXXXXX\n", "Health: 10 X: 2 Y: 9\nXXXXXXXXXX\nX X e X TX\nXM       X\nX   X   XX\nX   T    X\nXX  XX   X\nX P      X\nX X X  X X\nX o      X\nX H  m   X\nX  X   X X\nX        X\nXX      XX\nX        X\nX        X\nXbX T  X X\nX        X\nX        X\nXT TXT TXX\nXXXXXXXXXX\n", "Health: 10 X: 1 Y: 9\nXXXXXXXXXX\nX X e X TX\nXM       X\nX   X   XX\nX   T    X\nXX  XX   X\nX P      X\nX X X  X X\nXo       X\nXH  m    X\nX  X   X X\nX        X\nXX      XX\nX        X\nX        X\nXbX T  X X\nX        X\nX        X\nXT TXT TXX\nXXXXXXXXXX\n", "Health: 10 X: 1 Y: 10\nXXXXXXXXXX\nX X e X TX\nXM       X\nX   X   XX\nX   T    X\nXX  XX   X\nX P      X\nX X X  X X\nX        X\nXo m     X\nXH X   X X\nX        X\nXX      XX\nX        X\nX        X\nXbX T  X X\nX        X\nX        X\nXT TXT TXX\nXXXXXXXXXX\n", "Health: 10 X: 1 Y: 11\nXXXXXXXXXX\nX X e X TX\nXM       X\nX   X   XX\nX   T    X\nXX  XX   X\nX P      X\nX X X  X X\nX        X\nX m      X\nXo X   X X\nXH       X\nXX      XX\nX        X\nX        X\nXbX T  X X\nX        X\nX        X\nXT TXT TXX\nXXXXXXXXXX\n", "Health: 10 X: 2 Y: 11\nXXXXXXXXXX\nX X e X TX\nXM       X\nX   X   XX\nX   T    X\nXX  XX   X\nX P      X\nX X X  X X\nX        X\nX        X\nX mX   X X\nX H      X\nXX      XX\nX        X\nXb       X\nX X T  X X\nX        X\nX        X\nXT TXT TXX\nXXXXXXXXXX\n", "Health: 10 X: 3 Y: 11\nXXXXXXXXXX\nX X e X TX\nXM       X\nX   X   XX\nX   T    X\nXX  XX   X\nX P      X\nX X X  X X\nX        X\nX        X\nX mX   X X\nX  H     X\nXX      XX\nXb       X\nX        X\nX X T  X X\nX        X\nX        X\nXT TXT TXX\nXXXXXXXXXX\n", "Health: 10 X: 4 Y: 11\nXXXXXXXXXX\nX X e X TX\nXM       X\nX   X   XX\nX   T    X\nXX  XX   X\nX P      X\nX X X  X X\nX        X\nX        X\nX mX   X X\nX   H    X\nXX      XX\nX b      X\nX        X\nX X T  X X\nX        X\nX        X\nXT TXT TXX\nXXXXXXXXXX\n", "Health: 10 X: 4 Y: 10\nXXXXXXXXXX\nX X e X TX\nX M      X\nX   X   XX\nX   T    X\nXX  XX   X\nX P      X\nX X X  X X\nX        X\nX        X\nX mXH  X X\nX        X\nXXb     XX\nX        X\nX        X\nX X T  X X\nX        X\nX        X\nXT TXT TXX\nXXXXXXXXXX\n", "Health: 10 X: 4 Y: 9\nXXXXXXXXXX\nX X e X TX\nX M      X\nX   X   XX\nX   T    X\nXX  XX   X\nX P      X\nX X X  X X\nX        X\nX   H    X\nX mX   X X\nX        X\nXXb     XX\nX        X\nX        X\nX X T  X X\nX        X\nX        X\nXT TXT TXX\nXXXXXXXXXX\n", "Health: 10 X: 4 Y: 8\nXXXXXXXXXX\nX X e X TX\nX M      X\nX   X   XX\nX   T    X\nXX  XX   X\nX P      X\nX X X  X X\nX   H    X\nX        X\nX mX   X X\nX        X\nXXb     XX\nX        X\nX        X\nX X T  X X\nX        X\nX        X\nXT TXT TXX\nXXXXXXXXXX\n", "Health: 10 X: 3 Y: 8\nXXXXXXXXXX\nX X e X TX\nX  M     X\nX   X   XX\nX   T    X\nXX  XX   X\nX P      X\nX X X  X X\nX  H     X\nX m      X\nX \u221eX   X X\nX        X\nXXb     XX\nX        X\nX        X\nX X T  X X\nX        X\nX        X\nXT TXT TXX\nXXXXXXXXXX\n", "Health: 10 X: 3 Y: 7\nXXXXXXXXXX\nX X e X TX\nX        X\nX  MX   XX\nX   T    X\nXX  XX   X\nX P      X\nX XHX  X X\nX m      X\nX        X\nX \u221eX   X X\nX b      X\nXX      XX\nX        X\nX        X\nX X T  X X\nX        X\nX        X\nXT TXT TXX\nXXXXXXXXXX\n", "Health: 10 X: 3 Y: 6\nXXXXXXXXXX\nX X e X TX\nX        X\nX   X   XX\nX  MT    X\nXX  XX   X\nX PH     X\nX X X  X X\nX  m     X\nX        X\nX bX   X X\nX        X\nXX      XX\nX        X\nX        X\nX X T  X X\nX        X\nX        X\nXT TXT TXX\nXXXXXXXXXX\n", "Health: 12 X: 2 Y: 6\nXXXXXXXXXX\nX X e X TX\nX        X\nX   X   XX\nX M T    X\nXX  XX   X\nX        X\nX XmX  X X\nX        X\nX        X\nX bX   X X\nX        X\nXX      XX\nX        X\nX        X\nX X T  X X\nX        X\nX        X\nXT TXT TXX\nXXXXXXXXXX\n", "Health: 12 X: 1 Y: 6\nXXXXXXXXXX\nX X e X TX\nX        X\nX   X   XX\nX M T    X\nXX  XX   X\nXH m     X\nX X X  X X\nX        X\nX b      X\nX \u221eX   X X\nX        X\nXX      XX\nX        X\nX        X\nX X T  X X\nX        X\nX        X\nXT TXT TXX\nXXXXXXXXXX\n", "Health: 12 X: 1 Y: 6\nXXXXXXXXXX\nX X e X TX\nX        X\nX   X   XX\nX M T    X\nXX  XX   X\nXHm      X\nX X X  X X\nX        X\nX b      X\nX \u221eX   X X\nX        X\nXX      XX\nX        X\nX        X\nX X T  X X\nX        X\nX        X\nXT TXT TXX\nXXXXXXXXXX\n", "Health: 12 X: 1 Y: 7\nXXXXXXXXXX\nX X e X TX\nX        X\nX   X   XX\nX   T    X\nXXM XX   X\nXm       X\nXHX X  X X\nX b      X\nX        X\nX \u221eX   X X\nX        X\nXX      XX\nX        X\nX        X\nX X T  X X\nX        X\nX        X\nXT TXT TXX\nXXXXXXXXXX\n", "Health: 11 X: 1 Y: 8\nXXXXXXXXXX\nX X e X TX\nX        X\nX   X   XX\nX   T    X\nXXM XX   X\nX        X\nXmX X  X X\nX \u221e      X\nX        X\nX \u221eX   X X\nX        X\nXX      XX\nX        X\nX        X\nX X T  X X\nX        X\nX        X\nXT TXT TXX\nXXXXXXXXXX\n", "Health: 11 X: 1 Y: 9\nXXXXXXXXXX\nX X e X TX\nX        X\nX   X   XX\nX   T    X\nXXM XX   X\nX        X\nX X X  X X\nXm\u221e      X\nXH       X\nX \u221eX   X X\nX        X\nXX      XX\nX        X\nX        X\nX X T  X X\nX        X\nX        X\nXT TXT TXX\nXXXXXXXXXX\n", "Health: 11 X: 2 Y: 9\nXXXXXXXXXX\nX X e X TX\nX        X\nX   X   XX\nX   T    X\nXXM XX   X\nX        X\nX X X  X X\nX m      X\nX H      X\nX \u221eX   X X\nX        X\nXX      XX\nX        X\nX        X\nX X T  X X\nX        X\nX        X\nXT TXT TXX\nXXXXXXXXXX\n", "Health: 11 X: 3 Y: 9\nXXXXXXXXXX\nX X e X TX\nX        X\nX   X   XX\nX   T    X\nXXM XX   X\nX        X\nX X X  X X\nX \u221em     X\nX  H     X\nX \u221eX   X X\nX        X\nXX      XX\nX        X\nX        X\nX X T  X X\nX        X\nX        X\nXT TXT TXX\nXXXXXXXXXX\n", "Health: 11 X: 4 Y: 9\nXXXXXXXXXX\nX X e X TX\nX        X\nX   X   XX\nX   T    X\nXX MXX   X\nX        X\nX X X  X X\nX \u221e m    X\nX   H    X\nX \u221eX   X X\nX        X\nXX      XX\nX        X\nX        X\nX X T  X X\nX        X\nX        X\nXT TXT TXX\nXXXXXXXXXX\n", "Health: 11 X: 5 Y: 9\nXXXXXXXXXX\nX X e X TX\nX        X\nX   X   XX\nX   T    X\nXX MXX   X\nX        X\nX X X  X X\nX \u221e  m   X\nX    H   X\nX \u221eX   X X\nX        X\nXX      XX\nX        X\nX        X\nX X T  X X\nX        X\nX        X\nXT TXT TXX\nXXXXXXXXXX\n", "Health: 11 X: 5 Y: 10\nXXXXXXXXXX\nX X e X TX\nX        X\nX   X   XX\nX   T    X\nXX MXX   X\nX        X\nX X X  X X\nX \u221e      X\nX    m   X\nX \u221eX H X X\nX        X\nXX      XX\nX        X\nX        X\nX X T  X X\nX        X\nX        X\nXT TXT TXX\nXXXXXXXXXX\n", "Health: 11 X: 5 Y: 11\nXXXXXXXXXX\nX X e X TX\nX        X\nX   X   XX\nX   T    X\nXX MXX   X\nX        X\nX X X  X X\nX \u221e      X\nX        X\nX \u221eX m X X\nX    H   X\nXX      XX\nX        X\nX        X\nX X T  X X\nX        X\nX        X\nXT TXT TXX\nXXXXXXXXXX\n", "Health: 11 X: 5 Y: 12\nXXXXXXXXXX\nX X e X TX\nX        X\nX   X   XX\nX   T    X\nXX MXX   X\nX        X\nX X X  X X\nX \u221e      X\nX        X\nX \u221eX   X X\nX    m   X\nXX   H  XX\nX        X\nX        X\nX X T  X X\nX        X\nX        X\nXT TXT TXX\nXXXXXXXXXX\n", "Health: 11 X: 5 Y: 13\nXXXXXXXXXX\nX X e X TX\nX        X\nX   X   XX\nX   T    X\nXX MXX   X\nX        X\nX X X  X X\nX \u221e      X\nX        X\nX \u221eX   X X\nX       bX\nXX   m  XX\nX    H   X\nX        X\nX X T  X X\nX        X\nX        X\nXT TXT TXX\nXXXXXXXXXX\n", "Health: 11 X: 5 Y: 14\nXXXXXXXXXX\nX X e X TX\nX        X\nX   X   XX\nX   T    X\nXX MXX   X\nX        X\nX X X  X X\nX \u221e      X\nX        X\nX \u221eX   X X\nX       bX\nXX      XX\nX    m   X\nX    H   X\nX X T  X X\nX        X\nX        X\nXT TXT TXX\nXXXXXXXXXX\n", "Health: 11 X: 5 Y: 15\nXXXXXXXXXX\nX X e X TX\nX        X\nX   X   XX\nX   T    X\nXX  XX   X\nX  M     X\nX X X  X X\nX \u221e      X\nX        X\nX \u221eX   X X\nX       bX\nXX      XX\nX        X\nX    m   X\nX X TH X X\nX        X\nX        X\nXT TXT TXX\nXXXXXXXXXX\n", "Health: 11 X: 4 Y: 4\nXXXXXXXXXX\nX X e X TX\nX        X\nX   X   XX\nX   T    X\nXX  XX   X\nX  M     X\nX X X  X X\nX \u221e      X\nX        X\nX \u221eX   X X\nX       bX\nXX      XX\nX    m   X\nX        X\nX X T  X X\nX        X\nX        X\nXT TXT TXX\nXXXXXXXXXX\n", "Health: 11 X: 5 Y: 4\nXXXXXXXXXX\nX X e X TX\nX        X\nX   X   XX\nX   TH   X\nXX  XX   X\nX  M     X\nX X X  X X\nX \u221e      X\nX        X\nX \u221eX   X X\nX       bX\nXX   m  XX\nX        X\nX        X\nX X T  X X\nX        X\nX        X\nXT TXT TXX\nXXXXXXXXXX\n", "Health: 11 X: 5 Y: 3\nXXXXXXXXXX\nX X e X TX\nX        X\nX   XH  XX\nX   T    X\nXX  XX   X\nX  M     X\nX X X  X X\nX \u221e      X\nX        X\nX \u221eX   X X\nX    m  bX\nXX      XX\nX        X\nX        X\nX X T  X X\nX        X\nX        X\nXT TXT TXX\nXXXXXXXXXX\n", "Health: 11 X: 5 Y: 2\nXXXXXXXXXX\nX X e X TX\nX    H   X\nX   X   XX\nX   T    X\nXX  XX   X\nX  M     X\nX X X  X X\nX \u221e      X\nX        X\nX \u221eX m X X\nX       bX\nXX      XX\nX        X\nX        X\nX X T  X X\nX        X\nX        X\nXT TXT TXX\nXXXXXXXXXX\n", "Health: 11 X: 6 Y: 2\nXXXXXXXXXX\nX X e X TX\nX     H  X\nX   X   XX\nX   T    X\nXX  XX   X\nX  M     X\nX X X  X X\nX \u221e      X\nX    m   X\nX \u221eX   X X\nX       bX\nXX      XX\nX        X\nX        X\nX X T  X X\nX        X\nX        X\nXT TXT TXX\nXXXXXXXXXX\n", "Health: 11 X: 7 Y: 2\nXXXXXXXXXX\nX X e X TX\nX      H X\nX   X   XX\nX   T    X\nXX  XX   X\nX  M     X\nX X X  X X\nX \u221e  m   X\nX        X\nX \u221eX   X X\nX        X\nXX      XX\nX        X\nX        X\nX X T  X X\nX        X\nX        X\nXT TXT TXX\nXXXXXXXXXX\n", "Health: 11 X: 8 Y: 2\nXXXXXXXXXX\nX X e X TX\nX       HX\nX   X   XX\nX   T    X\nXX  XX   X\nX  M     X\nX X Xm X X\nX \u221e      X\nX        X\nX \u221eX   X X\nX        X\nXX      XX\nX        X\nX        X\nX X T  X X\nX        X\nX        X\nXT TXT TXX\nXXXXXXXXXX\n", "Health: 11 X: 8 Y: 1\nXXXXXXXXXX\nX X e X  X\nX        X\nX   X   XX\nX   T    X\nXX  XX   X\nX  M m   X\nX X X  X X\nX \u221e      X\nX        X\nX \u221eX   X X\nX        X\nXX      XX\nX        X\nX        X\nX X T  X X\nX        X\nX        X\nXT TXT TXX\nXXXXXXXXXX\n", "Health: 11 X: 8 Y: 2\nXXXXXXXXXX\nX X e X  X\nX       HX\nX   X   XX\nX   T    X\nXX  XX   X\nX  M  m  X\nX X X  X X\nX \u221e      X\nX        X\nX \u221eX   X X\nX        X\nXX      XX\nX        X\nX        X\nX X T  X X\nX        X\nX        X\nXT TXT TXX\nXXXXXXXXXX\n", "Health: 11 X: 7 Y: 2\nXXXXXXXXXX\nX X e X  X\nX      H X\nX   X   XX\nX   T    X\nXX  XXm  X\nX  M     X\nX X X  X X\nX \u221e      X\nX       bX\nX \u221eX   X X\nX        X\nXX      XX\nX        X\nX        X\nX X T  X X\nX        X\nX        X\nXT TXT TXX\nXXXXXXXXXX\n", "Health: 11 X: 7 Y: 2\nXXXXXXXXXX\nX X e X  X\nX      H X\nX   X   XX\nX   T    X\nXX  XXm  X\nX  M     X\nX X X  X X\nX \u221e     bX\nX        X\nX \u221eX   X X\nX        X\nXX      XX\nX        X\nX        X\nX X T  X X\nX        X\nX        X\nXT TXT TXX\nXXXXXXXXXX\n", "Health: 11 X: 6 Y: 2\nXXXXXXXXXX\nX X e X  X\nX     H  X\nX   X   XX\nX   T    X\nXX  XXm  X\nX  M     X\nX X X  XbX\nX \u221e      X\nX        X\nX \u221eX   X X\nX        X\nXX      XX\nX        X\nX        X\nX X T  X X\nX        X\nX        X\nXT TXT TXX\nXXXXXXXXXX\n", "Health: 11 X: 5 Y: 2\nXXXXXXXXXX\nX X e X  X\nX    H   X\nX   X   XX\nX   T    X\nXX  XXm  X\nX  M    bX\nX X X  X X\nX \u221e      X\nX        X\nX \u221eX   X X\nX        X\nXX      XX\nX        X\nX        X\nX X T  X X\nX        X\nX        X\nXT TXT TXX\nXXXXXXXXXX\n", "Health: 11 X: 5 Y: 3\nXXXXXXXXXX\nX X e X  X\nX        X\nX   XH  XX\nX   T    X\nXX  XXm bX\nX  M     X\nX X X  X X\nX \u221e      X\nX        X\nX \u221eX   X X\nX        X\nXX      XX\nX        X\nX        X\nX X T  X X\nX        X\nX        X\nXT TXT TXX\nXXXXXXXXXX\n", "Health: 11 X: 5 Y: 2\nXXXXXXXXXX\nX X e X  X\nX    H   X\nX   X   XX\nX   T   bX\nXX  XXm  X\nX  M     X\nX X X  X X\nX \u221e      X\nX        X\nX \u221eX   X X\nX        X\nXX      XX\nX        X\nX        X\nX X T  X X\nX        X\nX        X\nXT TXT TXX\nXXXXXXXXXX\n", "Health: 11 X: 4 Y: 2\nXXXXXXXXXX\nX X e X  X\nX   H    X\nX   X   XX\nX   T mb X\nXX  XX   X\nX  M     X\nX X X  X X\nX \u221e      X\nX        X\nX \u221eX   X X\nX        X\nXX      XX\nX        X\nX        X\nX X T  X X\nX        X\nX        X\nXT TXT TXX\nXXXXXXXXXX\n", "Health: 11 X: 4 Y: 1\nXXXXXXXXXX\nX X e X  X\nX        X\nX   X mbXX\nX   T    X\nXX  XX   X\nX  M     X\nX X X  X X\nX \u221e      X\nX        X\nX \u221eX   X X\nX        X\nXX      XX\nX        X\nX        X\nX X T  X X\nX        X\nX        X\nXT TXT TXX\nXXXXXXXXXX\n"], "map_number": 202}, {"mechanics": [{"timestep": 1, "mechanic": "JavelinThrow"}, {"timestep": 2, "mechanic": "OgreTreasure"}, {"timestep": 3, "mechanic": "CollectPotion"}, {"timestep": 3, "mechanic": "OgreTreasure"}, {"timestep": 10, "mechanic": "CollectTreasure"}, {"timestep": 13, "mechanic": "JavelinThrow"}, {"timestep": 16, "mechanic": "CollectTreasure"}, {"timestep": 17, "mechanic": "CollectTreasure"}, {"timestep": 19, "mechanic": "CollectTreasure"}, {"timestep": 20, "mechanic": "CollectTreasure"}, {"timestep": 25, "mechanic": "MinitaurHit"}, {"timestep": 38, "mechanic": "OgreHit"}, {"timestep": 39, "mechanic": "OgreHit"}, {"timestep": 45, "mechanic": "CollectPotion"}, {"timestep": 48, "mechanic": "MinitaurHit"}, {"timestep": 59, "mechanic": "JavelinThrow"}, {"timestep": 82, "mechanic": "JavelinThrow"}, {"timestep": 85, "mechanic": "MinitaurHit"}, {"timestep": 87, "mechanic": "MinitaurHit"}, {"timestep": 107, "mechanic": "CollectTreasure"}, {"timestep": 109, "mechanic": "CollectTreasure"}, {"timestep": 110, "mechanic": "JavelinThrow"}, {"timestep": 114, "mechanic": "MinitaurHit"}, {"timestep": 115, "mechanic": "MinitaurHit"}, {"timestep": 128, "mechanic": "BlobHit"}, {"timestep": 128, "mechanic": "BlobHit"}, {"timestep": 129, "mechanic": "JavelinThrow"}, {"timestep": 148, "mechanic": "ReachStairs"}], "frequencies": {"JavelinThrow": 6, "OgreTreasure": 2, "CollectPotion": 2, "CollectTreasure": 7, "MinitaurHit": 6, "OgreHit": 2, "BlobHit": 2, "ReachStairs": 1}, "levelReport": {"utilityGained": 0.0, "exitUtility": 1.0, "runnerUtility": -0.49, "loitererUtility": 149.0, "completionistUtility": 0.948148148148148, "monsterKillerUtility": 1.0, "treasureCollectorUtility": 0.8444444444444443, "turnsTaken": 149, "health": 4, "healthLost": 10, "alive": true, "javelinsThrown": 6, "monsterKills": 5, "minitaurKnockouts": 8, "treasuresCollected": 7, "potionsTaken": 2, "totalMonsters": 6, "totalTreasures": 9, "totalPotions": 2, "timeTaken": 0.0}, "positions": [{"X": 7, "Y": 4}, {"X": 7, "Y": 4}, {"X": 7, "Y": 5}, {"X": 7, "Y": 6}, {"X": 7, "Y": 7}, {"X": 7, "Y": 8}, {"X": 7, "Y": 9}, {"X": 7, "Y": 10}, {"X": 7, "Y": 11}, {"X": 7, "Y": 12}, {"X": 7, "Y": 13}, {"X": 7, "Y": 14}, {"X": 7, "Y": 15}, {"X": 7, "Y": 15}, {"X": 7, "Y": 16}, {"X": 7, "Y": 17}, {"X": 6, "Y": 17}, {"X": 6, "Y": 18}, {"X": 7, "Y": 18}, {"X": 8, "Y": 18}, {"X": 8, "Y": 17}, {"X": 8, "Y": 18}, {"X": 7, "Y": 18}, {"X": 6, "Y": 18}, {"X": 7, "Y": 18}, {"X": 7, "Y": 17}, {"X": 7, "Y": 16}, {"X": 7, "Y": 15}, {"X": 7, "Y": 14}, {"X": 7, "Y": 13}, {"X": 6, "Y": 13}, {"X": 5, "Y": 13}, {"X": 4, "Y": 13}, {"X": 3, "Y": 13}, {"X": 2, "Y": 13}, {"X": 2, "Y": 12}, {"X": 2, "Y": 11}, {"X": 2, "Y": 10}, {"X": 2, "Y": 9}, {"X": 2, "Y": 8}, {"X": 3, "Y": 8}, {"X": 4, "Y": 8}, {"X": 5, "Y": 8}, {"X": 6, "Y": 8}, {"X": 6, "Y": 7}, {"X": 6, "Y": 6}, {"X": 7, "Y": 6}, {"X": 7, "Y": 7}, {"X": 7, "Y": 8}, {"X": 7, "Y": 9}, {"X": 7, "Y": 10}, {"X": 7, "Y": 11}, {"X": 7, "Y": 12}, {"X": 7, "Y": 13}, {"X": 7, "Y": 14}, {"X": 6, "Y": 14}, {"X": 6, "Y": 13}, {"X": 5, "Y": 13}, {"X": 4, "Y": 13}, {"X": 4, "Y": 13}, {"X": 3, "Y": 13}, {"X": 2, "Y": 13}, {"X": 2, "Y": 12}, {"X": 2, "Y": 11}, {"X": 2, "Y": 10}, {"X": 2, "Y": 9}, {"X": 2, "Y": 8}, {"X": 3, "Y": 8}, {"X": 4, "Y": 8}, {"X": 5, "Y": 8}, {"X": 6, "Y": 8}, {"X": 7, "Y": 8}, {"X": 7, "Y": 9}, {"X": 7, "Y": 10}, {"X": 7, "Y": 11}, {"X": 7, "Y": 12}, {"X": 7, "Y": 13}, {"X": 6, "Y": 13}, {"X": 5, "Y": 13}, {"X": 4, "Y": 13}, {"X": 3, "Y": 13}, {"X": 2, "Y": 13}, {"X": 2, "Y": 13}, {"X": 3, "Y": 13}, {"X": 4, "Y": 13}, {"X": 5, "Y": 13}, {"X": 6, "Y": 13}, {"X": 5, "Y": 13}, {"X": 6, "Y": 13}, {"X": 7, "Y": 13}, {"X": 7, "Y": 12}, {"X": 7, "Y": 11}, {"X": 7, "Y": 10}, {"X": 7, "Y": 9}, {"X": 6, "Y": 9}, {"X": 6, "Y": 8}, {"X": 5, "Y": 8}, {"X": 4, "Y": 8}, {"X": 3, "Y": 8}, {"X": 2, "Y": 8}, {"X": 2, "Y": 7}, {"X": 2, "Y": 6}, {"X": 2, "Y": 5}, {"X": 2, "Y": 4}, {"X": 2, "Y": 3}, {"X": 2, "Y": 2}, {"X": 2, "Y": 1}, {"X": 3, "Y": 1}, {"X": 2, "Y": 1}, {"X": 1, "Y": 1}, {"X": 1, "Y": 1}, {"X": 1, "Y": 2}, {"X": 1, "Y": 3}, {"X": 2, "Y": 3}, {"X": 2, "Y": 2}, {"X": 2, "Y": 3}, {"X": 2, "Y": 4}, {"X": 2, "Y": 5}, {"X": 2, "Y": 6}, {"X": 2, "Y": 7}, {"X": 2, "Y": 8}, {"X": 2, "Y": 9}, {"X": 2, "Y": 10}, {"X": 2, "Y": 11}, {"X": 2, "Y": 12}, {"X": 2, "Y": 13}, {"X": 2, "Y": 14}, {"X": 2, "Y": 15}, {"X": 2, "Y": 16}, {"X": 2, "Y": 16}, {"X": 2, "Y": 15}, {"X": 2, "Y": 14}, {"X": 3, "Y": 14}, {"X": 3, "Y": 13}, {"X": 4, "Y": 13}, {"X": 5, "Y": 13}, {"X": 6, "Y": 13}, {"X": 7, "Y": 13}, {"X": 7, "Y": 12}, {"X": 7, "Y": 11}, {"X": 7, "Y": 10}, {"X": 7, "Y": 9}, {"X": 6, "Y": 9}, {"X": 6, "Y": 8}, {"X": 5, "Y": 8}, {"X": 4, "Y": 8}, {"X": 3, "Y": 8}, {"X": 2, "Y": 8}, {"X": 1, "Y": 8}], "levelStates": ["Health: 10 X: 7 Y: 4\nXXXXXXXXXX\nXT TX m  X\nX   XXX  X\nX        X\nX   XX H X\nXX XXXX XX\nX TTXXPP X\nX   XX   X\nXeo    b X\nX   XX   X\nXX XXXX XX\nX   XX   X\nX   XX   X\nX      T X\nX   XX   X\nXX XXXX XX\nX   XX   X\nXb bXXT TX\nX M XXT TX\nXXXXXXXXXX\n", "Health: 10 X: 7 Y: 4\nXXXXXXXXXX\nXT TX  m X\nX   XXX  X\nX        X\nX   XX H X\nXX XXXX XX\nX TTXXPP X\nX o XX   X\nXe     \u221e X\nX   XX   X\nXX XXXX XX\nX   XX   X\nX   XX   X\nX      T X\nX   XX   X\nXX XXXX XX\nX   XX   X\nXb bXXT TX\nX M XXT TX\nXXXXXXXXXX\n", "Health: 10 X: 7 Y: 5\nXXXXXXXXXX\nXT TX    X\nX   XXXm X\nX        X\nX   XX   X\nXX XXXXHXX\nX oTXXPP X\nX   XX   X\nXe     \u221e X\nX   XX   X\nXX XXXX XX\nX   XX   X\nX   XX   X\nX      T X\nX   XX   X\nXX XXXX XX\nX   XX   X\nXb bXXT TX\nX M XXT TX\nXXXXXXXXXX\n", "Health: 12 X: 7 Y: 6\nXXXXXXXXXX\nXT TX    X\nX   XXX  X\nX      m X\nX   XX   X\nXX XXXX XX\nX  oXXP  X\nX   XX   X\nXe     \u221e X\nX   XX   X\nXX XXXX XX\nX   XX   X\nX   XX   X\nX      T X\nX   XX   X\nXX XXXX XX\nX   XX   X\nXb bXXT TX\nX M XXT TX\nXXXXXXXXXX\n", "Health: 12 X: 7 Y: 7\nXXXXXXXXXX\nXT TX    X\nX   XXX  X\nX        X\nX   XX m X\nXX XXXX XX\nX  oXXP  X\nX   XX H X\nXe     \u221e X\nX   XX   X\nXX XXXX XX\nX   XX   X\nX   XX   X\nX      T X\nX   XX   X\nXX XXXX XX\nX   XX   X\nXb bXXT TX\nX M XXT TX\nXXXXXXXXXX\n", "Health: 12 X: 7 Y: 8\nXXXXXXXXXX\nXT TX    X\nX   XXX  X\nX        X\nX   XX   X\nXX XXXXmXX\nX  oXXP  X\nX   XX   X\nXe     \u221e X\nX   XX   X\nXX XXXX XX\nX   XX   X\nX   XX   X\nX      T X\nX   XX   X\nXX XXXX XX\nX   XX   X\nXb bXXT TX\nX M XXT TX\nXXXXXXXXXX\n", "Health: 12 X: 7 Y: 9\nXXXXXXXXXX\nXT TX    X\nX   XXX  X\nX        X\nX   XX   X\nXX XXXX XX\nX  oXXP  X\nX   XX   X\nXe     \u221e X\nX   XX H X\nXX XXXX XX\nX   XX   X\nX   XX   X\nX      T X\nX   XX   X\nXX XXXX XX\nX   XX   X\nXb bXXT TX\nX M XXT TX\nXXXXXXXXXX\n", "Health: 12 X: 7 Y: 10\nXXXXXXXXXX\nXT TX    X\nX   XXX  X\nX        X\nX   XX   X\nXX XXXX XX\nX  oXXP  X\nX   XX m X\nXe     \u221e X\nX   XX   X\nXX XXXXHXX\nX   XX   X\nX   XX   X\nX      T X\nX   XX   X\nXX XXXX XX\nX   XX   X\nXb bXXT TX\nX M XXT TX\nXXXXXXXXXX\n", "Health: 12 X: 7 Y: 11\nXXXXXXXXXX\nXT TX    X\nX   XXX  X\nX        X\nX   XX   X\nXX XXXX XX\nX  oXXP  X\nX   XX   X\nXe     \u221e X\nX   XX   X\nXX XXXX XX\nX   XX H X\nX   XX   X\nX      T X\nX   XX   X\nXX XXXX XX\nX   XX   X\nXb bXXT TX\nX M XXT TX\nXXXXXXXXXX\n", "Health: 12 X: 7 Y: 12\nXXXXXXXXXX\nXT TX    X\nX   XXX  X\nX        X\nX   XX   X\nXX XXXX XX\nX  oXXP  X\nX   XX   X\nXe     \u221e X\nX   XX m X\nXX XXXX XX\nX   XX   X\nX   XX H X\nX      T X\nX   XX   X\nXX XXXX XX\nX   XX   X\nXb bXXT TX\nX M XXT TX\nXXXXXXXXXX\n", "Health: 12 X: 7 Y: 13\nXXXXXXXXXX\nXT TX    X\nX   XXX  X\nX        X\nX   XX   X\nXX XXXX XX\nX  oXXP  X\nX   XX   X\nXe     \u221e X\nX   XX   X\nXX XXXXmXX\nX   XX   X\nX   XX   X\nX        X\nX   XX   X\nXX XXXX XX\nX   XX   X\nXb bXXT TX\nX M XXT TX\nXXXXXXXXXX\n", "Health: 12 X: 7 Y: 14\nXXXXXXXXXX\nXT TX    X\nX   XXX  X\nX        X\nX   XX   X\nXX XXXX XX\nX  oXXP  X\nX   XX   X\nXe     \u221e X\nX   XX   X\nXX XXXX XX\nX   XX m X\nX   XX   X\nX        X\nX   XX H X\nXX XXXX XX\nX   XX   X\nXb bXXT TX\nX M XXT TX\nXXXXXXXXXX\n", "Health: 12 X: 7 Y: 15\nXXXXXXXXXX\nXT TX    X\nX   XXX  X\nX        X\nX   XX   X\nXX XXXX XX\nX  oXXP  X\nX   XX   X\nXe     \u221e X\nX   XX   X\nXX XXXX XX\nX   XX   X\nX   XX m X\nX        X\nX   XX   X\nXX XXXXHXX\nX   XX   X\nXb bXXT TX\nX M XXT TX\nXXXXXXXXXX\n", "Health: 12 X: 7 Y: 15\nXXXXXXXXXX\nXT TX    X\nX   XXX  X\nX        X\nX   XX   X\nXX XXXX XX\nX  oXXP  X\nX   XX   X\nXe     \u221e X\nX   XX   X\nXX XXXX XX\nX   XX   X\nX   XX m X\nX        X\nX   XX   X\nXX XXXXHXX\nX   XX   X\nXb bXXT TX\nX M XXT TX\nXXXXXXXXXX\n", "Health: 12 X: 7 Y: 16\nXXXXXXXXXX\nXT TX    X\nX   XXX  X\nX        X\nX   XX   X\nXX XXXX XX\nX  oXXP  X\nX   XX   X\nXe     \u221e X\nX   XX   X\nXX XXXX XX\nX   XX   X\nX   XX m X\nX        X\nX   XX   X\nXX XXXX XX\nX   XX H X\nXb bXXT TX\nX M XXT TX\nXXXXXXXXXX\n", "Health: 12 X: 7 Y: 17\nXXXXXXXXXX\nXT TX    X\nX   XXX  X\nX        X\nX   XX   X\nXX XXXX XX\nX  oXXP  X\nX   XX   X\nXe     \u221e X\nX   XX   X\nXX XXXX XX\nX   XX   X\nX   XX m X\nX        X\nX   XX   X\nXX XXXX XX\nX   XX   X\nXb bXXTHTX\nX M XXT TX\nXXXXXXXXXX\n", "Health: 12 X: 6 Y: 17\nXXXXXXXXXX\nXT TX    X\nX   XXX  X\nX        X\nX   XX   X\nXX XXXX XX\nX  oXXP  X\nX   XX   X\nXe     \u221e X\nX   XX   X\nXX XXXX XX\nX   XX   X\nX   XX m X\nX        X\nX   XX   X\nXX XXXX XX\nX   XX   X\nXb bXX  TX\nX M XXT TX\nXXXXXXXXXX\n", "Health: 12 X: 6 Y: 18\nXXXXXXXXXX\nXT TX    X\nX   XXX  X\nX        X\nX   XX   X\nXX XXXX XX\nX  oXXP  X\nX   XX   X\nXe     \u221e X\nX   XX   X\nXX XXXX XX\nX   XX   X\nX   XX m X\nX        X\nX   XX   X\nXX XXXX XX\nX   XX   X\nXb bXX  TX\nX M XX  TX\nXXXXXXXXXX\n", "Health: 12 X: 7 Y: 18\nXXXXXXXXXX\nXT TX    X\nX   XXX  X\nX        X\nX   XX   X\nXX XXXX XX\nX  oXXP  X\nX   XX   X\nXe     \u221e X\nX   XX   X\nXX XXXX XX\nX   XX   X\nX   XX   X\nX        X\nX   XX   X\nXX XXXX XX\nX   XX   X\nXb bXX  TX\nX M XX HTX\nXXXXXXXXXX\n", "Health: 12 X: 8 Y: 18\nXXXXXXXXXX\nXT TX    X\nX   XXX  X\nX        X\nX   XX   X\nXX XXXX XX\nX  oXXP  X\nX   XX   X\nXe     \u221e X\nX   XX   X\nXX XXXX XX\nX   XX   X\nX   XX   X\nX        X\nX   XX m X\nXX XXXX XX\nX   XX   X\nXb bXX  TX\nX M XX   X\nXXXXXXXXXX\n", "Health: 12 X: 8 Y: 17\nXXXXXXXXXX\nXT TX    X\nX   XXX  X\nX        X\nX   XX   X\nXX XXXX XX\nX  oXXP  X\nX   XX   X\nXe     \u221e X\nX   XX   X\nXX XXXX XX\nX   XX   X\nX   XX   X\nX        X\nX   XX   X\nXX XXXXmXX\nX   XX   X\nXb bXX   X\nX M XX   X\nXXXXXXXXXX\n", "Health: 12 X: 8 Y: 18\nXXXXXXXXXX\nXT TX    X\nX   XXX  X\nX        X\nX   XX   X\nXX XXXX XX\nX  oXXP  X\nX   XX   X\nXe     \u221e X\nX   XX   X\nXX XXXX XX\nX   XX   X\nX   XX   X\nX        X\nX   XX   X\nXX XXXX XX\nX   XX m X\nXb bXX   X\nX M XX   X\nXXXXXXXXXX\n", "Health: 12 X: 7 Y: 18\nXXXXXXXXXX\nXT TX    X\nX   XXX  X\nX        X\nX   XX   X\nXX XXXX XX\nX  oXXP  X\nX   XX   X\nXe     \u221e X\nX   XX   X\nXX XXXX XX\nX   XX   X\nX   XX   X\nX        X\nX   XX   X\nXX XXXX XX\nX   XX   X\nXb bXX m X\nX M XX H X\nXXXXXXXXXX\n", "Health: 12 X: 6 Y: 18\nXXXXXXXXXX\nXT TX    X\nX   XXX  X\nX        X\nX   XX   X\nXX XXXX XX\nX  oXXP  X\nX   XX   X\nXe     \u221e X\nX   XX   X\nXX XXXX XX\nX   XX   X\nX   XX   X\nX        X\nX   XX   X\nXX XXXX XX\nX   XX   X\nXb bXX   X\nX M XX   X\nXXXXXXXXXX\n", "Health: 12 X: 7 Y: 18\nXXXXXXXXXX\nXT TX    X\nX   XXX  X\nX        X\nX   XX   X\nXX XXXX XX\nX  oXXP  X\nX   XX   X\nXe     \u221e X\nX   XX   X\nXX XXXX XX\nX   XX   X\nX   XX   X\nX        X\nX   XX   X\nXX XXXX XX\nX   XX   X\nXb bXX m X\nX M XX H X\nXXXXXXXXXX\n", "Health: 11 X: 7 Y: 17\nXXXXXXXXXX\nXT TX    X\nX   XXX  X\nX        X\nX   XX   X\nXX XXXX XX\nX  oXXP  X\nX   XX   X\nXe     \u221e X\nX   XX   X\nXX XXXX XX\nX   XX   X\nX   XX   X\nX        X\nX   XX   X\nXX XXXX XX\nX   XX   X\nXb bXX m X\nX M XX   X\nXXXXXXXXXX\n", "Health: 11 X: 7 Y: 16\nXXXXXXXXXX\nXT TX    X\nX   XXX  X\nX        X\nX   XX   X\nXX XXXX XX\nX  oXXP  X\nX   XX   X\nXe     \u221e X\nX   XX   X\nXX XXXX XX\nX   XX   X\nX   XX   X\nX        X\nX   XX   X\nXX XXXX XX\nX   XX H X\nXb bXX m X\nX M XX   X\nXXXXXXXXXX\n", "Health: 11 X: 7 Y: 15\nXXXXXXXXXX\nXT TX    X\nX   XXX  X\nX        X\nX   XX   X\nXX XXXX XX\nX  oXXP  X\nX   XX   X\nXe     \u221e X\nX   XX   X\nXX XXXX XX\nX   XX   X\nX   XX   X\nX        X\nX   XX   X\nXX XXXXHXX\nX   XX   X\nXb bXX m X\nX M XX   X\nXXXXXXXXXX\n", "Health: 11 X: 7 Y: 14\nXXXXXXXXXX\nXT TX    X\nX   XXX  X\nX        X\nX   XX   X\nXX XXXX XX\nX  oXXP  X\nX   XX   X\nXe     \u221e X\nX   XX   X\nXX XXXX XX\nX   XX   X\nX   XX   X\nX        X\nX   XX H X\nXX XXXX XX\nX   XX   X\nXb bXX m X\nX M XX   X\nXXXXXXXXXX\n", "Health: 11 X: 7 Y: 13\nXXXXXXXXXX\nXT TX    X\nX   XXX  X\nX        X\nX   XX   X\nXX XXXX XX\nX  oXXP  X\nX   XX   X\nXe     \u221e X\nX   XX   X\nXX XXXX XX\nX   XX   X\nX   XX   X\nX        X\nX   XX   X\nXX XXXX XX\nX   XX   X\nXb bXX m X\nX M XX   X\nXXXXXXXXXX\n", "Health: 11 X: 6 Y: 13\nXXXXXXXXXX\nXT TX    X\nX   XXX  X\nX        X\nX   XX   X\nXX XXXX XX\nX  oXXP  X\nX   XX   X\nXe     \u221e X\nX   XX   X\nXX XXXX XX\nX   XX   X\nX   XX   X\nX     H  X\nX   XX   X\nXX XXXX XX\nX   XX m X\nXb bXX   X\nX M XX   X\nXXXXXXXXXX\n", "Health: 11 X: 5 Y: 13\nXXXXXXXXXX\nXT TX    X\nX   XXX  X\nX        X\nX   XX   X\nXX XXXX XX\nX  oXXP  X\nX   XX   X\nXe     \u221e X\nX   XX   X\nXX XXXX XX\nX   XX   X\nX   XX   X\nX    H   X\nX   XX   X\nXX XXXXmXX\nX   XX   X\nXb bXX   X\nX M XX   X\nXXXXXXXXXX\n", "Health: 11 X: 4 Y: 13\nXXXXXXXXXX\nXT TX    X\nX   XXX  X\nX        X\nX   XX   X\nXX XXXX XX\nX  oXXP  X\nX   XX   X\nXe     \u221e X\nX   XX   X\nXX XXXX XX\nX   XX   X\nX   XX   X\nX   H    X\nX   XX m X\nXX XXXX XX\nX   XX   X\nXb bXX   X\nX M XX   X\nXXXXXXXXXX\n", "Health: 11 X: 3 Y: 13\nXXXXXXXXXX\nXT TX    X\nX   XXX  X\nX        X\nX   XX   X\nXX XXXX XX\nX  oXXP  X\nX   XX   X\nXe     \u221e X\nX   XX   X\nXX XXXX XX\nX   XX   X\nX   XX   X\nX  H     X\nX   XX   X\nXX XXXX XX\nXb  XX   X\nX  bXX   X\nX M XX   X\nXXXXXXXXXX\n", "Health: 11 X: 2 Y: 13\nXXXXXXXXXX\nXT TX    X\nX   XXX  X\nX        X\nX   XX   X\nXX XXXX XX\nX  oXXP  X\nX   XX   X\nXe     \u221e X\nX   XX   X\nXX XXXX XX\nX   XX   X\nX   XX   X\nX H   m  X\nX   XX   X\nXX XXXX XX\nXb  XX   X\nX MbXX   X\nX   XX   X\nXXXXXXXXXX\n", "Health: 11 X: 2 Y: 12\nXXXXXXXXXX\nXT TX    X\nX   XXX  X\nX        X\nX   XX   X\nXX XXXX XX\nX o XXP  X\nX   XX   X\nXe     \u221e X\nX   XX   X\nXX XXXX XX\nX   XX   X\nX H XX   X\nX    m   X\nX   XX   X\nXX XXXX XX\nXbM XX   X\nX  bXX   X\nX   XX   X\nXXXXXXXXXX\n", "Health: 11 X: 2 Y: 11\nXXXXXXXXXX\nXT TX    X\nX   XXX  X\nX        X\nX   XX   X\nXX XXXX XX\nX   XXP  X\nX o XX   X\nXe     \u221e X\nX   XX   X\nXX XXXX XX\nX H XX   X\nX   XX   X\nX   m    X\nX   XX   X\nXXMXXXX XX\nXb  XX   X\nX  bXX   X\nX   XX   X\nXXXXXXXXXX\n", "Health: 11 X: 2 Y: 10\nXXXXXXXXXX\nXT TX    X\nX   XXX  X\nX        X\nX   XX   X\nXX XXXX XX\nX   XXP  X\nX   XX   X\nXeo    \u221e X\nX   XX   X\nXXHXXXX XX\nX   XX   X\nX   XX   X\nX  m     X\nX M XX   X\nXX XXXX XX\nXb  XX   X\nX  bXX   X\nX   XX   X\nXXXXXXXXXX\n", "Health: 9 X: 2 Y: 9\nXXXXXXXXXX\nXT TX    X\nX   XXX  X\nX        X\nX   XX   X\nXX XXXX XX\nX   XXP  X\nX   XX   X\nXeo    \u221e X\nX H XX   X\nXX XXXX XX\nX   XX   X\nX  mXX   X\nX M      X\nX   XX   X\nXX XXXX XX\nXb  XX   X\nX  bXX   X\nX   XX   X\nXXXXXXXXXX\n", "Health: 7 X: 2 Y: 8\nXXXXXXXXXX\nXT TX    X\nX   XXX  X\nX        X\nX   XX   X\nXX XXXX XX\nX   XXP  X\nX   XX   X\nXe\u221e    \u221e X\nX   XX   X\nXX XXXX XX\nX  mXX   X\nX M XX   X\nX        X\nX   XX   X\nXX XXXX XX\nXb  XX   X\nX  bXX   X\nX   XX   X\nXXXXXXXXXX\n", "Health: 7 X: 3 Y: 8\nXXXXXXXXXX\nXT TX    X\nX   XXX  X\nX        X\nX   XX   X\nXX XXXX XX\nX   XXP  X\nX   XX   X\nXe\u221eH   \u221e X\nX   XX   X\nXX XXXX XX\nX m XX   X\nX M XX   X\nX        X\nX   XX   X\nXX XXXX XX\nXb  XX   X\nX  bXX   X\nX   XX   X\nXXXXXXXXXX\n", "Health: 7 X: 4 Y: 8\nXXXXXXXXXX\nXT TX    X\nX   XXX  X\nX        X\nX   XX   X\nXX XXXX XX\nX   XXP  X\nX   XX   X\nXe\u221e H  \u221e X\nX   XX   X\nXXmXXXX XX\nX   XX   X\nX M XX   X\nX        X\nX   XX   X\nXX XXXX XX\nXb  XX   X\nX  bXX   X\nX   XX   X\nXXXXXXXXXX\n", "Health: 7 X: 5 Y: 8\nXXXXXXXXXX\nXT TX    X\nX   XXX  X\nX        X\nX   XX   X\nXX XXXX XX\nX   XXP  X\nX   XX   X\nXe\u221e  H \u221e X\nX m XX   X\nXX XXXX XX\nX   XX   X\nX M XX   X\nX        X\nX   XX   X\nXX XXXX XX\nXb  XX   X\nX  bXX   X\nX   XX   X\nXXXXXXXXXX\n", "Health: 7 X: 6 Y: 8\nXXXXXXXXXX\nXT TX    X\nX   XXX  X\nX        X\nX   XX   X\nXX XXXX XX\nX   XXP  X\nX   XX   X\nXe\u221e   H\u221e X\nX   XX   X\nXX XXXX XX\nX   XX   X\nX M XX   X\nX        X\nX   XX   X\nXX XXXX XX\nXb  XX   X\nX  bXX   X\nX   XX   X\nXXXXXXXXXX\n", "Health: 7 X: 6 Y: 7\nXXXXXXXXXX\nXT TX    X\nX   XXX  X\nX        X\nX   XX   X\nXX XXXX XX\nX   XXP  X\nX   XXH  X\nXe\u221em   \u221e X\nX   XX   X\nXX XXXX XX\nX   XX   X\nX M XX   X\nX        X\nX   XX   X\nXX XXXX XX\nXb  XX   X\nX  bXX   X\nX   XX   X\nXXXXXXXXXX\n", "Health: 9 X: 6 Y: 6\nXXXXXXXXXX\nXT TX    X\nX   XXX  X\nX        X\nX   XX   X\nXX XXXX XX\nX   XX   X\nX   XX   X\nXe\u221e m  \u221e X\nX   XX   X\nXX XXXX XX\nX   XX   X\nX M XX   X\nX        X\nX   XX   X\nXX XXXX XX\nXb  XX   X\nX  bXX   X\nX   XX   X\nXXXXXXXXXX\n", "Health: 9 X: 7 Y: 6\nXXXXXXXXXX\nXT TX    X\nX   XXX  X\nX        X\nX   XX   X\nXX XXXX XX\nX   XX   X\nX   XX   X\nXe\u221e  m \u221e X\nX   XX   X\nXX XXXX XX\nX   XX   X\nX M XX   X\nX        X\nX   XX   X\nXX XXXX XX\nXb  XX   X\nX  bXX   X\nX   XX   X\nXXXXXXXXXX\n", "Health: 9 X: 7 Y: 7\nXXXXXXXXXX\nXT TX    X\nX   XXX  X\nX        X\nX   XX   X\nXX XXXX XX\nX   XX   X\nX   XX H X\nXe\u221e   m\u221e X\nX   XX   X\nXX XXXX XX\nX   XX   X\nX M XX   X\nX        X\nX   XX   X\nXX XXXX XX\nXb  XX   X\nX  bXX   X\nX   XX   X\nXXXXXXXXXX\n", "Health: 8 X: 7 Y: 8\nXXXXXXXXXX\nXT TX    X\nX   XXX  X\nX        X\nX   XX   X\nXX XXXX XX\nX   XX   X\nX   XX   X\nXe\u221e   m\u221e X\nX   XX   X\nXX XXXX XX\nX   XX   X\nX M XX   X\nX        X\nX   XX   X\nXX XXXX XX\nXb  XX   X\nX  bXX   X\nX   XX   X\nXXXXXXXXXX\n", "Health: 8 X: 7 Y: 9\nXXXXXXXXXX\nXT TX    X\nX   XXX  X\nX        X\nX   XX   X\nXX XXXX XX\nX   XX   X\nX   XX   X\nXe\u221e   m\u221e X\nX   XX H X\nXX XXXX XX\nX   XX   X\nX M XX   X\nX        X\nX   XX   X\nXX XXXX XX\nXb  XX   X\nX  bXX   X\nX   XX   X\nXXXXXXXXXX\n", "Health: 8 X: 7 Y: 10\nXXXXXXXXXX\nXT TX    X\nX   XXX  X\nX        X\nX   XX   X\nXX XXXX XX\nX   XX   X\nX   XX   X\nXe\u221e   m\u221e X\nX   XX   X\nXX XXXXHXX\nX   XX   X\nX M XX   X\nX        X\nX   XX   X\nXX XXXX XX\nXb  XX   X\nX  bXX   X\nX   XX   X\nXXXXXXXXXX\n", "Health: 8 X: 7 Y: 11\nXXXXXXXXXX\nXT TX    X\nX   XXX  X\nX        X\nX   XX   X\nXX XXXX XX\nX   XX   X\nX   XX   X\nXe\u221e   m\u221e X\nX   XX   X\nXX XXXX XX\nX   XX H X\nX M XX   X\nX        X\nX   XX   X\nXX XXXX XX\nXb  XX   X\nX  bXX   X\nX   XX   X\nXXXXXXXXXX\n", "Health: 8 X: 7 Y: 12\nXXXXXXXXXX\nXT TX    X\nX   XXX  X\nX        X\nX   XX   X\nXX XXXX XX\nX   XX   X\nX   XX   X\nXe\u221e   m\u221e X\nX   XX   X\nXX XXXX XX\nX   XX   X\nX M XX H X\nX        X\nX   XX   X\nXX XXXX XX\nXb  XX   X\nX  bXX   X\nX   XX   X\nXXXXXXXXXX\n", "Health: 8 X: 7 Y: 13\nXXXXXXXXXX\nXT TX    X\nX   XXX  X\nX        X\nX   XX   X\nXX XXXX XX\nX   XX   X\nX   XX   X\nXe\u221e   m\u221e X\nX   XX   X\nXX XXXX XX\nX   XX   X\nX M XX   X\nX        X\nX   XX   X\nXX XXXX XX\nXb  XX   X\nX  bXX   X\nX   XX   X\nXXXXXXXXXX\n", "Health: 8 X: 7 Y: 14\nXXXXXXXXXX\nXT TX    X\nX   XXX  X\nX        X\nX   XX   X\nXX XXXX XX\nX   XX   X\nX   XX   X\nXe\u221e    \u221e X\nX   XX   X\nXX XXXX XX\nX   XX   X\nX  MXX   X\nX        X\nX   XX H X\nXX XXXX XX\nXb  XX   X\nX  bXX   X\nX   XX   X\nXXXXXXXXXX\n", "Health: 8 X: 6 Y: 14\nXXXXXXXXXX\nXT TX    X\nX   XXX  X\nX        X\nX   XX   X\nXX XXXX XX\nX   XX   X\nX   XX   X\nXe\u221e    \u221e X\nX   XX m X\nXX XXXX XX\nX   XX   X\nX  MXX   X\nX        X\nX   XXH  X\nXX XXXX XX\nXb  XX   X\nX  bXX   X\nX   XX   X\nXXXXXXXXXX\n", "Health: 8 X: 6 Y: 13\nXXXXXXXXXX\nXT TX    X\nX   XXX  X\nX        X\nX   XX   X\nXX XXXX XX\nX   XX   X\nX   XX   X\nXe\u221e    \u221e X\nX   XX   X\nXX XXXXmXX\nX   XX   X\nX  MXX   X\nX     H  X\nX   XX   X\nXX XXXX XX\nXb  XX   X\nX  bXX   X\nX   XX   X\nXXXXXXXXXX\n", "Health: 8 X: 5 Y: 13\nXXXXXXXXXX\nXT TX    X\nX   XXX  X\nX        X\nX   XX   X\nXX XXXX XX\nX   XX   X\nX   XX   X\nXe\u221e    \u221e X\nX   XX   X\nXX XXXX XX\nX   XX m X\nX  MXX   X\nX    H   X\nX   XX   X\nXX XXXX XX\nXb  XX   X\nX  bXX   X\nX   XX   X\nXXXXXXXXXX\n", "Health: 8 X: 4 Y: 13\nXXXXXXXXXX\nXT TX    X\nX   XXX  X\nX        X\nX   XX   X\nXX XXXX XX\nX   XX   X\nX   XX   X\nXe\u221e    \u221e X\nX   XX   X\nXX XXXX XX\nX   XXm  X\nX   XX   X\nX  MH    X\nX   XX   X\nXX XXXX XX\nXb  XX   X\nX  bXX   X\nX   XX   X\nXXXXXXXXXX\n", "Health: 8 X: 4 Y: 13\nXXXXXXXXXX\nXT TX    X\nX   XXX  X\nX        X\nX   XX   X\nXX XXXX XX\nX   XX   X\nX   XX   X\nXe\u221e    \u221e X\nX   XX   X\nXX XXXX XX\nX   XX   X\nX   XXm  X\nX  \u221eH    X\nX   XX   X\nXX XXXX XX\nXb  XX   X\nX  bXX   X\nX   XX   X\nXXXXXXXXXX\n", "Health: 8 X: 3 Y: 13\nXXXXXXXXXX\nXT TX    X\nX   XXX  X\nX        X\nX   XX   X\nXX XXXX XX\nX   XX   X\nX   XX   X\nXe\u221e    \u221e X\nX   XX   X\nXX XXXX XX\nX   XX   X\nX   XX   X\nX  \u221e  m  X\nX   XX   X\nXX XXXX XX\nXb  XX   X\nX  bXX   X\nX   XX   X\nXXXXXXXXXX\n", "Health: 8 X: 2 Y: 13\nXXXXXXXXXX\nXT TX    X\nX   XXX  X\nX        X\nX   XX   X\nXX XXXX XX\nX   XX   X\nX   XX   X\nXe\u221e    \u221e X\nX   XX   X\nXX XXXX XX\nX   XX   X\nX   XX   X\nX H\u221e m   X\nX   XX   X\nXX XXXX XX\nXb  XX   X\nX  bXX   X\nX   XX   X\nXXXXXXXXXX\n", "Health: 8 X: 2 Y: 12\nXXXXXXXXXX\nXT TX    X\nX   XXX  X\nX        X\nX   XX   X\nXX XXXX XX\nX   XX   X\nX   XX   X\nXe\u221e    \u221e X\nX   XX   X\nXX XXXX XX\nX   XX   X\nX H XX   X\nX  \u221em    X\nX   XX   X\nXX XXXX XX\nXb  XX   X\nX  bXX   X\nX   XX   X\nXXXXXXXXXX\n", "Health: 8 X: 2 Y: 11\nXXXXXXXXXX\nXT TX    X\nX   XXX  X\nX        X\nX   XX   X\nXX XXXX XX\nX   XX   X\nX   XX   X\nXe\u221e    \u221e X\nX   XX   X\nXX XXXX XX\nX H XX   X\nX   XX   X\nX  \u221e     X\nX   XX   X\nXX XXXX XX\nXb  XX   X\nX  bXX   X\nX   XX   X\nXXXXXXXXXX\n", "Health: 8 X: 2 Y: 10\nXXXXXXXXXX\nXT TX    X\nX   XXX  X\nX        X\nX   XX   X\nXX XXXX XX\nX   XX   X\nX   XX   X\nXe\u221e    \u221e X\nX   XX   X\nXXHXXXX XX\nX   XX   X\nX  mXX   X\nX  \u221e     X\nX   XX   X\nXX XXXX XX\nXb  XX   X\nX  bXX   X\nX   XX   X\nXXXXXXXXXX\n", "Health: 8 X: 2 Y: 9\nXXXXXXXXXX\nXT TX    X\nX   XXX  X\nX        X\nX   XX   X\nXX XXXX XX\nX   XX   X\nX   XX   X\nXe\u221e    \u221e X\nX H XX   X\nXX XXXX XX\nX  mXX   X\nX   XX   X\nX  \u221e     X\nX   XX   X\nXX XXXX XX\nXb  XX   X\nX  bXX   X\nX   XX   X\nXXXXXXXXXX\n", "Health: 8 X: 2 Y: 8\nXXXXXXXXXX\nXT TX    X\nX   XXX  X\nX        X\nX   XX   X\nXX XXXX XX\nX   XX   X\nX   XX   X\nXe\u221e    \u221e X\nX   XX   X\nXX XXXX XX\nX m XX   X\nX   XX   X\nX  \u221e     X\nX   XX   X\nXX XXXX XX\nXb  XX   X\nX  bXX   X\nX   XX   X\nXXXXXXXXXX\n", "Health: 8 X: 3 Y: 8\nXXXXXXXXXX\nXT TX    X\nX   XXX  X\nX        X\nX   XX   X\nXX XXXX XX\nX   XX   X\nX   XX   X\nXe\u221eH   \u221e X\nX   XX   X\nXXmXXXX XX\nX   XX   X\nX   XX   X\nX  \u221e     X\nX   XX   X\nXX XXXX XX\nXb  XX   X\nX  bXX   X\nX   XX   X\nXXXXXXXXXX\n", "Health: 8 X: 4 Y: 8\nXXXXXXXXXX\nXT TX    X\nX   XXX  X\nX        X\nX   XX   X\nXX XXXX XX\nX   XX   X\nX   XX   X\nXe\u221e H  \u221e X\nX m XX   X\nXX XXXX XX\nX   XX   X\nX   XX   X\nX  \u221e     X\nX   XX   X\nXX XXXX XX\nXb  XX   X\nX  bXX   X\nX   XX   X\nXXXXXXXXXX\n", "Health: 8 X: 5 Y: 8\nXXXXXXXXXX\nXT TX    X\nX   XXX  X\nX        X\nX   XX   X\nXX XXXX XX\nX   XX   X\nX   XX   X\nXe\u221e  H \u221e X\nX   XX   X\nXX XXXX XX\nX   XX   X\nX   XX   X\nX  \u221e     X\nX   XX   X\nXX XXXX XX\nXb  XX   X\nX  bXX   X\nX   XX   X\nXXXXXXXXXX\n", "Health: 8 X: 6 Y: 8\nXXXXXXXXXX\nXT TX    X\nX   XXX  X\nX        X\nX   XX   X\nXX XXXX XX\nX   XX   X\nX   XX   X\nXe\u221em  H\u221e X\nX   XX   X\nXX XXXX XX\nX   XX   X\nX   XX   X\nX  \u221e     X\nX   XX   X\nXX XXXX XX\nXb  XX   X\nX  bXX   X\nX   XX   X\nXXXXXXXXXX\n", "Health: 8 X: 7 Y: 8\nXXXXXXXXXX\nXT TX    X\nX   XXX  X\nX        X\nX   XX   X\nXX XXXX XX\nX   XX   X\nX   XX   X\nXe\u221e m  \u221e X\nX   XX   X\nXX XXXX XX\nX   XX   X\nX   XX   X\nX  \u221e     X\nX   XX   X\nXX XXXX XX\nXb  XX   X\nX  bXX   X\nX   XX   X\nXXXXXXXXXX\n", "Health: 8 X: 7 Y: 9\nXXXXXXXXXX\nXT TX    X\nX   XXX  X\nX        X\nX   XX   X\nXX XXXX XX\nX   XX   X\nX   XX   X\nXe\u221e  m \u221e X\nX   XX H X\nXX XXXX XX\nX   XX   X\nX   XX   X\nX  \u221e     X\nX   XX   X\nXX XXXX XX\nXb  XX   X\nX  bXX   X\nX   XX   X\nXXXXXXXXXX\n", "Health: 8 X: 7 Y: 10\nXXXXXXXXXX\nXT TX    X\nX   XXX  X\nX        X\nX   XX   X\nXX XXXX XX\nX   XX   X\nX   XX   X\nXe\u221e   m\u221e X\nX   XX   X\nXX XXXXHXX\nX   XX   X\nX   XX   X\nX  \u221e     X\nX   XX   X\nXX XXXX XX\nXb  XX   X\nX  bXX   X\nX   XX   X\nXXXXXXXXXX\n", "Health: 8 X: 7 Y: 11\nXXXXXXXXXX\nXT TX    X\nX   XXX  X\nX        X\nX   XX   X\nXX XXXX XX\nX   XX   X\nX   XX   X\nXe\u221e    \u221e X\nX   XX   X\nXX XXXX XX\nX   XX H X\nX   XX   X\nX  \u221e     X\nX   XX   X\nXX XXXX XX\nXb  XX   X\nX  bXX   X\nX   XX   X\nXXXXXXXXXX\n", "Health: 8 X: 7 Y: 12\nXXXXXXXXXX\nXT TX    X\nX   XXX  X\nX        X\nX   XX   X\nXX XXXX XX\nX   XX   X\nX   XX   X\nXe\u221e    \u221e X\nX   XX m X\nXX XXXX XX\nX   XX   X\nX   XX H X\nX  \u221e     X\nX   XX   X\nXX XXXX XX\nXb  XX   X\nX  bXX   X\nX   XX   X\nXXXXXXXXXX\n", "Health: 8 X: 7 Y: 13\nXXXXXXXXXX\nXT TX    X\nX   XXX  X\nX        X\nX   XX   X\nXX XXXX XX\nX   XX   X\nX   XX   X\nXe\u221e    \u221e X\nX   XX   X\nXX XXXXmXX\nX   XX   X\nX   XX   X\nX  \u221e     X\nX   XX   X\nXX XXXX XX\nXb  XX   X\nX  bXX   X\nX   XX   X\nXXXXXXXXXX\n", "Health: 8 X: 6 Y: 13\nXXXXXXXXXX\nXT TX    X\nX   XXX  X\nX        X\nX   XX   X\nXX XXXX XX\nX   XX   X\nX   XX   X\nXe\u221e    \u221e X\nX   XX   X\nXX XXXX XX\nX   XX m X\nX   XX   X\nX  \u221e  H  X\nX   XX   X\nXX XXXX XX\nXb  XX   X\nX  bXX   X\nX   XX   X\nXXXXXXXXXX\n", "Health: 8 X: 5 Y: 13\nXXXXXXXXXX\nXT TX    X\nX   XXX  X\nX        X\nX   XX   X\nXX XXXX XX\nX   XX   X\nX   XX   X\nXe\u221e    \u221e X\nX   XX   X\nXX XXXX XX\nX   XXm  X\nX   XX   X\nX  \u221e H   X\nX   XX   X\nXX XXXX XX\nXb  XX   X\nX  bXX   X\nX   XX   X\nXXXXXXXXXX\n", "Health: 8 X: 4 Y: 13\nXXXXXXXXXX\nXT TX    X\nX   XXX  X\nX        X\nX   XX   X\nXX XXXX XX\nX   XX   X\nX   XX   X\nXe\u221e    \u221e X\nX   XX   X\nXX XXXX XX\nX   XX   X\nX   XXm  X\nX  \u221eH    X\nX   XX   X\nXX XXXX XX\nXb  XX   X\nX  bXX   X\nX   XX   X\nXXXXXXXXXX\n", "Health: 8 X: 3 Y: 13\nXXXXXXXXXX\nXT TX    X\nX   XXX  X\nX        X\nX   XX   X\nXX XXXX XX\nX   XX   X\nX   XX   X\nXe\u221e    \u221e X\nX   XX   X\nXX XXXX XX\nX   XX   X\nX   XX   X\nX  \u221e  m  X\nX   XX   X\nXX XXXX XX\nXb  XX   X\nX  bXX   X\nX   XX   X\nXXXXXXXXXX\n", "Health: 8 X: 2 Y: 13\nXXXXXXXXXX\nXT TX    X\nX   XXX  X\nX        X\nX   XX   X\nXX XXXX XX\nX   XX   X\nX   XX   X\nXe\u221e    \u221e X\nX   XX   X\nXX XXXX XX\nX   XX   X\nX   XX   X\nX H\u221e m   X\nX   XX   X\nXX XXXX XX\nXb  XX   X\nX  bXX   X\nX   XX   X\nXXXXXXXXXX\n", "Health: 8 X: 2 Y: 13\nXXXXXXXXXX\nXT TX    X\nX   XXX  X\nX        X\nX   XX   X\nXX XXXX XX\nX   XX   X\nX   XX   X\nXe\u221e    \u221e X\nX   XX   X\nXX XXXX XX\nX   XX   X\nX   XX   X\nX H\u221e m   X\nX   XX   X\nXX XXXX XX\nXb  XX   X\nX  bXX   X\nX   XX   X\nXXXXXXXXXX\n", "Health: 8 X: 3 Y: 13\nXXXXXXXXXX\nXT TX    X\nX   XXX  X\nX        X\nX   XX   X\nXX XXXX XX\nX   XX   X\nX   XX   X\nXe\u221e    \u221e X\nX   XX   X\nXX XXXX XX\nX   XX   X\nX   XX   X\nX  \u221e m   X\nX   XX   X\nXX XXXX XX\nXb  XX   X\nX  bXX   X\nX   XX   X\nXXXXXXXXXX\n", "Health: 8 X: 4 Y: 13\nXXXXXXXXXX\nXT TX    X\nX   XXX  X\nX        X\nX   XX   X\nXX XXXX XX\nX   XX   X\nX   XX   X\nXe\u221e    \u221e X\nX   XX   X\nXX XXXX XX\nX   XX   X\nX   XX   X\nX  \u221eHm   X\nX   XX   X\nXX XXXX XX\nXb  XX   X\nX  bXX   X\nX   XX   X\nXXXXXXXXXX\n", "Health: 8 X: 5 Y: 13\nXXXXXXXXXX\nXT TX    X\nX   XXX  X\nX        X\nX   XX   X\nXX XXXX XX\nX   XX   X\nX   XX   X\nXe\u221e    \u221e X\nX   XX   X\nXX XXXX XX\nX   XX   X\nX   XX   X\nX  \u221e m   X\nX   XX   X\nXX XXXX XX\nXb  XX   X\nX  bXX   X\nX   XX   X\nXXXXXXXXXX\n", "Health: 8 X: 6 Y: 13\nXXXXXXXXXX\nXT TX    X\nX   XXX  X\nX        X\nX   XX   X\nXX XXXX XX\nX   XX   X\nX   XX   X\nXe\u221e    \u221e X\nX   XX   X\nXX XXXX XX\nX   XX   X\nX   XX   X\nX  \u221e mH  X\nX   XX   X\nXX XXXX XX\nXb  XX   X\nX  bXX   X\nX   XX   X\nXXXXXXXXXX\n", "Health: 7 X: 5 Y: 13\nXXXXXXXXXX\nXT TX    X\nX   XXX  X\nX        X\nX   XX   X\nXX XXXX XX\nX   XX   X\nX   XX   X\nXe\u221e    \u221e X\nX   XX   X\nXX XXXX XX\nX   XX   X\nX   XX   X\nX  \u221e m   X\nX   XX   X\nXX XXXX XX\nXb  XX   X\nX  bXX   X\nX   XX   X\nXXXXXXXXXX\n", "Health: 7 X: 6 Y: 13\nXXXXXXXXXX\nXT TX    X\nX   XXX  X\nX        X\nX   XX   X\nXX XXXX XX\nX   XX   X\nX   XX   X\nXe\u221e    \u221e X\nX   XX   X\nXX XXXX XX\nX   XX   X\nX   XX   X\nX  \u221e mH  X\nX   XX   X\nXX XXXX XX\nXb  XX   X\nX  bXX   X\nX   XX   X\nXXXXXXXXXX\n", "Health: 7 X: 7 Y: 13\nXXXXXXXXXX\nXT TX    X\nX   XXX  X\nX        X\nX   XX   X\nXX XXXX XX\nX   XX   X\nX   XX   X\nXe\u221e    \u221e X\nX   XX   X\nXX XXXX XX\nX   XX   X\nX   XX   X\nX  \u221e m   X\nX   XX   X\nXX XXXX XX\nXb  XX   X\nX  bXX   X\nX   XX   X\nXXXXXXXXXX\n", "Health: 7 X: 7 Y: 12\nXXXXXXXXXX\nXT TX    X\nX   XXX  X\nX        X\nX   XX   X\nXX XXXX XX\nX   XX   X\nX   XX   X\nXe\u221e    \u221e X\nX   XX   X\nXX XXXX XX\nX   XX   X\nX   XX H X\nX  \u221e m   X\nX   XX   X\nXX XXXX XX\nXb  XX   X\nX  bXX   X\nX   XX   X\nXXXXXXXXXX\n", "Health: 7 X: 7 Y: 11\nXXXXXXXXXX\nXT TX    X\nX   XXX  X\nX        X\nX   XX   X\nXX XXXX XX\nX   XX   X\nX   XX   X\nXe\u221e    \u221e X\nX   XX   X\nXX XXXX XX\nX   XX H X\nX   XX   X\nX  \u221e m   X\nX   XX   X\nXX XXXX XX\nXb  XX   X\nX  bXX   X\nX   XX   X\nXXXXXXXXXX\n", "Health: 7 X: 7 Y: 10\nXXXXXXXXXX\nXT TX    X\nX   XXX  X\nX        X\nX   XX   X\nXX XXXX XX\nX   XX   X\nX   XX   X\nXe\u221e    \u221e X\nX   XX   X\nXX XXXXHXX\nX   XX   X\nX   XX   X\nX  \u221e  m  X\nX   XX   X\nXX XXXX XX\nXb  XX   X\nX  bXX   X\nX   XX   X\nXXXXXXXXXX\n", "Health: 7 X: 7 Y: 9\nXXXXXXXXXX\nXT TX    X\nX   XXX  X\nX        X\nX   XX   X\nXX XXXX XX\nX   XX   X\nX   XX   X\nXe\u221e    \u221e X\nX   XX H X\nXX XXXX XX\nX   XX   X\nX   XXm  X\nX  \u221e     X\nX   XX   X\nXX XXXX XX\nXb  XX   X\nX  bXX   X\nX   XX   X\nXXXXXXXXXX\n", "Health: 7 X: 6 Y: 9\nXXXXXXXXXX\nXT TX    X\nX   XXX  X\nX        X\nX   XX   X\nXX XXXX XX\nX   XX   X\nX   XX   X\nXe\u221e    \u221e X\nX   XXH  X\nXX XXXX XX\nX   XXm  X\nX   XX   X\nX  \u221e     X\nX   XX   X\nXX XXXX XX\nXb  XX   X\nX  bXX   X\nX   XX   X\nXXXXXXXXXX\n", "Health: 7 X: 6 Y: 8\nXXXXXXXXXX\nXT TX    X\nX   XXX  X\nX        X\nX   XX   X\nXX XXXX XX\nX   XX   X\nX   XX   X\nXe\u221e   H\u221e X\nX   XX   X\nXX XXXX XX\nX   XX m X\nX   XX   X\nX  \u221e     X\nX   XX   X\nXX XXXX XX\nXb  XX   X\nX  bXX   X\nX   XX   X\nXXXXXXXXXX\n", "Health: 7 X: 5 Y: 8\nXXXXXXXXXX\nXT TX    X\nX   XXX  X\nX        X\nX   XX   X\nXX XXXX XX\nX   XX   X\nX   XX   X\nXe\u221e  H \u221e X\nX   XX   X\nXX XXXXmXX\nX   XX   X\nX   XX   X\nX  \u221e     X\nX   XX   X\nXX XXXX XX\nXb  XX   X\nX  bXX   X\nX   XX   X\nXXXXXXXXXX\n", "Health: 7 X: 4 Y: 8\nXXXXXXXXXX\nXT TX    X\nX   XXX  X\nX        X\nX   XX   X\nXX XXXX XX\nX   XX   X\nX   XX   X\nXe\u221e H  \u221e X\nX   XX m X\nXX XXXX XX\nX   XX   X\nX   XX   X\nX  \u221e     X\nX   XX   X\nXX XXXX XX\nXb  XX   X\nX  bXX   X\nX   XX   X\nXXXXXXXXXX\n", "Health: 7 X: 3 Y: 8\nXXXXXXXXXX\nXT TX    X\nX   XXX  X\nX        X\nX   XX   X\nXX XXXX XX\nX   XX   X\nX   XX   X\nXe\u221eH   \u221e X\nX   XX   X\nXX XXXX XX\nX   XX   X\nX   XX   X\nX  \u221e     X\nX   XX   X\nXX XXXX XX\nXb  XX   X\nX  bXX   X\nX   XX   X\nXXXXXXXXXX\n", "Health: 7 X: 2 Y: 8\nXXXXXXXXXX\nXT TX    X\nX   XXX  X\nX        X\nX   XX   X\nXX XXXX XX\nX   XX   X\nX   XX   X\nXe\u221e   m\u221e X\nX   XX   X\nXX XXXX XX\nX   XX   X\nX   XX   X\nX  \u221e     X\nX   XX   X\nXX XXXX XX\nXb  XX   X\nX  bXX   X\nX   XX   X\nXXXXXXXXXX\n", "Health: 7 X: 2 Y: 7\nXXXXXXXXXX\nXT TX    X\nX   XXX  X\nX        X\nX   XX   X\nXX XXXX XX\nX   XX   X\nX H XX   X\nXe\u221e  m \u221e X\nX   XX   X\nXX XXXX XX\nX   XX   X\nX   XX   X\nX  \u221e     X\nX   XX   X\nXX XXXX XX\nXb  XX   X\nX  bXX   X\nX   XX   X\nXXXXXXXXXX\n", "Health: 7 X: 2 Y: 6\nXXXXXXXXXX\nXT TX    X\nX   XXX  X\nX        X\nX   XX   X\nXX XXXX XX\nX   XX   X\nX   XX   X\nXe\u221e m  \u221e X\nX   XX   X\nXX XXXX XX\nX   XX   X\nX   XX   X\nX  \u221e     X\nX   XX   X\nXX XXXX XX\nXb  XX   X\nX  bXX   X\nX   XX   X\nXXXXXXXXXX\n", "Health: 7 X: 2 Y: 5\nXXXXXXXXXX\nXT TX    X\nX   XXX  X\nX        X\nX   XX   X\nXXHXXXX XX\nX   XX   X\nX   XX   X\nXe\u221em   \u221e X\nX   XX   X\nXX XXXX XX\nX   XX   X\nX   XX   X\nX  \u221e     X\nX   XX   X\nXX XXXX XX\nXb  XX   X\nX  bXX   X\nX   XX   X\nXXXXXXXXXX\n", "Health: 7 X: 2 Y: 4\nXXXXXXXXXX\nXT TX    X\nX   XXX  X\nX        X\nX H XX   X\nXX XXXX XX\nX   XX   X\nX  mXX   X\nXe\u221e    \u221e X\nX   XX   X\nXX XXXX XX\nX   XX   X\nX   XX   X\nX  \u221e     X\nX   XX   X\nXX XXXX XX\nXb  XX   X\nX  bXX   X\nX   XX   X\nXXXXXXXXXX\n", "Health: 7 X: 2 Y: 3\nXXXXXXXXXX\nXT TX    X\nX   XXX  X\nX H      X\nX   XX   X\nXX XXXX XX\nX   XX   X\nX   XX   X\nXe\u221e    \u221e X\nX   XX   X\nXX XXXX XX\nX   XX   X\nX   XX   X\nX  \u221e     X\nX   XX   X\nXX XXXX XX\nXb  XX   X\nX  bXX   X\nX   XX   X\nXXXXXXXXXX\n", "Health: 7 X: 2 Y: 2\nXXXXXXXXXX\nXT TX    X\nX H XXX  X\nX        X\nX   XX   X\nXX XXXX XX\nX   XX   X\nX   XX   X\nXe\u221e    \u221e X\nX   XX   X\nXX XXXX XX\nX   XX   X\nX   XX   X\nX  \u221e     X\nX   XX   X\nXX XXXX XX\nXb  XX   X\nX  bXX   X\nX   XX   X\nXXXXXXXXXX\n", "Health: 7 X: 2 Y: 1\nXXXXXXXXXX\nXTHTX    X\nX   XXX  X\nX        X\nX   XX   X\nXXmXXXX XX\nX   XX   X\nX   XX   X\nXe\u221e    \u221e X\nX   XX   X\nXX XXXX XX\nX   XX   X\nX   XX   X\nX  \u221e     X\nX   XX   X\nXX XXXX XX\nXb  XX   X\nX  bXX   X\nX   XX   X\nXXXXXXXXXX\n", "Health: 7 X: 3 Y: 1\nXXXXXXXXXX\nXT  X    X\nX   XXX  X\nX        X\nX m XX   X\nXX XXXX XX\nX   XX   X\nX   XX   X\nXe\u221e    \u221e X\nX   XX   X\nXX XXXX XX\nX   XX   X\nX   XX   X\nX  \u221e     X\nX   XX   X\nXX XXXX XX\nXb  XX   X\nX  bXX   X\nX   XX   X\nXXXXXXXXXX\n", "Health: 7 X: 2 Y: 1\nXXXXXXXXXX\nXTH X    X\nX   XXX  X\nX m      X\nX   XX   X\nXX XXXX XX\nX   XX   X\nX   XX   X\nXe\u221e    \u221e X\nX   XX   X\nXX XXXX XX\nX   XX   X\nX   XX   X\nX  \u221e     X\nX   XX   X\nXX XXXX XX\nXb  XX   X\nX  bXX   X\nX   XX   X\nXXXXXXXXXX\n", "Health: 7 X: 1 Y: 1\nXXXXXXXXXX\nX   X    X\nX m XXX  X\nX        X\nX   XX   X\nXX XXXX XX\nX   XX   X\nX   XX   X\nXe\u221e    \u221e X\nX   XX   X\nXX XXXX XX\nX   XX   X\nX   XX   X\nX  \u221e     X\nX   XX   X\nXX XXXX XX\nXb  XX   X\nX  bXX   X\nX   XX   X\nXXXXXXXXXX\n", "Health: 7 X: 1 Y: 1\nXXXXXXXXXX\nX   X    X\nX m XXX  X\nX        X\nX   XX   X\nXX XXXX XX\nX   XX   X\nX   XX   X\nXe\u221e    \u221e X\nX   XX   X\nXX XXXX XX\nX   XX   X\nX   XX   X\nX  \u221e     X\nX   XX   X\nXX XXXX XX\nXb  XX   X\nX  bXX   X\nX   XX   X\nXXXXXXXXXX\n", "Health: 7 X: 1 Y: 2\nXXXXXXXXXX\nX   X    X\nXHm XXX  X\nX        X\nX   XX   X\nXX XXXX XX\nX   XX   X\nX   XX   X\nXe\u221e    \u221e X\nX   XX   X\nXX XXXX XX\nX   XX   X\nX   XX   X\nX  \u221e     X\nX   XX   X\nXX XXXX XX\nXb  XX   X\nX  bXX   X\nX   XX   X\nXXXXXXXXXX\n", "Health: 7 X: 1 Y: 3\nXXXXXXXXXX\nX   X    X\nX m XXX  X\nXH       X\nX   XX   X\nXX XXXX XX\nX   XX   X\nX   XX   X\nXe\u221e    \u221e X\nX   XX   X\nXX XXXX XX\nX   XX   X\nX   XX   X\nX  \u221e     X\nX   XX   X\nXX XXXX XX\nXb  XX   X\nX  bXX   X\nX   XX   X\nXXXXXXXXXX\n", "Health: 7 X: 2 Y: 3\nXXXXXXXXXX\nX   X    X\nX m XXX  X\nX H      X\nX   XX   X\nXX XXXX XX\nX   XX   X\nX   XX   X\nXe\u221e    \u221e X\nX   XX   X\nXX XXXX XX\nX   XX   X\nX   XX   X\nX  \u221e     X\nX   XX   X\nXX XXXX XX\nXb  XX   X\nX  bXX   X\nX   XX   X\nXXXXXXXXXX\n", "Health: 7 X: 2 Y: 2\nXXXXXXXXXX\nX   X    X\nX m XXX  X\nX        X\nX   XX   X\nXX XXXX XX\nX   XX   X\nX   XX   X\nXe\u221e    \u221e X\nX   XX   X\nXX XXXX XX\nX   XX   X\nX   XX   X\nX  \u221e     X\nX   XX   X\nXX XXXX XX\nXb  XX   X\nX  bXX   X\nX   XX   X\nXXXXXXXXXX\n", "Health: 6 X: 2 Y: 3\nXXXXXXXXXX\nX   X    X\nX m XXX  X\nX H      X\nX   XX   X\nXX XXXX XX\nX   XX   X\nX   XX   X\nXe\u221e    \u221e X\nX   XX   X\nXX XXXX XX\nX   XX   X\nX   XX   X\nX  \u221e     X\nX   XX   X\nXX XXXX XX\nXb  XX   X\nX  bXX   X\nX   XX   X\nXXXXXXXXXX\n", "Health: 6 X: 2 Y: 4\nXXXXXXXXXX\nX   X    X\nX m XXX  X\nX        X\nX H XX   X\nXX XXXX XX\nX   XX   X\nX   XX   X\nXe\u221e    \u221e X\nX   XX   X\nXX XXXX XX\nX   XX   X\nX   XX   X\nX  \u221e     X\nX   XX   X\nXX XXXX XX\nXb  XX   X\nX  bXX   X\nX   XX   X\nXXXXXXXXXX\n", "Health: 6 X: 2 Y: 5\nXXXXXXXXXX\nX   X    X\nX m XXX  X\nX        X\nX   XX   X\nXXHXXXX XX\nX   XX   X\nX   XX   X\nXe\u221e    \u221e X\nX   XX   X\nXX XXXX XX\nX   XX   X\nX   XX   X\nX  \u221e     X\nX   XX   X\nXX XXXX XX\nXb  XX   X\nX  bXX   X\nX   XX   X\nXXXXXXXXXX\n", "Health: 6 X: 2 Y: 6\nXXXXXXXXXX\nX   X    X\nX m XXX  X\nX        X\nX   XX   X\nXX XXXX XX\nX   XX   X\nX   XX   X\nXe\u221e    \u221e X\nX   XX   X\nXX XXXX XX\nX   XX   X\nX   XX   X\nX  \u221e     X\nX   XX   X\nXX XXXX XX\nXb  XX   X\nX  bXX   X\nX   XX   X\nXXXXXXXXXX\n", "Health: 6 X: 2 Y: 7\nXXXXXXXXXX\nX   X    X\nX m XXX  X\nX        X\nX   XX   X\nXX XXXX XX\nX   XX   X\nX H XX   X\nXe\u221e    \u221e X\nX   XX   X\nXX XXXX XX\nX   XX   X\nX   XX   X\nX  \u221e     X\nX   XX   X\nXX XXXX XX\nXb  XX   X\nX  bXX   X\nX   XX   X\nXXXXXXXXXX\n", "Health: 6 X: 2 Y: 8\nXXXXXXXXXX\nX   X    X\nX m XXX  X\nX        X\nX   XX   X\nXX XXXX XX\nX   XX   X\nX   XX   X\nXe\u221e    \u221e X\nX   XX   X\nXX XXXX XX\nX   XX   X\nX   XX   X\nX  \u221e     X\nX   XX   X\nXX XXXX XX\nXb  XX   X\nX  bXX   X\nX   XX   X\nXXXXXXXXXX\n", "Health: 6 X: 2 Y: 9\nXXXXXXXXXX\nX   X    X\nX   XXX  X\nX m      X\nX   XX   X\nXX XXXX XX\nX   XX   X\nX   XX   X\nXe\u221e    \u221e X\nX H XX   X\nXX XXXX XX\nX   XX   X\nX   XX   X\nX  \u221e     X\nX   XX   X\nXX XXXX XX\nXb  XX   X\nX  bXX   X\nX   XX   X\nXXXXXXXXXX\n", "Health: 6 X: 2 Y: 10\nXXXXXXXXXX\nX   X    X\nX   XXX  X\nX        X\nX m XX   X\nXX XXXX XX\nX   XX   X\nX   XX   X\nXe\u221e    \u221e X\nX   XX   X\nXXHXXXX XX\nX   XX   X\nX   XX   X\nX  \u221e     X\nX   XX   X\nXX XXXX XX\nXb  XX   X\nX  bXX   X\nX   XX   X\nXXXXXXXXXX\n", "Health: 6 X: 2 Y: 11\nXXXXXXXXXX\nX   X    X\nX   XXX  X\nX        X\nX   XX   X\nXXmXXXX XX\nX   XX   X\nX   XX   X\nXe\u221e    \u221e X\nX   XX   X\nXX XXXX XX\nX H XX   X\nX   XX   X\nX  \u221e     X\nX   XX   X\nXX XXXX XX\nXb  XX   X\nX  bXX   X\nX   XX   X\nXXXXXXXXXX\n", "Health: 6 X: 2 Y: 12\nXXXXXXXXXX\nX   X    X\nX   XXX  X\nX        X\nX   XX   X\nXX XXXX XX\nX   XX   X\nX   XX   X\nXe\u221e    \u221e X\nX   XX   X\nXX XXXX XX\nX   XX   X\nX H XX   X\nX  \u221e     X\nX   XX   X\nXX XXXX XX\nXb  XX   X\nX  bXX   X\nX   XX   X\nXXXXXXXXXX\n", "Health: 6 X: 2 Y: 13\nXXXXXXXXXX\nX   X    X\nX   XXX  X\nX        X\nX   XX   X\nXX XXXX XX\nX   XX   X\nX m XX   X\nXe\u221e    \u221e X\nX   XX   X\nXX XXXX XX\nX   XX   X\nX   XX   X\nX H\u221e     X\nX   XX   X\nXX XXXX XX\nXb  XX   X\nX  bXX   X\nX   XX   X\nXXXXXXXXXX\n", "Health: 6 X: 2 Y: 14\nXXXXXXXXXX\nX   X    X\nX   XXX  X\nX        X\nX   XX   X\nXX XXXX XX\nX   XX   X\nX   XX   X\nXe\u221e    \u221e X\nX   XX   X\nXX XXXX XX\nX   XX   X\nX   XX   X\nX  \u221e     X\nX H XX   X\nXX XXXX XX\nXb  XX   X\nX  bXX   X\nX   XX   X\nXXXXXXXXXX\n", "Health: 6 X: 2 Y: 15\nXXXXXXXXXX\nX   X    X\nX   XXX  X\nX        X\nX   XX   X\nXX XXXX XX\nX   XX   X\nX   XX   X\nXe\u221e    \u221e X\nX m XX   X\nXX XXXX XX\nX   XX   X\nX   XX   X\nX  \u221e     X\nX   XX   X\nXXHXXXX XX\nXb bXX   X\nX   XX   X\nX   XX   X\nXXXXXXXXXX\n", "Health: 4 X: 2 Y: 16\nXXXXXXXXXX\nX   X    X\nX   XXX  X\nX        X\nX   XX   X\nXX XXXX XX\nX   XX   X\nX   XX   X\nXe\u221e    \u221e X\nX   XX   X\nXXmXXXX XX\nX   XX   X\nX   XX   X\nX  \u221e     X\nX   XX   X\nXX XXXX XX\nX\u221eH\u221eXX   X\nX   XX   X\nX   XX   X\nXXXXXXXXXX\n", "Health: 4 X: 2 Y: 16\nXXXXXXXXXX\nX   X    X\nX   XXX  X\nX        X\nX   XX   X\nXX XXXX XX\nX   XX   X\nX   XX   X\nXe\u221e    \u221e X\nX   XX   X\nXXmXXXX XX\nX   XX   X\nX   XX   X\nX  \u221e     X\nX   XX   X\nXX XXXX XX\nX\u221eH\u221eXX   X\nX   XX   X\nX   XX   X\nXXXXXXXXXX\n", "Health: 4 X: 2 Y: 15\nXXXXXXXXXX\nX   X    X\nX   XXX  X\nX        X\nX   XX   X\nXX XXXX XX\nX   XX   X\nX   XX   X\nXe\u221e    \u221e X\nX   XX   X\nXXmXXXX XX\nX   XX   X\nX   XX   X\nX  \u221e     X\nX   XX   X\nXXHXXXX XX\nX\u221e \u221eXX   X\nX   XX   X\nX   XX   X\nXXXXXXXXXX\n", "Health: 4 X: 2 Y: 14\nXXXXXXXXXX\nX   X    X\nX   XXX  X\nX        X\nX   XX   X\nXX XXXX XX\nX   XX   X\nX   XX   X\nXe\u221e    \u221e X\nX   XX   X\nXXmXXXX XX\nX   XX   X\nX   XX   X\nX  \u221e     X\nX H XX   X\nXX XXXX XX\nX\u221e \u221eXX   X\nX   XX   X\nX   XX   X\nXXXXXXXXXX\n", "Health: 4 X: 3 Y: 14\nXXXXXXXXXX\nX   X    X\nX   XXX  X\nX        X\nX   XX   X\nXX XXXX XX\nX   XX   X\nX   XX   X\nXe\u221e    \u221e X\nX   XX   X\nXXmXXXX XX\nX   XX   X\nX   XX   X\nX  \u221e     X\nX  HXX   X\nXX XXXX XX\nX\u221e \u221eXX   X\nX   XX   X\nX   XX   X\nXXXXXXXXXX\n", "Health: 4 X: 3 Y: 13\nXXXXXXXXXX\nX   X    X\nX   XXX  X\nX        X\nX   XX   X\nXX XXXX XX\nX   XX   X\nX   XX   X\nXe\u221e    \u221e X\nX   XX   X\nXXmXXXX XX\nX   XX   X\nX   XX   X\nX  \u221e     X\nX   XX   X\nXX XXXX XX\nX\u221e \u221eXX   X\nX   XX   X\nX   XX   X\nXXXXXXXXXX\n", "Health: 4 X: 4 Y: 13\nXXXXXXXXXX\nX   X    X\nX   XXX  X\nX        X\nX   XX   X\nXX XXXX XX\nX   XX   X\nX   XX   X\nXe\u221e    \u221e X\nX   XX   X\nXX XXXX XX\nX m XX   X\nX   XX   X\nX  \u221eH    X\nX   XX   X\nXX XXXX XX\nX\u221e \u221eXX   X\nX   XX   X\nX   XX   X\nXXXXXXXXXX\n", "Health: 4 X: 5 Y: 13\nXXXXXXXXXX\nX   X    X\nX   XXX  X\nX        X\nX   XX   X\nXX XXXX XX\nX   XX   X\nX   XX   X\nXe\u221e    \u221e X\nX   XX   X\nXX XXXX XX\nX  mXX   X\nX   XX   X\nX  \u221e H   X\nX   XX   X\nXX XXXX XX\nX\u221e \u221eXX   X\nX   XX   X\nX   XX   X\nXXXXXXXXXX\n", "Health: 4 X: 6 Y: 13\nXXXXXXXXXX\nX   X    X\nX   XXX  X\nX        X\nX   XX   X\nXX XXXX XX\nX   XX   X\nX   XX   X\nXe\u221e    \u221e X\nX   XX   X\nXX XXXX XX\nX   XX   X\nX  mXX   X\nX  \u221e  H  X\nX   XX   X\nXX XXXX XX\nX\u221e \u221eXX   X\nX   XX   X\nX   XX   X\nXXXXXXXXXX\n", "Health: 4 X: 7 Y: 13\nXXXXXXXXXX\nX   X    X\nX   XXX  X\nX        X\nX   XX   X\nXX XXXX XX\nX   XX   X\nX   XX   X\nXe\u221e    \u221e X\nX   XX   X\nXX XXXX XX\nX   XX   X\nX   XX   X\nX  \u221e     X\nX   XX   X\nXX XXXX XX\nX\u221e \u221eXX   X\nX   XX   X\nX   XX   X\nXXXXXXXXXX\n", "Health: 4 X: 7 Y: 12\nXXXXXXXXXX\nX   X    X\nX   XXX  X\nX        X\nX   XX   X\nXX XXXX XX\nX   XX   X\nX   XX   X\nXe\u221e    \u221e X\nX   XX   X\nXX XXXX XX\nX   XX   X\nX   XX H X\nX  \u221em    X\nX   XX   X\nXX XXXX XX\nX\u221e \u221eXX   X\nX   XX   X\nX   XX   X\nXXXXXXXXXX\n", "Health: 4 X: 7 Y: 11\nXXXXXXXXXX\nX   X    X\nX   XXX  X\nX        X\nX   XX   X\nXX XXXX XX\nX   XX   X\nX   XX   X\nXe\u221e    \u221e X\nX   XX   X\nXX XXXX XX\nX   XX H X\nX   XX   X\nX  \u221e m   X\nX   XX   X\nXX XXXX XX\nX\u221e \u221eXX   X\nX   XX   X\nX   XX   X\nXXXXXXXXXX\n", "Health: 4 X: 7 Y: 10\nXXXXXXXXXX\nX   X    X\nX   XXX  X\nX        X\nX   XX   X\nXX XXXX XX\nX   XX   X\nX   XX   X\nXe\u221e    \u221e X\nX   XX   X\nXX XXXXHXX\nX   XX   X\nX   XX   X\nX  \u221e  m  X\nX   XX   X\nXX XXXX XX\nX\u221e \u221eXX   X\nX   XX   X\nX   XX   X\nXXXXXXXXXX\n", "Health: 4 X: 7 Y: 9\nXXXXXXXXXX\nX   X    X\nX   XXX  X\nX        X\nX   XX   X\nXX XXXX XX\nX   XX   X\nX   XX   X\nXe\u221e    \u221e X\nX   XX H X\nXX XXXX XX\nX   XX   X\nX   XXm  X\nX  \u221e     X\nX   XX   X\nXX XXXX XX\nX\u221e \u221eXX   X\nX   XX   X\nX   XX   X\nXXXXXXXXXX\n", "Health: 4 X: 6 Y: 9\nXXXXXXXXXX\nX   X    X\nX   XXX  X\nX        X\nX   XX   X\nXX XXXX XX\nX   XX   X\nX   XX   X\nXe\u221e    \u221e X\nX   XXH  X\nXX XXXX XX\nX   XXm  X\nX   XX   X\nX  \u221e     X\nX   XX   X\nXX XXXX XX\nX\u221e \u221eXX   X\nX   XX   X\nX   XX   X\nXXXXXXXXXX\n", "Health: 4 X: 6 Y: 8\nXXXXXXXXXX\nX   X    X\nX   XXX  X\nX        X\nX   XX   X\nXX XXXX XX\nX   XX   X\nX   XX   X\nXe\u221e   H\u221e X\nX   XX   X\nXX XXXX XX\nX   XX m X\nX   XX   X\nX  \u221e     X\nX   XX   X\nXX XXXX XX\nX\u221e \u221eXX   X\nX   XX   X\nX   XX   X\nXXXXXXXXXX\n", "Health: 4 X: 5 Y: 8\nXXXXXXXXXX\nX   X    X\nX   XXX  X\nX        X\nX   XX   X\nXX XXXX XX\nX   XX   X\nX   XX   X\nXe\u221e  H \u221e X\nX   XX   X\nXX XXXXmXX\nX   XX   X\nX   XX   X\nX  \u221e     X\nX   XX   X\nXX XXXX XX\nX\u221e \u221eXX   X\nX   XX   X\nX   XX   X\nXXXXXXXXXX\n", "Health: 4 X: 4 Y: 8\nXXXXXXXXXX\nX   X    X\nX   XXX  X\nX        X\nX   XX   X\nXX XXXX XX\nX   XX   X\nX   XX   X\nXe\u221e H  \u221e X\nX   XX m X\nXX XXXX XX\nX   XX   X\nX   XX   X\nX  \u221e     X\nX   XX   X\nXX XXXX XX\nX\u221e \u221eXX   X\nX   XX   X\nX   XX   X\nXXXXXXXXXX\n", "Health: 4 X: 3 Y: 8\nXXXXXXXXXX\nX   X    X\nX   XXX  X\nX        X\nX   XX   X\nXX XXXX XX\nX   XX   X\nX   XX   X\nXe\u221eH   \u221e X\nX   XX   X\nXX XXXX XX\nX   XX   X\nX   XX   X\nX  \u221e     X\nX   XX   X\nXX XXXX XX\nX\u221e \u221eXX   X\nX   XX   X\nX   XX   X\nXXXXXXXXXX\n", "Health: 4 X: 2 Y: 8\nXXXXXXXXXX\nX   X    X\nX   XXX  X\nX        X\nX   XX   X\nXX XXXX XX\nX   XX   X\nX   XX   X\nXe\u221e   m\u221e X\nX   XX   X\nXX XXXX XX\nX   XX   X\nX   XX   X\nX  \u221e     X\nX   XX   X\nXX XXXX XX\nX\u221e \u221eXX   X\nX   XX   X\nX   XX   X\nXXXXXXXXXX\n", "Health: 4 X: 1 Y: 8\nXXXXXXXXXX\nX   X    X\nX   XXX  X\nX        X\nX   XX   X\nXX XXXX XX\nX   XX   X\nX   XX   X\nXe\u221e  m \u221e X\nX   XX   X\nXX XXXX XX\nX   XX   X\nX   XX   X\nX  \u221e     X\nX   XX   X\nXX XXXX XX\nX\u221e \u221eXX   X\nX   XX   X\nX   XX   X\nXXXXXXXXXX\n"], "map_number": 101}, {"mechanics": [{"timestep": 1, "mechanic": "BlobHit"}, {"timestep": 9, "mechanic": "GoblinMeleeHit"}, {"timestep": 12, "mechanic": "GoblinMeleeHit"}, {"timestep": 15, "mechanic": "CollectPotion"}, {"timestep": 17, "mechanic": "OgreHit"}, {"timestep": 17, "mechanic": "OgreHit"}, {"timestep": 21, "mechanic": "MinitaurHit"}, {"timestep": 23, "mechanic": "CollectTreasure"}, {"timestep": 29, "mechanic": "CollectTreasure"}, {"timestep": 29, "mechanic": "GoblinRangedHit"}, {"timestep": 30, "mechanic": "JavelinThrow"}, {"timestep": 31, "mechanic": "GoblinRangedHit"}, {"timestep": 32, "mechanic": "GoblinRangedHit"}, {"timestep": 33, "mechanic": "GoblinRangedHit"}, {"timestep": 34, "mechanic": "JavelinThrow"}, {"timestep": 38, "mechanic": "CollectTreasure"}, {"timestep": 39, "mechanic": "ReachStairs"}], "frequencies": {"BlobHit": 1, "GoblinMeleeHit": 2, "CollectPotion": 1, "OgreHit": 2, "MinitaurHit": 1, "CollectTreasure": 3, "GoblinRangedHit": 4, "JavelinThrow": 2, "ReachStairs": 1}, "levelReport": {"utilityGained": 0.0, "exitUtility": 1.0, "runnerUtility": 0.6, "loitererUtility": 40.0, "completionistUtility": 0.7375, "monsterKillerUtility": 1.0, "treasureCollectorUtility": 0.5625, "turnsTaken": 40, "health": 2, "healthLost": 10, "alive": true, "javelinsThrown": 2, "monsterKills": 6, "minitaurKnockouts": 2, "treasuresCollected": 3, "potionsTaken": 1, "totalMonsters": 7, "totalTreasures": 8, "totalPotions": 2, "timeTaken": 0.0}, "positions": [{"X": 7, "Y": 3}, {"X": 6, "Y": 3}, {"X": 5, "Y": 3}, {"X": 4, "Y": 3}, {"X": 3, "Y": 3}, {"X": 2, "Y": 3}, {"X": 1, "Y": 3}, {"X": 1, "Y": 4}, {"X": 1, "Y": 5}, {"X": 1, "Y": 6}, {"X": 1, "Y": 7}, {"X": 1, "Y": 8}, {"X": 1, "Y": 9}, {"X": 1, "Y": 10}, {"X": 1, "Y": 11}, {"X": 2, "Y": 11}, {"X": 3, "Y": 11}, {"X": 3, "Y": 11}, {"X": 4, "Y": 11}, {"X": 3, "Y": 11}, {"X": 2, "Y": 11}, {"X": 1, "Y": 11}, {"X": 1, "Y": 12}, {"X": 1, "Y": 13}, {"X": 1, "Y": 14}, {"X": 1, "Y": 15}, {"X": 1, "Y": 16}, {"X": 2, "Y": 16}, {"X": 3, "Y": 16}, {"X": 4, "Y": 16}, {"X": 4, "Y": 16}, {"X": 4, "Y": 15}, {"X": 4, "Y": 14}, {"X": 4, "Y": 13}, {"X": 4, "Y": 13}, {"X": 5, "Y": 13}, {"X": 5, "Y": 14}, {"X": 5, "Y": 15}, {"X": 5, "Y": 16}, {"X": 5, "Y": 17}], "levelStates": ["Health: 10 X: 7 Y: 3\nXXXXXXXXXX\nXXXT m   X\nXXXXXXXX X\nX     bH X\nX XX XXXXX\nX XX XXXXX\nX MX XT tX\nX XX XTX X\nX XX XTX X\nX MX XTX X\nX XX XXX X\nX P o  P X\nX XXXXXX X\nXTX RR XTX\nX X    X X\nX XX  XX X\nX   TT   X\nXT   e   X\nXXXXXXXXXX\n", "Health: 10 X: 6 Y: 3\nXXXXXXXXXX\nXXXT  m  X\nXXXXXXXX X\nX     \u221e  X\nX XX XXXXX\nX XX XXXXX\nX MX XT tX\nX XX XTX X\nX XX XTX X\nX MX XTX X\nX XX XXX X\nX P o  P X\nX XXXXXX X\nXTX RR XTX\nX X    X X\nX XX  XX X\nX   TT   X\nXT   e   X\nXXXXXXXXXX\n", "Health: 10 X: 5 Y: 3\nXXXXXXXXXX\nXXXT   m X\nXXXXXXXX X\nX    H\u221e  X\nX XX XXXXX\nX XX XXXXX\nX MX XT tX\nX XX XTX X\nX XX XTX X\nX MX XTX X\nX XX XXX X\nX P o  P X\nX XXXXXX X\nXTX RR XTX\nX X    X X\nX XX  XX X\nX   TT   X\nXT   e   X\nXXXXXXXXXX\n", "Health: 10 X: 4 Y: 3\nXXXXXXXXXX\nXXXT    mX\nXXXXXXXX X\nX   H \u221e  X\nX XX XXXXX\nX XX XXXXX\nX MX XT tX\nX XX XTX X\nX XX XTX X\nX MX XTX X\nX XXoXXX X\nX P    P X\nX XXXXXX X\nXTX RR XTX\nX X    X X\nX XX  XX X\nX   TT   X\nXT   e   X\nXXXXXXXXXX\n", "Health: 10 X: 3 Y: 3\nXXXXXXXXXX\nXXXT     X\nXXXXXXXXmX\nX  H  \u221e  X\nX XX XXXXX\nX XX XXXXX\nX MX XT tX\nX XX XTX X\nX XX XTX X\nX MX XTX X\nX XXoXXX X\nX P    P X\nX XXXXXX X\nXTX RR XTX\nX X    X X\nX XX  XX X\nX   TT   X\nXT   e   X\nXXXXXXXXXX\n", "Health: 10 X: 2 Y: 3\nXXXXXXXXXX\nXXXT     X\nXXXXXXXX X\nX H   \u221e mX\nX XX XXXXX\nX XX XXXXX\nX MX XT tX\nX XX XTX X\nX XX XTX X\nX MX XTX X\nX XXoXXX X\nX P    P X\nX XXXXXX X\nXTX RR XTX\nX X    X X\nX XX  XX X\nX   TT   X\nXT   e   X\nXXXXXXXXXX\n", "Health: 10 X: 1 Y: 3\nXXXXXXXXXX\nXXXT     X\nXXXXXXXX X\nXH    \u221em X\nX XX XXXXX\nX XX XXXXX\nX MX XT tX\nX XX XTX X\nX XX XTX X\nX MX XTX X\nX XXoXXX X\nX P    P X\nX XXXXXX X\nXTX RR XTX\nX X    X X\nX XX  XX X\nX   TT   X\nXT   e   X\nXXXXXXXXXX\n", "Health: 10 X: 1 Y: 4\nXXXXXXXXXX\nXXXT     X\nXXXXXXXX X\nX     \u221e  X\nXHXX XXXXX\nX XX XXXXX\nX MX XT tX\nX XX XTX X\nX XX XTX X\nX MX XTX X\nX XXoXXX X\nX P    P X\nX XXXXXX X\nXTX RR XTX\nX X    X X\nX XX  XX X\nX   TT   X\nXT   e   X\nXXXXXXXXXX\n", "Health: 10 X: 1 Y: 5\nXXXXXXXXXX\nXXXT     X\nXXXXXXXX X\nX    m\u221e  X\nX XX XXXXX\nXHXX XXXXX\nX MX XT tX\nX XX XTX X\nX XX XTX X\nX MX XTX X\nX XXoXXX X\nX P    P X\nX XXXXXX X\nXTX RR XTX\nX X    X X\nX XX  XX X\nX   TT   X\nXT   e   X\nXXXXXXXXXX\n", "Health: 9 X: 1 Y: 6\nXXXXXXXXXX\nXXXT     X\nXXXXXXXX X\nX   m \u221e  X\nX XX XXXXX\nX XX XXXXX\nXH\u221eX XT tX\nX XX XTX X\nX XX XTX X\nX MX XTX X\nX XXoXXX X\nX P    P X\nX XXXXXX X\nXTX RR XTX\nX X    X X\nX XX  XX X\nX   TT   X\nXT   e   X\nXXXXXXXXXX\n", "Health: 9 X: 1 Y: 7\nXXXXXXXXXX\nXXXT     X\nXXXXXXXX X\nX  m  \u221e  X\nX XX XXXXX\nX XX XXXXX\nX \u221eX XT tX\nXHXX XTX X\nX XX XTX X\nX MX XTX X\nX XXoXXX X\nX P    P X\nX XXXXXX X\nXTX RR XTX\nX X    X X\nX XX  XX X\nX   TT   X\nXT   e   X\nXXXXXXXXXX\n", "Health: 9 X: 1 Y: 8\nXXXXXXXXXX\nXXXT     X\nXXXXXXXX X\nX m   \u221e  X\nX XX XXXXX\nX XX XXXXX\nX \u221eX XT tX\nX XX XTX X\nXHXX XTX X\nX MX XTX X\nX XXoXXX X\nX P    P X\nX XXXXXX X\nXTX RR XTX\nX X    X X\nX XX  XX X\nX   TT   X\nXT   e   X\nXXXXXXXXXX\n", "Health: 8 X: 1 Y: 9\nXXXXXXXXXX\nXXXT     X\nXXXXXXXX X\nXm    \u221e  X\nX XX XXXXX\nX XX XXXXX\nX \u221eX XT tX\nX XX XTX X\nX XX XTX X\nXH\u221eX XTX X\nX XXoXXX X\nX P    P X\nX XXXXXX X\nXTX RR XTX\nX X    X X\nX XX  XX X\nX   TT   X\nXT   e   X\nXXXXXXXXXX\n", "Health: 8 X: 1 Y: 10\nXXXXXXXXXX\nXXXT     X\nXXXXXXXX X\nX     \u221e  X\nXmXX XXXXX\nX XX XXXXX\nX \u221eX XT tX\nX XX XTX X\nX XX XTX X\nX \u221eX XTX X\nXHXXoXXX X\nX P    P X\nX XXXXXX X\nXTX RR XTX\nX X    X X\nX XX  XX X\nX   TT   X\nXT   e   X\nXXXXXXXXXX\n", "Health: 8 X: 1 Y: 11\nXXXXXXXXXX\nXXXT     X\nXXXXXXXX X\nX     \u221e  X\nX XX XXXXX\nXmXX XXXXX\nX \u221eX XT tX\nX XX XTX X\nX XX XTX X\nX \u221eX XTX X\nX XXoXXX X\nXHP    P X\nX XXXXXX X\nXTX RR XTX\nX X    X X\nX XX  XX X\nX   TT   X\nXT   e   X\nXXXXXXXXXX\n", "Health: 10 X: 2 Y: 11\nXXXXXXXXXX\nXXXT     X\nXXXXXXXX X\nX     \u221e  X\nX XX XXXXX\nX XX XXXXX\nXm\u221eX XT tX\nX XX XTX X\nX XX XTX X\nX \u221eX XTX X\nX XXoXXX X\nX      P X\nX XXXXXX X\nXTX RR XTX\nX X    X X\nX XX  XX X\nX   TT   X\nXT   e   X\nXXXXXXXXXX\n", "Health: 10 X: 3 Y: 11\nXXXXXXXXXX\nXXXT     X\nXXXXXXXX X\nX     \u221e  X\nX XX XXXXX\nX XX XXXXX\nX \u221eX XT tX\nXmXX XTX X\nX XX XTX X\nX \u221eX XTX X\nX XX XXX X\nX  Ho  P X\nX XXXXXX X\nXTX RR XTX\nX X    X X\nX XX  XX X\nX   TT   X\nXT   e   X\nXXXXXXXXXX\n", "Health: 6 X: 3 Y: 11\nXXXXXXXXXX\nXXXT     X\nXXXXXXXX X\nX     \u221e  X\nX XX XXXXX\nX XX XXXXX\nX \u221eX XT tX\nX XX XTX X\nXmXX XTX X\nX \u221eX XTX X\nX XX XXX X\nX  H\u221e  P X\nX XXXXXX X\nXTX RR XTX\nX X    X X\nX XX  XX X\nX   TT   X\nXT   e   X\nXXXXXXXXXX\n", "Health: 6 X: 4 Y: 11\nXXXXXXXXXX\nXXXT     X\nXXXXXXXX X\nX     \u221e  X\nX XX XXXXX\nX XX XXXXX\nX \u221eX XT tX\nX XX XTX X\nX XX XTX X\nXm\u221eX XTX X\nX XX XXX X\nX   \u221e  P X\nX XXXXXX X\nXTX RR XTX\nX X    X X\nX XX  XX X\nX   TT   X\nXT   e   X\nXXXXXXXXXX\n", "Health: 6 X: 3 Y: 11\nXXXXXXXXXX\nXXXT     X\nXXXXXXXX X\nX     \u221e  X\nX XX XXXXX\nX XX XXXXX\nX \u221eX XT tX\nX XX XTX X\nX XX XTX X\nX \u221eX XTX X\nXmXX XXX X\nX  H\u221e  P X\nX XXXXXX X\nXTX RR XTX\nX X    X X\nX XX  XX X\nX   TT   X\nXT   e   X\nXXXXXXXXXX\n", "Health: 6 X: 2 Y: 11\nXXXXXXXXXX\nXXXT     X\nXXXXXXXX X\nX     \u221e  X\nX XX XXXXX\nX XX XXXXX\nX \u221eX XT tX\nX XX XTX X\nX XX XTX X\nX \u221eX XTX X\nX XX XXX X\nXm  \u221e  P X\nX XXXXXX X\nXTX RR XTX\nX X    X X\nX XX  XX X\nX   TT   X\nXT   e   X\nXXXXXXXXXX\n", "Health: 5 X: 1 Y: 11\nXXXXXXXXXX\nXXXT     X\nXXXXXXXX X\nX     \u221e  X\nX XX XXXXX\nX XX XXXXX\nX \u221eX XT tX\nX XX XTX X\nX XX XTX X\nX \u221eX XTX X\nX XX XXX X\nXm  \u221e  P X\nX XXXXXX X\nXTX RR XTX\nX X    X X\nX XX  XX X\nX   TT   X\nXT   e   X\nXXXXXXXXXX\n", "Health: 5 X: 1 Y: 12\nXXXXXXXXXX\nXXXT     X\nXXXXXXXX X\nX     \u221e  X\nX XX XXXXX\nX XX XXXXX\nX \u221eX XT tX\nX XX XTX X\nX XX XTX X\nX \u221eX XTX X\nX XX XXX X\nXm  \u221e  P X\nXHXXXXXX X\nXTX RR XTX\nX X    X X\nX XX  XX X\nX   TT   X\nXT   e   X\nXXXXXXXXXX\n", "Health: 5 X: 1 Y: 13\nXXXXXXXXXX\nXXXT     X\nXXXXXXXX X\nX     \u221e  X\nX XX XXXXX\nX XX XXXXX\nX \u221eX XT tX\nX XX XTX X\nX XX XTX X\nX \u221eX XTX X\nX XX XXX X\nXm  \u221e  P X\nX XXXXXX X\nX X RR XTX\nX X    X X\nX XX  XX X\nX   TT   X\nXT   e   X\nXXXXXXXXXX\n", "Health: 5 X: 1 Y: 14\nXXXXXXXXXX\nXXXT     X\nXXXXXXXX X\nX     \u221e  X\nX XX XXXXX\nX XX XXXXX\nX \u221eX XT tX\nX XX XTX X\nX XX XTX X\nX \u221eX XTX X\nX XX XXX X\nXm  \u221e  P X\nX XXXXXX X\nX X RR XTX\nXHX    X X\nX XX  XX X\nX   TT   X\nXT   e   X\nXXXXXXXXXX\n", "Health: 5 X: 1 Y: 15\nXXXXXXXXXX\nXXXT     X\nXXXXXXXX X\nX     \u221e  X\nX XX XXXXX\nX XX XXXXX\nX \u221eX XT tX\nX XX XTX X\nX XX XTX X\nX \u221eX XTX X\nX XX XXX X\nXm  \u221e  P X\nX XXXXXX X\nX X RR XTX\nX X    X X\nXHXX  XX X\nX   TT   X\nXT   e   X\nXXXXXXXXXX\n", "Health: 5 X: 1 Y: 16\nXXXXXXXXXX\nXXXT     X\nXXXXXXXX X\nX     \u221e  X\nX XX XXXXX\nX XX XXXXX\nX \u221eX XT tX\nX XX XTX X\nX XX XTX X\nX \u221eX XTX X\nX XX XXX X\nX   \u221e  P X\nXmXXXXXX X\nX X RR XTX\nX X    X X\nX XX  XX X\nXH  TT   X\nXT   e   X\nXXXXXXXXXX\n", "Health: 5 X: 2 Y: 16\nXXXXXXXXXX\nXXXT     X\nXXXXXXXX X\nX     \u221e  X\nX XX XXXXX\nX XX XXXXX\nX \u221eX XT tX\nX XX XTX X\nX XX XTX X\nX \u221eX XTX X\nX XX XXX X\nX   \u221e  P X\nX XXXXXX X\nX X RR XTX\nX X    X X\nX XX  XX X\nX H TT   X\nXT   e   X\nXXXXXXXXXX\n", "Health: 5 X: 3 Y: 16\nXXXXXXXXXX\nXXXT     X\nXXXXXXXX X\nX     \u221e  X\nX XX XXXXX\nX XX XXXXX\nX \u221eX XT tX\nX XX XTX X\nX XX XTX X\nX \u221eX XTX X\nX XX XXX X\nX   \u221e  P X\nX XXXXXX X\nX X RR XTX\nXmX    X X\nX XX  XX X\nX  HTT   X\nXT   e   X\nXXXXXXXXXX\n", "Health: 4 X: 4 Y: 16\nXXXXXXXXXX\nXXXT     X\nXXXXXXXX X\nX     \u221e  X\nX XX XXXXX\nX XX XXXXX\nX \u221eX XT tX\nX XX XTX X\nX XX XTX X\nX \u221eX XTX X\nX XX XXX X\nX   \u221e  P X\nX XXXXXX X\nX X RR XTX\nX X    X X\nXmXX  XX X\nX    T   X\nXT   e   X\nXXXXXXXXXX\n", "Health: 4 X: 4 Y: 16\nXXXXXXXXXX\nXXXT     X\nXXXXXXXX X\nX     \u221e  X\nX XX XXXXX\nX XX XXXXX\nX \u221eX XT tX\nX XX XTX X\nX XX XTX X\nX \u221eX XTX X\nX XX XXX X\nX   \u221e  P X\nX XXXXXX X\nX X R  XTX\nX X    X X\nX XX  XX X\nXm   T   X\nXT   e   X\nXXXXXXXXXX\n", "Health: 3 X: 4 Y: 15\nXXXXXXXXXX\nXXXT     X\nXXXXXXXX X\nX     \u221e  X\nX XX XXXXX\nX XX XXXXX\nX \u221eX XT tX\nX XX XTX X\nX XX XTX X\nX \u221eX XTX X\nX XX XXX X\nX   \u221e  P X\nX XXXXXX X\nX X R  XTX\nX X    X X\nX XXH XX X\nX m  T   X\nXT   e   X\nXXXXXXXXXX\n", "Health: 2 X: 4 Y: 14\nXXXXXXXXXX\nXXXT     X\nXXXXXXXX X\nX     \u221e  X\nX XX XXXXX\nX XX XXXXX\nX \u221eX XT tX\nX XX XTX X\nX XX XTX X\nX \u221eX XTX X\nX XX XXX X\nX   \u221e  P X\nX XXXXXX X\nX X R  XTX\nX X H  X X\nX XX  XX X\nX  m T   X\nXT   e   X\nXXXXXXXXXX\n", "Health: 2 X: 4 Y: 13\nXXXXXXXXXX\nXXXT     X\nXXXXXXXX X\nX     \u221e  X\nX XX XXXXX\nX XX XXXXX\nX \u221eX XT tX\nX XX XTX X\nX XX XTX X\nX \u221eX XTX X\nX XX XXX X\nX   \u221e  P X\nX XXXXXX X\nX X \u221e  XTX\nX X    X X\nX XX  XX X\nX    T   X\nXT   e   X\nXXXXXXXXXX\n", "Health: 2 X: 4 Y: 13\nXXXXXXXXXX\nXXXT     X\nXXXXXXXX X\nX     \u221e  X\nX XX XXXXX\nX XX XXXXX\nX \u221eX XT tX\nX XX XTX X\nX XX XTX X\nX \u221eX XTX X\nX XX XXX X\nX   \u221e  P X\nX XXXXXX X\nX X \u221e  XTX\nX X    X X\nX XX  XX X\nX    T   X\nXT   e   X\nXXXXXXXXXX\n", "Health: 2 X: 5 Y: 13\nXXXXXXXXXX\nXXXT     X\nXXXXXXXX X\nX     \u221e  X\nX XX XXXXX\nX XX XXXXX\nX \u221eX XT tX\nX XX XTX X\nX XX XTX X\nX \u221eX XTX X\nX XX XXX X\nX   \u221e  P X\nX XXXXXX X\nX X \u221eH XTX\nX X    X X\nX XX  XX X\nX    T   X\nXT   e   X\nXXXXXXXXXX\n", "Health: 2 X: 5 Y: 14\nXXXXXXXXXX\nXXXT     X\nXXXXXXXX X\nX     \u221e  X\nX XX XXXXX\nX XX XXXXX\nX \u221eX XT tX\nX XX XTX X\nX XX XTX X\nX \u221eX XTX X\nX XX XXX X\nX   \u221e  P X\nX XXXXXX X\nX X \u221e  XTX\nX X  H X X\nX XX  XX X\nX    T   X\nXT   e   X\nXXXXXXXXXX\n", "Health: 2 X: 5 Y: 15\nXXXXXXXXXX\nXXXT     X\nXXXXXXXX X\nX     \u221e  X\nX XX XXXXX\nX XX XXXXX\nX \u221eX XT tX\nX XX XTX X\nX XX XTX X\nX \u221eX XTX X\nX XX XXX X\nX   \u221e  P X\nX XXXXXX X\nX X \u221e  XTX\nX X    X X\nX XX HXX X\nX    T   X\nXT   e   X\nXXXXXXXXXX\n", "Health: 2 X: 5 Y: 16\nXXXXXXXXXX\nXXXT     X\nXXXXXXXX X\nX     \u221e  X\nX XX XXXXX\nX XX XXXXX\nX \u221eX XT tX\nX XX XTX X\nX XX XTX X\nX \u221eX XTX X\nX XX XXX X\nX   \u221e  P X\nX XXXXXX X\nX X \u221e  XTX\nX X    X X\nX XX  XX X\nX        X\nXT   e   X\nXXXXXXXXXX\n", "Health: 2 X: 5 Y: 17\nXXXXXXXXXX\nXXXT     X\nXXXXXXXX X\nX     \u221e  X\nX XX XXXXX\nX XX XXXXX\nX \u221eX XT tX\nX XX XTX X\nX XX XTX X\nX \u221eX XTX X\nX XX XXX X\nX   \u221e  P X\nX XXXXXX X\nX X \u221e  XTX\nX X    X X\nX XX  XX X\nX        X\nXT   e   X\nXXXXXXXXXX\n"], "map_number": 201}], "timestamp": "11-Aug-2021 04:14:23.195205", "ip": "223.226.103.234"}