{"Q1": "Never", "Q2": "Never", "Q3": "Never", "Q4": "Never", "Q5": "Never", "Q6": "Never", "Q7": "Never", "Q8": "Never", "Q9": "Never", "Q10": "Never", "results": [{"mechanics": [{"timestep": 1, "mechanic": "CollectTreasure"}, {"timestep": 3, "mechanic": "OgreTreasure"}, {"timestep": 4, "mechanic": "BlobHit"}, {"timestep": 5, "mechanic": "JavelinThrow"}, {"timestep": 10, "mechanic": "GoblinRangedHit"}, {"timestep": 11, "mechanic": "CollectPotion"}, {"timestep": 11, "mechanic": "GoblinRangedHit"}, {"timestep": 12, "mechanic": "GoblinRangedHit"}, {"timestep": 25, "mechanic": "ReachStairs"}], "frequencies": {"CollectTreasure": 1, "OgreTreasure": 1, "BlobHit": 1, "JavelinThrow": 1, "GoblinRangedHit": 3, "CollectPotion": 1, "ReachStairs": 1}, "levelReport": {"utilityGained": 0.0, "exitUtility": 1.0, "runnerUtility": 0.74, "loitererUtility": 26.0, "completionistUtility": 0.7316666666666667, "monsterKillerUtility": 0.825, "treasureCollectorUtility": 0.37, "turnsTaken": 26, "health": 9, "healthLost": 3, "alive": true, "javelinsThrown": 1, "monsterKills": 3, "minitaurKnockouts": 0, "treasuresCollected": 1, "potionsTaken": 1, "totalMonsters": 5, "totalTreasures": 10, "totalPotions": 1, "timeTaken": 0.0}, "positions": [{"X": 4, "Y": 3}, {"X": 3, "Y": 3}, {"X": 2, "Y": 3}, {"X": 2, "Y": 4}, {"X": 2, "Y": 5}, {"X": 2, "Y": 5}, {"X": 1, "Y": 5}, {"X": 1, "Y": 6}, {"X": 1, "Y": 7}, {"X": 2, "Y": 7}, {"X": 2, "Y": 8}, {"X": 2, "Y": 9}, {"X": 2, "Y": 10}, {"X": 2, "Y": 11}, {"X": 2, "Y": 12}, {"X": 2, "Y": 13}, {"X": 2, "Y": 14}, {"X": 2, "Y": 15}, {"X": 2, "Y": 16}, {"X": 1, "Y": 16}, {"X": 1, "Y": 17}, {"X": 1, "Y": 18}, {"X": 2, "Y": 18}, {"X": 3, "Y": 18}, {"X": 4, "Y": 18}, {"X": 5, "Y": 18}], "levelStates": ["Health: 10 X: 4 Y: 3\nXXXXXXXXXX\nX m   tTTX\nXXXXX XXXX\nXX TH T  X\nXX XX XX X\nX   X X oX\nX   X X  X\nX  bX XT X\nXX XX XXTX\nX P X X  X\nXX XX XTXX\nX  TX X TX\nX M X X TX\nX   X X  X\nXX XX XTXX\nX R X X  X\nX   X XXTX\nX XXX X  X\nX    e   X\nXXXXXXXXXX\n", "Health: 10 X: 3 Y: 3\nXXXXXXXXXX\nX  m  tTTX\nXXXXX XXXX\nXX    T  X\nXX XX XX X\nX   X Xo X\nX   X X  X\nX  bX XT X\nXX XX XXTX\nX P X X  X\nXX XX XTXX\nX  TX X TX\nX M X X TX\nX   X X  X\nXX XX XTXX\nX R X X  X\nX   X XXTX\nX XXX X  X\nX    e   X\nXXXXXXXXXX\n", "Health: 10 X: 2 Y: 3\nXXXXXXXXXX\nX   m tTTX\nXXXXX XXXX\nXXH   T  X\nXX XX XX X\nX   X X  X\nX  bX Xo X\nX   X XT X\nXX XX XXTX\nX P X X  X\nXX XX XTXX\nX MTX X TX\nX   X X TX\nX   X X  X\nXXRXX XTXX\nX   X X  X\nX   X XXTX\nX XXX X  X\nX    e   X\nXXXXXXXXXX\n", "Health: 10 X: 2 Y: 4\nXXXXXXXXXX\nX    mtTTX\nXXXXX XXXX\nXX    T  X\nXXHXX XX X\nX  bX X  X\nX   X X  X\nX   X X  X\nXX XX XXTX\nX P X X  X\nXXMXX XTXX\nX  TX X TX\nX   X X TX\nX R X X  X\nXX XX XTXX\nX   X X  X\nX   X XXTX\nX XXX X  X\nX    e   X\nXXXXXXXXXX\n", "Health: 9 X: 2 Y: 5\nXXXXXXXXXX\nX     tTTX\nXXXXXmXXXX\nXX    T  X\nXX XX XX X\nX H\u221eX X  X\nX   X X  X\nX   X X  X\nXX XX XXTX\nX M X X  X\nXX XX XTXX\nX  TX X TX\nX R X X TX\nX   X X  X\nXX XX XTXX\nX   X X  X\nX   X XXTX\nX XXX X  X\nX    e   X\nXXXXXXXXXX\n", "Health: 9 X: 2 Y: 5\nXXXXXXXXXX\nX     tTTX\nXXXXX XXXX\nXX   mT  X\nXX XX XX X\nX H\u221eX X  X\nX   X X  X\nX   X X  X\nXX XX XXTX\nX \u221e X X  X\nXX XX XTXX\nX RTX X TX\nX   X X TX\nX   X X  X\nXX XX XTXX\nX   X X  X\nX   X XXTX\nX XXX X  X\nX    e   X\nXXXXXXXXXX\n", "Health: 9 X: 1 Y: 5\nXXXXXXXXXX\nX     tTTX\nXXXXX XXXX\nXX  m T  X\nXX XX XX X\nXH \u221eX X  X\nX   X X  X\nX   X X  X\nXX XX XXTX\nX \u221e X X  X\nXX XX XTXX\nX RTX X TX\nX   X X TX\nX   X X  X\nXX XX XTXX\nX   X X  X\nX   X XXTX\nX XXX X  X\nX    e   X\nXXXXXXXXXX\n", "Health: 9 X: 1 Y: 6\nXXXXXXXXXX\nX     tTTX\nXXXXX XXXX\nXX    T  X\nXX XX XX X\nX  \u221eX X  X\nXH  X X  X\nX   X X  X\nXX XX XXTX\nX \u221e X X  X\nXX XX XTXX\nX RTX X TX\nX   X X TX\nX   X X  X\nXX XX XTXX\nX   X X  X\nX   X XXTX\nX XXX X  X\nX    e   X\nXXXXXXXXXX\n", "Health: 9 X: 1 Y: 7\nXXXXXXXXXX\nX     tTTX\nXXXXX XXXX\nXXm   T  X\nXX XX XX X\nX  \u221eX X  X\nX   X X  X\nXH  X X  X\nXX XX XXTX\nX \u221e X X  X\nXX XX XTXX\nX RTX X TX\nX   X X TX\nX   X X  X\nXX XX XTXX\nX   X X  X\nX   X XXTX\nX XXX X  X\nX    e   X\nXXXXXXXXXX\n", "Health: 9 X: 2 Y: 7\nXXXXXXXXXX\nX     tTTX\nXXXXX XXXX\nXX    T  X\nXXmXX XX X\nX  \u221eX X  X\nX   X X  X\nX H X X  X\nXX XX XXTX\nX \u221e X X  X\nXXRXX XTXX\nX  TX X TX\nX   X X TX\nX   X X  X\nXX XX XTXX\nX   X X  X\nX   X XXTX\nX XXX X  X\nX    e   X\nXXXXXXXXXX\n", "Health: 8 X: 2 Y: 8\nXXXXXXXXXX\nX     tTTX\nXXXXX XXXX\nXX    T  X\nXX XX XX X\nX m\u221eX X  X\nX   X X  X\nX   X X  X\nXXHXX XXTX\nX \u221e X X  X\nXXRXX XTXX\nX  TX X TX\nX   X X TX\nX   X X  X\nXX XX XTXX\nX   X X  X\nX   X XXTX\nX XXX X  X\nX    e   X\nXXXXXXXXXX\n", "Health: 9 X: 2 Y: 9\nXXXXXXXXXX\nX     tTTX\nXXXXX XXXX\nXX    T  X\nXX XX XX X\nX  \u221eX X  X\nX m X X  X\nX   X X  X\nXX XX XXTX\nX \u221e X X  X\nXXRXX XTXX\nX  TX X TX\nX   X X TX\nX   X X  X\nXX XX XTXX\nX   X X  X\nX   X XXTX\nX XXX X  X\nX    e   X\nXXXXXXXXXX\n", "Health: 9 X: 2 Y: 10\nXXXXXXXXXX\nX     tTTX\nXXXXX XXXX\nXX    T  X\nXX XX XX X\nX  \u221eX X  X\nX   X X  X\nX m X X  X\nXX XX XXTX\nX \u221e X X  X\nXX\u221eXX XTXX\nX  TX X TX\nX   X X TX\nX   X X  X\nXX XX XTXX\nX   X X  X\nX   X XXTX\nX XXX X  X\nX    e   X\nXXXXXXXXXX\n", "Health: 9 X: 2 Y: 11\nXXXXXXXXXX\nX     tTTX\nXXXXX XXXX\nXX    T  X\nXX XX XX X\nX  \u221eX X  X\nX   X X  X\nX   X X  X\nXXmXX XXTX\nX \u221e X X  X\nXX\u221eXX XTXX\nX HTX X TX\nX   X X TX\nX   X X  X\nXX XX XTXX\nX   X X  X\nX   X XXTX\nX XXX X  X\nX    e   X\nXXXXXXXXXX\n", "Health: 9 X: 2 Y: 12\nXXXXXXXXXX\nX     tTTX\nXXXXX XXXX\nXX    T  X\nXX XX XX X\nX  \u221eX X  X\nX   X X  X\nX   X X  X\nXX XX XXTX\nX \u221e X X  X\nXX\u221eXX XTXX\nX  TX X TX\nX H X X TX\nX   X X  X\nXX XX XTXX\nX   X X  X\nX   X XXTX\nX XXX X  X\nX    e   X\nXXXXXXXXXX\n", "Health: 9 X: 2 Y: 13\nXXXXXXXXXX\nX     tTTX\nXXXXX XXXX\nXX    T  X\nXX XX XX X\nX  \u221eX X  X\nX   X X  X\nX   X X  X\nXX XX XXTX\nX \u221e X X  X\nXX\u221eXX XTXX\nX  TX X TX\nX   X X TX\nX H X X  X\nXX XX XTXX\nX   X X  X\nX   X XXTX\nX XXX X  X\nX    e   X\nXXXXXXXXXX\n", "Health: 9 X: 2 Y: 14\nXXXXXXXXXX\nX     tTTX\nXXXXX XXXX\nXX    T  X\nXX XX XX X\nX  \u221eX X  X\nX   X X  X\nX   X X  X\nXX XX XXTX\nX \u221e X X  X\nXX\u221eXX XTXX\nX mTX X TX\nX   X X TX\nX   X X  X\nXXHXX XTXX\nX   X X  X\nX   X XXTX\nX XXX X  X\nX    e   X\nXXXXXXXXXX\n", "Health: 9 X: 2 Y: 15\nXXXXXXXXXX\nX     tTTX\nXXXXX XXXX\nXX    T  X\nXX XX XX X\nX  \u221eX X  X\nX   X X  X\nX   X X  X\nXX XX XXTX\nX \u221e X X  X\nXX\u221eXX XTXX\nX  TX X TX\nX m X X TX\nX   X X  X\nXX XX XTXX\nX H X X  X\nX   X XXTX\nX XXX X  X\nX    e   X\nXXXXXXXXXX\n", "Health: 9 X: 2 Y: 16\nXXXXXXXXXX\nX     tTTX\nXXXXX XXXX\nXX    T  X\nXX XX XX X\nX  \u221eX X  X\nX   X X  X\nX   X X  X\nXX XX XXTX\nX \u221e X X  X\nXX\u221eXX XTXX\nX  TX X TX\nX   X X TX\nX m X X  X\nXX XX XTXX\nX   X X  X\nX H X XXTX\nX XXX X  X\nX    e   X\nXXXXXXXXXX\n", "Health: 9 X: 1 Y: 16\nXXXXXXXXXX\nX     tTTX\nXXXXX XXXX\nXX    T  X\nXX XX XX X\nX  \u221eX X  X\nX   X X  X\nX   X X  X\nXX XX XXTX\nX \u221e X X  X\nXX\u221eXX XTXX\nX  TX X TX\nX   X X TX\nX   X X  X\nXXmXX XTXX\nX   X X  X\nXH  X XXTX\nX XXX X  X\nX    e   X\nXXXXXXXXXX\n", "Health: 9 X: 1 Y: 17\nXXXXXXXXXX\nX     tTTX\nXXXXX XXXX\nXX    T  X\nXX XX XX X\nX  \u221eX X  X\nX   X X  X\nX   X X  X\nXX XX XXTX\nX \u221e X X  X\nXX\u221eXX XTXX\nX  TX X TX\nX   X X TX\nX   X X  X\nXX XX XTXX\nX m X X  X\nX   X XXTX\nXHXXX X  X\nX    e   X\nXXXXXXXXXX\n", "Health: 9 X: 1 Y: 18\nXXXXXXXXXX\nX     tTTX\nXXXXX XXXX\nXX    T  X\nXX XX XX X\nX  \u221eX X  X\nX   X X  X\nX   X X  X\nXX XX XXTX\nX \u221e X X  X\nXX\u221eXX XTXX\nX  TX X TX\nX   X X TX\nX   X X  X\nXX XX XTXX\nXm  X X  X\nX   X XXTX\nX XXX X  X\nXH   e   X\nXXXXXXXXXX\n", "Health: 9 X: 2 Y: 18\nXXXXXXXXXX\nX     tTTX\nXXXXX XXXX\nXX    T  X\nXX XX XX X\nX  \u221eX X  X\nX   X X  X\nX   X X  X\nXX XX XXTX\nX \u221e X X  X\nXX\u221eXX XTXX\nX  TX X TX\nX   X X TX\nX   X X  X\nXX XX XTXX\nX   X X  X\nXm  X XXTX\nX XXX X  X\nX H  e   X\nXXXXXXXXXX\n", "Health: 9 X: 3 Y: 18\nXXXXXXXXXX\nX     tTTX\nXXXXX XXXX\nXX    T  X\nXX XX XX X\nX  \u221eX X  X\nX   X X  X\nX   X X  X\nXX XX XXTX\nX \u221e X X  X\nXX\u221eXX XTXX\nX  TX X TX\nX   X X TX\nX   X X  X\nXX XX XTXX\nX   X X  X\nX   X XXTX\nXmXXX X  X\nX  H e   X\nXXXXXXXXXX\n", "Health: 9 X: 4 Y: 18\nXXXXXXXXXX\nX     tTTX\nXXXXX XXXX\nXX    T  X\nXX XX XX X\nX  \u221eX X  X\nX   X X  X\nX   X X  X\nXX XX XXTX\nX \u221e X X  X\nXX\u221eXX XTXX\nX  TX X TX\nX   X X TX\nX   X X  X\nXX XX XTXX\nX   X X  X\nX   X XXTX\nX XXX X  X\nXm  He   X\nXXXXXXXXXX\n", "Health: 9 X: 5 Y: 18\nXXXXXXXXXX\nX     tTTX\nXXXXX XXXX\nXX    T  X\nXX XX XX X\nX  \u221eX X  X\nX   X X  X\nX   X X  X\nXX XX XXTX\nX \u221e X X  X\nXX\u221eXX XTXX\nX  TX X TX\nX   X X TX\nX   X X  X\nXX XX XTXX\nX   X X  X\nX   X XXTX\nX XXX X  X\nX m  e   X\nXXXXXXXXXX\n"], "map_number": 100}, {"mechanics": [{"timestep": 1, "mechanic": "JavelinThrow"}, {"timestep": 2, "mechanic": "BlobPotion"}, {"timestep": 2, "mechanic": "BlobPotion"}, {"timestep": 4, "mechanic": "BlobPotion"}, {"timestep": 8, "mechanic": "OgreTreasure"}, {"timestep": 27, "mechanic": "MinitaurHit"}, {"timestep": 40, "mechanic": "UsePortal"}, {"timestep": 47, "mechanic": "BlobHit"}, {"timestep": 56, "mechanic": "CollectTreasure"}, {"timestep": 57, "mechanic": "BlobHit"}, {"timestep": 63, "mechanic": "MinitaurHit"}, {"timestep": 70, "mechanic": "MinitaurHit"}, {"timestep": 83, "mechanic": "CollectPotion"}, {"timestep": 93, "mechanic": "UsePortal"}, {"timestep": 116, "mechanic": "MinitaurHit"}, {"timestep": 127, "mechanic": "ReachStairs"}], "frequencies": {"JavelinThrow": 1, "BlobPotion": 3, "OgreTreasure": 1, "MinitaurHit": 4, "UsePortal": 2, "BlobHit": 2, "CollectTreasure": 1, "CollectPotion": 1, "ReachStairs": 1}, "levelReport": {"utilityGained": 0.0, "exitUtility": 1.0, "runnerUtility": -0.28, "loitererUtility": 128.0, "completionistUtility": 0.6305555555555555, "monsterKillerUtility": 1.0, "treasureCollectorUtility": 0.41666666666666663, "turnsTaken": 128, "health": 6, "healthLost": 6, "alive": true, "javelinsThrown": 1, "monsterKills": 5, "minitaurKnockouts": 6, "treasuresCollected": 1, "potionsTaken": 1, "totalMonsters": 6, "totalTreasures": 6, "totalPotions": 4, "timeTaken": 0.0}, "positions": [{"X": 5, "Y": 12}, {"X": 5, "Y": 12}, {"X": 5, "Y": 11}, {"X": 6, "Y": 11}, {"X": 7, "Y": 11}, {"X": 7, "Y": 12}, {"X": 7, "Y": 13}, {"X": 6, "Y": 13}, {"X": 5, "Y": 13}, {"X": 4, "Y": 13}, {"X": 3, "Y": 13}, {"X": 3, "Y": 14}, {"X": 4, "Y": 14}, {"X": 5, "Y": 14}, {"X": 6, "Y": 14}, {"X": 7, "Y": 14}, {"X": 6, "Y": 14}, {"X": 5, "Y": 14}, {"X": 4, "Y": 14}, {"X": 3, "Y": 14}, {"X": 4, "Y": 14}, {"X": 5, "Y": 14}, {"X": 6, "Y": 14}, {"X": 7, "Y": 14}, {"X": 7, "Y": 13}, {"X": 7, "Y": 12}, {"X": 7, "Y": 11}, {"X": 6, "Y": 11}, {"X": 7, "Y": 11}, {"X": 8, "Y": 11}, {"X": 8, "Y": 10}, {"X": 8, "Y": 9}, {"X": 8, "Y": 8}, {"X": 8, "Y": 7}, {"X": 8, "Y": 6}, {"X": 7, "Y": 6}, {"X": 6, "Y": 6}, {"X": 6, "Y": 5}, {"X": 6, "Y": 4}, {"X": 5, "Y": 4}, {"X": 4, "Y": 15}, {"X": 3, "Y": 15}, {"X": 3, "Y": 14}, {"X": 3, "Y": 13}, {"X": 3, "Y": 12}, {"X": 2, "Y": 12}, {"X": 2, "Y": 13}, {"X": 2, "Y": 14}, {"X": 3, "Y": 14}, {"X": 4, "Y": 14}, {"X": 5, "Y": 14}, {"X": 6, "Y": 14}, {"X": 6, "Y": 15}, {"X": 6, "Y": 16}, {"X": 6, "Y": 17}, {"X": 6, "Y": 18}, {"X": 5, "Y": 18}, {"X": 5, "Y": 17}, {"X": 6, "Y": 17}, {"X": 5, "Y": 17}, {"X": 4, "Y": 17}, {"X": 3, "Y": 17}, {"X": 4, "Y": 17}, {"X": 4, "Y": 16}, {"X": 3, "Y": 16}, {"X": 2, "Y": 16}, {"X": 1, "Y": 16}, {"X": 1, "Y": 15}, {"X": 1, "Y": 14}, {"X": 2, "Y": 14}, {"X": 3, "Y": 14}, {"X": 3, "Y": 13}, {"X": 3, "Y": 12}, {"X": 3, "Y": 11}, {"X": 4, "Y": 11}, {"X": 4, "Y": 10}, {"X": 4, "Y": 9}, {"X": 3, "Y": 9}, {"X": 3, "Y": 8}, {"X": 3, "Y": 7}, {"X": 3, "Y": 6}, {"X": 3, "Y": 5}, {"X": 2, "Y": 5}, {"X": 2, "Y": 6}, {"X": 2, "Y": 5}, {"X": 2, "Y": 4}, {"X": 2, "Y": 3}, {"X": 2, "Y": 2}, {"X": 1, "Y": 2}, {"X": 1, "Y": 3}, {"X": 1, "Y": 4}, {"X": 2, "Y": 4}, {"X": 3, "Y": 4}, {"X": 4, "Y": 15}, {"X": 4, "Y": 14}, {"X": 4, "Y": 13}, {"X": 4, "Y": 12}, {"X": 4, "Y": 11}, {"X": 5, "Y": 11}, {"X": 6, "Y": 11}, {"X": 7, "Y": 11}, {"X": 8, "Y": 11}, {"X": 8, "Y": 10}, {"X": 8, "Y": 11}, {"X": 7, "Y": 11}, {"X": 6, "Y": 11}, {"X": 7, "Y": 11}, {"X": 6, "Y": 11}, {"X": 5, "Y": 11}, {"X": 4, "Y": 11}, {"X": 5, "Y": 11}, {"X": 4, "Y": 11}, {"X": 3, "Y": 11}, {"X": 2, "Y": 11}, {"X": 1, "Y": 11}, {"X": 1, "Y": 10}, {"X": 2, "Y": 10}, {"X": 2, "Y": 9}, {"X": 3, "Y": 9}, {"X": 3, "Y": 8}, {"X": 3, "Y": 7}, {"X": 3, "Y": 6}, {"X": 3, "Y": 5}, {"X": 3, "Y": 4}, {"X": 3, "Y": 3}, {"X": 3, "Y": 2}, {"X": 3, "Y": 1}, {"X": 4, "Y": 1}], "levelStates": ["Health: 10 X: 5 Y: 12\nXXXXXXXXXX\nX X e X TX\nXM       X\nX   X   XX\nX   T    X\nXX  XX   X\nX P     bX\nX X X  X X\nXT     o X\nX        X\nX  X   XPX\nX        X\nXX   H  XX\nX        X\nXb      bX\nX X T  X X\nXP   m  PX\nX        X\nXT TXT TXX\nXXXXXXXXXX\n", "Health: 10 X: 5 Y: 12\nXXXXXXXXXX\nX X e X TX\nX\u221e       X\nX   X   XX\nX   T    X\nXX  XX   X\nX P      X\nX X X  XbX\nXT    o  X\nX        X\nX  X   XPX\nX        X\nXX   H  XX\nX        X\nX        X\nXbX Tm XbX\nXP      PX\nX        X\nXT TXT TXX\nXXXXXXXXXX\n", "Health: 10 X: 5 Y: 11\nXXXXXXXXXX\nX X e X TX\nX\u221e       X\nX   X   XX\nX   T    X\nXX  XX   X\nX P      X\nX X X  X X\nXT   o  bX\nX        X\nX  X   XPX\nX    H   X\nXX      XX\nX        X\nX    m   X\nX X T  X X\nX        X\nX        X\nXT TXT TXX\nXXXXXXXXXX\n", "Health: 10 X: 6 Y: 11\nXXXXXXXXXX\nX X e X TX\nX\u221e       X\nX   X   XX\nX   T    X\nXX  XX   X\nX P      X\nX X X  X X\nXT    o  X\nX       bX\nX  X   XPX\nX     H  X\nXX      XX\nX    m   X\nX        X\nX X T  X X\nX        X\nX        X\nXT TXT TXX\nXXXXXXXXXX\n", "Health: 10 X: 7 Y: 11\nXXXXXXXXXX\nX X e X TX\nX\u221e       X\nX   X   XX\nX   T    X\nXX  XX   X\nX P      X\nX X X  X X\nXT   o   X\nX        X\nX  X   X X\nX      H X\nXX   m  XX\nX        X\nX        X\nX X T  XbX\nX        X\nX        X\nXT TXT TXX\nXXXXXXXXXX\n", "Health: 10 X: 7 Y: 12\nXXXXXXXXXX\nX X e X TX\nX\u221e       X\nX   X   XX\nX   T    X\nXX  XX   X\nX P      X\nX X X  X X\nXT  o    X\nX        X\nX  X   X X\nX       bX\nXX    mHXX\nX        X\nX       bX\nX X T  X X\nX        X\nX        X\nXT TXT TXX\nXXXXXXXXXX\n", "Health: 10 X: 7 Y: 13\nXXXXXXXXXX\nX X e X TX\nX\u221e       X\nX   X   XX\nX   T    X\nXX  XX   X\nX P      X\nX X X  X X\nXT o     X\nX        X\nX  X   X X\nX       bX\nXX     mXX\nX      HbX\nX        X\nX X T  X X\nX        X\nX        X\nXT TXT TXX\nXXXXXXXXXX\n", "Health: 10 X: 6 Y: 13\nXXXXXXXXXX\nX X e X TX\nX\u221e       X\nX   X   XX\nX   T    X\nXX  XX   X\nX P      X\nX X X  X X\nXTo      X\nX        X\nX  X   X X\nX       bX\nXX    m XX\nX     Hb X\nX        X\nX X T  X X\nX        X\nX        X\nXT TXT TXX\nXXXXXXXXXX\n", "Health: 10 X: 5 Y: 13\nXXXXXXXXXX\nX X e X TX\nX\u221e       X\nX   X   XX\nX   T    X\nXX  XX   X\nX P      X\nX X X  X X\nXo       X\nX        X\nX  X   X X\nX      b X\nXX   m  XX\nX    Hb  X\nX        X\nX X T  X X\nX        X\nX        X\nXT TXT TXX\nXXXXXXXXXX\n", "Health: 10 X: 4 Y: 13\nXXXXXXXXXX\nX X e X TX\nX\u221e       X\nX   X   XX\nX   T    X\nXX  XX   X\nX P      X\nX X X  X X\nX o      X\nX        X\nX  X   X X\nX     b  X\nXX  m   XX\nX   Hb   X\nX        X\nX X T  X X\nX        X\nX        X\nXT TXT TXX\nXXXXXXXXXX\n", "Health: 10 X: 3 Y: 13\nXXXXXXXXXX\nX X e X TX\nX\u221e       X\nX   X   XX\nX   T    X\nXX  XX   X\nX P      X\nX X X  X X\nX        X\nX o      X\nX  X   X X\nX    b   X\nXX m    XX\nX  Hb    X\nX        X\nX X T  X X\nX        X\nX        X\nXT TXT TXX\nXXXXXXXXXX\n", "Health: 10 X: 3 Y: 14\nXXXXXXXXXX\nX X e X TX\nX\u221e       X\nX   X   XX\nX   T    X\nXX  XX   X\nX P      X\nX X X  X X\nX        X\nX        X\nX oX   X X\nX   b    X\nXX m    XX\nX  b     X\nX  H     X\nX X T  X X\nX        X\nX        X\nXT TXT TXX\nXXXXXXXXXX\n", "Health: 10 X: 4 Y: 14\nXXXXXXXXXX\nX X e X TX\nX\u221e       X\nX   X   XX\nX   T    X\nXX  XX   X\nX P      X\nX X X  X X\nX        X\nX        X\nX  X   X X\nX o      X\nXX mb   XX\nX   b    X\nX   H    X\nX X T  X X\nX        X\nX        X\nXT TXT TXX\nXXXXXXXXXX\n", "Health: 10 X: 5 Y: 14\nXXXXXXXXXX\nX X e X TX\nX\u221e       X\nX   X   XX\nX   T    X\nXX  XX   X\nX P      X\nX X X  X X\nX        X\nX        X\nX  X   X X\nX        X\nXXom b  XX\nX    b   X\nX    H   X\nX X T  X X\nX        X\nX        X\nXT TXT TXX\nXXXXXXXXXX\n", "Health: 10 X: 6 Y: 14\nXXXXXXXXXX\nX X e X TX\nX\u221e       X\nX   X   XX\nX   T    X\nXX  XX   X\nX P      X\nX X X  X X\nX        X\nX        X\nX  X   X X\nX        X\nXX m  b XX\nX     b  X\nX     H  X\nX X T  X X\nX        X\nX        X\nXT TXT TXX\nXXXXXXXXXX\n", "Health: 10 X: 7 Y: 14\nXXXXXXXXXX\nX X e X TX\nX\u221e       X\nX   X   XX\nX   T    X\nXX  XX   X\nX P      X\nX X X  X X\nX        X\nX        X\nX  X   X X\nX        X\nXX mo  bXX\nX      b X\nX      H X\nX X T  X X\nX        X\nX        X\nXT TXT TXX\nXXXXXXXXXX\n", "Health: 10 X: 6 Y: 14\nXXXXXXXXXX\nX X e X TX\nX\u221e       X\nX   X   XX\nX   T    X\nXX  XX   X\nX P      X\nX X X  X X\nX        X\nX        X\nX  X   X X\nX        X\nXX m ob XX\nX     b  X\nX     H  X\nX X T  X X\nX        X\nX        X\nXT TXT TXX\nXXXXXXXXXX\n", "Health: 10 X: 5 Y: 14\nXXXXXXXXXX\nX X e X TX\nX\u221e       X\nX   X   XX\nX   T    X\nXX  XX   X\nX P      X\nX X X  X X\nX        X\nX        X\nX  X   X X\nX        X\nXX  m\u221e  XX\nX    b   X\nX    H   X\nX X T  X X\nX        X\nX        X\nXT TXT TXX\nXXXXXXXXXX\n", "Health: 10 X: 4 Y: 14\nXXXXXXXXXX\nX X e X TX\nX\u221e       X\nX   X   XX\nX   T    X\nXX  XX   X\nX P      X\nX X X  X X\nX        X\nX        X\nX  X   X X\nX        X\nXX   \u221e  XX\nX   m    X\nX   H    X\nX X T  X X\nX        X\nX        X\nXT TXT TXX\nXXXXXXXXXX\n", "Health: 10 X: 3 Y: 14\nXXXXXXXXXX\nX X e X TX\nX\u221e       X\nX   X   XX\nX   T    X\nXX  XX   X\nX P      X\nX X X  X X\nX        X\nX        X\nX  X   X X\nX        X\nXX   \u221e  XX\nX   m    X\nX  H     X\nX X T  X X\nX        X\nX        X\nXT TXT TXX\nXXXXXXXXXX\n", "Health: 10 X: 4 Y: 14\nXXXXXXXXXX\nX X e X TX\nX\u221e       X\nX   X   XX\nX   T    X\nXX  XX   X\nX P      X\nX X X  X X\nX        X\nX        X\nX  X   X X\nX        X\nXX   \u221e  XX\nX   m    X\nX   H    X\nX X T  X X\nX        X\nX        X\nXT TXT TXX\nXXXXXXXXXX\n", "Health: 10 X: 5 Y: 14\nXXXXXXXXXX\nX X e X TX\nX\u221e       X\nX   X   XX\nX   T    X\nXX  XX   X\nX P      X\nX X X  X X\nX        X\nX        X\nX  X   X X\nX        X\nXX   \u221e  XX\nX   m    X\nX    H   X\nX X T  X X\nX        X\nX        X\nXT TXT TXX\nXXXXXXXXXX\n", "Health: 10 X: 6 Y: 14\nXXXXXXXXXX\nX X e X TX\nX\u221e       X\nX   X   XX\nX   T    X\nXX  XX   X\nX P      X\nX X X  X X\nX        X\nX        X\nX  X   X X\nX        X\nXX   \u221e  XX\nX   m    X\nX     H  X\nX X T  X X\nX        X\nX        X\nXT TXT TXX\nXXXXXXXXXX\n", "Health: 10 X: 7 Y: 14\nXXXXXXXXXX\nX X e X TX\nX\u221e       X\nX   X   XX\nX   T    X\nXX  XX   X\nX P      X\nX X X  X X\nX        X\nX        X\nX  X   X X\nX        X\nXX   \u221e  XX\nX   m    X\nX      H X\nX X T  X X\nX        X\nX        X\nXT TXT TXX\nXXXXXXXXXX\n", "Health: 10 X: 7 Y: 13\nXXXXXXXXXX\nX X e X TX\nX\u221e       X\nX   X   XX\nX   T    X\nXX  XX   X\nX P      X\nX X X  X X\nX        X\nX        X\nX  X   X X\nX        X\nXX   \u221e  XX\nX   \u221em H X\nX        X\nX X T  X X\nX        X\nX        X\nXT TXT TXX\nXXXXXXXXXX\n", "Health: 10 X: 7 Y: 12\nXXXXXXXXXX\nX X e X TX\nX\u221e       X\nX   X   XX\nX   T    X\nXX  XX   X\nX P      X\nX X X  X X\nX        X\nX        X\nX  X   X X\nX        X\nXX   m HXX\nX   \u221e    X\nX        X\nX X T  X X\nX        X\nX        X\nXT TXT TXX\nXXXXXXXXXX\n", "Health: 10 X: 7 Y: 11\nXXXXXXXXXX\nX X e X TX\nX\u221e       X\nX   X   XX\nX   T    X\nXX  XX   X\nX P      X\nX X X  X X\nX        X\nX        X\nX  X   X X\nX    m H X\nXX   \u221e  XX\nX   \u221e    X\nX        X\nX X T  X X\nX        X\nX        X\nXT TXT TXX\nXXXXXXXXXX\n", "Health: 9 X: 6 Y: 11\nXXXXXXXXXX\nX X e X TX\nX\u221e       X\nX   X   XX\nX   T    X\nXX  XX   X\nX P      X\nX X X  X X\nX        X\nX        X\nX  X   X X\nX    mH  X\nXX   \u221e  XX\nX   \u221e    X\nX        X\nX X T  X X\nX        X\nX        X\nXT TXT TXX\nXXXXXXXXXX\n", "Health: 9 X: 7 Y: 11\nXXXXXXXXXX\nX X e X TX\nX\u221e       X\nX   X   XX\nX   T    X\nXX  XX   X\nX P      X\nX X X  X X\nX        X\nX        X\nX  X   X X\nX    m H X\nXX   \u221e  XX\nX   \u221e    X\nX        X\nX X T  X X\nX        X\nX        X\nXT TXT TXX\nXXXXXXXXXX\n", "Health: 9 X: 8 Y: 11\nXXXXXXXXXX\nX X e X TX\nX\u221e       X\nX   X   XX\nX   T    X\nXX  XX   X\nX P      X\nX X X  X X\nX        X\nX        X\nX  X   X X\nX    m  HX\nXX   \u221e  XX\nX   \u221e    X\nX        X\nX X T  X X\nX        X\nX        X\nXT TXT TXX\nXXXXXXXXXX\n", "Health: 9 X: 8 Y: 10\nXXXXXXXXXX\nX X e X TX\nX\u221e       X\nX   X   XX\nX   T    X\nXX  XX   X\nX P      X\nX X X  X X\nX        X\nX        X\nX  X   X X\nX    m   X\nXX   \u221e  XX\nX   \u221e    X\nX        X\nX X T  X X\nX        X\nX        X\nXT TXT TXX\nXXXXXXXXXX\n", "Health: 9 X: 8 Y: 9\nXXXXXXXXXX\nX X e X TX\nX\u221e       X\nX   X   XX\nX   T    X\nXX  XX   X\nX P      X\nX X X  X X\nX        X\nX       HX\nX  X   X X\nX    m   X\nXX   \u221e  XX\nX   \u221e    X\nX        X\nX X T  X X\nX        X\nX        X\nXT TXT TXX\nXXXXXXXXXX\n", "Health: 9 X: 8 Y: 8\nXXXXXXXXXX\nX X e X TX\nX\u221e       X\nX   X   XX\nX   T    X\nXX  XX   X\nX P      X\nX X X  X X\nX       HX\nX        X\nX  X   X X\nX    m   X\nXX   \u221e  XX\nX   \u221e    X\nX        X\nX X T  X X\nX        X\nX        X\nXT TXT TXX\nXXXXXXXXXX\n", "Health: 9 X: 8 Y: 7\nXXXXXXXXXX\nX X e X TX\nX\u221e       X\nX   X   XX\nX   T    X\nXX  XX   X\nX P      X\nX X X  XHX\nX        X\nX        X\nX  X m X X\nX        X\nXX   \u221e  XX\nX   \u221e    X\nX        X\nX X T  X X\nX        X\nX        X\nXT TXT TXX\nXXXXXXXXXX\n", "Health: 9 X: 8 Y: 6\nXXXXXXXXXX\nX X e X TX\nX\u221e       X\nX   X   XX\nX   T    X\nXX  XX   X\nX P     HX\nX X X  X X\nX        X\nX    m   X\nX  X   X X\nX        X\nXX   \u221e  XX\nX   \u221e    X\nX        X\nX X T  X X\nX        X\nX        X\nXT TXT TXX\nXXXXXXXXXX\n", "Health: 9 X: 7 Y: 6\nXXXXXXXXXX\nX X e X TX\nX\u221e       X\nX   X   XX\nX   T    X\nXX  XX   X\nX P    H X\nX X X  X X\nX    m   X\nX        X\nX  X   X X\nX        X\nXX   \u221e  XX\nX   \u221e    X\nX        X\nX X T  X X\nX        X\nX        X\nXT TXT TXX\nXXXXXXXXXX\n", "Health: 9 X: 6 Y: 6\nXXXXXXXXXX\nX X e X TX\nX\u221e       X\nX   X   XX\nX   T    X\nXX  XX   X\nX P   H  X\nX X Xm X X\nX        X\nX        X\nX  X   X X\nX        X\nXX   \u221e  XX\nX   \u221e    X\nX        X\nX X T  X X\nX        X\nX        X\nXT TXT TXX\nXXXXXXXXXX\n", "Health: 9 X: 6 Y: 5\nXXXXXXXXXX\nX X e X TX\nX\u221e       X\nX   X   XX\nX   T    X\nXX  XXH  X\nX P  m   X\nX X X  X X\nX        X\nX        X\nX  X   X X\nX        X\nXX   \u221e  XX\nX   \u221e    X\nX        X\nX X T  X X\nX        X\nX        X\nXT TXT TXX\nXXXXXXXXXX\n", "Health: 9 X: 6 Y: 4\nXXXXXXXXXX\nX X e X TX\nX\u221e       X\nX   X   XX\nX   T H  X\nXX  XX   X\nX P   m  X\nX X X  X X\nX        X\nX        X\nX  X   X X\nX        X\nXX   \u221e  XX\nX   \u221e    X\nX        X\nX X T  X X\nX        X\nX        X\nXT TXT TXX\nXXXXXXXXXX\n", "Health: 9 X: 5 Y: 4\nXXXXXXXXXX\nX X e X TX\nX\u221e       X\nX   X   XX\nX   TH   X\nXX  XXm  X\nX P      X\nX X X  X X\nX        X\nX        X\nX  X   X X\nX        X\nXX   \u221e  XX\nX   \u221e    X\nX        X\nX X T  X X\nX        X\nX        X\nXT TXT TXX\nXXXXXXXXXX\n", "Health: 9 X: 4 Y: 15\nXXXXXXXXXX\nX X e X TX\nX\u221e       X\nX   X   XX\nX   T    X\nXX  XX   X\nX P   m  X\nX X X  X X\nX        X\nX        X\nX  X   X X\nX        X\nXX   \u221e  XX\nX   \u221e    X\nX        X\nX X T  X X\nX        X\nX        X\nXT TXT TXX\nXXXXXXXXXX\n", "Health: 9 X: 3 Y: 15\nXXXXXXXXXX\nX X e X TX\nX\u221e       X\nX   X   XX\nX   T    X\nXX  XX   X\nX P  m   X\nX X X  X X\nX        X\nX        X\nX  X   X X\nX        X\nXX   \u221e  XX\nX   \u221e    X\nX        X\nX XHT  X X\nX        X\nX        X\nXT TXT TXX\nXXXXXXXXXX\n", "Health: 9 X: 3 Y: 14\nXXXXXXXXXX\nX X e X TX\nX\u221e       X\nX   X   XX\nX   T    X\nXX  XX   X\nX P      X\nX X Xm X X\nX        X\nX        X\nX  X   X X\nX        X\nXX   \u221e  XX\nX   \u221e    X\nX  H     X\nX X T  X X\nX        X\nX        X\nXT TXT TXX\nXXXXXXXXXX\n", "Health: 9 X: 3 Y: 13\nXXXXXXXXXX\nX X e X TX\nX\u221e       X\nX   X   XX\nX   T    X\nXX  XX   X\nX P      X\nX X X  X X\nX    m   X\nX        X\nX  X   X X\nX        X\nXX   \u221e  XX\nX  H\u221e    X\nX        X\nX X T  X X\nX        X\nX        X\nXT TXT TXX\nXXXXXXXXXX\n", "Health: 9 X: 3 Y: 12\nXXXXXXXXXX\nX X e X TX\nX\u221e       X\nX   X   XX\nX   T    X\nXX  XX   X\nX P      X\nX X X  X X\nX   m    X\nX        X\nX  X   X X\nX        X\nXX H \u221e  XX\nX   \u221e    X\nX        X\nX X T  X X\nX        X\nX        X\nXT TXT TXX\nXXXXXXXXXX\n", "Health: 9 X: 2 Y: 12\nXXXXXXXXXX\nX X e X TX\nX\u221e       X\nX   X   XX\nX   T    X\nXX  XX   X\nX P      X\nX X X  X X\nX  m     X\nX        X\nX  X   X X\nX        X\nXXH  \u221e  XX\nX   \u221e    X\nX        X\nXbX T  X X\nX        X\nX        X\nXT TXT TXX\nXXXXXXXXXX\n", "Health: 9 X: 2 Y: 13\nXXXXXXXXXX\nX X e X TX\nX\u221e       X\nX   X   XX\nX   T    X\nXX  XX   X\nX P      X\nX X X  X X\nX m      X\nX        X\nX  X   X X\nX        X\nXX   \u221e  XX\nX H \u221e    X\nXb       X\nX X T  X X\nX        X\nX        X\nXT TXT TXX\nXXXXXXXXXX\n", "Health: 7 X: 2 Y: 14\nXXXXXXXXXX\nX X e X TX\nX\u221e       X\nX   X   XX\nX   T    X\nXX  XX   X\nX P      X\nX X X  X X\nX        X\nX m      X\nX  X   X X\nX        X\nXX   \u221e  XX\nX   \u221e    X\nXbH      X\nX X T  X X\nX        X\nX        X\nXT TXT TXX\nXXXXXXXXXX\n", "Health: 7 X: 3 Y: 14\nXXXXXXXXXX\nX X e X TX\nX\u221e       X\nX   X   XX\nX   T    X\nXX  XX   X\nX P      X\nX X X  X X\nX        X\nX        X\nX mX   X X\nX        X\nXX   \u221e  XX\nX   \u221e    X\nX bH     X\nX X T  X X\nX        X\nX        X\nXT TXT TXX\nXXXXXXXXXX\n", "Health: 7 X: 4 Y: 14\nXXXXXXXXXX\nX X e X TX\nX\u221e       X\nX   X   XX\nX   T    X\nXX  XX   X\nX P      X\nX X X  X X\nX        X\nX        X\nX  X   X X\nX m      X\nXX   \u221e  XX\nX   \u221e    X\nX  bH    X\nX X T  X X\nX        X\nX        X\nXT TXT TXX\nXXXXXXXXXX\n", "Health: 7 X: 5 Y: 14\nXXXXXXXXXX\nX X e X TX\nX\u221e       X\nX   X   XX\nX   T    X\nXX  XX   X\nX P      X\nX X X  X X\nX        X\nX        X\nX  X   X X\nX        X\nXXm  \u221e  XX\nX   \u221e    X\nX   bH   X\nX X T  X X\nX        X\nX        X\nXT TXT TXX\nXXXXXXXXXX\n", "Health: 7 X: 6 Y: 14\nXXXXXXXXXX\nX X e X TX\nX\u221e       X\nX   X   XX\nX   T    X\nXX  XX   X\nX P      X\nX X X  X X\nX        X\nX        X\nX  X   X X\nX        X\nXX m \u221e  XX\nX   \u221e    X\nX    bH  X\nX X T  X X\nX        X\nX        X\nXT TXT TXX\nXXXXXXXXXX\n", "Health: 7 X: 6 Y: 15\nXXXXXXXXXX\nX X e X TX\nX\u221e       X\nX   X   XX\nX   T    X\nXX  XX   X\nX P      X\nX X X  X X\nX        X\nX        X\nX  X   X X\nX        X\nXX  m\u221e  XX\nX   \u221e    X\nX     b  X\nX X T HX X\nX        X\nX        X\nXT TXT TXX\nXXXXXXXXXX\n", "Health: 7 X: 6 Y: 16\nXXXXXXXXXX\nX X e X TX\nX\u221e       X\nX   X   XX\nX   T    X\nXX  XX   X\nX P      X\nX X X  X X\nX        X\nX        X\nX  X   X X\nX        X\nXX   \u221e  XX\nX   m    X\nX        X\nX X T bX X\nX     H  X\nX        X\nXT TXT TXX\nXXXXXXXXXX\n", "Health: 7 X: 6 Y: 17\nXXXXXXXXXX\nX X e X TX\nX\u221e       X\nX   X   XX\nX   T    X\nXX  XX   X\nX P      X\nX X X  X X\nX        X\nX        X\nX  X   X X\nX        X\nXX   \u221e  XX\nX   \u221e    X\nX   m    X\nX X T  X X\nX     b  X\nX     H  X\nXT TXT TXX\nXXXXXXXXXX\n", "Health: 7 X: 6 Y: 18\nXXXXXXXXXX\nX X e X TX\nX\u221e       X\nX   X   XX\nX   T    X\nXX  XX   X\nX P      X\nX X X  X X\nX        X\nX        X\nX  X   X X\nX        X\nXX   \u221e  XX\nX   \u221e    X\nX    m   X\nX X T  X X\nX        X\nX     b  X\nXT TXTHTXX\nXXXXXXXXXX\n", "Health: 7 X: 5 Y: 18\nXXXXXXXXXX\nX X e X TX\nX\u221e       X\nX   X   XX\nX   T    X\nXX  XX   X\nX P      X\nX X X  X X\nX        X\nX        X\nX  X   X X\nX        X\nXX   \u221e  XX\nX   \u221e    X\nX        X\nX X Tm X X\nX        X\nX    b   X\nXT TX  TXX\nXXXXXXXXXX\n", "Health: 7 X: 5 Y: 17\nXXXXXXXXXX\nX X e X TX\nX\u221e       X\nX   X   XX\nX   T    X\nXX  XX   X\nX P      X\nX X X  X X\nX        X\nX        X\nX  X   X X\nX        X\nXX   \u221e  XX\nX   \u221e    X\nX        X\nX X T  X X\nX    m   X\nX    \u221e   X\nXT TX  TXX\nXXXXXXXXXX\n", "Health: 7 X: 6 Y: 17\nXXXXXXXXXX\nX X e X TX\nX\u221e       X\nX   X   XX\nX   T    X\nXX  XX   X\nX P      X\nX X X  X X\nX        X\nX        X\nX  X   X X\nX        X\nXX   \u221e  XX\nX   \u221e    X\nX        X\nX X T  X X\nX     m  X\nX    \u221eH  X\nXT TX  TXX\nXXXXXXXXXX\n", "Health: 7 X: 5 Y: 17\nXXXXXXXXXX\nX X e X TX\nX\u221e       X\nX   X   XX\nX   T    X\nXX  XX   X\nX P      X\nX X X  X X\nX        X\nX        X\nX  X   X X\nX        X\nXX   \u221e  XX\nX   \u221e    X\nX        X\nX X T  X X\nX    m   X\nX    \u221e   X\nXT TX  TXX\nXXXXXXXXXX\n", "Health: 7 X: 4 Y: 17\nXXXXXXXXXX\nX X e X TX\nX\u221e       X\nX   X   XX\nX   T    X\nXX  XX   X\nX P      X\nX X X  X X\nX        X\nX        X\nX  X   X X\nX        X\nXX   \u221e  XX\nX   \u221e    X\nX        X\nX X T  X X\nX   m    X\nX   H\u221e   X\nXT TX  TXX\nXXXXXXXXXX\n", "Health: 7 X: 3 Y: 17\nXXXXXXXXXX\nX X e X TX\nX\u221e       X\nX   X   XX\nX   T    X\nXX  XX   X\nX P      X\nX X X  X X\nX        X\nX        X\nX  X   X X\nX        X\nXX   \u221e  XX\nX   \u221e    X\nX        X\nX X T  X X\nX  m     X\nX  H \u221e   X\nXT TX  TXX\nXXXXXXXXXX\n", "Health: 7 X: 4 Y: 17\nXXXXXXXXXX\nX X e X TX\nX\u221e       X\nX   X   XX\nX   T    X\nXX  XX   X\nX P      X\nX X X  X X\nX        X\nX        X\nX  X   X X\nX        X\nXX   \u221e  XX\nX   \u221e    X\nX        X\nX X T  X X\nX   m    X\nX   H\u221e   X\nXT TX  TXX\nXXXXXXXXXX\n", "Health: 6 X: 4 Y: 16\nXXXXXXXXXX\nX X e X TX\nX\u221e       X\nX   X   XX\nX   T    X\nXX  XX   X\nX P      X\nX X X  X X\nX        X\nX        X\nX  X   X X\nX        X\nXX   \u221e  XX\nX   \u221e    X\nX        X\nX X T  X X\nX   m    X\nX    \u221e   X\nXT TX  TXX\nXXXXXXXXXX\n", "Health: 6 X: 3 Y: 16\nXXXXXXXXXX\nX X e X TX\nX\u221e       X\nX   X   XX\nX   T    X\nXX  XX   X\nX P      X\nX X X  X X\nX        X\nX        X\nX  X   X X\nX        X\nXX   \u221e  XX\nX   \u221e    X\nX        X\nX X T  X X\nX  Hm    X\nX    \u221e   X\nXT TX  TXX\nXXXXXXXXXX\n", "Health: 6 X: 2 Y: 16\nXXXXXXXXXX\nX X e X TX\nX\u221e       X\nX   X   XX\nX   T    X\nXX  XX   X\nX P      X\nX X X  X X\nX        X\nX        X\nX  X   X X\nX        X\nXX   \u221e  XX\nX   \u221e    X\nX        X\nX X T  X X\nX H m    X\nX    \u221e   X\nXT TX  TXX\nXXXXXXXXXX\n", "Health: 6 X: 1 Y: 16\nXXXXXXXXXX\nX X e X TX\nX\u221e       X\nX   X   XX\nX   T    X\nXX  XX   X\nX P      X\nX X X  X X\nX        X\nX        X\nX  X   X X\nX        X\nXX   \u221e  XX\nX   \u221e    X\nX        X\nX X T  X X\nX   m    X\nX    \u221e   X\nXT TX  TXX\nXXXXXXXXXX\n", "Health: 6 X: 1 Y: 15\nXXXXXXXXXX\nX X e X TX\nX\u221e       X\nX   X   XX\nX   T    X\nXX  XX   X\nX P      X\nX X X  X X\nX        X\nX        X\nX  X   X X\nX        X\nXX   \u221e  XX\nX   \u221e    X\nX        X\nXHX T  X X\nX   m    X\nX    \u221e   X\nXT TX  TXX\nXXXXXXXXXX\n", "Health: 6 X: 1 Y: 14\nXXXXXXXXXX\nX X e X TX\nX\u221e       X\nX   X   XX\nX   T    X\nXX  XX   X\nX P      X\nX X X  X X\nX        X\nX        X\nX  X   X X\nX        X\nXX   \u221e  XX\nX   \u221e    X\nXH       X\nX X m  X X\nX        X\nX    \u221e   X\nXT TX  TXX\nXXXXXXXXXX\n", "Health: 6 X: 2 Y: 14\nXXXXXXXXXX\nX X e X TX\nX\u221e       X\nX   X   XX\nX   T    X\nXX  XX   X\nX P      X\nX X X  X X\nX        X\nX        X\nX  X   X X\nX        X\nXX   \u221e  XX\nX   \u221e    X\nX H m    X\nX X T  X X\nX        X\nX    \u221e   X\nXT TX  TXX\nXXXXXXXXXX\n", "Health: 5 X: 3 Y: 14\nXXXXXXXXXX\nX X e X TX\nX\u221e       X\nX   X   XX\nX   T    X\nXX  XX   X\nX P      X\nX X X  X X\nX        X\nX        X\nX  X   X X\nX        X\nXX   \u221e  XX\nX   \u221e    X\nX  Hm    X\nX X T  X X\nX        X\nX    \u221e   X\nXT TX  TXX\nXXXXXXXXXX\n", "Health: 5 X: 3 Y: 13\nXXXXXXXXXX\nX X e X TX\nX\u221e       X\nX   X   XX\nX   T    X\nXX  XX   X\nX P      X\nX X X  X X\nX        X\nX        X\nX  X   X X\nX        X\nXX   \u221e  XX\nX  H\u221e    X\nX   m    X\nX X T  X X\nX        X\nX    \u221e   X\nXT TX  TXX\nXXXXXXXXXX\n", "Health: 5 X: 3 Y: 12\nXXXXXXXXXX\nX X e X TX\nX\u221e       X\nX   X   XX\nX   T    X\nXX  XX   X\nX P      X\nX X X  X X\nX        X\nX        X\nX  X   X X\nX        X\nXX H \u221e  XX\nX   \u221e    X\nX   m    X\nX X T  X X\nX        X\nX    \u221e   X\nXT TX  TXX\nXXXXXXXXXX\n", "Health: 5 X: 3 Y: 11\nXXXXXXXXXX\nX X e X TX\nX\u221e       X\nX   X   XX\nX   T    X\nXX  XX   X\nX P      X\nX X X  X X\nX        X\nX        X\nX  X   X X\nX  H     X\nXX   \u221e  XX\nX   \u221e    X\nX   m    X\nX X T  X X\nX        X\nX    \u221e   X\nXT TX  TXX\nXXXXXXXXXX\n", "Health: 5 X: 4 Y: 11\nXXXXXXXXXX\nX X e X TX\nX\u221e       X\nX   X   XX\nX   T    X\nXX  XX   X\nX P      X\nX X X  X X\nX        X\nX        X\nX  X   X X\nX   H    X\nXX   \u221e  XX\nX   \u221e    X\nX   m    X\nX X T  X X\nX        X\nX    \u221e   X\nXT TX  TXX\nXXXXXXXXXX\n", "Health: 5 X: 4 Y: 10\nXXXXXXXXXX\nX X e X TX\nX\u221e       X\nX   X   XX\nX   T    X\nXX  XX   X\nX P      X\nX X X  X X\nX        X\nX        X\nX  XH  X X\nX        X\nXX   \u221e  XX\nX   \u221e    X\nX   m    X\nX X T  X X\nX        X\nX    \u221e   X\nXT TX  TXX\nXXXXXXXXXX\n", "Health: 5 X: 4 Y: 9\nXXXXXXXXXX\nX X e X TX\nX\u221e       X\nX   X   XX\nX   T    X\nXX  XX   X\nX P      X\nX X X  X X\nX        X\nX   H    X\nX  X   X X\nX        X\nXX   \u221e  XX\nX   m    X\nX        X\nX X T  X X\nX        X\nX    \u221e   X\nXT TX  TXX\nXXXXXXXXXX\n", "Health: 5 X: 3 Y: 9\nXXXXXXXXXX\nX X e X TX\nX\u221e       X\nX   X   XX\nX   T    X\nXX  XX   X\nX P      X\nX X X  X X\nX        X\nX  H     X\nX  X   X X\nX        X\nXX  m\u221e  XX\nX   \u221e    X\nX        X\nX X T  X X\nX        X\nX    \u221e   X\nXT TX  TXX\nXXXXXXXXXX\n", "Health: 5 X: 3 Y: 8\nXXXXXXXXXX\nX X e X TX\nX\u221e       X\nX   X   XX\nX   T    X\nXX  XX   X\nX P      X\nX X X  X X\nX  H     X\nX        X\nX  X   X X\nX   m    X\nXX   \u221e  XX\nX   \u221e    X\nX        X\nX X T  X X\nX        X\nX    \u221e   X\nXT TX  TXX\nXXXXXXXXXX\n", "Health: 5 X: 3 Y: 7\nXXXXXXXXXX\nX X e X TX\nX\u221e       X\nX   X   XX\nX   T    X\nXX  XX   X\nX P      X\nX XHX  X X\nX        X\nX        X\nX  Xm  X X\nX        X\nXX   \u221e  XX\nX   \u221e    X\nX        X\nX X T  X X\nX        X\nX    \u221e   X\nXT TX  TXX\nXXXXXXXXXX\n", "Health: 5 X: 3 Y: 6\nXXXXXXXXXX\nX X e X TX\nX\u221e       X\nX   X   XX\nX   T    X\nXX  XX   X\nX PH     X\nX X X  X X\nX        X\nX   m    X\nX  X   X X\nX        X\nXX   \u221e  XX\nX   \u221e    X\nX        X\nX X T  X X\nX        X\nX    \u221e   X\nXT TX  TXX\nXXXXXXXXXX\n", "Health: 5 X: 3 Y: 5\nXXXXXXXXXX\nX X e X TX\nX\u221e       X\nX   X   XX\nX   T    X\nXX HXX   X\nX P      X\nX X X  X X\nX   m    X\nX        X\nX  X   X X\nX        X\nXX   \u221e  XX\nX   \u221e    X\nX        X\nX X T  X X\nX        X\nX    \u221e   X\nXT TX  TXX\nXXXXXXXXXX\n", "Health: 5 X: 2 Y: 5\nXXXXXXXXXX\nX X e X TX\nX\u221e       X\nX   X   XX\nX   T    X\nXXH XX   X\nX P      X\nX X X  X X\nX  m     X\nX        X\nX  X   X X\nX        X\nXX   \u221e  XX\nX   \u221e    X\nX        X\nX X T  X X\nX        X\nX    \u221e   X\nXT TX  TXX\nXXXXXXXXXX\n", "Health: 7 X: 2 Y: 6\nXXXXXXXXXX\nX X e X TX\nX\u221e       X\nX   X   XX\nX   T    X\nXX  XX   X\nX        X\nX XmX  X X\nX        X\nX        X\nX  X   X X\nX        X\nXX   \u221e  XX\nX   \u221e    X\nX        X\nX X T  X X\nX        X\nX    \u221e   X\nXT TX  TXX\nXXXXXXXXXX\n", "Health: 7 X: 2 Y: 5\nXXXXXXXXXX\nX X e X TX\nX\u221e       X\nX   X   XX\nX   T    X\nXXH XX   X\nX  m     X\nX X X  X X\nX        X\nX        X\nX  X   X X\nX        X\nXX   \u221e  XX\nX   \u221e    X\nX        X\nX X T  X X\nX        X\nX    \u221e   X\nXT TX  TXX\nXXXXXXXXXX\n", "Health: 7 X: 2 Y: 4\nXXXXXXXXXX\nX X e X TX\nX\u221e       X\nX   X   XX\nX H T    X\nXX mXX   X\nX        X\nX X X  X X\nX        X\nX        X\nX  X   X X\nX        X\nXX   \u221e  XX\nX   \u221e    X\nX        X\nX X T  X X\nX        X\nX    \u221e   X\nXT TX  TXX\nXXXXXXXXXX\n", "Health: 7 X: 2 Y: 3\nXXXXXXXXXX\nX X e X TX\nX\u221e       X\nX H X   XX\nX  mT    X\nXX  XX   X\nX        X\nX X X  X X\nX        X\nX        X\nX  X   X X\nX        X\nXX   \u221e  XX\nX   \u221e    X\nX        X\nX X T  X X\nX        X\nX    \u221e   X\nXT TX  TXX\nXXXXXXXXXX\n", "Health: 7 X: 2 Y: 2\nXXXXXXXXXX\nX X e X TX\nX\u221eH      X\nX  mX   XX\nX   T    X\nXX  XX   X\nX        X\nX X X  X X\nX        X\nX        X\nX  X   X X\nX        X\nXX   \u221e  XX\nX   \u221e    X\nX        X\nX X T  X X\nX        X\nX    \u221e   X\nXT TX  TXX\nXXXXXXXXXX\n", "Health: 7 X: 1 Y: 2\nXXXXXXXXXX\nX X e X TX\nX\u221e m     X\nX   X   XX\nX   T    X\nXX  XX   X\nX        X\nX X X  X X\nX        X\nX        X\nX  X   X X\nX        X\nXX   \u221e  XX\nX   \u221e    X\nX        X\nX X T  X X\nX        X\nX    \u221e   X\nXT TX  TXX\nXXXXXXXXXX\n", "Health: 7 X: 1 Y: 3\nXXXXXXXXXX\nX X e X TX\nX\u221em      X\nXH  X   XX\nX   T    X\nXX  XX   X\nX        X\nX X X  X X\nX        X\nX        X\nX  X   X X\nX        X\nXX   \u221e  XX\nX   \u221e    X\nX        X\nX X T  X X\nX        X\nX    \u221e   X\nXT TX  TXX\nXXXXXXXXXX\n", "Health: 7 X: 1 Y: 4\nXXXXXXXXXX\nX X e X TX\nXm       X\nX   X   XX\nXH  T    X\nXX  XX   X\nX        X\nX X X  X X\nX        X\nX        X\nX  X   X X\nX        X\nXX   \u221e  XX\nX   \u221e    X\nX        X\nX X T  X X\nX        X\nX    \u221e   X\nXT TX  TXX\nXXXXXXXXXX\n", "Health: 7 X: 2 Y: 4\nXXXXXXXXXX\nX X e X TX\nX\u221em      X\nX   X   XX\nX H T    X\nXX  XX   X\nX        X\nX X X  X X\nX        X\nX        X\nX  X   X X\nX        X\nXX   \u221e  XX\nX   \u221e    X\nX        X\nX X T  X X\nX        X\nX    \u221e   X\nXT TX  TXX\nXXXXXXXXXX\n", "Health: 7 X: 3 Y: 4\nXXXXXXXXXX\nX X e X TX\nX\u221e m     X\nX   X   XX\nX  HT    X\nXX  XX   X\nX        X\nX X X  X X\nX        X\nX        X\nX  X   X X\nX        X\nXX   \u221e  XX\nX   \u221e    X\nX        X\nX X T  X X\nX        X\nX    \u221e   X\nXT TX  TXX\nXXXXXXXXXX\n", "Health: 7 X: 4 Y: 15\nXXXXXXXXXX\nX X e X TX\nX\u221e       X\nX  mX   XX\nX   T    X\nXX  XX   X\nX        X\nX X X  X X\nX        X\nX        X\nX  X   X X\nX        X\nXX   \u221e  XX\nX   \u221e    X\nX        X\nX X T  X X\nX        X\nX    \u221e   X\nXT TX  TXX\nXXXXXXXXXX\n", "Health: 7 X: 4 Y: 14\nXXXXXXXXXX\nX X e X TX\nX\u221e       X\nX   X   XX\nX  mT    X\nXX  XX   X\nX        X\nX X X  X X\nX        X\nX        X\nX  X   X X\nX        X\nXX   \u221e  XX\nX   \u221e    X\nX   H    X\nX X T  X X\nX        X\nX    \u221e   X\nXT TX  TXX\nXXXXXXXXXX\n", "Health: 7 X: 4 Y: 13\nXXXXXXXXXX\nX X e X TX\nX\u221e       X\nX   X   XX\nX   T    X\nXX mXX   X\nX        X\nX X X  X X\nX        X\nX        X\nX  X   X X\nX        X\nXX   \u221e  XX\nX   \u221e    X\nX        X\nX X T  X X\nX        X\nX    \u221e   X\nXT TX  TXX\nXXXXXXXXXX\n", "Health: 7 X: 4 Y: 12\nXXXXXXXXXX\nX X e X TX\nX\u221e       X\nX   X   XX\nX   T    X\nXX  XX   X\nX  m     X\nX X X  X X\nX        X\nX        X\nX  X   X X\nX        X\nXX  H\u221e  XX\nX   \u221e    X\nX        X\nX X T  X X\nX        X\nX    \u221e   X\nXT TX  TXX\nXXXXXXXXXX\n", "Health: 7 X: 4 Y: 11\nXXXXXXXXXX\nX X e X TX\nX\u221e       X\nX   X   XX\nX   T    X\nXX  XX   X\nX        X\nX XmX  X X\nX        X\nX        X\nX  X   X X\nX   H    X\nXX   \u221e  XX\nX   \u221e    X\nX        X\nX X T  X X\nX        X\nX    \u221e   X\nXT TX  TXX\nXXXXXXXXXX\n", "Health: 7 X: 5 Y: 11\nXXXXXXXXXX\nX X e X TX\nX\u221e       X\nX   X   XX\nX   T    X\nXX  XX   X\nX        X\nX X X  X X\nX  m     X\nX        X\nX  X   X X\nX    H   X\nXX   \u221e  XX\nX   \u221e    X\nX        X\nX X T  X X\nX        X\nX    \u221e   X\nXT TX  TXX\nXXXXXXXXXX\n", "Health: 7 X: 6 Y: 11\nXXXXXXXXXX\nX X e X TX\nX\u221e       X\nX   X   XX\nX   T    X\nXX  XX   X\nX        X\nX X X  X X\nX   m    X\nX        X\nX  X   X X\nX     H  X\nXX   \u221e  XX\nX   \u221e    X\nX        X\nX X T  X X\nX        X\nX    \u221e   X\nXT TX  TXX\nXXXXXXXXXX\n", "Health: 7 X: 7 Y: 11\nXXXXXXXXXX\nX X e X TX\nX\u221e       X\nX   X   XX\nX   T    X\nXX  XX   X\nX        X\nX X X  X X\nX    m   X\nX        X\nX  X   X X\nX      H X\nXX   \u221e  XX\nX   \u221e    X\nX        X\nX X T  X X\nX        X\nX    \u221e   X\nXT TX  TXX\nXXXXXXXXXX\n", "Health: 7 X: 8 Y: 11\nXXXXXXXXXX\nX X e X TX\nX\u221e       X\nX   X   XX\nX   T    X\nXX  XX   X\nX        X\nX X X  X X\nX     m  X\nX        X\nX  X   X X\nX       HX\nXX   \u221e  XX\nX   \u221e    X\nX        X\nX X T  X X\nX        X\nX    \u221e   X\nXT TX  TXX\nXXXXXXXXXX\n", "Health: 7 X: 8 Y: 10\nXXXXXXXXXX\nX X e X TX\nX\u221e       X\nX   X   XX\nX   T    X\nXX  XX   X\nX        X\nX X X  X X\nX      m X\nX        X\nX  X   X X\nX        X\nXX   \u221e  XX\nX   \u221e    X\nX        X\nX X T  X X\nX        X\nX    \u221e   X\nXT TX  TXX\nXXXXXXXXXX\n", "Health: 7 X: 8 Y: 11\nXXXXXXXXXX\nX X e X TX\nX\u221e       X\nX   X   XX\nX   T    X\nXX  XX   X\nX        X\nX X X  X X\nX       mX\nX        X\nX  X   X X\nX       HX\nXX   \u221e  XX\nX   \u221e    X\nX        X\nX X T  X X\nX        X\nX    \u221e   X\nXT TX  TXX\nXXXXXXXXXX\n", "Health: 7 X: 7 Y: 11\nXXXXXXXXXX\nX X e X TX\nX\u221e       X\nX   X   XX\nX   T    X\nXX  XX   X\nX        X\nX X X  X X\nX        X\nX       mX\nX  X   X X\nX      H X\nXX   \u221e  XX\nX   \u221e    X\nX        X\nX X T  X X\nX        X\nX    \u221e   X\nXT TX  TXX\nXXXXXXXXXX\n", "Health: 7 X: 6 Y: 11\nXXXXXXXXXX\nX X e X TX\nX\u221e       X\nX   X   XX\nX   T    X\nXX  XX   X\nX        X\nX X X  X X\nX        X\nX      m X\nX  X   X X\nX     H  X\nXX   \u221e  XX\nX   \u221e    X\nX        X\nX X T  X X\nX        X\nX    \u221e   X\nXT TX  TXX\nXXXXXXXXXX\n", "Health: 7 X: 7 Y: 11\nXXXXXXXXXX\nX X e X TX\nX\u221e       X\nX   X   XX\nX   T    X\nXX  XX   X\nX        X\nX X X  X X\nX        X\nX       mX\nX  X   X X\nX      H X\nXX   \u221e  XX\nX   \u221e    X\nX        X\nX X T  X X\nX        X\nX    \u221e   X\nXT TX  TXX\nXXXXXXXXXX\n", "Health: 7 X: 6 Y: 11\nXXXXXXXXXX\nX X e X TX\nX\u221e       X\nX   X   XX\nX   T    X\nXX  XX   X\nX        X\nX X X  X X\nX        X\nX      m X\nX  X   X X\nX     H  X\nXX   \u221e  XX\nX   \u221e    X\nX        X\nX X T  X X\nX        X\nX    \u221e   X\nXT TX  TXX\nXXXXXXXXXX\n", "Health: 7 X: 5 Y: 11\nXXXXXXXXXX\nX X e X TX\nX\u221e       X\nX   X   XX\nX   T    X\nXX  XX   X\nX        X\nX X X  X X\nX        X\nX     m  X\nX  X   X X\nX    H   X\nXX   \u221e  XX\nX   \u221e    X\nX        X\nX X T  X X\nX        X\nX    \u221e   X\nXT TX  TXX\nXXXXXXXXXX\n", "Health: 7 X: 4 Y: 11\nXXXXXXXXXX\nX X e X TX\nX\u221e       X\nX   X   XX\nX   T    X\nXX  XX   X\nX        X\nX X X  X X\nX        X\nX    m   X\nX  X   X X\nX   H    X\nXX   \u221e  XX\nX   \u221e    X\nX        X\nX X T  X X\nX        X\nX    \u221e   X\nXT TX  TXX\nXXXXXXXXXX\n", "Health: 7 X: 5 Y: 11\nXXXXXXXXXX\nX X e X TX\nX\u221e       X\nX   X   XX\nX   T    X\nXX  XX   X\nX        X\nX X X  X X\nX        X\nX        X\nX  X m X X\nX    H   X\nXX   \u221e  XX\nX   \u221e    X\nX        X\nX X T  X X\nX        X\nX    \u221e   X\nXT TX  TXX\nXXXXXXXXXX\n", "Health: 7 X: 4 Y: 11\nXXXXXXXXXX\nX X e X TX\nX\u221e       X\nX   X   XX\nX   T    X\nXX  XX   X\nX        X\nX X X  X X\nX        X\nX        X\nX  Xm  X X\nX   H    X\nXX   \u221e  XX\nX   \u221e    X\nX        X\nX X T  X X\nX        X\nX    \u221e   X\nXT TX  TXX\nXXXXXXXXXX\n", "Health: 7 X: 3 Y: 11\nXXXXXXXXXX\nX X e X TX\nX\u221e       X\nX   X   XX\nX   T    X\nXX  XX   X\nX        X\nX X X  X X\nX        X\nX        X\nX  X   X X\nX  Hm    X\nXX   \u221e  XX\nX   \u221e    X\nX        X\nX X T  X X\nX        X\nX    \u221e   X\nXT TX  TXX\nXXXXXXXXXX\n", "Health: 7 X: 2 Y: 11\nXXXXXXXXXX\nX X e X TX\nX\u221e       X\nX   X   XX\nX   T    X\nXX  XX   X\nX        X\nX X X  X X\nX        X\nX        X\nX  X   X X\nX Hm     X\nXX   \u221e  XX\nX   \u221e    X\nX        X\nX X T  X X\nX        X\nX    \u221e   X\nXT TX  TXX\nXXXXXXXXXX\n", "Health: 7 X: 1 Y: 11\nXXXXXXXXXX\nX X e X TX\nX\u221e       X\nX   X   XX\nX   T    X\nXX  XX   X\nX        X\nX X X  X X\nX        X\nX        X\nX  X   X X\nXHm      X\nXX   \u221e  XX\nX   \u221e    X\nX        X\nX X T  X X\nX        X\nX    \u221e   X\nXT TX  TXX\nXXXXXXXXXX\n", "Health: 7 X: 1 Y: 10\nXXXXXXXXXX\nX X e X TX\nX\u221e       X\nX   X   XX\nX   T    X\nXX  XX   X\nX        X\nX X X  X X\nX        X\nX        X\nXHmX   X X\nX        X\nXX   \u221e  XX\nX   \u221e    X\nX        X\nX X T  X X\nX        X\nX    \u221e   X\nXT TX  TXX\nXXXXXXXXXX\n", "Health: 6 X: 2 Y: 10\nXXXXXXXXXX\nX X e X TX\nX\u221e       X\nX   X   XX\nX   T    X\nXX  XX   X\nX        X\nX X X  X X\nX        X\nX        X\nX mX   X X\nX        X\nXX   \u221e  XX\nX   \u221e    X\nX        X\nX X T  X X\nX        X\nX    \u221e   X\nXT TX  TXX\nXXXXXXXXXX\n", "Health: 6 X: 2 Y: 9\nXXXXXXXXXX\nX X e X TX\nX\u221e       X\nX   X   XX\nX   T    X\nXX  XX   X\nX        X\nX X X  X X\nX        X\nX H      X\nX mX   X X\nX        X\nXX   \u221e  XX\nX   \u221e    X\nX        X\nX X T  X X\nX        X\nX    \u221e   X\nXT TX  TXX\nXXXXXXXXXX\n", "Health: 6 X: 3 Y: 9\nXXXXXXXXXX\nX X e X TX\nX\u221e       X\nX   X   XX\nX   T    X\nXX  XX   X\nX        X\nX X X  X X\nX        X\nX  H     X\nX mX   X X\nX        X\nXX   \u221e  XX\nX   \u221e    X\nX        X\nX X T  X X\nX        X\nX    \u221e   X\nXT TX  TXX\nXXXXXXXXXX\n", "Health: 6 X: 3 Y: 8\nXXXXXXXXXX\nX X e X TX\nX\u221e       X\nX   X   XX\nX   T    X\nXX  XX   X\nX        X\nX X X  X X\nX  H     X\nX        X\nX mX   X X\nX        X\nXX   \u221e  XX\nX   \u221e    X\nX        X\nX X T  X X\nX        X\nX    \u221e   X\nXT TX  TXX\nXXXXXXXXXX\n", "Health: 6 X: 3 Y: 7\nXXXXXXXXXX\nX X e X TX\nX\u221e       X\nX   X   XX\nX   T    X\nXX  XX   X\nX        X\nX XHX  X X\nX        X\nX        X\nX mX   X X\nX        X\nXX   \u221e  XX\nX   \u221e    X\nX        X\nX X T  X X\nX        X\nX    \u221e   X\nXT TX  TXX\nXXXXXXXXXX\n", "Health: 6 X: 3 Y: 6\nXXXXXXXXXX\nX X e X TX\nX\u221e       X\nX   X   XX\nX   T    X\nXX  XX   X\nX  H     X\nX X X  X X\nX        X\nX m      X\nX  X   X X\nX        X\nXX   \u221e  XX\nX   \u221e    X\nX        X\nX X T  X X\nX        X\nX    \u221e   X\nXT TX  TXX\nXXXXXXXXXX\n", "Health: 6 X: 3 Y: 5\nXXXXXXXXXX\nX X e X TX\nX\u221e       X\nX   X   XX\nX   T    X\nXX HXX   X\nX        X\nX X X  X X\nX m      X\nX        X\nX  X   X X\nX        X\nXX   \u221e  XX\nX   \u221e    X\nX        X\nX X T  X X\nX        X\nX    \u221e   X\nXT TX  TXX\nXXXXXXXXXX\n", "Health: 6 X: 3 Y: 4\nXXXXXXXXXX\nX X e X TX\nX\u221e       X\nX   X   XX\nX  HT    X\nXX  XX   X\nX        X\nX X X  X X\nX  m     X\nX        X\nX  X   X X\nX        X\nXX   \u221e  XX\nX   \u221e    X\nX        X\nX X T  X X\nX        X\nX    \u221e   X\nXT TX  TXX\nXXXXXXXXXX\n", "Health: 6 X: 3 Y: 3\nXXXXXXXXXX\nX X e X TX\nX\u221e       X\nX  HX   XX\nX   T    X\nXX  XX   X\nX        X\nX XmX  X X\nX        X\nX        X\nX  X   X X\nX        X\nXX   \u221e  XX\nX   \u221e    X\nX        X\nX X T  X X\nX        X\nX    \u221e   X\nXT TX  TXX\nXXXXXXXXXX\n", "Health: 6 X: 3 Y: 2\nXXXXXXXXXX\nX X e X TX\nX\u221e H     X\nX   X   XX\nX   T    X\nXX  XX   X\nX  m     X\nX X X  X X\nX        X\nX        X\nX  X   X X\nX        X\nXX   \u221e  XX\nX   \u221e    X\nX        X\nX X T  X X\nX        X\nX    \u221e   X\nXT TX  TXX\nXXXXXXXXXX\n", "Health: 6 X: 3 Y: 1\nXXXXXXXXXX\nX XHe X TX\nX\u221e       X\nX   X   XX\nX   T    X\nXX mXX   X\nX        X\nX X X  X X\nX        X\nX        X\nX  X   X X\nX        X\nXX   \u221e  XX\nX   \u221e    X\nX        X\nX X T  X X\nX        X\nX    \u221e   X\nXT TX  TXX\nXXXXXXXXXX\n", "Health: 6 X: 4 Y: 1\nXXXXXXXXXX\nX X e X TX\nX\u221e       X\nX   X   XX\nX  mT    X\nXX  XX   X\nX        X\nX X X  X X\nX        X\nX        X\nX  X   X X\nX        X\nXX   \u221e  XX\nX   \u221e    X\nX        X\nX X T  X X\nX        X\nX    \u221e   X\nXT TX  TXX\nXXXXXXXXXX\n"], "map_number": 202}, {"mechanics": [{"timestep": 6, "mechanic": "ReachStairs"}], "frequencies": {"ReachStairs": 1}, "levelReport": {"utilityGained": 0.0, "exitUtility": 1.0, "runnerUtility": 0.9299999999999999, "loitererUtility": 7.0, "completionistUtility": 0.3333333333333333, "monsterKillerUtility": 0.39999999999999997, "treasureCollectorUtility": 0.3, "turnsTaken": 7, "health": 10, "healthLost": 0, "alive": true, "javelinsThrown": 0, "monsterKills": 1, "minitaurKnockouts": 0, "treasuresCollected": 0, "potionsTaken": 0, "totalMonsters": 8, "totalTreasures": 7, "totalPotions": 2, "timeTaken": 0.0}, "positions": [{"X": 6, "Y": 10}, {"X": 5, "Y": 10}, {"X": 4, "Y": 10}, {"X": 3, "Y": 10}, {"X": 2, "Y": 10}, {"X": 1, "Y": 10}, {"X": 1, "Y": 9}], "levelStates": ["Health: 10 X: 6 Y: 10\nXXXXXXXXXX\nX   b m  X\nX XXXXXX X\nXR      RX\nXXXX  XXXX\nX      M X\nX  M     X\nX      M X\nXXX    XXX\nXe      PX\nX     H PX\nXXXXX XXXX\nX     X TX\nX XXXXX XX\nX        X\nXXXXXX XXX\nXTTX   XTX\nXTTXX XXTX\nX    b   X\nXXXXXXXXXX\n", "Health: 10 X: 5 Y: 10\nXXXXXXXXXX\nX   b  m X\nX XXXXXX X\nXR      RX\nXXXX  XXXX\nX     M  X\nX   M    X\nX      M X\nXXX    XXX\nXe      PX\nX    H  PX\nXXXXX XXXX\nX     X TX\nX XXXXX XX\nX        X\nXXXXXX XXX\nXTTX   XTX\nXTTXX XXTX\nX    b   X\nXXXXXXXXXX\n", "Health: 10 X: 4 Y: 10\nXXXXXXXXXX\nX   b   mX\nX XXXXXX X\nXR      RX\nXXXX  XXXX\nX    M   X\nX        X\nX   M  M X\nXXX    XXX\nXe      PX\nX   H   PX\nXXXXX XXXX\nX     X TX\nX XXXXX XX\nX        X\nXXXXXX XXX\nXTTX   XTX\nXTTXX XXTX\nX    b   X\nXXXXXXXXXX\n", "Health: 10 X: 3 Y: 10\nXXXXXXXXXX\nX   b    X\nX XXXXXXmX\nXR      RX\nXXXX  XXXX\nX   M    X\nX        X\nX  M  M  X\nXXX    XXX\nXe      PX\nX  H    PX\nXXXXX XXXX\nX     X TX\nX XXXXX XX\nX        X\nXXXXXX XXX\nXTTX   XTX\nXTTXX XXTX\nX    b   X\nXXXXXXXXXX\n", "Health: 10 X: 2 Y: 10\nXXXXXXXXXX\nX   b    X\nX XXXXXX X\nXR      \u221eX\nXXXX  XXXX\nX  M     X\nX        X\nX    M   X\nXXXM   XXX\nXe      PX\nX H     PX\nXXXXX XXXX\nX     X TX\nX XXXXX XX\nX        X\nXXXXXX XXX\nXTTX   XTX\nXTTXX XXTX\nX    b   X\nXXXXXXXXXX\n", "Health: 10 X: 1 Y: 10\nXXXXXXXXXX\nX   b    X\nX XXXXXX X\nXR     m\u221eX\nXXXX  XXXX\nX  M     X\nX        X\nX   M    X\nXXX    XXX\nXe M    PX\nXH      PX\nXXXXX XXXX\nX     X TX\nX XXXXX XX\nX        X\nXXXXXX XXX\nXTTX   XTX\nXTTXX XXTX\nX    b   X\nXXXXXXXXXX\n", "Health: 10 X: 1 Y: 9\nXXXXXXXXXX\nX   b    X\nX XXXXXX X\nXR    m \u221eX\nXXXX  XXXX\nX  M     X\nX        X\nX   M    X\nXXX    XXX\nXeM     PX\nX       PX\nXXXXX XXXX\nX     X TX\nX XXXXX XX\nX        X\nXXXXXX XXX\nXTTX   XTX\nXTTXX XXTX\nX    b   X\nXXXXXXXXXX\n"], "map_number": 102}], "timestamp": "10-Aug-2021 23:20:55.243484", "ip": "74.196.183.34"}