{"Q1": "Every day", "Q2": "Sometimes", "Q3": "Always", "Q4": "Often", "Q5": "Often", "Q6": "Often", "Q7": "Often", "Q8": "Often", "Q9": "Often", "Q10": "Often", "results": [{"mechanics": [{"timestep": 2, "mechanic": "CollectPotion"}, {"timestep": 2, "mechanic": "OgreTreasure"}, {"timestep": 2, "mechanic": "BlobHit"}, {"timestep": 3, "mechanic": "CollectPotion"}, {"timestep": 3, "mechanic": "OgreTreasure"}, {"timestep": 11, "mechanic": "CollectTreasure"}, {"timestep": 17, "mechanic": "CollectTreasure"}, {"timestep": 19, "mechanic": "CollectTreasure"}, {"timestep": 21, "mechanic": "JavelinThrow"}, {"timestep": 23, "mechanic": "CollectTreasure"}, {"timestep": 25, "mechanic": "CollectTreasure"}, {"timestep": 26, "mechanic": "MinitaurHit"}, {"timestep": 27, "mechanic": "MinitaurHit"}, {"timestep": 39, "mechanic": "OgreHit"}, {"timestep": 41, "mechanic": "ReachStairs"}, {"timestep": 41, "mechanic": "OgreHit"}], "frequencies": {"CollectPotion": 2, "OgreTreasure": 2, "BlobHit": 1, "CollectTreasure": 5, "JavelinThrow": 1, "MinitaurHit": 2, "OgreHit": 2, "ReachStairs": 1}, "levelReport": {"utilityGained": 0.0, "exitUtility": 1.0, "runnerUtility": 0.5800000000000001, "loitererUtility": 42.0, "completionistUtility": 0.7562962962962962, "monsterKillerUtility": 0.58, "treasureCollectorUtility": 0.6888888888888889, "turnsTaken": 42, "health": 8, "healthLost": 6, "alive": true, "javelinsThrown": 1, "monsterKills": 2, "minitaurKnockouts": 2, "treasuresCollected": 5, "potionsTaken": 2, "totalMonsters": 6, "totalTreasures": 9, "totalPotions": 2, "timeTaken": 0.0}, "positions": [{"X": 7, "Y": 4}, {"X": 7, "Y": 5}, {"X": 7, "Y": 6}, {"X": 6, "Y": 6}, {"X": 6, "Y": 7}, {"X": 6, "Y": 8}, {"X": 6, "Y": 9}, {"X": 7, "Y": 9}, {"X": 7, "Y": 10}, {"X": 7, "Y": 11}, {"X": 7, "Y": 12}, {"X": 7, "Y": 13}, {"X": 7, "Y": 14}, {"X": 7, "Y": 15}, {"X": 7, "Y": 16}, {"X": 7, "Y": 17}, {"X": 7, "Y": 18}, {"X": 8, "Y": 18}, {"X": 7, "Y": 18}, {"X": 6, "Y": 18}, {"X": 7, "Y": 18}, {"X": 7, "Y": 18}, {"X": 8, "Y": 18}, {"X": 8, "Y": 17}, {"X": 7, "Y": 17}, {"X": 6, "Y": 17}, {"X": 7, "Y": 17}, {"X": 7, "Y": 16}, {"X": 7, "Y": 15}, {"X": 7, "Y": 14}, {"X": 7, "Y": 13}, {"X": 6, "Y": 13}, {"X": 5, "Y": 13}, {"X": 4, "Y": 13}, {"X": 3, "Y": 13}, {"X": 2, "Y": 13}, {"X": 2, "Y": 12}, {"X": 2, "Y": 11}, {"X": 2, "Y": 10}, {"X": 2, "Y": 9}, {"X": 1, "Y": 9}, {"X": 1, "Y": 8}], "levelStates": ["Health: 10 X: 7 Y: 4\nXXXXXXXXXX\nXT TX m  X\nX   XXX  X\nX        X\nX   XX H X\nXX XXXX XX\nX TTXXPP X\nX   XX   X\nXeo    b X\nX   XX   X\nXX XXXX XX\nX   XX   X\nX   XX   X\nX      T X\nX   XX   X\nXX XXXX XX\nX   XX   X\nXb bXXT TX\nX M XXT TX\nXXXXXXXXXX\n", "Health: 10 X: 7 Y: 5\nXXXXXXXXXX\nXT TX  m X\nX   XXX  X\nX        X\nX   XX   X\nXX XXXXHXX\nX TTXXPP X\nX o XX b X\nXe       X\nX   XX   X\nXX XXXX XX\nX   XX   X\nX   XX   X\nX      T X\nX   XX   X\nXX XXXX XX\nX   XX   X\nXb bXXT TX\nX M XXT TX\nXXXXXXXXXX\n", "Health: 11 X: 7 Y: 6\nXXXXXXXXXX\nXT TX    X\nX   XXXm X\nX        X\nX   XX   X\nXX XXXX XX\nX oTXXP  X\nX   XX \u221e X\nXe       X\nX   XX   X\nXX XXXX XX\nX   XX   X\nX   XX   X\nX      T X\nX   XX   X\nXX XXXX XX\nX   XX   X\nXb bXXT TX\nX M XXT TX\nXXXXXXXXXX\n", "Health: 13 X: 6 Y: 6\nXXXXXXXXXX\nXT TX    X\nX   XXX  X\nX      m X\nX   XX   X\nXX XXXX XX\nX  oXX   X\nX   XX \u221e X\nXe       X\nX   XX   X\nXX XXXX XX\nX   XX   X\nX   XX   X\nX      T X\nX   XX   X\nXX XXXX XX\nX   XX   X\nXb bXXT TX\nX M XXT TX\nXXXXXXXXXX\n", "Health: 13 X: 6 Y: 7\nXXXXXXXXXX\nXT TX    X\nX   XXX  X\nX        X\nX   XX m X\nXX XXXX XX\nX  oXX   X\nX   XXH\u221e X\nXe       X\nX   XX   X\nXX XXXX XX\nX   XX   X\nX   XX   X\nX      T X\nX   XX   X\nXX XXXX XX\nX   XX   X\nXb bXXT TX\nX M XXT TX\nXXXXXXXXXX\n", "Health: 13 X: 6 Y: 8\nXXXXXXXXXX\nXT TX    X\nX   XXX  X\nX        X\nX   XX   X\nXX XXXXmXX\nX  oXX   X\nX   XX \u221e X\nXe    H  X\nX   XX   X\nXX XXXX XX\nX   XX   X\nX   XX   X\nX      T X\nX   XX   X\nXX XXXX XX\nX   XX   X\nXb bXXT TX\nX M XXT TX\nXXXXXXXXXX\n", "Health: 13 X: 6 Y: 9\nXXXXXXXXXX\nXT TX    X\nX   XXX  X\nX        X\nX   XX   X\nXX XXXX XX\nX  oXX   X\nX   XX \u221e X\nXe       X\nX   XXH  X\nXX XXXX XX\nX   XX   X\nX   XX   X\nX      T X\nX   XX   X\nXX XXXX XX\nX   XX   X\nXb bXXT TX\nX M XXT TX\nXXXXXXXXXX\n", "Health: 13 X: 7 Y: 9\nXXXXXXXXXX\nXT TX    X\nX   XXX  X\nX        X\nX   XX   X\nXX XXXX XX\nX  oXX   X\nX   XX \u221e X\nXe       X\nX   XX H X\nXX XXXX XX\nX   XX   X\nX   XX   X\nX      T X\nX   XX   X\nXX XXXX XX\nX   XX   X\nXb bXXT TX\nX M XXT TX\nXXXXXXXXXX\n", "Health: 13 X: 7 Y: 10\nXXXXXXXXXX\nXT TX    X\nX   XXX  X\nX        X\nX   XX   X\nXX XXXX XX\nX  oXX   X\nX   XX \u221e X\nXe     m X\nX   XX   X\nXX XXXXHXX\nX   XX   X\nX   XX   X\nX      T X\nX   XX   X\nXX XXXX XX\nX   XX   X\nXb bXXT TX\nX M XXT TX\nXXXXXXXXXX\n", "Health: 13 X: 7 Y: 11\nXXXXXXXXXX\nXT TX    X\nX   XXX  X\nX        X\nX   XX   X\nXX XXXX XX\nX  oXX   X\nX   XX \u221e X\nXe       X\nX   XX m X\nXX XXXX XX\nX   XX H X\nX   XX   X\nX      T X\nX   XX   X\nXX XXXX XX\nX   XX   X\nXb bXXT TX\nX M XXT TX\nXXXXXXXXXX\n", "Health: 13 X: 7 Y: 12\nXXXXXXXXXX\nXT TX    X\nX   XXX  X\nX        X\nX   XX   X\nXX XXXX XX\nX  oXX   X\nX   XX \u221e X\nXe       X\nX   XX   X\nXX XXXXmXX\nX   XX   X\nX   XX H X\nX      T X\nX   XX   X\nXX XXXX XX\nX   XX   X\nXb bXXT TX\nX M XXT TX\nXXXXXXXXXX\n", "Health: 13 X: 7 Y: 13\nXXXXXXXXXX\nXT TX    X\nX   XXX  X\nX        X\nX   XX   X\nXX XXXX XX\nX  oXX   X\nX   XX \u221e X\nXe       X\nX   XX   X\nXX XXXX XX\nX   XX m X\nX   XX   X\nX        X\nX   XX   X\nXX XXXX XX\nX   XX   X\nXb bXXT TX\nX M XXT TX\nXXXXXXXXXX\n", "Health: 13 X: 7 Y: 14\nXXXXXXXXXX\nXT TX    X\nX   XXX  X\nX        X\nX   XX   X\nXX XXXX XX\nX  oXX   X\nX   XX \u221e X\nXe       X\nX   XX   X\nXX XXXX XX\nX   XX   X\nX   XX m X\nX        X\nX   XX H X\nXX XXXX XX\nX   XX   X\nXb bXXT TX\nX M XXT TX\nXXXXXXXXXX\n", "Health: 13 X: 7 Y: 15\nXXXXXXXXXX\nXT TX    X\nX   XXX  X\nX        X\nX   XX   X\nXX XXXX XX\nX  oXX   X\nX   XX \u221e X\nXe       X\nX   XX   X\nXX XXXX XX\nX   XX   X\nX   XX   X\nX        X\nX   XX   X\nXX XXXXHXX\nX   XX   X\nXb bXXT TX\nX M XXT TX\nXXXXXXXXXX\n", "Health: 13 X: 7 Y: 16\nXXXXXXXXXX\nXT TX    X\nX   XXX  X\nX        X\nX   XX   X\nXX XXXX XX\nX  oXX   X\nX   XX \u221e X\nXe       X\nX   XX   X\nXX XXXX XX\nX   XX   X\nX   XX   X\nX        X\nX   XX m X\nXX XXXX XX\nX   XX H X\nXb bXXT TX\nX M XXT TX\nXXXXXXXXXX\n", "Health: 13 X: 7 Y: 17\nXXXXXXXXXX\nXT TX    X\nX   XXX  X\nX        X\nX   XX   X\nXX XXXX XX\nX  oXX   X\nX   XX \u221e X\nXe       X\nX   XX   X\nXX XXXX XX\nX   XX   X\nX   XX   X\nX        X\nX   XX   X\nXX XXXXmXX\nX   XX   X\nXb bXXTHTX\nX M XXT TX\nXXXXXXXXXX\n", "Health: 13 X: 7 Y: 18\nXXXXXXXXXX\nXT TX    X\nX   XXX  X\nX        X\nX   XX   X\nXX XXXX XX\nX  oXX   X\nX   XX \u221e X\nXe       X\nX   XX   X\nXX XXXX XX\nX   XX   X\nX   XX   X\nX        X\nX   XX   X\nXX XXXX XX\nX   XX m X\nXb bXXT TX\nX M XXTHTX\nXXXXXXXXXX\n", "Health: 13 X: 8 Y: 18\nXXXXXXXXXX\nXT TX    X\nX   XXX  X\nX        X\nX   XX   X\nXX XXXX XX\nX  oXX   X\nX   XX \u221e X\nXe       X\nX   XX   X\nXX XXXX XX\nX   XX   X\nX   XX   X\nX        X\nX   XX   X\nXX XXXX XX\nX   XX  mX\nXb bXXT TX\nX M XXT  X\nXXXXXXXXXX\n", "Health: 13 X: 7 Y: 18\nXXXXXXXXXX\nXT TX    X\nX   XXX  X\nX        X\nX   XX   X\nXX XXXX XX\nX  oXX   X\nX   XX \u221e X\nXe       X\nX   XX   X\nXX XXXX XX\nX   XX   X\nX   XX   X\nX        X\nX   XX   X\nXX XXXX XX\nX   XX m X\nXb bXXT TX\nX M XXTH X\nXXXXXXXXXX\n", "Health: 13 X: 6 Y: 18\nXXXXXXXXXX\nXT TX    X\nX   XXX  X\nX        X\nX   XX   X\nXX XXXX XX\nX  oXX   X\nX   XX \u221e X\nXe       X\nX   XX   X\nXX XXXX XX\nX   XX   X\nX   XX   X\nX        X\nX   XX   X\nXX XXXX XX\nX   XXm  X\nXb bXXT TX\nX M XX   X\nXXXXXXXXXX\n", "Health: 13 X: 7 Y: 18\nXXXXXXXXXX\nXT TX    X\nX   XXX  X\nX        X\nX   XX   X\nXX XXXX XX\nX  oXX   X\nX   XX \u221e X\nXe       X\nX   XX   X\nXX XXXX XX\nX   XX   X\nX   XX   X\nX        X\nX   XX   X\nXX XXXX XX\nX   XX m X\nXb bXXT TX\nX M XX H X\nXXXXXXXXXX\n", "Health: 13 X: 7 Y: 18\nXXXXXXXXXX\nXT TX    X\nX   XXX  X\nX        X\nX   XX   X\nXX XXXX XX\nX  oXX   X\nX   XX \u221e X\nXe       X\nX   XX   X\nXX XXXX XX\nX   XX   X\nX   XX   X\nX        X\nX   XX   X\nXX XXXX XX\nX   XX m X\nXb bXXT TX\nX M XX H X\nXXXXXXXXXX\n", "Health: 13 X: 8 Y: 18\nXXXXXXXXXX\nXT TX    X\nX   XXX  X\nX        X\nX   XX   X\nXX XXXX XX\nX  oXX   X\nX   XX \u221e X\nXe       X\nX   XX   X\nXX XXXX XX\nX   XX   X\nX   XX   X\nX        X\nX   XX   X\nXX XXXX XX\nX   XX m X\nXb bXXT TX\nX M XX   X\nXXXXXXXXXX\n", "Health: 13 X: 8 Y: 17\nXXXXXXXXXX\nXT TX    X\nX   XXX  X\nX        X\nX   XX   X\nXX XXXX XX\nX  oXX   X\nX   XX \u221e X\nXe       X\nX   XX   X\nXX XXXX XX\nX   XX   X\nX   XX   X\nX        X\nX   XX   X\nXX XXXX XX\nX   XX m X\nXb bXXT  X\nX M XX   X\nXXXXXXXXXX\n", "Health: 13 X: 7 Y: 17\nXXXXXXXXXX\nXT TX    X\nX   XXX  X\nX        X\nX   XX   X\nXX XXXX XX\nX  oXX   X\nX   XX \u221e X\nXe       X\nX   XX   X\nXX XXXX XX\nX   XX   X\nX   XX   X\nX        X\nX   XX   X\nXX XXXX XX\nX   XX m X\nXb bXXTH X\nX M XX   X\nXXXXXXXXXX\n", "Health: 13 X: 6 Y: 17\nXXXXXXXXXX\nXT TX    X\nX   XXX  X\nX        X\nX   XX   X\nXX XXXX XX\nX  oXX   X\nX   XX \u221e X\nXe       X\nX   XX   X\nXX XXXX XX\nX   XX   X\nX   XX   X\nX        X\nX   XX   X\nXX XXXX XX\nX   XX m X\nXb bXX   X\nX M XX   X\nXXXXXXXXXX\n", "Health: 12 X: 7 Y: 17\nXXXXXXXXXX\nXT TX    X\nX   XXX  X\nX        X\nX   XX   X\nXX XXXX XX\nX  oXX   X\nX   XX \u221e X\nXe       X\nX   XX   X\nXX XXXX XX\nX   XX   X\nX   XX   X\nX        X\nX   XX   X\nXX XXXX XX\nX   XX m X\nXb bXX H X\nX M XX   X\nXXXXXXXXXX\n", "Health: 12 X: 7 Y: 16\nXXXXXXXXXX\nXT TX    X\nX   XXX  X\nX        X\nX   XX   X\nXX XXXX XX\nX  oXX   X\nX   XX \u221e X\nXe       X\nX   XX   X\nXX XXXX XX\nX   XX   X\nX   XX   X\nX        X\nX   XX   X\nXX XXXX XX\nX   XX m X\nXb bXX   X\nX M XX   X\nXXXXXXXXXX\n", "Health: 12 X: 7 Y: 15\nXXXXXXXXXX\nXT TX    X\nX   XXX  X\nX        X\nX   XX   X\nXX XXXX XX\nX  oXX   X\nX   XX \u221e X\nXe       X\nX   XX   X\nXX XXXX XX\nX   XX   X\nX   XX   X\nX        X\nX   XX   X\nXX XXXXHXX\nX   XX m X\nXb bXX   X\nX M XX   X\nXXXXXXXXXX\n", "Health: 12 X: 7 Y: 14\nXXXXXXXXXX\nXT TX    X\nX   XXX  X\nX        X\nX   XX   X\nXX XXXX XX\nX  oXX   X\nX   XX \u221e X\nXe       X\nX   XX   X\nXX XXXX XX\nX   XX   X\nX   XX   X\nX        X\nX   XX H X\nXX XXXX XX\nX   XX m X\nXb bXX   X\nX M XX   X\nXXXXXXXXXX\n", "Health: 12 X: 7 Y: 13\nXXXXXXXXXX\nXT TX    X\nX   XXX  X\nX        X\nX   XX   X\nXX XXXX XX\nX  oXX   X\nX   XX \u221e X\nXe       X\nX   XX   X\nXX XXXX XX\nX   XX   X\nX   XX   X\nX        X\nX   XX   X\nXX XXXX XX\nX   XX m X\nXb bXX   X\nX M XX   X\nXXXXXXXXXX\n", "Health: 12 X: 6 Y: 13\nXXXXXXXXXX\nXT TX    X\nX   XXX  X\nX        X\nX   XX   X\nXX XXXX XX\nX  oXX   X\nX   XX \u221e X\nXe       X\nX   XX   X\nXX XXXX XX\nX   XX   X\nX   XX   X\nX     H  X\nX   XX   X\nXX XXXX XX\nX   XX m X\nXb bXX   X\nX M XX   X\nXXXXXXXXXX\n", "Health: 12 X: 5 Y: 13\nXXXXXXXXXX\nXT TX    X\nX   XXX  X\nX        X\nX   XX   X\nXX XXXX XX\nX  oXX   X\nX   XX \u221e X\nXe       X\nX   XX   X\nXX XXXX XX\nX   XX   X\nX   XX   X\nX    H   X\nX   XX   X\nXX XXXXmXX\nX   XX   X\nXb bXX   X\nX M XX   X\nXXXXXXXXXX\n", "Health: 12 X: 4 Y: 13\nXXXXXXXXXX\nXT TX    X\nX   XXX  X\nX        X\nX   XX   X\nXX XXXX XX\nX  oXX   X\nX   XX \u221e X\nXe       X\nX   XX   X\nXX XXXX XX\nX   XX   X\nX   XX   X\nX   H    X\nX   XX m X\nXX XXXX XX\nX   XX   X\nXb bXX   X\nX M XX   X\nXXXXXXXXXX\n", "Health: 12 X: 3 Y: 13\nXXXXXXXXXX\nXT TX    X\nX   XXX  X\nX        X\nX   XX   X\nXX XXXX XX\nX  oXX   X\nX   XX \u221e X\nXe       X\nX   XX   X\nXX XXXX XX\nX   XX   X\nX   XX   X\nX  H     X\nX   XX   X\nXX XXXX XX\nXb  XX   X\nX  bXX   X\nX M XX   X\nXXXXXXXXXX\n", "Health: 12 X: 2 Y: 13\nXXXXXXXXXX\nXT TX    X\nX   XXX  X\nX        X\nX   XX   X\nXX XXXX XX\nX  oXX   X\nX   XX \u221e X\nXe       X\nX   XX   X\nXX XXXX XX\nX   XX   X\nX   XX   X\nX H   m  X\nX   XX   X\nXX XXXX XX\nXb  XX   X\nX MbXX   X\nX   XX   X\nXXXXXXXXXX\n", "Health: 12 X: 2 Y: 12\nXXXXXXXXXX\nXT TX    X\nX   XXX  X\nX        X\nX   XX   X\nXX XXXX XX\nX o XX   X\nX   XX \u221e X\nXe       X\nX   XX   X\nXX XXXX XX\nX   XX   X\nX H XX   X\nX    m   X\nX   XX   X\nXX XXXX XX\nXbM XX   X\nX  bXX   X\nX   XX   X\nXXXXXXXXXX\n", "Health: 12 X: 2 Y: 11\nXXXXXXXXXX\nXT TX    X\nX   XXX  X\nX        X\nX   XX   X\nXX XXXX XX\nX   XX   X\nX o XX \u221e X\nXe       X\nX   XX   X\nXX XXXX XX\nX H XX   X\nX   XX   X\nX   m    X\nX   XX   X\nXXMXXXX XX\nXb  XX   X\nX  bXX   X\nX   XX   X\nXXXXXXXXXX\n", "Health: 12 X: 2 Y: 10\nXXXXXXXXXX\nXT TX    X\nX   XXX  X\nX        X\nX   XX   X\nXX XXXX XX\nX   XX   X\nX   XX \u221e X\nXeo      X\nX   XX   X\nXXHXXXX XX\nX   XX   X\nX   XX   X\nX  m     X\nX M XX   X\nXX XXXX XX\nXb  XX   X\nX  bXX   X\nX   XX   X\nXXXXXXXXXX\n", "Health: 10 X: 2 Y: 9\nXXXXXXXXXX\nXT TX    X\nX   XXX  X\nX        X\nX   XX   X\nXX XXXX XX\nX   XX   X\nX   XX \u221e X\nXeo      X\nX H XX   X\nXX XXXX XX\nX   XX   X\nX  mXX   X\nX M      X\nX   XX   X\nXX XXXX XX\nXb  XX   X\nX  bXX   X\nX   XX   X\nXXXXXXXXXX\n", "Health: 10 X: 1 Y: 9\nXXXXXXXXXX\nXT TX    X\nX   XXX  X\nX        X\nX   XX   X\nXX XXXX XX\nX   XX   X\nX   XX \u221e X\nXo       X\nXH  XX   X\nXX XXXX XX\nX  mXX   X\nX   XX   X\nX M      X\nX   XX   X\nXX XXXX XX\nXb  XX   X\nX  bXX   X\nX   XX   X\nXXXXXXXXXX\n", "Health: 8 X: 1 Y: 8\nXXXXXXXXXX\nXT TX    X\nX   XXX  X\nX        X\nX   XX   X\nXX XXXX XX\nX   XX   X\nX   XX \u221e X\nX\u221e       X\nX   XX   X\nXX XXXX XX\nX m XX   X\nX   XX   X\nX M      X\nX   XX   X\nXX XXXX XX\nXb  XX   X\nX  bXX   X\nX   XX   X\nXXXXXXXXXX\n"], "map_number": 101}, {"mechanics": [{"timestep": 2, "mechanic": "CollectPotion"}, {"timestep": 3, "mechanic": "CollectPotion"}, {"timestep": 24, "mechanic": "CollectTreasure"}, {"timestep": 30, "mechanic": "BlobHit"}, {"timestep": 38, "mechanic": "CollectTreasure"}, {"timestep": 39, "mechanic": "CollectTreasure"}, {"timestep": 40, "mechanic": "CollectTreasure"}, {"timestep": 41, "mechanic": "CollectTreasure"}, {"timestep": 43, "mechanic": "JavelinThrow"}, {"timestep": 46, "mechanic": "MinitaurHit"}, {"timestep": 50, "mechanic": "CollectTreasure"}, {"timestep": 51, "mechanic": "CollectTreasure"}, {"timestep": 52, "mechanic": "MinitaurHit"}, {"timestep": 81, "mechanic": "ReachStairs"}], "frequencies": {"CollectPotion": 2, "CollectTreasure": 7, "BlobHit": 1, "JavelinThrow": 1, "MinitaurHit": 2, "ReachStairs": 1}, "levelReport": {"utilityGained": 0.0, "exitUtility": 1.0, "runnerUtility": 0.18000000000000005, "loitererUtility": 82.0, "completionistUtility": 0.8999999999999999, "monsterKillerUtility": 0.7, "treasureCollectorUtility": 1.0, "turnsTaken": 82, "health": 12, "healthLost": 2, "alive": true, "javelinsThrown": 1, "monsterKills": 4, "minitaurKnockouts": 4, "treasuresCollected": 7, "potionsTaken": 2, "totalMonsters": 8, "totalTreasures": 7, "totalPotions": 2, "timeTaken": 0.0}, "positions": [{"X": 6, "Y": 10}, {"X": 7, "Y": 10}, {"X": 8, "Y": 10}, {"X": 8, "Y": 9}, {"X": 8, "Y": 10}, {"X": 7, "Y": 10}, {"X": 6, "Y": 10}, {"X": 5, "Y": 10}, {"X": 5, "Y": 11}, {"X": 5, "Y": 12}, {"X": 4, "Y": 12}, {"X": 3, "Y": 12}, {"X": 2, "Y": 12}, {"X": 1, "Y": 12}, {"X": 1, "Y": 13}, {"X": 1, "Y": 14}, {"X": 2, "Y": 14}, {"X": 3, "Y": 14}, {"X": 4, "Y": 14}, {"X": 5, "Y": 14}, {"X": 6, "Y": 14}, {"X": 7, "Y": 14}, {"X": 7, "Y": 13}, {"X": 7, "Y": 12}, {"X": 8, "Y": 12}, {"X": 7, "Y": 12}, {"X": 7, "Y": 13}, {"X": 7, "Y": 14}, {"X": 6, "Y": 14}, {"X": 6, "Y": 15}, {"X": 6, "Y": 16}, {"X": 5, "Y": 16}, {"X": 5, "Y": 17}, {"X": 5, "Y": 18}, {"X": 4, "Y": 18}, {"X": 3, "Y": 18}, {"X": 2, "Y": 18}, {"X": 1, "Y": 18}, {"X": 1, "Y": 17}, {"X": 1, "Y": 16}, {"X": 2, "Y": 16}, {"X": 2, "Y": 17}, {"X": 2, "Y": 18}, {"X": 2, "Y": 18}, {"X": 3, "Y": 18}, {"X": 4, "Y": 18}, {"X": 5, "Y": 18}, {"X": 6, "Y": 18}, {"X": 7, "Y": 18}, {"X": 8, "Y": 18}, {"X": 8, "Y": 17}, {"X": 8, "Y": 16}, {"X": 8, "Y": 17}, {"X": 8, "Y": 18}, {"X": 7, "Y": 18}, {"X": 6, "Y": 18}, {"X": 5, "Y": 18}, {"X": 4, "Y": 18}, {"X": 5, "Y": 18}, {"X": 5, "Y": 17}, {"X": 5, "Y": 16}, {"X": 6, "Y": 16}, {"X": 6, "Y": 15}, {"X": 6, "Y": 14}, {"X": 5, "Y": 14}, {"X": 4, "Y": 14}, {"X": 3, "Y": 14}, {"X": 2, "Y": 14}, {"X": 1, "Y": 14}, {"X": 1, "Y": 13}, {"X": 1, "Y": 12}, {"X": 2, "Y": 12}, {"X": 3, "Y": 12}, {"X": 4, "Y": 12}, {"X": 5, "Y": 12}, {"X": 5, "Y": 11}, {"X": 5, "Y": 10}, {"X": 4, "Y": 10}, {"X": 3, "Y": 10}, {"X": 2, "Y": 10}, {"X": 1, "Y": 10}, {"X": 1, "Y": 9}], "levelStates": ["Health: 10 X: 6 Y: 10\nXXXXXXXXXX\nX   b m  X\nX XXXXXX X\nXR      RX\nXXXX  XXXX\nX      M X\nX  M     X\nX      M X\nXXX    XXX\nXe      PX\nX     H PX\nXXXXX XXXX\nX     X TX\nX XXXXX XX\nX        X\nXXXXXX XXX\nXTTX   XTX\nXTTXX XXTX\nX    b   X\nXXXXXXXXXX\n", "Health: 10 X: 7 Y: 10\nXXXXXXXXXX\nX   b  m X\nX XXXXXX X\nXR      RX\nXXXX  XXXX\nX      M X\nX   M    X\nX      M X\nXXX    XXX\nXe      PX\nX      HPX\nXXXXX XXXX\nX     X TX\nX XXXXX XX\nX        X\nXXXXXX XXX\nXTTX   XTX\nXTTXX XXTX\nX    b   X\nXXXXXXXXXX\n", "Health: 12 X: 8 Y: 10\nXXXXXXXXXX\nX   b   mX\nX XXXXXX X\nXR      RX\nXXXX  XXXX\nX      M X\nX        X\nX   M  M X\nXXX    XXX\nXe      PX\nX        X\nXXXXX XXXX\nX     X TX\nX XXXXX XX\nX        X\nXXXXXX XXX\nXTTX   XTX\nXTTXX XXTX\nX    b   X\nXXXXXXXXXX\n", "Health: 14 X: 8 Y: 9\nXXXXXXXXXX\nX   b    X\nX XXXXXXmX\nXR      RX\nXXXX  XXXX\nX      M X\nX        X\nX   M  M X\nXXX    XXX\nXe       X\nX        X\nXXXXX XXXX\nX     X TX\nX XXXXX XX\nX        X\nXXXXXX XXX\nXTTX   XTX\nXTTXX XXTX\nX    b   X\nXXXXXXXXXX\n", "Health: 14 X: 8 Y: 10\nXXXXXXXXXX\nX   b    X\nX XXXXXX X\nXR      \u221eX\nXXXX  XXXX\nX      M X\nX        X\nX      M X\nXXX M  XXX\nXe       X\nX        X\nXXXXX XXXX\nX     X TX\nX XXXXX XX\nX        X\nXXXXXX XXX\nXTTX   XTX\nXTTXX XXTX\nX    b   X\nXXXXXXXXXX\n", "Health: 14 X: 7 Y: 10\nXXXXXXXXXX\nX   b    X\nX XXXXXX X\nXR     m\u221eX\nXXXX  XXXX\nX      M X\nX        X\nX      M X\nXXX  M XXX\nXe       X\nX      H X\nXXXXX XXXX\nX     X TX\nX XXXXX XX\nX        X\nXXXXXX XXX\nXTTX   XTX\nXTTXX XXTX\nX    b   X\nXXXXXXXXXX\n", "Health: 14 X: 6 Y: 10\nXXXXXXXXXX\nX   b    X\nX XXXXXX X\nXR    m \u221eX\nXXXX  XXXX\nX      M X\nX        X\nX      M X\nXXX   MXXX\nXe       X\nX     H  X\nXXXXX XXXX\nX     X TX\nX XXXXX XX\nX        X\nXXXXXX XXX\nXTTX   XTX\nXTTXX XXTX\nX    b   X\nXXXXXXXXXX\n", "Health: 14 X: 5 Y: 10\nXXXXXXXXXX\nX   b    X\nX XXXXXX X\nXR   m  \u221eX\nXXXX  XXXX\nX     M  X\nX        X\nX      M X\nXXX  M XXX\nXe       X\nX    H   X\nXXXXX XXXX\nX     X TX\nX XXXXX XX\nX        X\nXXXXXX XXX\nXTTX   XTX\nXTTXX XXTX\nX    b   X\nXXXXXXXXXX\n", "Health: 14 X: 5 Y: 11\nXXXXXXXXXX\nX   b    X\nX XXXXXX X\nXR      \u221eX\nXXXX mXXXX\nX    M   X\nX        X\nX      M X\nXXX    XXX\nXe   M   X\nX        X\nXXXXXHXXXX\nX     X TX\nX XXXXX XX\nX        X\nXXXXXX XXX\nXTTX   XTX\nXTTXX XXTX\nX    b   X\nXXXXXXXXXX\n", "Health: 14 X: 5 Y: 12\nXXXXXXXXXX\nX   b    X\nX XXXXXX X\nXR      \u221eX\nXXXX  XXXX\nX    \u221e   X\nX        X\nX      M X\nXXX    XXX\nXe       X\nX    M   X\nXXXXX XXXX\nX    HX TX\nX XXXXX XX\nX        X\nXXXXXX XXX\nXTTX   XTX\nXTTXX XXTX\nX    b   X\nXXXXXXXXXX\n", "Health: 14 X: 4 Y: 12\nXXXXXXXXXX\nX   b    X\nX XXXXXX X\nXR      \u221eX\nXXXX  XXXX\nX    \u221e   X\nX        X\nX      M X\nXXX    XXX\nXe       X\nX    M   X\nXXXXX XXXX\nX   H X TX\nX XXXXX XX\nX        X\nXXXXXX XXX\nXTTX   XTX\nXTTXX XXTX\nX    b   X\nXXXXXXXXXX\n", "Health: 14 X: 3 Y: 12\nXXXXXXXXXX\nX   b    X\nX XXXXXX X\nXR      \u221eX\nXXXX  XXXX\nX    \u221e   X\nX        X\nX      M X\nXXX    XXX\nXe       X\nX    M   X\nXXXXX XXXX\nX  H  X TX\nX XXXXX XX\nX        X\nXXXXXX XXX\nXTTX   XTX\nXTTXX XXTX\nX    b   X\nXXXXXXXXXX\n", "Health: 14 X: 2 Y: 12\nXXXXXXXXXX\nX   b    X\nX XXXXXX X\nXR      \u221eX\nXXXX  XXXX\nX    \u221e   X\nX        X\nX      M X\nXXX    XXX\nXe       X\nX    M   X\nXXXXX XXXX\nX H   X TX\nX XXXXX XX\nX        X\nXXXXXX XXX\nXTTX   XTX\nXTTXX XXTX\nX    b   X\nXXXXXXXXXX\n", "Health: 14 X: 1 Y: 12\nXXXXXXXXXX\nX   b    X\nX XXXXXX X\nXR      \u221eX\nXXXX  XXXX\nX    \u221e   X\nX        X\nX      M X\nXXX    XXX\nXe       X\nX    M   X\nXXXXX XXXX\nXH    X TX\nX XXXXX XX\nX        X\nXXXXXX XXX\nXTTX   XTX\nXTTXX XXTX\nX    b   X\nXXXXXXXXXX\n", "Health: 14 X: 1 Y: 13\nXXXXXXXXXX\nX   b    X\nX XXXXXX X\nXR      \u221eX\nXXXX  XXXX\nX    \u221e   X\nX        X\nX      M X\nXXX    XXX\nXe       X\nX    M   X\nXXXXX XXXX\nX     X TX\nXHXXXXX XX\nX        X\nXXXXXX XXX\nXTTX   XTX\nXTTXX XXTX\nX    b   X\nXXXXXXXXXX\n", "Health: 14 X: 1 Y: 14\nXXXXXXXXXX\nX   b    X\nX XXXXXX X\nXR      \u221eX\nXXXX  XXXX\nX    \u221e   X\nX    m   X\nX      M X\nXXX    XXX\nXe       X\nX    M   X\nXXXXX XXXX\nX     X TX\nX XXXXX XX\nXH       X\nXXXXXX XXX\nXTTX   XTX\nXTTXX XXTX\nX    b   X\nXXXXXXXXXX\n", "Health: 14 X: 2 Y: 14\nXXXXXXXXXX\nX   b    X\nX XXXXXX X\nXR      \u221eX\nXXXX  XXXX\nX    \u221e   X\nX        X\nX    m M X\nXXX    XXX\nXe       X\nX    M   X\nXXXXX XXXX\nX     X TX\nX XXXXX XX\nX H      X\nXXXXXX XXX\nXTTX   XTX\nXTTXX XXTX\nX    b   X\nXXXXXXXXXX\n", "Health: 14 X: 3 Y: 14\nXXXXXXXXXX\nX   b    X\nX XXXXXX X\nXR      \u221eX\nXXXX  XXXX\nX    \u221e   X\nX        X\nX      M X\nXXX  m XXX\nXe       X\nX    M   X\nXXXXX XXXX\nX     X TX\nX XXXXX XX\nX  H     X\nXXXXXX XXX\nXTTX   XTX\nXTTXX XXTX\nX    b   X\nXXXXXXXXXX\n", "Health: 14 X: 4 Y: 14\nXXXXXXXXXX\nX   b    X\nX XXXXXX X\nXR      \u221eX\nXXXX  XXXX\nX    \u221e   X\nX        X\nX      M X\nXXX    XXX\nXe   m   X\nX    M   X\nXXXXX XXXX\nX     X TX\nX XXXXX XX\nX   H    X\nXXXXXX XXX\nXTTX   XTX\nXTTXX XXTX\nX    b   X\nXXXXXXXXXX\n", "Health: 14 X: 5 Y: 14\nXXXXXXXXXX\nX   b    X\nX XXXXXX X\nXR      \u221eX\nXXXX  XXXX\nX    \u221e   X\nX        X\nX      M X\nXXX    XXX\nXe       X\nX    \u221e   X\nXXXXX XXXX\nX     X TX\nX XXXXX XX\nX    H   X\nXXXXXX XXX\nXTTX   XTX\nXTTXX XXTX\nX    b   X\nXXXXXXXXXX\n", "Health: 14 X: 6 Y: 14\nXXXXXXXXXX\nX   b    X\nX XXXXXX X\nXR      \u221eX\nXXXX  XXXX\nX    \u221e   X\nX        X\nX      M X\nXXX    XXX\nXe       X\nX    \u221e   X\nXXXXX XXXX\nX     X TX\nX XXXXX XX\nX     H  X\nXXXXXX XXX\nXTTX   XTX\nXTTXXbXXTX\nX        X\nXXXXXXXXXX\n", "Health: 14 X: 7 Y: 14\nXXXXXXXXXX\nX   b    X\nX XXXXXX X\nXR      \u221eX\nXXXX  XXXX\nX    \u221e   X\nX        X\nX      M X\nXXX    XXX\nXe       X\nX    \u221e   X\nXXXXX XXXX\nX     X TX\nX XXXXX XX\nX      H X\nXXXXXX XXX\nXTTX   XTX\nXTTXXbXXTX\nX        X\nXXXXXXXXXX\n", "Health: 14 X: 7 Y: 13\nXXXXXXXXXX\nX   b    X\nX XXXXXX X\nXR      \u221eX\nXXXX  XXXX\nX    \u221e   X\nX        X\nX      M X\nXXX    XXX\nXe       X\nX    \u221e   X\nXXXXX XXXX\nX     X TX\nX XXXXXHXX\nX        X\nXXXXXX XXX\nXTTX b XTX\nXTTXX XXTX\nX        X\nXXXXXXXXXX\n", "Health: 14 X: 7 Y: 12\nXXXXXXXXXX\nX   b    X\nX XXXXXX X\nXR      \u221eX\nXXXX  XXXX\nX    \u221e   X\nX        X\nX      M X\nXXX    XXX\nXe       X\nX    \u221e   X\nXXXXX XXXX\nX     XHTX\nX XXXXX XX\nX        X\nXXXXXX XXX\nXTTX b XTX\nXTTXX XXTX\nX        X\nXXXXXXXXXX\n", "Health: 14 X: 8 Y: 12\nXXXXXXXXXX\nX   b    X\nX XXXXXX X\nXR      \u221eX\nXXXX  XXXX\nX    \u221e   X\nX        X\nX      M X\nXXX    XXX\nXe       X\nX    \u221e   X\nXXXXX XXXX\nX     X  X\nX XXXXX XX\nX        X\nXXXXXX XXX\nXTTX b XTX\nXTTXX XXTX\nX        X\nXXXXXXXXXX\n", "Health: 14 X: 7 Y: 12\nXXXXXXXXXX\nX   b    X\nX XXXXXX X\nXR      \u221eX\nXXXX  XXXX\nX    \u221e   X\nX        X\nX      M X\nXXX    XXX\nXe       X\nX    \u221e   X\nXXXXXmXXXX\nX     XH X\nX XXXXX XX\nX        X\nXXXXXX XXX\nXTTX b XTX\nXTTXX XXTX\nX        X\nXXXXXXXXXX\n", "Health: 14 X: 7 Y: 13\nXXXXXXXXXX\nX   b    X\nX XXXXXX X\nXR      \u221eX\nXXXX  XXXX\nX    \u221e   X\nX        X\nX      M X\nXXX    XXX\nXe       X\nX    \u221e   X\nXXXXX XXXX\nX    mX  X\nX XXXXXHXX\nX        X\nXXXXXX XXX\nXTTX b XTX\nXTTXX XXTX\nX        X\nXXXXXXXXXX\n", "Health: 14 X: 7 Y: 14\nXXXXXXXXXX\nX   b    X\nX XXXXXX X\nXR      \u221eX\nXXXX  XXXX\nX    \u221e   X\nX        X\nX      M X\nXXX    XXX\nXe       X\nX    \u221e   X\nXXXXX XXXX\nX   m X  X\nX XXXXX XX\nX      H X\nXXXXXX XXX\nXTTX b XTX\nXTTXX XXTX\nX        X\nXXXXXXXXXX\n", "Health: 14 X: 6 Y: 14\nXXXXXXXXXX\nX   b    X\nX XXXXXX X\nXR      \u221eX\nXXXX  XXXX\nX    \u221e   X\nX        X\nX      M X\nXXX    XXX\nXe       X\nX    \u221e   X\nXXXXX XXXX\nX  m  X  X\nX XXXXX XX\nX     H  X\nXXXXXX XXX\nXTTX b XTX\nXTTXX XXTX\nX        X\nXXXXXXXXXX\n", "Health: 14 X: 6 Y: 15\nXXXXXXXXXX\nX   b    X\nX XXXXXX X\nXR      \u221eX\nXXXX  XXXX\nX    \u221e   X\nX        X\nX      M X\nXXX    XXX\nXe       X\nX    \u221e   X\nXXXXX XXXX\nX m   X  X\nX XXXXX XX\nX        X\nXXXXXXHXXX\nXTTX b XTX\nXTTXX XXTX\nX        X\nXXXXXXXXXX\n", "Health: 13 X: 6 Y: 16\nXXXXXXXXXX\nX   b    X\nX XXXXXX X\nXR      \u221eX\nXXXX  XXXX\nX    \u221e   X\nX        X\nX      M X\nXXX    XXX\nXe       X\nX    \u221e   X\nXXXXX XXXX\nXm    X  X\nX XXXXX XX\nX        X\nXXXXXX XXX\nXTTX \u221eHXTX\nXTTXX XXTX\nX        X\nXXXXXXXXXX\n", "Health: 13 X: 5 Y: 16\nXXXXXXXXXX\nX   b    X\nX XXXXXX X\nXR      \u221eX\nXXXX  XXXX\nX    \u221e   X\nX        X\nX      M X\nXXX    XXX\nXe       X\nX    \u221e   X\nXXXXX XXXX\nX     X  X\nXmXXXXX XX\nX        X\nXXXXXX XXX\nXTTX \u221e XTX\nXTTXX XXTX\nX        X\nXXXXXXXXXX\n", "Health: 13 X: 5 Y: 17\nXXXXXXXXXX\nX   b    X\nX XXXXXX X\nXR      \u221eX\nXXXX  XXXX\nX    \u221e   X\nX        X\nX      M X\nXXX    XXX\nXe       X\nX    \u221e   X\nXXXXX XXXX\nX     X  X\nX XXXXX XX\nXm       X\nXXXXXX XXX\nXTTX \u221e XTX\nXTTXXHXXTX\nX        X\nXXXXXXXXXX\n", "Health: 13 X: 5 Y: 18\nXXXXXXXXXX\nX   b    X\nX XXXXXX X\nXR      \u221eX\nXXXX  XXXX\nX    \u221e   X\nX        X\nX      M X\nXXX    XXX\nXe       X\nX    \u221e   X\nXXXXX XXXX\nX     X  X\nX XXXXX XX\nX m      X\nXXXXXX XXX\nXTTX \u221e XTX\nXTTXX XXTX\nX    H   X\nXXXXXXXXXX\n", "Health: 13 X: 4 Y: 18\nXXXXXXXXXX\nX   b    X\nX XXXXXX X\nXR      \u221eX\nXXXX  XXXX\nX    \u221e   X\nX        X\nX      M X\nXXX    XXX\nXe       X\nX    \u221e   X\nXXXXX XXXX\nX     X  X\nX XXXXX XX\nX  m     X\nXXXXXX XXX\nXTTX \u221e XTX\nXTTXX XXTX\nX   H    X\nXXXXXXXXXX\n", "Health: 13 X: 3 Y: 18\nXXXXXXXXXX\nX   b    X\nX XXXXXX X\nXR      \u221eX\nXXXX  XXXX\nX    \u221e   X\nX        X\nX      M X\nXXX    XXX\nXe       X\nX    \u221e   X\nXXXXX XXXX\nX     X  X\nX XXXXX XX\nX   m    X\nXXXXXX XXX\nXTTX \u221e XTX\nXTTXX XXTX\nX  H     X\nXXXXXXXXXX\n", "Health: 13 X: 2 Y: 18\nXXXXXXXXXX\nX   b    X\nX XXXXXX X\nXR      \u221eX\nXXXX  XXXX\nX    \u221e   X\nX        X\nX      M X\nXXX    XXX\nXe       X\nX    \u221e   X\nXXXXX XXXX\nX     X  X\nX XXXXX XX\nX    m   X\nXXXXXX XXX\nXTTX \u221e XTX\nXTTXX XXTX\nX H      X\nXXXXXXXXXX\n", "Health: 13 X: 1 Y: 18\nXXXXXXXXXX\nX   b    X\nX XXXXXX X\nXR      \u221eX\nXXXX  XXXX\nX    \u221e   X\nX        X\nX      M X\nXXX    XXX\nXe       X\nX    \u221e   X\nXXXXX XXXX\nX     X  X\nX XXXXX XX\nX     m  X\nXXXXXX XXX\nXTTX \u221e XTX\nXTTXX XXTX\nXH       X\nXXXXXXXXXX\n", "Health: 13 X: 1 Y: 17\nXXXXXXXXXX\nX   b    X\nX XXXXXX X\nXR      \u221eX\nXXXX  XXXX\nX    \u221e   X\nX        X\nX      M X\nXXX    XXX\nXe       X\nX    \u221e   X\nXXXXX XXXX\nX     X  X\nX XXXXX XX\nX        X\nXXXXXXmXXX\nXTTX \u221e XTX\nX TXX XXTX\nX        X\nXXXXXXXXXX\n", "Health: 13 X: 1 Y: 16\nXXXXXXXXXX\nX   b    X\nX XXXXXX X\nXR      \u221eX\nXXXX  XXXX\nX    \u221e   X\nX        X\nX      M X\nXXX    XXX\nXe       X\nX    \u221e   X\nXXXXX XXXX\nX     X  X\nX XXXXX XX\nX        X\nXXXXXX XXX\nX TX \u221emXTX\nX TXX XXTX\nX        X\nXXXXXXXXXX\n", "Health: 13 X: 2 Y: 16\nXXXXXXXXXX\nX   b    X\nX XXXXXX X\nXR      \u221eX\nXXXX  XXXX\nX    \u221e   X\nX        X\nX      M X\nXXX    XXX\nXe       X\nX    \u221e   X\nXXXXX XXXX\nX     X  X\nX XXXXX XX\nX        X\nXXXXXX XXX\nX  X \u221e XTX\nX TXX XXTX\nX        X\nXXXXXXXXXX\n", "Health: 13 X: 2 Y: 17\nXXXXXXXXXX\nX   b    X\nX XXXXXX X\nXR      \u221eX\nXXXX  XXXX\nX    \u221e   X\nX        X\nX      M X\nXXX    XXX\nXe       X\nX    \u221e   X\nXXXXX XXXX\nX     X  X\nX XXXXX XX\nX        X\nXXXXXX XXX\nX  X \u221e XTX\nX  XXmXXTX\nX        X\nXXXXXXXXXX\n", "Health: 13 X: 2 Y: 18\nXXXXXXXXXX\nX   b    X\nX XXXXXX X\nXR      \u221eX\nXXXX  XXXX\nX    \u221e   X\nX        X\nX      M X\nXXX    XXX\nXe       X\nX    \u221e   X\nXXXXX XXXX\nX     X  X\nX XXXXX XX\nX        X\nXXXXXX XXX\nX  X \u221e XTX\nX  XX XXTX\nX H  m   X\nXXXXXXXXXX\n", "Health: 13 X: 2 Y: 18\nXXXXXXXXXX\nX   b    X\nX XXXXXX X\nXR      \u221eX\nXXXX  XXXX\nX    \u221e   X\nX        X\nX      M X\nXXX    XXX\nXe       X\nX    \u221e   X\nXXXXX XXXX\nX     X  X\nX XXXXX XX\nX        X\nXXXXXX XXX\nX  X \u221e XTX\nX  XX XXTX\nX H  m   X\nXXXXXXXXXX\n", "Health: 13 X: 3 Y: 18\nXXXXXXXXXX\nX   b    X\nX XXXXXX X\nXR      \u221eX\nXXXX  XXXX\nX    \u221e   X\nX        X\nX      M X\nXXX    XXX\nXe       X\nX    \u221e   X\nXXXXX XXXX\nX     X  X\nX XXXXX XX\nX        X\nXXXXXX XXX\nX  X \u221e XTX\nX  XX XXTX\nX  H m   X\nXXXXXXXXXX\n", "Health: 13 X: 4 Y: 18\nXXXXXXXXXX\nX   b    X\nX XXXXXX X\nXR      \u221eX\nXXXX  XXXX\nX    \u221e   X\nX        X\nX      M X\nXXX    XXX\nXe       X\nX    \u221e   X\nXXXXX XXXX\nX     X  X\nX XXXXX XX\nX        X\nXXXXXX XXX\nX  X \u221e XTX\nX  XX XXTX\nX   Hm   X\nXXXXXXXXXX\n", "Health: 13 X: 5 Y: 18\nXXXXXXXXXX\nX   b    X\nX XXXXXX X\nXR      \u221eX\nXXXX  XXXX\nX    \u221e   X\nX        X\nX      M X\nXXX    XXX\nXe       X\nX    \u221e   X\nXXXXX XXXX\nX     X  X\nX XXXXX XX\nX        X\nXXXXXX XXX\nX  X \u221e XTX\nX  XX XXTX\nX    m   X\nXXXXXXXXXX\n", "Health: 13 X: 6 Y: 18\nXXXXXXXXXX\nX   b    X\nX XXXXXX X\nXR      \u221eX\nXXXX  XXXX\nX    \u221e   X\nX        X\nX      M X\nXXX    XXX\nXe       X\nX    \u221e   X\nXXXXX XXXX\nX     X  X\nX XXXXX XX\nX        X\nXXXXXX XXX\nX  X \u221e XTX\nX  XX XXTX\nX    mH  X\nXXXXXXXXXX\n", "Health: 13 X: 7 Y: 18\nXXXXXXXXXX\nX   b    X\nX XXXXXX X\nXR      \u221eX\nXXXX  XXXX\nX    \u221e   X\nX        X\nX      M X\nXXX    XXX\nXe       X\nX    \u221e   X\nXXXXX XXXX\nX     X  X\nX XXXXX XX\nX        X\nXXXXXX XXX\nX  X \u221e XTX\nX  XX XXTX\nX     mH X\nXXXXXXXXXX\n", "Health: 13 X: 8 Y: 18\nXXXXXXXXXX\nX   b    X\nX XXXXXX X\nXR      \u221eX\nXXXX  XXXX\nX    \u221e   X\nX        X\nX      M X\nXXX    XXX\nXe       X\nX    \u221e   X\nXXXXX XXXX\nX     X  X\nX XXXXX XX\nX        X\nXXXXXX XXX\nX  X \u221e XTX\nX  XX XXTX\nX      mHX\nXXXXXXXXXX\n", "Health: 13 X: 8 Y: 17\nXXXXXXXXXX\nX   b    X\nX XXXXXX X\nXR      \u221eX\nXXXX  XXXX\nX    \u221e   X\nX        X\nX      M X\nXXX    XXX\nXe       X\nX    \u221e   X\nXXXXX XXXX\nX     X  X\nX XXXXX XX\nX        X\nXXXXXX XXX\nX  X \u221e XTX\nX  XX XX X\nX       mX\nXXXXXXXXXX\n", "Health: 13 X: 8 Y: 16\nXXXXXXXXXX\nX   b    X\nX XXXXXX X\nXR      \u221eX\nXXXX  XXXX\nX    \u221e   X\nX        X\nX      M X\nXXX    XXX\nXe       X\nX    \u221e   X\nXXXXX XXXX\nX     X  X\nX XXXXX XX\nX        X\nXXXXXX XXX\nX  X \u221e X X\nX  XX XX X\nX        X\nXXXXXXXXXX\n", "Health: 12 X: 8 Y: 17\nXXXXXXXXXX\nX   b    X\nX XXXXXX X\nXR      \u221eX\nXXXX  XXXX\nX    \u221e   X\nX        X\nX      M X\nXXX    XXX\nXe       X\nX    \u221e   X\nXXXXX XXXX\nX     X  X\nX XXXXX XX\nX        X\nXXXXXX XXX\nX  X \u221e X X\nX  XX XX X\nX        X\nXXXXXXXXXX\n", "Health: 12 X: 8 Y: 18\nXXXXXXXXXX\nX   b    X\nX XXXXXX X\nXR      \u221eX\nXXXX  XXXX\nX    \u221e   X\nX        X\nX      M X\nXXX    XXX\nXe       X\nX    \u221e   X\nXXXXX XXXX\nX     X  X\nX XXXXX XX\nX        X\nXXXXXX XXX\nX  X \u221e X X\nX  XX XX X\nX       HX\nXXXXXXXXXX\n", "Health: 12 X: 7 Y: 18\nXXXXXXXXXX\nX   b    X\nX XXXXXX X\nXR      \u221eX\nXXXX  XXXX\nX    \u221e   X\nX        X\nX      M X\nXXX    XXX\nXe       X\nX    \u221e   X\nXXXXX XXXX\nX     X  X\nX XXXXX XX\nX        X\nXXXXXX XXX\nX  X \u221e X X\nX  XX XX X\nX      H X\nXXXXXXXXXX\n", "Health: 12 X: 6 Y: 18\nXXXXXXXXXX\nX   b    X\nX XXXXXX X\nXR      \u221eX\nXXXX  XXXX\nX    \u221e   X\nX        X\nX      M X\nXXX    XXX\nXe       X\nX    \u221e   X\nXXXXX XXXX\nX     X  X\nX XXXXX XX\nX        X\nXXXXXX XXX\nX  X \u221e X X\nX  XX XX X\nX     H  X\nXXXXXXXXXX\n", "Health: 12 X: 5 Y: 18\nXXXXXXXXXX\nX   b    X\nX XXXXXX X\nXR      \u221eX\nXXXX  XXXX\nX    \u221e   X\nX        X\nX      M X\nXXX    XXX\nXe       X\nX    \u221e   X\nXXXXX XXXX\nX     X  X\nX XXXXX XX\nX        X\nXXXXXX XXX\nX  X \u221e X X\nX  XX XX X\nX    H   X\nXXXXXXXXXX\n", "Health: 12 X: 4 Y: 18\nXXXXXXXXXX\nX   b    X\nX XXXXXX X\nXR      \u221eX\nXXXX  XXXX\nX    \u221e   X\nX        X\nX      M X\nXXX    XXX\nXe       X\nX    \u221e   X\nXXXXX XXXX\nX     X  X\nX XXXXX XX\nX        X\nXXXXXX XXX\nX  X \u221e X X\nX  XX XX X\nX   H   mX\nXXXXXXXXXX\n", "Health: 12 X: 5 Y: 18\nXXXXXXXXXX\nX   b    X\nX XXXXXX X\nXR      \u221eX\nXXXX  XXXX\nX    \u221e   X\nX        X\nX      M X\nXXX    XXX\nXe       X\nX    \u221e   X\nXXXXX XXXX\nX     X  X\nX XXXXX XX\nX        X\nXXXXXX XXX\nX  X \u221e X X\nX  XX XX X\nX    H m X\nXXXXXXXXXX\n", "Health: 12 X: 5 Y: 17\nXXXXXXXXXX\nX   b    X\nX XXXXXX X\nXR      \u221eX\nXXXX  XXXX\nX    \u221e   X\nX        X\nX      M X\nXXX    XXX\nXe       X\nX    \u221e   X\nXXXXX XXXX\nX     X  X\nX XXXXX XX\nX        X\nXXXXXX XXX\nX  X \u221e X X\nX  XXHXX X\nX     m  X\nXXXXXXXXXX\n", "Health: 12 X: 5 Y: 16\nXXXXXXXXXX\nX   b    X\nX XXXXXX X\nXR      \u221eX\nXXXX  XXXX\nX    \u221e   X\nX        X\nX      M X\nXXX    XXX\nXe       X\nX    \u221e   X\nXXXXX XXXX\nX     X  X\nX XXXXX XX\nX        X\nXXXXXX XXX\nX  X \u221e X X\nX  XX XX X\nX    m   X\nXXXXXXXXXX\n", "Health: 12 X: 6 Y: 16\nXXXXXXXXXX\nX   b    X\nX XXXXXX X\nXR      \u221eX\nXXXX  XXXX\nX    \u221e   X\nX        X\nX      M X\nXXX    XXX\nXe       X\nX    \u221e   X\nXXXXX XXXX\nX     X  X\nX XXXXX XX\nX        X\nXXXXXX XXX\nX  X \u221eHX X\nX  XXmXX X\nX        X\nXXXXXXXXXX\n", "Health: 12 X: 6 Y: 15\nXXXXXXXXXX\nX   b    X\nX XXXXXX X\nXR      \u221eX\nXXXX  XXXX\nX    \u221e   X\nX        X\nX      M X\nXXX    XXX\nXe       X\nX    \u221e   X\nXXXXX XXXX\nX     X  X\nX XXXXX XX\nX        X\nXXXXXXHXXX\nX  X \u221e X X\nX  XX XX X\nX        X\nXXXXXXXXXX\n", "Health: 12 X: 6 Y: 14\nXXXXXXXXXX\nX   b    X\nX XXXXXX X\nXR      \u221eX\nXXXX  XXXX\nX    \u221e   X\nX        X\nX      M X\nXXX    XXX\nXe       X\nX    \u221e   X\nXXXXX XXXX\nX     X  X\nX XXXXX XX\nX     H  X\nXXXXXX XXX\nX  X \u221emX X\nX  XX XX X\nX        X\nXXXXXXXXXX\n", "Health: 12 X: 5 Y: 14\nXXXXXXXXXX\nX   b    X\nX XXXXXX X\nXR      \u221eX\nXXXX  XXXX\nX    \u221e   X\nX        X\nX      M X\nXXX    XXX\nXe       X\nX    \u221e   X\nXXXXX XXXX\nX     X  X\nX XXXXX XX\nX    H   X\nXXXXXXmXXX\nX  X \u221e X X\nX  XX XX X\nX        X\nXXXXXXXXXX\n", "Health: 12 X: 4 Y: 14\nXXXXXXXXXX\nX   b    X\nX XXXXXX X\nXR      \u221eX\nXXXX  XXXX\nX    \u221e   X\nX        X\nX      M X\nXXX    XXX\nXe       X\nX    \u221e   X\nXXXXX XXXX\nX     X  X\nX XXXXX XX\nX   H m  X\nXXXXXX XXX\nX  X \u221e X X\nX  XX XX X\nX        X\nXXXXXXXXXX\n", "Health: 12 X: 3 Y: 14\nXXXXXXXXXX\nX   b    X\nX XXXXXX X\nXR      \u221eX\nXXXX  XXXX\nX    \u221e   X\nX        X\nX      M X\nXXX    XXX\nXe       X\nX    \u221e   X\nXXXXX XXXX\nX     X  X\nX XXXXX XX\nX  H m   X\nXXXXXX XXX\nX  X \u221e X X\nX  XX XX X\nX        X\nXXXXXXXXXX\n", "Health: 12 X: 2 Y: 14\nXXXXXXXXXX\nX   b    X\nX XXXXXX X\nXR      \u221eX\nXXXX  XXXX\nX    \u221e   X\nX        X\nX      M X\nXXX    XXX\nXe       X\nX    \u221e   X\nXXXXX XXXX\nX     X  X\nX XXXXX XX\nX H m    X\nXXXXXX XXX\nX  X \u221e X X\nX  XX XX X\nX        X\nXXXXXXXXXX\n", "Health: 12 X: 1 Y: 14\nXXXXXXXXXX\nX   b    X\nX XXXXXX X\nXR      \u221eX\nXXXX  XXXX\nX    \u221e   X\nX        X\nX      M X\nXXX    XXX\nXe       X\nX    \u221e   X\nXXXXX XXXX\nX     X  X\nX XXXXX XX\nXH m     X\nXXXXXX XXX\nX  X \u221e X X\nX  XX XX X\nX        X\nXXXXXXXXXX\n", "Health: 12 X: 1 Y: 13\nXXXXXXXXXX\nX   b    X\nX XXXXXX X\nXR      \u221eX\nXXXX  XXXX\nX    \u221e   X\nX        X\nX      M X\nXXX    XXX\nXe       X\nX    \u221e   X\nXXXXX XXXX\nX     X  X\nXHXXXXX XX\nX m      X\nXXXXXX XXX\nX  X \u221e X X\nX  XX XX X\nX        X\nXXXXXXXXXX\n", "Health: 12 X: 1 Y: 12\nXXXXXXXXXX\nX   b    X\nX XXXXXX X\nXR      \u221eX\nXXXX  XXXX\nX    \u221e   X\nX        X\nX      M X\nXXX    XXX\nXe       X\nX    \u221e   X\nXXXXX XXXX\nXH    X  X\nX XXXXX XX\nXm       X\nXXXXXX XXX\nX  X \u221e X X\nX  XX XX X\nX        X\nXXXXXXXXXX\n", "Health: 12 X: 2 Y: 12\nXXXXXXXXXX\nX   b    X\nX XXXXXX X\nXR      \u221eX\nXXXX  XXXX\nX    \u221e   X\nX        X\nX      M X\nXXX    XXX\nXe       X\nX    \u221e   X\nXXXXX XXXX\nX H   X  X\nXmXXXXX XX\nX        X\nXXXXXX XXX\nX  X \u221e X X\nX  XX XX X\nX        X\nXXXXXXXXXX\n", "Health: 12 X: 3 Y: 12\nXXXXXXXXXX\nX   b    X\nX XXXXXX X\nXR      \u221eX\nXXXX  XXXX\nX    \u221e   X\nX        X\nX      M X\nXXX    XXX\nXe       X\nX    \u221e   X\nXXXXX XXXX\nXm H  X  X\nX XXXXX XX\nX        X\nXXXXXX XXX\nX  X \u221e X X\nX  XX XX X\nX        X\nXXXXXXXXXX\n", "Health: 12 X: 4 Y: 12\nXXXXXXXXXX\nX   b    X\nX XXXXXX X\nXR      \u221eX\nXXXX  XXXX\nX    \u221e   X\nX        X\nX      M X\nXXX    XXX\nXe       X\nX    \u221e   X\nXXXXX XXXX\nX m H X  X\nX XXXXX XX\nX        X\nXXXXXX XXX\nX  X \u221e X X\nX  XX XX X\nX        X\nXXXXXXXXXX\n", "Health: 12 X: 5 Y: 12\nXXXXXXXXXX\nX   b    X\nX XXXXXX X\nXR      \u221eX\nXXXX  XXXX\nX    \u221e   X\nX        X\nX      M X\nXXX    XXX\nXe       X\nX    \u221e   X\nXXXXX XXXX\nX  m HX  X\nX XXXXX XX\nX        X\nXXXXXX XXX\nX  X \u221e X X\nX  XX XX X\nX        X\nXXXXXXXXXX\n", "Health: 12 X: 5 Y: 11\nXXXXXXXXXX\nX   b    X\nX XXXXXX X\nXR      \u221eX\nXXXX  XXXX\nX    \u221e   X\nX        X\nX      M X\nXXX    XXX\nXe       X\nX    \u221e   X\nXXXXXHXXXX\nX   m X  X\nX XXXXX XX\nX        X\nXXXXXX XXX\nX  X \u221e X X\nX  XX XX X\nX        X\nXXXXXXXXXX\n", "Health: 12 X: 5 Y: 10\nXXXXXXXXXX\nX   b    X\nX XXXXXX X\nXR      \u221eX\nXXXX  XXXX\nX    \u221e   X\nX        X\nX      M X\nXXX    XXX\nXe       X\nX    \u221e   X\nXXXXX XXXX\nX    mX  X\nX XXXXX XX\nX        X\nXXXXXX XXX\nX  X \u221e X X\nX  XX XX X\nX        X\nXXXXXXXXXX\n", "Health: 12 X: 4 Y: 10\nXXXXXXXXXX\nX   b    X\nX XXXXXX X\nXR      \u221eX\nXXXX  XXXX\nX    \u221e   X\nX        X\nX      M X\nXXX    XXX\nXe       X\nX   H\u221e   X\nXXXXXmXXXX\nX     X  X\nX XXXXX XX\nX        X\nXXXXXX XXX\nX  X \u221e X X\nX  XX XX X\nX        X\nXXXXXXXXXX\n", "Health: 12 X: 3 Y: 10\nXXXXXXXXXX\nX   b    X\nX XXXXXX X\nXR      \u221eX\nXXXX  XXXX\nX    \u221e   X\nX        X\nX     M  X\nXXX    XXX\nXe       X\nX  H \u221e   X\nXXXXX XXXX\nX     X  X\nX XXXXX XX\nX        X\nXXXXXX XXX\nX  X \u221e X X\nX  XX XX X\nX        X\nXXXXXXXXXX\n", "Health: 12 X: 2 Y: 10\nXXXXXXXXXX\nX   b    X\nX XXXXXX X\nXR      \u221eX\nXXXX  XXXX\nX    \u221e   X\nX        X\nX    M   X\nXXX    XXX\nXe       X\nX H m\u221e   X\nXXXXX XXXX\nX     X  X\nX XXXXX XX\nX        X\nXXXXXX XXX\nX  X \u221e X X\nX  XX XX X\nX        X\nXXXXXXXXXX\n", "Health: 12 X: 1 Y: 10\nXXXXXXXXXX\nX   b    X\nX XXXXXX X\nXR      \u221eX\nXXXX  XXXX\nX    \u221e   X\nX        X\nX   M    X\nXXX    XXX\nXe       X\nXH m \u221e   X\nXXXXX XXXX\nX     X  X\nX XXXXX XX\nX        X\nXXXXXX XXX\nX  X \u221e X X\nX  XX XX X\nX        X\nXXXXXXXXXX\n", "Health: 12 X: 1 Y: 9\nXXXXXXXXXX\nX   b    X\nX XXXXXX X\nXR      \u221eX\nXXXX  XXXX\nX    \u221e   X\nX        X\nX   M    X\nXXX    XXX\nXe m     X\nX    \u221e   X\nXXXXX XXXX\nX     X  X\nX XXXXX XX\nX        X\nXXXXXX XXX\nX  X \u221e X X\nX  XX XX X\nX        X\nXXXXXXXXXX\n"], "map_number": 102}, {"mechanics": [{"timestep": 2, "mechanic": "JavelinThrow"}, {"timestep": 4, "mechanic": "MinitaurHit"}, {"timestep": 7, "mechanic": "UsePortal"}, {"timestep": 11, "mechanic": "ReachStairs"}], "frequencies": {"JavelinThrow": 1, "MinitaurHit": 1, "UsePortal": 1, "ReachStairs": 1}, "levelReport": {"utilityGained": 0.0, "exitUtility": 1.0, "runnerUtility": 0.88, "loitererUtility": 12.0, "completionistUtility": 0.3, "monsterKillerUtility": 0.3, "treasureCollectorUtility": 0.3, "turnsTaken": 12, "health": 10, "healthLost": 0, "alive": true, "javelinsThrown": 1, "monsterKills": 0, "minitaurKnockouts": 1, "treasuresCollected": 0, "potionsTaken": 0, "totalMonsters": 7, "totalTreasures": 8, "totalPotions": 2, "timeTaken": 0.0}, "positions": [{"X": 8, "Y": 2}, {"X": 8, "Y": 1}, {"X": 8, "Y": 1}, {"X": 7, "Y": 1}, {"X": 6, "Y": 1}, {"X": 5, "Y": 1}, {"X": 4, "Y": 1}, {"X": 1, "Y": 17}, {"X": 2, "Y": 17}, {"X": 3, "Y": 17}, {"X": 4, "Y": 17}, {"X": 5, "Y": 17}], "levelStates": ["Health: 10 X: 8 Y: 2\nXXXXXXXXXX\nXXXT m   X\nXXXXXXXXHX\nX    b   X\nX XX XXXXX\nX XX XXXXX\nX MX XT tX\nX XX XTX X\nX XX XTX X\nX MX XTX X\nX XX XXX X\nX P o  P X\nX XXXXXX X\nXTX RR XTX\nX X    X X\nX XX  XX X\nX   TT   X\nXT   e   X\nXXXXXXXXXX\n", "Health: 10 X: 8 Y: 1\nXXXXXXXXXX\nXXXT  m HX\nXXXXXXXX X\nX    b   X\nX XX XXXXX\nX XX XXXXX\nX MX XT tX\nX XX XTX X\nX XX XTX X\nX MX XTX X\nX XX XXX X\nX P o  P X\nX XXXXXX X\nXTX RR XTX\nX X    X X\nX XX  XX X\nX   TT   X\nXT   e   X\nXXXXXXXXXX\n", "Health: 10 X: 8 Y: 1\nXXXXXXXXXX\nXXXT  m HX\nXXXXXXXX X\nX    b   X\nX XX XXXXX\nX XX XXXXX\nX MX XT tX\nX XX XTX X\nX XX XTX X\nX MX XTX X\nX XX XXX X\nX P o  P X\nX XXXXXX X\nXTX RR XTX\nX X    X X\nX XX  XX X\nX   TT   X\nXT   e   X\nXXXXXXXXXX\n", "Health: 10 X: 7 Y: 1\nXXXXXXXXXX\nXXXT  mH X\nXXXXXXXX X\nX    b   X\nX XX XXXXX\nX XX XXXXX\nX MX XT tX\nX XX XTX X\nX XX XTX X\nX MX XTX X\nX XX XXX X\nX P o  P X\nX XXXXXX X\nXTX RR XTX\nX X    X X\nX XX  XX X\nX   TT   X\nXT   e   X\nXXXXXXXXXX\n", "Health: 10 X: 6 Y: 1\nXXXXXXXXXX\nXXXT  m  X\nXXXXXXXX X\nX    b   X\nX XX XXXXX\nX XX XXXXX\nX MX XT tX\nX XX XTX X\nX XX XTX X\nX MX XTX X\nX XX XXX X\nX P o  P X\nX XXXXXX X\nXTX RR XTX\nX X    X X\nX XX  XX X\nX   TT   X\nXT   e   X\nXXXXXXXXXX\n", "Health: 10 X: 5 Y: 1\nXXXXXXXXXX\nXXXT Hm  X\nXXXXXXXX X\nX    b   X\nX XX XXXXX\nX XX XXXXX\nX MX XT tX\nX XX XTX X\nX XX XTX X\nX MX XTX X\nX XX XXX X\nX P o  P X\nX XXXXXX X\nXTX RR XTX\nX X    X X\nX XX  XX X\nX   TT   X\nXT   e   X\nXXXXXXXXXX\n", "Health: 10 X: 4 Y: 1\nXXXXXXXXXX\nXXXTH m  X\nXXXXXXXX X\nX    b   X\nX XX XXXXX\nX XX XXXXX\nX MX XT tX\nX XX XTX X\nX XX XTX X\nX MX XTX X\nX XX XXX X\nX P o  P X\nX XXXXXX X\nXTX RR XTX\nX X    X X\nX XX  XX X\nX   TT   X\nXT   e   X\nXXXXXXXXXX\n", "Health: 10 X: 1 Y: 17\nXXXXXXXXXX\nXXXT   m X\nXXXXXXXX X\nX    b   X\nX XX XXXXX\nX XX XXXXX\nX MX XT tX\nX XX XTX X\nX XX XTX X\nX MX XTX X\nX XX XXX X\nX P o  P X\nX XXXXXX X\nXTX RR XTX\nX X    X X\nX XX  XX X\nX   TT   X\nXT   e   X\nXXXXXXXXXX\n", "Health: 10 X: 2 Y: 17\nXXXXXXXXXX\nXXXT    mX\nXXXXXXXX X\nX    b   X\nX XX XXXXX\nX XX XXXXX\nX MX XT tX\nX XX XTX X\nX XX XTX X\nX MX XTX X\nX XX XXX X\nX P o  P X\nX XXXXXX X\nXTX RR XTX\nX X    X X\nX XX  XX X\nX   TT   X\nXTH  e   X\nXXXXXXXXXX\n", "Health: 10 X: 3 Y: 17\nXXXXXXXXXX\nXXXT     X\nXXXXXXXXmX\nX    b   X\nX XX XXXXX\nX XX XXXXX\nX MX XT tX\nX XX XTX X\nX XX XTX X\nX MX XTX X\nX XX XXX X\nX P o  P X\nX XXXXXX X\nXTX RR XTX\nX X    X X\nX XX  XX X\nX   TT   X\nXT H e   X\nXXXXXXXXXX\n", "Health: 10 X: 4 Y: 17\nXXXXXXXXXX\nXXXT     X\nXXXXXXXX X\nX    b  mX\nX XX XXXXX\nX XX XXXXX\nX MX XT tX\nX XX XTX X\nX XX XTX X\nX MX XTX X\nX XX XXX X\nX P o  P X\nX XXXXXX X\nXTX R  XTX\nX X R  X X\nX XX  XX X\nX   TT   X\nXT  He   X\nXXXXXXXXXX\n", "Health: 10 X: 5 Y: 17\nXXXXXXXXXX\nXXXT     X\nXXXXXXXX X\nX    b m X\nX XX XXXXX\nX XX XXXXX\nX MX XT tX\nX XX XTX X\nX XX XTX X\nX MX XTX X\nX XX XXX X\nX P o  P X\nX XXXXXX X\nXTX  R XTX\nX X  R X X\nX XX  XX X\nX   TT   X\nXT   e   X\nXXXXXXXXXX\n"], "map_number": 201}], "timestamp": "11-Aug-2021 09:15:31.663477", "ip": "106.217.84.219"}