{"Q1": "Never", "Q2": "Often", "Q3": "Sometimes", "Q4": "Often", "Q5": "Always", "Q6": "Often", "Q7": "Sometimes", "Q8": "Sometimes", "Q9": "Often", "Q10": "Always", "results": [{"mechanics": [{"timestep": 2, "mechanic": "OgreTreasure"}, {"timestep": 2, "mechanic": "BlobPotion"}, {"timestep": 3, "mechanic": "OgreTreasure"}, {"timestep": 3, "mechanic": "BlobHit"}, {"timestep": 4, "mechanic": "BlobHit"}, {"timestep": 12, "mechanic": "ReachStairs"}], "frequencies": {"OgreTreasure": 2, "BlobPotion": 1, "BlobHit": 2, "ReachStairs": 1}, "levelReport": {"utilityGained": 0.0, "exitUtility": 1.0, "runnerUtility": 0.87, "loitererUtility": 13.0, "completionistUtility": 0.3466666666666667, "monsterKillerUtility": 0.43999999999999995, "treasureCollectorUtility": 0.3, "turnsTaken": 13, "health": 8, "healthLost": 2, "alive": true, "javelinsThrown": 0, "monsterKills": 1, "minitaurKnockouts": 0, "treasuresCollected": 0, "potionsTaken": 0, "totalMonsters": 6, "totalTreasures": 9, "totalPotions": 2, "timeTaken": 0.0}, "positions": [{"X": 8, "Y": 3}, {"X": 8, "Y": 4}, {"X": 7, "Y": 4}, {"X": 7, "Y": 5}, {"X": 7, "Y": 6}, {"X": 7, "Y": 7}, {"X": 6, "Y": 7}, {"X": 6, "Y": 8}, {"X": 5, "Y": 8}, {"X": 4, "Y": 8}, {"X": 3, "Y": 8}, {"X": 2, "Y": 8}, {"X": 1, "Y": 8}], "levelStates": ["Health: 10 X: 8 Y: 3\nXXXXXXXXXX\nXT TX m  X\nX   XXX  X\nX       HX\nX   XX   X\nXX XXXX XX\nX TTXXPP X\nX   XX   X\nXeo    b X\nX   XX   X\nXX XXXX XX\nX   XX   X\nX   XX   X\nX      T X\nX   XX   X\nXX XXXX XX\nX   XX   X\nXb bXXT TX\nX M XXT TX\nXXXXXXXXXX\n", "Health: 10 X: 8 Y: 4\nXXXXXXXXXX\nXT TX  m X\nX   XXX  X\nX        X\nX   XX  HX\nXX XXXX XX\nX TTXXPP X\nX o XX b X\nXe       X\nX   XX   X\nXX XXXX XX\nX   XX   X\nX   XX   X\nX      T X\nX   XX   X\nXX XXXX XX\nX   XX   X\nXb bXXT TX\nX M XXT TX\nXXXXXXXXXX\n", "Health: 10 X: 7 Y: 4\nXXXXXXXXXX\nXT TX    X\nX   XXXm X\nX        X\nX   XX H X\nXX XXXX XX\nX oTXXPb X\nX   XX   X\nXe       X\nX   XX   X\nXX XXXX XX\nX   XX   X\nX   XX   X\nX      T X\nX   XX   X\nXX XXXX XX\nX   XX   X\nXb bXXT TX\nX M XXT TX\nXXXXXXXXXX\n", "Health: 8 X: 7 Y: 5\nXXXXXXXXXX\nXT TX    X\nX   XXX  X\nX      m X\nX   XX   X\nXX XXXXHXX\nX  oXXPb X\nX   XX   X\nXe       X\nX   XX   X\nXX XXXX XX\nX   XX   X\nX   XX   X\nX      T X\nX   XX   X\nXX XXXX XX\nX   XX   X\nXb bXXT TX\nX M XXT TX\nXXXXXXXXXX\n", "Health: 8 X: 7 Y: 6\nXXXXXXXXXX\nXT TX    X\nX   XXX  X\nX        X\nX   XX m X\nXX XXXX XX\nX  oXXP\u221e X\nX   XX   X\nXe       X\nX   XX   X\nXX XXXX XX\nX   XX   X\nX   XX   X\nX      T X\nX   XX   X\nXX XXXX XX\nX   XX   X\nXb bXXT TX\nX M XXT TX\nXXXXXXXXXX\n", "Health: 8 X: 7 Y: 7\nXXXXXXXXXX\nXT TX    X\nX   XXX  X\nX        X\nX   XX   X\nXX XXXXmXX\nX  oXXP\u221e X\nX   XX H X\nXe       X\nX   XX   X\nXX XXXX XX\nX   XX   X\nX   XX   X\nX      T X\nX   XX   X\nXX XXXX XX\nX   XX   X\nXb bXXT TX\nX M XXT TX\nXXXXXXXXXX\n", "Health: 8 X: 6 Y: 7\nXXXXXXXXXX\nXT TX    X\nX   XXX  X\nX        X\nX   XX   X\nXX XXXX XX\nX  oXXP\u221e X\nX   XXH  X\nXe       X\nX   XX   X\nXX XXXX XX\nX   XX   X\nX   XX   X\nX      T X\nX   XX   X\nXX XXXX XX\nX   XX   X\nXb bXXT TX\nX M XXT TX\nXXXXXXXXXX\n", "Health: 8 X: 6 Y: 8\nXXXXXXXXXX\nXT TX    X\nX   XXX  X\nX        X\nX   XX   X\nXX XXXX XX\nX  oXXP\u221e X\nX   XX   X\nXe    H  X\nX   XX   X\nXX XXXX XX\nX   XX   X\nX   XX   X\nX      T X\nX   XX   X\nXX XXXX XX\nX   XX   X\nXb bXXT TX\nX M XXT TX\nXXXXXXXXXX\n", "Health: 8 X: 5 Y: 8\nXXXXXXXXXX\nXT TX    X\nX   XXX  X\nX        X\nX   XX   X\nXX XXXX XX\nX  oXXP\u221e X\nX   XXm  X\nXe   H   X\nX   XX   X\nXX XXXX XX\nX   XX   X\nX   XX   X\nX      T X\nX   XX   X\nXX XXXX XX\nX   XX   X\nXb bXXT TX\nX M XXT TX\nXXXXXXXXXX\n", "Health: 8 X: 4 Y: 8\nXXXXXXXXXX\nXT TX    X\nX   XXX  X\nX        X\nX   XX   X\nXX XXXX XX\nX  oXXP\u221e X\nX   XX   X\nXe  H m  X\nX   XX   X\nXX XXXX XX\nX   XX   X\nX   XX   X\nX      T X\nX   XX   X\nXX XXXX XX\nX   XX   X\nXb bXXT TX\nX M XXT TX\nXXXXXXXXXX\n", "Health: 8 X: 3 Y: 8\nXXXXXXXXXX\nXT TX    X\nX   XXX  X\nX        X\nX   XX   X\nXX XXXX XX\nX   XXP\u221e X\nX  oXX   X\nXe H m   X\nX   XX   X\nXX XXXX XX\nX   XX   X\nX   XX   X\nX      T X\nX   XX   X\nXX XXXX XX\nX   XX   X\nXb bXXT TX\nX M XXT TX\nXXXXXXXXXX\n", "Health: 8 X: 2 Y: 8\nXXXXXXXXXX\nXT TX    X\nX   XXX  X\nX        X\nX   XX   X\nXX XXXX XX\nX   XXP\u221e X\nX o XX   X\nXeH m    X\nX   XX   X\nXX XXXX XX\nX   XX   X\nX   XX   X\nX      T X\nX   XX   X\nXX XXXX XX\nX   XX   X\nXbMbXXT TX\nX   XXT TX\nXXXXXXXXXX\n", "Health: 8 X: 1 Y: 8\nXXXXXXXXXX\nXT TX    X\nX   XXX  X\nX        X\nX   XX   X\nXX XXXX XX\nX   XXP\u221e X\nXo  XX   X\nXe m     X\nX   XX   X\nXX XXXX XX\nX   XX   X\nX   XX   X\nX      T X\nX   XX   X\nXX XXXX XX\nX   XX   X\nXbMbXXT TX\nX   XXT TX\nXXXXXXXXXX\n"], "map_number": 101}, {"mechanics": [{"timestep": 2, "mechanic": "BlobPotion"}, {"timestep": 2, "mechanic": "BlobPotion"}, {"timestep": 4, "mechanic": "BlobPotion"}, {"timestep": 8, "mechanic": "CollectTreasure"}, {"timestep": 11, "mechanic": "CollectPotion"}, {"timestep": 13, "mechanic": "GoblinMeleeHit"}, {"timestep": 16, "mechanic": "MinitaurHit"}, {"timestep": 18, "mechanic": "ReachStairs"}], "frequencies": {"BlobPotion": 3, "CollectTreasure": 1, "CollectPotion": 1, "GoblinMeleeHit": 1, "MinitaurHit": 1, "ReachStairs": 1}, "levelReport": {"utilityGained": 0.0, "exitUtility": 1.0, "runnerUtility": 0.81, "loitererUtility": 19.0, "completionistUtility": 0.4438888888888889, "monsterKillerUtility": 0.43999999999999995, "treasureCollectorUtility": 0.41666666666666663, "turnsTaken": 19, "health": 10, "healthLost": 2, "alive": true, "javelinsThrown": 0, "monsterKills": 1, "minitaurKnockouts": 1, "treasuresCollected": 1, "potionsTaken": 1, "totalMonsters": 6, "totalTreasures": 6, "totalPotions": 4, "timeTaken": 0.0}, "positions": [{"X": 4, "Y": 11}, {"X": 4, "Y": 12}, {"X": 3, "Y": 12}, {"X": 2, "Y": 12}, {"X": 2, "Y": 11}, {"X": 1, "Y": 11}, {"X": 1, "Y": 10}, {"X": 1, "Y": 9}, {"X": 1, "Y": 8}, {"X": 1, "Y": 7}, {"X": 1, "Y": 6}, {"X": 2, "Y": 6}, {"X": 2, "Y": 5}, {"X": 2, "Y": 4}, {"X": 2, "Y": 3}, {"X": 2, "Y": 2}, {"X": 3, "Y": 2}, {"X": 4, "Y": 2}, {"X": 4, "Y": 1}], "levelStates": ["Health: 10 X: 4 Y: 11\nXXXXXXXXXX\nX X e X TX\nXM       X\nX   X   XX\nX   T    X\nXX  XX   X\nX P     bX\nX X X  X X\nXT       X\nX     o  X\nX  X   XPX\nX   H    X\nXX      XX\nX        X\nXb      bX\nX X T  X X\nXP   m  PX\nX        X\nXT TXT TXX\nXXXXXXXXXX\n", "Health: 10 X: 4 Y: 12\nXXXXXXXXXX\nX X e X TX\nXM       X\nX   X   XX\nX   T    X\nXX  XX   X\nX P      X\nX X X  XbX\nXT       X\nX    o   X\nX  X   XPX\nX        X\nXX  H   XX\nX        X\nX        X\nXbX Tm XbX\nXP      PX\nX        X\nXT TXT TXX\nXXXXXXXXXX\n", "Health: 10 X: 3 Y: 12\nXXXXXXXXXX\nX X e X TX\nXM       X\nX   X   XX\nX   T    X\nXX  XX   X\nX P      X\nX X X  X X\nXT      bX\nX        X\nX  X o XPX\nX        X\nXX H    XX\nX        X\nX    m   X\nX X T  X X\nX        X\nX        X\nXT TXT TXX\nXXXXXXXXXX\n", "Health: 10 X: 2 Y: 12\nXXXXXXXXXX\nX X e X TX\nXM       X\nX   X   XX\nX   T    X\nXX  XX   X\nX P      X\nX X X  X X\nXT       X\nX       bX\nX  Xo  XPX\nX        X\nXXH     XX\nX    m   X\nX        X\nXbX T  X X\nX        X\nX        X\nXT TXT TXX\nXXXXXXXXXX\n", "Health: 10 X: 2 Y: 11\nXXXXXXXXXX\nX X e X TX\nXM       X\nX   X   XX\nX   T    X\nXX  XX   X\nX P      X\nX X X  X X\nXT       X\nX        X\nX  X   X X\nX H o    X\nXX   m  XX\nX        X\nXb       X\nX X T  X X\nX        X\nX        X\nXT TXT TXX\nXXXXXXXXXX\n", "Health: 10 X: 1 Y: 11\nXXXXXXXXXX\nX X e X TX\nXM       X\nX   X   XX\nX   T    X\nXX  XX   X\nX P      X\nX X X  X X\nXT       X\nX        X\nX  X   X X\nXH o m   X\nXX      XX\nX        X\nXb       X\nX X T  X X\nX        X\nX        X\nXT TXT TXX\nXXXXXXXXXX\n", "Health: 10 X: 1 Y: 10\nXXXXXXXXXX\nX X e X TX\nXM       X\nX   X   XX\nX   T    X\nXX  XX   X\nX P      X\nX X X  X X\nXT       X\nX        X\nXH X   X X\nX o m    X\nXX      XX\nX        X\nXb       X\nX X T  X X\nX        X\nX        X\nXT TXT TXX\nXXXXXXXXXX\n", "Health: 10 X: 1 Y: 9\nXXXXXXXXXX\nX X e X TX\nXM       X\nX   X   XX\nX   T    X\nXX  XX   X\nX P      X\nX X X  X X\nXT       X\nXH       X\nX oXm  X X\nX        X\nXX      XX\nX        X\nXb       X\nX X T  X X\nX        X\nX        X\nXT TXT TXX\nXXXXXXXXXX\n", "Health: 10 X: 1 Y: 8\nXXXXXXXXXX\nX X e X TX\nXM       X\nX   X   XX\nX   T    X\nXX  XX   X\nX P      X\nX X X  X X\nX        X\nX o m    X\nX  X   X X\nX        X\nXX      XX\nX        X\nXb       X\nX X T  X X\nX        X\nX        X\nXT TXT TXX\nXXXXXXXXXX\n", "Health: 10 X: 1 Y: 7\nXXXXXXXXXX\nX X e X TX\nXM       X\nX   X   XX\nX   T    X\nXX  XX   X\nX P      X\nXHX X  X X\nX o m    X\nX        X\nX  X   X X\nX        X\nXX      XX\nX        X\nXb       X\nX X T  X X\nX        X\nX        X\nXT TXT TXX\nXXXXXXXXXX\n", "Health: 10 X: 1 Y: 6\nXXXXXXXXXX\nX X e X TX\nXM       X\nX   X   XX\nX   T    X\nXX  XX   X\nXHP      X\nX X X  X X\nX  m     X\nX o      X\nX  X   X X\nX        X\nXX      XX\nX        X\nXb       X\nX X T  X X\nX        X\nX        X\nXT TXT TXX\nXXXXXXXXXX\n", "Health: 12 X: 2 Y: 6\nXXXXXXXXXX\nX X e X TX\nX M      X\nX   X   XX\nX   T    X\nXX  XX   X\nX        X\nX XmX  X X\nX        X\nX        X\nX oX   X X\nX        X\nXX      XX\nX        X\nXb       X\nX X T  X X\nX        X\nX        X\nXT TXT TXX\nXXXXXXXXXX\n", "Health: 12 X: 2 Y: 5\nXXXXXXXXXX\nX X e X TX\nX        X\nX M X   XX\nX   T    X\nXXH XX   X\nX  m     X\nX X X  X X\nX        X\nX        X\nX  X   X X\nX o      X\nXX      XX\nX        X\nXb       X\nX X T  X X\nX        X\nX        X\nXT TXT TXX\nXXXXXXXXXX\n", "Health: 11 X: 2 Y: 4\nXXXXXXXXXX\nX X e X TX\nX        X\nX \u221e X   XX\nX H T    X\nXX mXX   X\nX        X\nX X X  X X\nX        X\nX        X\nX  X   X X\nX        X\nXXo     XX\nX        X\nXb       X\nX X T  X X\nX        X\nX        X\nXT TXT TXX\nXXXXXXXXXX\n", "Health: 11 X: 2 Y: 3\nXXXXXXXXXX\nX X e X TX\nX        X\nX \u221e X   XX\nX  mT    X\nXX  XX   X\nX        X\nX X X  X X\nX        X\nX        X\nX  X   X X\nX        X\nXX o    XX\nX        X\nXb       X\nX X T  X X\nX        X\nX        X\nXT TXT TXX\nXXXXXXXXXX\n", "Health: 11 X: 2 Y: 2\nXXXXXXXXXX\nX X e X TX\nX H      X\nX \u221emX   XX\nX   T    X\nXX  XX   X\nX        X\nX X X  X X\nX        X\nX        X\nX  X   X X\nX        X\nXX      XX\nX  o     X\nXb       X\nX X T  X X\nX        X\nX        X\nXT TXT TXX\nXXXXXXXXXX\n", "Health: 10 X: 3 Y: 2\nXXXXXXXXXX\nX X e X TX\nX  H     X\nX \u221emX   XX\nX   T    X\nXX  XX   X\nX        X\nX X X  X X\nX        X\nX        X\nX  X   X X\nX        X\nXX      XX\nX        X\nXb o     X\nX X T  X X\nX        X\nX        X\nXT TXT TXX\nXXXXXXXXXX\n", "Health: 10 X: 4 Y: 2\nXXXXXXXXXX\nX X e X TX\nX   H    X\nX \u221emX   XX\nX   T    X\nXX  XX   X\nX        X\nX X X  X X\nX        X\nX        X\nX  X   X X\nX        X\nXX      XX\nX        X\nXb       X\nX XoT  X X\nX        X\nX        X\nXT TXT TXX\nXXXXXXXXXX\n", "Health: 10 X: 4 Y: 1\nXXXXXXXXXX\nX X e X TX\nX        X\nX \u221emX   XX\nX   T    X\nXX  XX   X\nX        X\nX X X  X X\nX        X\nX        X\nX  X   X X\nX        X\nXX      XX\nX        X\nXb       X\nX X T  X X\nX  o     X\nX        X\nXT TXT TXX\nXXXXXXXXXX\n"], "map_number": 202}, {"mechanics": [{"timestep": 3, "mechanic": "OgreTreasure"}, {"timestep": 14, "mechanic": "ReachStairs"}], "frequencies": {"OgreTreasure": 1, "ReachStairs": 1}, "levelReport": {"utilityGained": 0.0, "exitUtility": 1.0, "runnerUtility": 0.85, "loitererUtility": 15.0, "completionistUtility": 0.3, "monsterKillerUtility": 0.3, "treasureCollectorUtility": 0.3, "turnsTaken": 15, "health": 10, "healthLost": 0, "alive": true, "javelinsThrown": 0, "monsterKills": 0, "minitaurKnockouts": 0, "treasuresCollected": 0, "potionsTaken": 0, "totalMonsters": 5, "totalTreasures": 10, "totalPotions": 1, "timeTaken": 0.0}, "positions": [{"X": 5, "Y": 4}, {"X": 5, "Y": 5}, {"X": 5, "Y": 6}, {"X": 5, "Y": 7}, {"X": 5, "Y": 8}, {"X": 5, "Y": 9}, {"X": 5, "Y": 10}, {"X": 5, "Y": 11}, {"X": 5, "Y": 12}, {"X": 5, "Y": 13}, {"X": 5, "Y": 14}, {"X": 5, "Y": 15}, {"X": 5, "Y": 16}, {"X": 5, "Y": 17}, {"X": 5, "Y": 18}], "levelStates": ["Health: 10 X: 5 Y: 4\nXXXXXXXXXX\nX m   tTTX\nXXXXX XXXX\nXX T  T  X\nXX XXHXX X\nX   X X oX\nX   X X  X\nX  bX XT X\nXX XX XXTX\nX P X X  X\nXX XX XTXX\nX  TX X TX\nX M X X TX\nX   X X  X\nXX XX XTXX\nX R X X  X\nX   X XXTX\nX XXX X  X\nX    e   X\nXXXXXXXXXX\n", "Health: 10 X: 5 Y: 5\nXXXXXXXXXX\nX  m  tTTX\nXXXXX XXXX\nXX T  T  X\nXX XX XX X\nX   XHXo X\nX   X X  X\nX  bX XT X\nXX XX XXTX\nX P X X  X\nXX XX XTXX\nX  TX X TX\nX M X X TX\nX   X X  X\nXX XX XTXX\nX R X X  X\nX   X XXTX\nX XXX X  X\nX    e   X\nXXXXXXXXXX\n", "Health: 10 X: 5 Y: 6\nXXXXXXXXXX\nX   m tTTX\nXXXXX XXXX\nXX T  T  X\nXX XX XX X\nX   X X  X\nX   XHXo X\nX  bX XT X\nXX XX XXTX\nX P X X  X\nXX XX XTXX\nX  TX X TX\nX M X X TX\nX   X X  X\nXX XX XTXX\nX R X X  X\nX   X XXTX\nX XXX X  X\nX    e   X\nXXXXXXXXXX\n", "Health: 10 X: 5 Y: 7\nXXXXXXXXXX\nX    mtTTX\nXXXXX XXXX\nXX T  T  X\nXX XX XX X\nX   X X  X\nX   X X  X\nX  bXHX  X\nXX XX XXTX\nX P X X  X\nXX XX XTXX\nX  TX X TX\nX M X X TX\nX   X X  X\nXX XX XTXX\nX R X X  X\nX   X XXTX\nX XXX X  X\nX    e   X\nXXXXXXXXXX\n", "Health: 10 X: 5 Y: 8\nXXXXXXXXXX\nX     tTTX\nXXXXXmXXXX\nXX T  T  X\nXX XX XX X\nX   X X  X\nX   X X  X\nX  bX X  X\nXX XXHXXTX\nX P X X  X\nXX XX XTXX\nX  TX X TX\nX M X X TX\nX   X X  X\nXX XX XTXX\nX R X X  X\nX   X XXTX\nX XXX X  X\nX    e   X\nXXXXXXXXXX\n", "Health: 10 X: 5 Y: 9\nXXXXXXXXXX\nX     tTTX\nXXXXX XXXX\nXX T mT  X\nXX XX XX X\nX   X X  X\nX   X X  X\nX  bX X  X\nXX XX XXTX\nX P XHX  X\nXX XX XTXX\nX  TX X TX\nX M X X TX\nX   X X  X\nXX XX XTXX\nX R X X  X\nX   X XXTX\nX XXX X  X\nX    e   X\nXXXXXXXXXX\n", "Health: 10 X: 5 Y: 10\nXXXXXXXXXX\nX     tTTX\nXXXXX XXXX\nXX T  T  X\nXX XXmXX X\nX   X X  X\nX   X X  X\nX  bX X  X\nXX XX XXTX\nX P X X  X\nXX XXHXTXX\nX  TX X TX\nX M X X TX\nX   X X  X\nXX XX XTXX\nX R X X  X\nX   X XXTX\nX XXX X  X\nX    e   X\nXXXXXXXXXX\n", "Health: 10 X: 5 Y: 11\nXXXXXXXXXX\nX     tTTX\nXXXXX XXXX\nXX T  T  X\nXX XX XX X\nX   XmX  X\nX   X X  X\nX  bX X  X\nXX XX XXTX\nX P X X  X\nXX XX XTXX\nX  TXHX TX\nX M X X TX\nX   X X  X\nXX XX XTXX\nX R X X  X\nX   X XXTX\nX XXX X  X\nX    e   X\nXXXXXXXXXX\n", "Health: 10 X: 5 Y: 12\nXXXXXXXXXX\nX     tTTX\nXXXXX XXXX\nXX T  T  X\nXX XX XX X\nX   X X  X\nX   XmX  X\nX  bX X  X\nXX XX XXTX\nX P X X  X\nXX XX XTXX\nX  TX X TX\nX M XHX TX\nX   X X  X\nXX XX XTXX\nX R X X  X\nX   X XXTX\nX XXX X  X\nX    e   X\nXXXXXXXXXX\n", "Health: 10 X: 5 Y: 13\nXXXXXXXXXX\nX     tTTX\nXXXXX XXXX\nXX T  T  X\nXX XX XX X\nX   X X  X\nX   X X  X\nX  bXmX  X\nXX XX XXTX\nX P X X  X\nXX XX XTXX\nX  TX X TX\nX M X X TX\nX   XHX  X\nXX XX XTXX\nX R X X  X\nX   X XXTX\nX XXX X  X\nX    e   X\nXXXXXXXXXX\n", "Health: 10 X: 5 Y: 14\nXXXXXXXXXX\nX     tTTX\nXXXXX XXXX\nXX T  T  X\nXX XX XX X\nX   X X  X\nX   X X  X\nX  bX X  X\nXX XXmXXTX\nX P X X  X\nXX XX XTXX\nX  TX X TX\nX M X X TX\nX   X X  X\nXX XXHXTXX\nX R X X  X\nX   X XXTX\nX XXX X  X\nX    e   X\nXXXXXXXXXX\n", "Health: 10 X: 5 Y: 15\nXXXXXXXXXX\nX     tTTX\nXXXXX XXXX\nXX T  T  X\nXX XX XX X\nX   X X  X\nX   X X  X\nX  bX X  X\nXX XX XXTX\nX P XmX  X\nXX XX XTXX\nX  TX X TX\nX M X X TX\nX   X X  X\nXX XX XTXX\nX R XHX  X\nX   X XXTX\nX XXX X  X\nX    e   X\nXXXXXXXXXX\n", "Health: 10 X: 5 Y: 16\nXXXXXXXXXX\nX     tTTX\nXXXXX XXXX\nXX T  T  X\nXX XX XX X\nX   X X  X\nX   X X  X\nX  bX X  X\nXX XX XXTX\nX P X X  X\nXX XXmXTXX\nX  TX X TX\nX M X X TX\nX   X X  X\nXX XX XTXX\nX R X X  X\nX   XHXXTX\nX XXX X  X\nX    e   X\nXXXXXXXXXX\n", "Health: 10 X: 5 Y: 17\nXXXXXXXXXX\nX     tTTX\nXXXXX XXXX\nXX T  T  X\nXX XX XX X\nX   X X  X\nX   X X  X\nX  bX X  X\nXX XX XXTX\nX P X X  X\nXX XX XTXX\nX  TXmX TX\nX M X X TX\nX   X X  X\nXX XX XTXX\nX R X X  X\nX   X XXTX\nX XXXHX  X\nX    e   X\nXXXXXXXXXX\n", "Health: 10 X: 5 Y: 18\nXXXXXXXXXX\nX     tTTX\nXXXXX XXXX\nXX T  T  X\nXX XX XX X\nX   X X  X\nX   X X  X\nX  bX X  X\nXX XX XXTX\nX P X X  X\nXX XX XTXX\nX  TX X TX\nX M XmX TX\nX   X X  X\nXX XX XTXX\nX R X X  X\nX   X XXTX\nX XXX X  X\nX    e   X\nXXXXXXXXXX\n"], "map_number": 100}], "timestamp": "14-Aug-2021 07:03:28.385440", "ip": "66.69.121.40"}