{"Q1": "Every day", "Q2": "Sometimes", "Q3": "Often", "Q4": "Often", "Q5": "Sometimes", "Q6": "Sometimes", "Q7": "Rarely", "Q8": "Often", "Q9": "Never", "Q10": "Often", "results": [{"mechanics": [{"timestep": 2, "mechanic": "BlobPotion"}, {"timestep": 2, "mechanic": "BlobPotion"}, {"timestep": 4, "mechanic": "BlobPotion"}, {"timestep": 5, "mechanic": "JavelinThrow"}, {"timestep": 5, "mechanic": "BlobHit"}, {"timestep": 6, "mechanic": "OgreTreasure"}, {"timestep": 10, "mechanic": "MinitaurHit"}, {"timestep": 12, "mechanic": "OgreHit"}, {"timestep": 12, "mechanic": "BlobHit"}, {"timestep": 12, "mechanic": "BlobCombine"}, {"timestep": 19, "mechanic": "JavelinThrow"}, {"timestep": 23, "mechanic": "CollectPotion"}, {"timestep": 27, "mechanic": "UsePortal"}, {"timestep": 31, "mechanic": "JavelinThrow"}, {"timestep": 31, "mechanic": "MinitaurHit"}, {"timestep": 32, "mechanic": "BlobHit"}, {"timestep": 40, "mechanic": "CollectTreasure"}, {"timestep": 42, "mechanic": "CollectTreasure"}, {"timestep": 44, "mechanic": "JavelinThrow"}, {"timestep": 46, "mechanic": "MinitaurHit"}, {"timestep": 51, "mechanic": "CollectTreasure"}, {"timestep": 52, "mechanic": "JavelinThrow"}, {"timestep": 54, "mechanic": "MinitaurHit"}, {"timestep": 58, "mechanic": "CollectTreasure"}, {"timestep": 59, "mechanic": "JavelinThrow"}, {"timestep": 61, "mechanic": "MinitaurHit"}, {"timestep": 71, "mechanic": "MinitaurHit"}, {"timestep": 72, "mechanic": "MinitaurHit"}, {"timestep": 85, "mechanic": "CollectTreasure"}, {"timestep": 87, "mechanic": "JavelinThrow"}, {"timestep": 89, "mechanic": "MinitaurHit"}, {"timestep": 94, "mechanic": "ReachStairs"}, {"timestep": 94, "mechanic": "MinitaurHit"}], "frequencies": {}, "levelReport": {"utilityGained": 0.0, "exitUtility": 0.0, "runnerUtility": 0.40909090909090906, "loitererUtility": 0.0, "completionistUtility": 0.12272727272727271, "monsterKillerUtility": 0.12272727272727271, "treasureCollectorUtility": 0.12272727272727271, "turnsTaken": 0, "health": 10, "healthLost": 0, "alive": true, "javelinsThrown": 0, "monsterKills": 0, "minitaurKnockouts": 0, "treasuresCollected": 0, "potionsTaken": 0, "totalMonsters": 6, "totalTreasures": 6, "totalPotions": 4, "timeTaken": 0.0}, "positions": [{"X": 7, "Y": 4}, {"X": 7, "Y": 3}, {"X": 7, "Y": 2}, {"X": 7, "Y": 1}, {"X": 8, "Y": 1}, {"X": 7, "Y": 1}, {"X": 6, "Y": 1}, {"X": 5, "Y": 1}, {"X": 5, "Y": 1}, {"X": 6, "Y": 1}, {"X": 7, "Y": 1}, {"X": 7, "Y": 2}, {"X": 7, "Y": 3}, {"X": 7, "Y": 4}, {"X": 7, "Y": 5}, {"X": 7, "Y": 6}, {"X": 7, "Y": 7}, {"X": 7, "Y": 8}, {"X": 7, "Y": 8}, {"X": 7, "Y": 7}, {"X": 7, "Y": 6}, {"X": 7, "Y": 5}, {"X": 7, "Y": 6}, {"X": 7, "Y": 7}, {"X": 7, "Y": 8}, {"X": 7, "Y": 8}, {"X": 7, "Y": 7}, {"X": 7, "Y": 6}, {"X": 7, "Y": 5}, {"X": 7, "Y": 4}, {"X": 7, "Y": 3}, {"X": 6, "Y": 3}, {"X": 5, "Y": 3}, {"X": 4, "Y": 3}, {"X": 3, "Y": 3}, {"X": 4, "Y": 3}, {"X": 3, "Y": 3}, {"X": 3, "Y": 2}, {"X": 3, "Y": 1}, {"X": 3, "Y": 1}, {"X": 3, "Y": 2}, {"X": 3, "Y": 1}, {"X": 2, "Y": 1}, {"X": 1, "Y": 1}, {"X": 2, "Y": 1}, {"X": 2, "Y": 2}, {"X": 2, "Y": 3}, {"X": 2, "Y": 4}, {"X": 2, "Y": 4}, {"X": 2, "Y": 3}, {"X": 2, "Y": 4}, {"X": 2, "Y": 5}, {"X": 2, "Y": 6}, {"X": 2, "Y": 6}, {"X": 3, "Y": 6}, {"X": 3, "Y": 7}, {"X": 3, "Y": 8}, {"X": 3, "Y": 9}, {"X": 2, "Y": 9}, {"X": 2, "Y": 10}, {"X": 2, "Y": 11}, {"X": 2, "Y": 12}, {"X": 2, "Y": 13}, {"X": 2, "Y": 14}, {"X": 2, "Y": 15}, {"X": 2, "Y": 16}, {"X": 2, "Y": 15}, {"X": 2, "Y": 14}, {"X": 2, "Y": 13}, {"X": 3, "Y": 13}, {"X": 4, "Y": 13}, {"X": 5, "Y": 13}, {"X": 4, "Y": 13}, {"X": 5, "Y": 13}, {"X": 6, "Y": 13}, {"X": 7, "Y": 13}, {"X": 8, "Y": 13}, {"X": 8, "Y": 14}, {"X": 8, "Y": 14}, {"X": 8, "Y": 13}, {"X": 7, "Y": 13}, {"X": 7, "Y": 14}, {"X": 7, "Y": 15}, {"X": 7, "Y": 16}, {"X": 7, "Y": 17}, {"X": 7, "Y": 18}, {"X": 6, "Y": 18}, {"X": 7, "Y": 18}, {"X": 8, "Y": 18}, {"X": 7, "Y": 18}, {"X": 7, "Y": 18}, {"X": 6, "Y": 18}, {"X": 6, "Y": 17}, {"X": 6, "Y": 16}, {"X": 7, "Y": 16}, {"X": 8, "Y": 16}], "levelStates": ["Health: 10 X: 7 Y: 4\nXXXXXXXXXX\nXT TX m  X\nX   XXX  X\nX        X\nX   XX H X\nXX XXXX XX\nX TTXXPP X\nX   XX   X\nXeo    b X\nX   XX   X\nXX XXXX XX\nX   XX   X\nX   XX   X\nX      T X\nX   XX   X\nXX XXXX XX\nX   XX   X\nXb bXXT TX\nX M XXT TX\nXXXXXXXXXX\n", "Health: 10 X: 7 Y: 3\nXXXXXXXXXX\nXT TX  m X\nX   XXX  X\nX      H X\nX   XX   X\nXX XXXX XX\nX TTXXPP X\nX o XX b X\nXe       X\nX   XX   X\nXX XXXX XX\nX   XX   X\nX   XX   X\nX      T X\nX   XX   X\nXX XXXX XX\nX   XX   X\nXb bXXT TX\nX M XXT TX\nXXXXXXXXXX\n", "Health: 9 X: 7 Y: 2\nXXXXXXXXXX\nXT TX  m X\nX   XXXH X\nX        X\nX   XX   X\nXX XXXX XX\nX oTXXPb X\nX   XX   X\nXe       X\nX   XX   X\nXX XXXX XX\nX   XX   X\nX   XX   X\nX      T X\nX   XX   X\nXX XXXX XX\nX   XX   X\nXb bXXT TX\nX M XXT TX\nXXXXXXXXXX\n", "Health: 9 X: 7 Y: 1\nXXXXXXXXXX\nXT TX  m X\nX   XXX  X\nX        X\nX   XX   X\nXX XXXX XX\nX  oXXb  X\nX   XX   X\nXe       X\nX   XX   X\nXX XXXX XX\nX   XX   X\nX   XX   X\nX      T X\nX   XX   X\nXX XXXX XX\nX   XX   X\nXb bXXT TX\nX M XXT TX\nXXXXXXXXXX\n", "Health: 9 X: 8 Y: 1\nXXXXXXXXXX\nXT TX  mHX\nX   XXX  X\nX        X\nX   XX   X\nXX XXXX XX\nX  oXXb  X\nX   XX   X\nXe       X\nX   XX   X\nXX XXXX XX\nX   XX   X\nX   XX   X\nX      T X\nX   XX   X\nXX XXXX XX\nX   XX   X\nXb bXXT TX\nX M XXT TX\nXXXXXXXXXX\n", "Health: 9 X: 7 Y: 1\nXXXXXXXXXX\nXT TX  m X\nX   XXX  X\nX        X\nX   XX   X\nXX XXXX XX\nX  oXXb  X\nX   XX   X\nXe       X\nX   XX   X\nXX XXXX XX\nX   XX   X\nX   XX   X\nX      T X\nX   XX   X\nXX XXXX XX\nX   XX   X\nXb bXXT TX\nX M XXT TX\nXXXXXXXXXX\n", "Health: 9 X: 6 Y: 1\nXXXXXXXXXX\nXT TX Hm X\nX   XXX  X\nX        X\nX   XX   X\nXX XXXX XX\nX  oXXb  X\nX   XX   X\nXe       X\nX   XX   X\nXX XXXX XX\nX   XX   X\nX   XX   X\nX      T X\nX   XX   X\nXX XXXX XX\nX   XX   X\nXb bXXT TX\nX M XXT TX\nXXXXXXXXXX\n", "Health: 9 X: 5 Y: 1\nXXXXXXXXXX\nXT TXH m X\nX   XXX  X\nX        X\nX   XX   X\nXX XXXX XX\nX  oXXb  X\nX   XX   X\nXe       X\nX   XX   X\nXX XXXX XX\nX   XX   X\nX   XX   X\nX      T X\nX   XX   X\nXX XXXX XX\nX   XX   X\nXb bXXT TX\nX M XXT TX\nXXXXXXXXXX\n", "Health: 9 X: 5 Y: 1\nXXXXXXXXXX\nXT TXH m X\nX   XXX  X\nX        X\nX   XX   X\nXX XXXX XX\nX  oXXb  X\nX   XX   X\nXe       X\nX   XX   X\nXX XXXX XX\nX   XX   X\nX   XX   X\nX      T X\nX   XX   X\nXX XXXX XX\nX   XX   X\nXb bXXT TX\nX M XXT TX\nXXXXXXXXXX\n", "Health: 9 X: 6 Y: 1\nXXXXXXXXXX\nXT TX Hm X\nX   XXX  X\nX        X\nX   XX   X\nXX XXXX XX\nX  oXXb  X\nX   XX   X\nXe       X\nX   XX   X\nXX XXXX XX\nX   XX   X\nX   XX   X\nX      T X\nX   XX   X\nXX XXXX XX\nX   XX   X\nXb bXXT TX\nX M XXT TX\nXXXXXXXXXX\n", "Health: 9 X: 7 Y: 1\nXXXXXXXXXX\nXT TX  m X\nX   XXX  X\nX        X\nX   XX   X\nXX XXXX XX\nX  oXXb  X\nX   XX   X\nXe       X\nX   XX   X\nXX XXXX XX\nX   XX   X\nX   XX   X\nX      T X\nX   XX   X\nXX XXXX XX\nX   XX   X\nXb bXXT TX\nX M XXT TX\nXXXXXXXXXX\n", "Health: 9 X: 7 Y: 2\nXXXXXXXXXX\nXT TX  m X\nX   XXXH X\nX        X\nX   XX   X\nXX XXXX XX\nX  oXXb  X\nX   XX   X\nXe       X\nX   XX   X\nXX XXXX XX\nX   XX   X\nX   XX   X\nX      T X\nX   XX   X\nXX XXXX XX\nX   XX   X\nXb bXXT TX\nX M XXT TX\nXXXXXXXXXX\n", "Health: 9 X: 7 Y: 3\nXXXXXXXXXX\nXT TX  m X\nX   XXX  X\nX      H X\nX   XX   X\nXX XXXX XX\nX  oXXb  X\nX   XX   X\nXe       X\nX   XX   X\nXX XXXX XX\nX   XX   X\nX   XX   X\nX      T X\nX   XX   X\nXX XXXX XX\nX   XX   X\nXb bXXT TX\nX M XXT TX\nXXXXXXXXXX\n", "Health: 9 X: 7 Y: 4\nXXXXXXXXXX\nXT TX    X\nX   XXXm X\nX        X\nX   XX H X\nXX XXXX XX\nX  oXXb  X\nX   XX   X\nXe       X\nX   XX   X\nXX XXXX XX\nX   XX   X\nX   XX   X\nX      T X\nX   XX   X\nXX XXXX XX\nX   XX   X\nXb bXXT TX\nX M XXT TX\nXXXXXXXXXX\n", "Health: 9 X: 7 Y: 5\nXXXXXXXXXX\nXT TX    X\nX   XXX  X\nX      m X\nX   XX   X\nXX XXXXHXX\nX  oXXb  X\nX   XX   X\nXe       X\nX   XX   X\nXX XXXX XX\nX   XX   X\nX   XX   X\nX      T X\nX   XX   X\nXX XXXX XX\nX   XX   X\nXb bXXT TX\nX M XXT TX\nXXXXXXXXXX\n", "Health: 6 X: 7 Y: 6\nXXXXXXXXXX\nXT TX    X\nX   XXX  X\nX        X\nX   XX m X\nXX XXXX XX\nX  oXXb  X\nX   XX   X\nXe       X\nX   XX   X\nXX XXXX XX\nX   XX   X\nX   XX   X\nX      T X\nX   XX   X\nXX XXXX XX\nX   XX   X\nXb bXXT TX\nX M XXT TX\nXXXXXXXXXX\n", "Health: 6 X: 7 Y: 7\nXXXXXXXXXX\nXT TX    X\nX   XXX  X\nX        X\nX   XX   X\nXX XXXXmXX\nX  oXX b X\nX   XX H X\nXe       X\nX   XX   X\nXX XXXX XX\nX   XX   X\nX   XX   X\nX      T X\nX   XX   X\nXX XXXX XX\nX   XX   X\nXb bXXT TX\nX M XXT TX\nXXXXXXXXXX\n", "Health: 6 X: 7 Y: 8\nXXXXXXXXXX\nXT TX    X\nX   XXX  X\nX        X\nX   XX   X\nXX XXXXmXX\nX  oXX   X\nX   XX b X\nXe     H X\nX   XX   X\nXX XXXX XX\nX   XX   X\nX   XX   X\nX      T X\nX   XX   X\nXX XXXX XX\nX   XX   X\nXb bXXT TX\nX M XXT TX\nXXXXXXXXXX\n", "Health: 6 X: 7 Y: 8\nXXXXXXXXXX\nXT TX    X\nX   XXX  X\nX        X\nX   XX   X\nXX XXXXmXX\nX  oXX   X\nX   XX \u221e X\nXe     H X\nX   XX   X\nXX XXXX XX\nX   XX   X\nX   XX   X\nX      T X\nX   XX   X\nXX XXXX XX\nX   XX   X\nXb bXXT TX\nX M XXT TX\nXXXXXXXXXX\n", "Health: 6 X: 7 Y: 7\nXXXXXXXXXX\nXT TX    X\nX   XXX  X\nX        X\nX   XX   X\nXX XXXXmXX\nX  oXX   X\nX   XX \u221e X\nXe       X\nX   XX   X\nXX XXXX XX\nX   XX   X\nX   XX   X\nX      T X\nX   XX   X\nXX XXXX XX\nX   XX   X\nXb bXXT TX\nX M XXT TX\nXXXXXXXXXX\n", "Health: 6 X: 7 Y: 6\nXXXXXXXXXX\nXT TX    X\nX   XXX  X\nX        X\nX   XX   X\nXX XXXXmXX\nX  oXX   X\nX   XX \u221e X\nXe       X\nX   XX   X\nXX XXXX XX\nX   XX   X\nX   XX   X\nX      T X\nX   XX   X\nXX XXXX XX\nX   XX   X\nXb bXXT TX\nX M XXT TX\nXXXXXXXXXX\n", "Health: 6 X: 7 Y: 5\nXXXXXXXXXX\nXT TX    X\nX   XXX  X\nX        X\nX   XX   X\nXX XXXXmXX\nX  oXX   X\nX   XX \u221e X\nXe       X\nX   XX   X\nXX XXXX XX\nX   XX   X\nX   XX   X\nX      T X\nX   XX   X\nXX XXXX XX\nX   XX   X\nXb bXXT TX\nX M XXT TX\nXXXXXXXXXX\n", "Health: 6 X: 7 Y: 6\nXXXXXXXXXX\nXT TX    X\nX   XXX  X\nX        X\nX   XX   X\nXX XXXXmXX\nX  oXX   X\nX   XX \u221e X\nXe       X\nX   XX   X\nXX XXXX XX\nX   XX   X\nX   XX   X\nX      T X\nX   XX   X\nXX XXXX XX\nX   XX   X\nXb bXXT TX\nX M XXT TX\nXXXXXXXXXX\n", "Health: 6 X: 7 Y: 7\nXXXXXXXXXX\nXT TX    X\nX   XXX  X\nX        X\nX   XX   X\nXX XXXX XX\nX  oXX   X\nX   XX \u221e X\nXe       X\nX   XX   X\nXX XXXX XX\nX   XX   X\nX   XX   X\nX      T X\nX   XX   X\nXX XXXX XX\nX   XX   X\nXb bXXT TX\nX M XXT TX\nXXXXXXXXXX\n", "Health: 6 X: 7 Y: 8\nXXXXXXXXXX\nXT TX    X\nX   XXX  X\nX        X\nX   XX   X\nXX XXXX XX\nX  oXX   X\nX   XX \u221e X\nXe     H X\nX   XX   X\nXX XXXX XX\nX   XX   X\nX   XX   X\nX      T X\nX   XX   X\nXX XXXX XX\nX   XX   X\nXb bXXT TX\nX M XXT TX\nXXXXXXXXXX\n", "Health: 6 X: 7 Y: 8\nXXXXXXXXXX\nXT TX    X\nX   XXX  X\nX        X\nX   XX   X\nXX XXXX XX\nX  oXX   X\nX   XX \u221e X\nXe     H X\nX   XX   X\nXX XXXX XX\nX   XX   X\nX   XX   X\nX      T X\nX   XX   X\nXX XXXX XX\nX   XX   X\nXb bXXT TX\nX M XXT TX\nXXXXXXXXXX\n", "Health: 6 X: 7 Y: 7\nXXXXXXXXXX\nXT TX    X\nX   XXX  X\nX        X\nX   XX   X\nXX XXXX XX\nX  oXX   X\nX   XX \u221e X\nXe       X\nX   XX   X\nXX XXXX XX\nX   XX   X\nX   XX   X\nX      T X\nX   XX   X\nXX XXXX XX\nX   XX   X\nXb bXXT TX\nX M XXT TX\nXXXXXXXXXX\n", "Health: 6 X: 7 Y: 6\nXXXXXXXXXX\nXT TX    X\nX   XXX  X\nX        X\nX   XX   X\nXX XXXX XX\nX  oXX   X\nX   XX \u221e X\nXe       X\nX   XX   X\nXX XXXX XX\nX   XX   X\nX   XX   X\nX      T X\nX   XX   X\nXX XXXX XX\nX   XX   X\nXb bXXT TX\nX M XXT TX\nXXXXXXXXXX\n", "Health: 6 X: 7 Y: 5\nXXXXXXXXXX\nXT TX    X\nX   XXX  X\nX        X\nX   XX   X\nXX XXXXHXX\nX  oXX   X\nX   XX \u221e X\nXe       X\nX   XX   X\nXX XXXX XX\nX   XX   X\nX   XX   X\nX      T X\nX   XX   X\nXX XXXX XX\nX   XX   X\nXb bXXT TX\nX M XXT TX\nXXXXXXXXXX\n", "Health: 6 X: 7 Y: 4\nXXXXXXXXXX\nXT TX    X\nX   XXX  X\nX        X\nX   XX H X\nXX XXXX XX\nX  oXX   X\nX   XX \u221e X\nXe       X\nX   XX   X\nXX XXXX XX\nX   XX   X\nX   XX   X\nX      T X\nX   XX   X\nXX XXXX XX\nX   XX   X\nXb bXXT TX\nX M XXT TX\nXXXXXXXXXX\n", "Health: 6 X: 7 Y: 3\nXXXXXXXXXX\nXT TX    X\nX   XXX  X\nX      H X\nX   XX   X\nXX XXXX XX\nX  oXX   X\nX   XX \u221e X\nXe       X\nX   XX   X\nXX XXXX XX\nX   XX   X\nX   XX   X\nX      T X\nX   XX   X\nXX XXXX XX\nX   XX   X\nXb bXXT TX\nX M XXT TX\nXXXXXXXXXX\n", "Health: 6 X: 6 Y: 3\nXXXXXXXXXX\nXT TX    X\nX   XXX  X\nX     H  X\nX   XX   X\nXX XXXXmXX\nX  oXX   X\nX   XX \u221e X\nXe       X\nX   XX   X\nXX XXXX XX\nX   XX   X\nX   XX   X\nX      T X\nX   XX   X\nXX XXXX XX\nX   XX   X\nXb bXXT TX\nX M XXT TX\nXXXXXXXXXX\n", "Health: 6 X: 5 Y: 3\nXXXXXXXXXX\nXT TX    X\nX   XXX  X\nX    H   X\nX   XX m X\nXX XXXX XX\nX  oXX   X\nX   XX \u221e X\nXe       X\nX   XX   X\nXX XXXX XX\nX   XX   X\nX   XX   X\nX      T X\nX   XX   X\nXX XXXX XX\nX   XX   X\nXb bXXT TX\nX M XXT TX\nXXXXXXXXXX\n", "Health: 6 X: 4 Y: 3\nXXXXXXXXXX\nXT TX    X\nX   XXX  X\nX   H  m X\nX   XX   X\nXX XXXX XX\nX  oXX   X\nX   XX \u221e X\nXe       X\nX   XX   X\nXX XXXX XX\nX   XX   X\nX   XX   X\nX      T X\nX   XX   X\nXX XXXX XX\nX   XX   X\nXb bXXT TX\nX M XXT TX\nXXXXXXXXXX\n", "Health: 6 X: 3 Y: 3\nXXXXXXXXXX\nXT TX    X\nX   XXX  X\nX  H  m  X\nX   XX   X\nXX XXXX XX\nX  oXX   X\nX   XX \u221e X\nXe       X\nX   XX   X\nXX XXXX XX\nX   XX   X\nX   XX   X\nX      T X\nX   XX   X\nXX XXXX XX\nX   XX   X\nXb bXXT TX\nX M XXT TX\nXXXXXXXXXX\n", "Health: 6 X: 4 Y: 3\nXXXXXXXXXX\nXT TX    X\nX   XXX  X\nX   Hm   X\nX   XX   X\nXX XXXX XX\nX  oXX   X\nX   XX \u221e X\nXe       X\nX   XX   X\nXX XXXX XX\nX   XX   X\nX   XX   X\nX      T X\nX   XX   X\nXX XXXX XX\nX   XX   X\nXb bXXT TX\nX M XXT TX\nXXXXXXXXXX\n", "Health: 6 X: 3 Y: 3\nXXXXXXXXXX\nXT TX    X\nX   XXX  X\nX  Hm    X\nX   XX   X\nXX XXXX XX\nX  oXX   X\nX   XX \u221e X\nXe       X\nX   XX   X\nXX XXXX XX\nX   XX   X\nX   XX   X\nX      T X\nX   XX   X\nXX XXXX XX\nX   XX   X\nXb bXXT TX\nX M XXT TX\nXXXXXXXXXX\n", "Health: 6 X: 3 Y: 2\nXXXXXXXXXX\nXT TX    X\nX  HXXX  X\nX  m     X\nX   XX   X\nXX XXXX XX\nX  oXX   X\nX   XX \u221e X\nXe       X\nX   XX   X\nXX XXXX XX\nX   XX   X\nX   XX   X\nX      T X\nX   XX   X\nXX XXXX XX\nX   XX   X\nXb bXXT TX\nX M XXT TX\nXXXXXXXXXX\n", "Health: 6 X: 3 Y: 1\nXXXXXXXXXX\nXT  X    X\nX  mXXX  X\nX        X\nX   XX   X\nXX XXXX XX\nX  oXX   X\nX   XX \u221e X\nXe       X\nX   XX   X\nXX XXXX XX\nX   XX   X\nX   XX   X\nX      T X\nX   XX   X\nXX XXXX XX\nX   XX   X\nXb bXXT TX\nX M XXT TX\nXXXXXXXXXX\n", "Health: 6 X: 3 Y: 1\nXXXXXXXXXX\nXT  X    X\nX  mXXX  X\nX        X\nX   XX   X\nXX XXXX XX\nX  oXX   X\nX   XX \u221e X\nXe       X\nX   XX   X\nXX XXXX XX\nX   XX   X\nX   XX   X\nX      T X\nX   XX   X\nXX XXXX XX\nX   XX   X\nXb bXXT TX\nX M XXT TX\nXXXXXXXXXX\n", "Health: 6 X: 3 Y: 2\nXXXXXXXXXX\nXT  X    X\nX  mXXX  X\nX        X\nX   XX   X\nXX XXXX XX\nX  oXX   X\nX   XX \u221e X\nXe       X\nX   XX   X\nXX XXXX XX\nX   XX   X\nX   XX   X\nX      T X\nX   XX   X\nXX XXXX XX\nX   XX   X\nXb bXXT TX\nX M XXT TX\nXXXXXXXXXX\n", "Health: 6 X: 3 Y: 1\nXXXXXXXXXX\nXT  X    X\nX  mXXX  X\nX        X\nX   XX   X\nXX XXXX XX\nX  oXX   X\nX   XX \u221e X\nXe       X\nX   XX   X\nXX XXXX XX\nX   XX   X\nX   XX   X\nX      T X\nX   XX   X\nXX XXXX XX\nX   XX   X\nXb bXXT TX\nX M XXT TX\nXXXXXXXXXX\n", "Health: 6 X: 2 Y: 1\nXXXXXXXXXX\nXTH X    X\nX  mXXX  X\nX        X\nX   XX   X\nXX XXXX XX\nX  oXX   X\nX   XX \u221e X\nXe       X\nX   XX   X\nXX XXXX XX\nX   XX   X\nX   XX   X\nX      T X\nX   XX   X\nXX XXXX XX\nX   XX   X\nXbMbXXT TX\nX   XXT TX\nXXXXXXXXXX\n", "Health: 6 X: 1 Y: 1\nXXXXXXXXXX\nX   X    X\nX  mXXX  X\nX        X\nX   XX   X\nXX XXXX XX\nX  oXX   X\nX   XX \u221e X\nXe       X\nX   XX   X\nXX XXXX XX\nX   XX   X\nX   XX   X\nX      T X\nX   XX   X\nXX XXXX XX\nX   XX   X\nXbMbXXT TX\nX   XXT TX\nXXXXXXXXXX\n", "Health: 6 X: 2 Y: 1\nXXXXXXXXXX\nX HmX    X\nX   XXX  X\nX        X\nX   XX   X\nXX XXXX XX\nX  oXX   X\nX   XX \u221e X\nXe       X\nX   XX   X\nXX XXXX XX\nX   XX   X\nX   XX   X\nX      T X\nX   XX   X\nXX XXXX XX\nX M XX   X\nXb bXXT TX\nX   XXT TX\nXXXXXXXXXX\n", "Health: 6 X: 2 Y: 2\nXXXXXXXXXX\nX m X    X\nX H XXX  X\nX        X\nX   XX   X\nXX XXXX XX\nX  oXX   X\nX   XX \u221e X\nXe       X\nX   XX   X\nXX XXXX XX\nX   XX   X\nX   XX   X\nX      T X\nX   XX   X\nXXMXXXX XX\nX   XX   X\nXb bXXT TX\nX   XXT TX\nXXXXXXXXXX\n", "Health: 6 X: 2 Y: 3\nXXXXXXXXXX\nX   X    X\nX m XXX  X\nX H      X\nX   XX   X\nXX XXXX XX\nX  oXX   X\nX   XX \u221e X\nXe       X\nX   XX   X\nXX XXXX XX\nX   XX   X\nX   XX   X\nX      T X\nX M XX   X\nXX XXXX XX\nX   XX   X\nXb bXXT TX\nX   XXT TX\nXXXXXXXXXX\n", "Health: 6 X: 2 Y: 4\nXXXXXXXXXX\nX   X    X\nX   XXX  X\nX m      X\nX H XX   X\nXX XXXX XX\nX  oXX   X\nX   XX \u221e X\nXe       X\nX   XX   X\nXX XXXX XX\nX   XX   X\nX   XX   X\nX M    T X\nX   XX   X\nXX XXXX XX\nX   XX   X\nXb bXXT TX\nX   XXT TX\nXXXXXXXXXX\n", "Health: 6 X: 2 Y: 4\nXXXXXXXXXX\nX   X    X\nX   XXX  X\nX m      X\nX H XX   X\nXX XXXX XX\nX  oXX   X\nX   XX \u221e X\nXe       X\nX   XX   X\nXX XXXX XX\nX   XX   X\nX M XX   X\nX      T X\nX   XX   X\nXX XXXX XX\nX   XX   X\nXb bXXT TX\nX   XXT TX\nXXXXXXXXXX\n", "Health: 6 X: 2 Y: 3\nXXXXXXXXXX\nX   X    X\nX   XXX  X\nX m      X\nX   XX   X\nXX XXXX XX\nX  oXX   X\nX   XX \u221e X\nXe       X\nX   XX   X\nXX XXXX XX\nX M XX   X\nX   XX   X\nX      T X\nX   XX   X\nXX XXXX XX\nX   XX   X\nXb bXXT TX\nX   XXT TX\nXXXXXXXXXX\n", "Health: 6 X: 2 Y: 4\nXXXXXXXXXX\nX   X    X\nX   XXX  X\nX m      X\nX H XX   X\nXX XXXX XX\nX  oXX   X\nX   XX \u221e X\nXe       X\nX   XX   X\nXXMXXXX XX\nX   XX   X\nX   XX   X\nX      T X\nX   XX   X\nXX XXXX XX\nX   XX   X\nXb bXXT TX\nX   XXT TX\nXXXXXXXXXX\n", "Health: 6 X: 2 Y: 5\nXXXXXXXXXX\nX   X    X\nX   XXX  X\nX m      X\nX   XX   X\nXXHXXXX XX\nX  oXX   X\nX   XX \u221e X\nXe       X\nX M XX   X\nXX XXXX XX\nX   XX   X\nX   XX   X\nX      T X\nX   XX   X\nXX XXXX XX\nX   XX   X\nXb bXXT TX\nX   XXT TX\nXXXXXXXXXX\n", "Health: 4 X: 2 Y: 6\nXXXXXXXXXX\nX   X    X\nX   XXX  X\nX m      X\nX   XX   X\nXX XXXX XX\nX  oXX   X\nX   XX \u221e X\nXeM      X\nX   XX   X\nXX XXXX XX\nX   XX   X\nX   XX   X\nX      T X\nX   XX   X\nXX XXXX XX\nX   XX   X\nXb bXXT TX\nX   XXT TX\nXXXXXXXXXX\n", "Health: 4 X: 2 Y: 6\nXXXXXXXXXX\nX   X    X\nX   XXX  X\nX        X\nX m XX   X\nXX XXXX XX\nX  \u221eXX   X\nX M XX \u221e X\nXe       X\nX   XX   X\nXX XXXX XX\nX   XX   X\nX   XX   X\nX      T X\nX   XX   X\nXX XXXX XX\nX   XX   X\nXb bXXT TX\nX   XXT TX\nXXXXXXXXXX\n", "Health: 4 X: 3 Y: 6\nXXXXXXXXXX\nX   X    X\nX   XXX  X\nX        X\nX   XX   X\nXXmXXXX XX\nX M\u221eXX   X\nX   XX \u221e X\nXe       X\nX   XX   X\nXX XXXX XX\nX   XX   X\nX   XX   X\nX      T X\nX   XX   X\nXX XXXX XX\nX   XX   X\nXb bXXT TX\nX   XXT TX\nXXXXXXXXXX\n", "Health: 4 X: 3 Y: 7\nXXXXXXXXXX\nX   X    X\nX   XXX  X\nX        X\nX   XX   X\nXX XXXX XX\nX \u221e\u221eXX   X\nX  HXX \u221e X\nXe       X\nX   XX   X\nXX XXXX XX\nX   XX   X\nX   XX   X\nX      T X\nX   XX   X\nXX XXXX XX\nX   XX   X\nXb bXXT TX\nX   XXT TX\nXXXXXXXXXX\n", "Health: 4 X: 3 Y: 8\nXXXXXXXXXX\nX   X    X\nX   XXX  X\nX        X\nX   XX   X\nXX XXXX XX\nX \u221e\u221eXX   X\nX   XX \u221e X\nXe H     X\nX   XX   X\nXX XXXX XX\nX   XX   X\nX   XX   X\nX      T X\nX   XX   X\nXX XXXX XX\nX   XX   X\nXb bXXT TX\nX   XXT TX\nXXXXXXXXXX\n", "Health: 4 X: 3 Y: 9\nXXXXXXXXXX\nX   X    X\nX   XXX  X\nX        X\nX   XX   X\nXX XXXX XX\nX \u221e\u221eXX   X\nX   XX \u221e X\nXe       X\nX  HXX   X\nXX XXXX XX\nX   XX   X\nX   XX   X\nX      T X\nX   XX   X\nXX XXXX XX\nX   XX   X\nXb bXXT TX\nX   XXT TX\nXXXXXXXXXX\n", "Health: 4 X: 2 Y: 9\nXXXXXXXXXX\nX   X    X\nX   XXX  X\nX        X\nX   XX   X\nXX XXXX XX\nX \u221e\u221eXX   X\nX   XX \u221e X\nXe       X\nX H XX   X\nXX XXXX XX\nX   XX   X\nX   XX   X\nX      T X\nX   XX   X\nXX XXXX XX\nX   XX   X\nXb bXXT TX\nX   XXT TX\nXXXXXXXXXX\n", "Health: 4 X: 2 Y: 10\nXXXXXXXXXX\nX   X    X\nX   XXX  X\nX        X\nX   XX   X\nXX XXXX XX\nX \u221e\u221eXX   X\nX   XX \u221e X\nXe       X\nX   XX   X\nXXHXXXX XX\nX   XX   X\nX   XX   X\nX      T X\nX   XX   X\nXX XXXX XX\nX   XX   X\nXb bXXT TX\nX   XXT TX\nXXXXXXXXXX\n", "Health: 4 X: 2 Y: 11\nXXXXXXXXXX\nX   X    X\nX   XXX  X\nX        X\nX   XX   X\nXX XXXX XX\nX \u221e\u221eXX   X\nX   XX \u221e X\nXe       X\nX   XX   X\nXX XXXX XX\nX H XX   X\nX   XX   X\nX      T X\nX   XX   X\nXX XXXX XX\nX   XX   X\nXb bXXT TX\nX   XXT TX\nXXXXXXXXXX\n", "Health: 4 X: 2 Y: 12\nXXXXXXXXXX\nX   X    X\nX   XXX  X\nX        X\nX   XX   X\nXX XXXX XX\nX \u221e\u221eXX   X\nX m XX \u221e X\nXe       X\nX   XX   X\nXX XXXX XX\nX   XX   X\nX H XX   X\nX      T X\nX   XX   X\nXX XXXX XX\nX   XX   X\nXb bXXT TX\nX   XXT TX\nXXXXXXXXXX\n", "Health: 4 X: 2 Y: 13\nXXXXXXXXXX\nX   X    X\nX   XXX  X\nX        X\nX   XX   X\nXX XXXX XX\nX \u221e\u221eXX   X\nX   XX \u221e X\nXem      X\nX   XX   X\nXX XXXX XX\nX   XX   X\nX   XX   X\nX H    T X\nX   XX   X\nXX XXXX XX\nX   XX   X\nXb bXXT TX\nX   XXT TX\nXXXXXXXXXX\n", "Health: 4 X: 2 Y: 14\nXXXXXXXXXX\nX   X    X\nX   XXX  X\nX        X\nX   XX   X\nXX XXXX XX\nX \u221e\u221eXX   X\nX   XX \u221e X\nXe       X\nX m XX   X\nXX XXXX XX\nX   XX   X\nX   XX   X\nX      T X\nX H XX   X\nXX XXXX XX\nX   XX   X\nXb bXXT TX\nX   XXT TX\nXXXXXXXXXX\n", "Health: 4 X: 2 Y: 15\nXXXXXXXXXX\nX   X    X\nX   XXX  X\nX        X\nX   XX   X\nXX XXXX XX\nX \u221e\u221eXX   X\nX   XX \u221e X\nXe       X\nX   XX   X\nXXmXXXX XX\nX   XX   X\nX   XX   X\nX      T X\nX   XX   X\nXXHXXXX XX\nXb bXX   X\nX   XXT TX\nX   XXT TX\nXXXXXXXXXX\n", "Health: 2 X: 2 Y: 16\nXXXXXXXXXX\nX   X    X\nX   XXX  X\nX        X\nX   XX   X\nXX XXXX XX\nX \u221e\u221eXX   X\nX   XX \u221e X\nXe       X\nX   XX   X\nXX XXXX XX\nX m XX   X\nX   XX   X\nX      T X\nX   XX   X\nXX XXXX XX\nX\u221eH\u221eXX   X\nX   XXT TX\nX   XXT TX\nXXXXXXXXXX\n", "Health: 2 X: 2 Y: 15\nXXXXXXXXXX\nX   X    X\nX   XXX  X\nX        X\nX   XX   X\nXX XXXX XX\nX \u221e\u221eXX   X\nX   XX \u221e X\nXe       X\nX   XX   X\nXX XXXX XX\nX   XX   X\nX m XX   X\nX      T X\nX   XX   X\nXXHXXXX XX\nX\u221e \u221eXX   X\nX   XXT TX\nX   XXT TX\nXXXXXXXXXX\n", "Health: 2 X: 2 Y: 14\nXXXXXXXXXX\nX   X    X\nX   XXX  X\nX        X\nX   XX   X\nXX XXXX XX\nX \u221e\u221eXX   X\nX   XX \u221e X\nXe       X\nX   XX   X\nXX XXXX XX\nX   XX   X\nX   XX   X\nX m    T X\nX H XX   X\nXX XXXX XX\nX\u221e \u221eXX   X\nX   XXT TX\nX   XXT TX\nXXXXXXXXXX\n", "Health: 1 X: 2 Y: 13\nXXXXXXXXXX\nX   X    X\nX   XXX  X\nX        X\nX   XX   X\nXX XXXX XX\nX \u221e\u221eXX   X\nX   XX \u221e X\nXe       X\nX   XX   X\nXX XXXX XX\nX   XX   X\nX   XX   X\nX m    T X\nX   XX   X\nXX XXXX XX\nX\u221e \u221eXX   X\nX   XXT TX\nX   XXT TX\nXXXXXXXXXX\n", "Health: 1 X: 3 Y: 13\nXXXXXXXXXX\nX   X    X\nX   XXX  X\nX        X\nX   XX   X\nXX XXXX XX\nX \u221e\u221eXX   X\nX   XX \u221e X\nXe       X\nX   XX   X\nXX XXXX XX\nX   XX   X\nX   XX   X\nX mH   T X\nX   XX   X\nXX XXXX XX\nX\u221e \u221eXX   X\nX   XXT TX\nX   XXT TX\nXXXXXXXXXX\n", "Health: 1 X: 4 Y: 13\nXXXXXXXXXX\nX   X    X\nX   XXX  X\nX        X\nX   XX   X\nXX XXXX XX\nX \u221e\u221eXX   X\nX   XX \u221e X\nXe       X\nX   XX   X\nXX XXXX XX\nX   XX   X\nX   XX   X\nX m H  T X\nX   XX   X\nXX XXXX XX\nX\u221e \u221eXX   X\nX   XXT TX\nX   XXT TX\nXXXXXXXXXX\n", "Health: 1 X: 5 Y: 13\nXXXXXXXXXX\nX   X    X\nX   XXX  X\nX        X\nX   XX   X\nXX XXXX XX\nX \u221e\u221eXX   X\nX   XX \u221e X\nXe       X\nX   XX   X\nXX XXXX XX\nX   XX   X\nX   XX   X\nX m  H T X\nX   XX   X\nXX XXXX XX\nX\u221e \u221eXX   X\nX   XXT TX\nX   XXT TX\nXXXXXXXXXX\n", "Health: 1 X: 4 Y: 13\nXXXXXXXXXX\nX   X    X\nX   XXX  X\nX        X\nX   XX   X\nXX XXXX XX\nX \u221e\u221eXX   X\nX   XX \u221e X\nXe       X\nX   XX   X\nXX XXXX XX\nX   XX   X\nX   XX   X\nX m H  T X\nX   XX   X\nXX XXXX XX\nX\u221e \u221eXX   X\nX   XXT TX\nX   XXT TX\nXXXXXXXXXX\n", "Health: 1 X: 5 Y: 13\nXXXXXXXXXX\nX   X    X\nX   XXX  X\nX        X\nX   XX   X\nXX XXXX XX\nX \u221e\u221eXX   X\nX   XX \u221e X\nXe       X\nX   XX   X\nXX XXXX XX\nX   XX   X\nX   XX   X\nX  m H T X\nX   XX   X\nXX XXXX XX\nX\u221e \u221eXX   X\nX   XXT TX\nX   XXT TX\nXXXXXXXXXX\n", "Health: 1 X: 6 Y: 13\nXXXXXXXXXX\nX   X    X\nX   XXX  X\nX        X\nX   XX   X\nXX XXXX XX\nX \u221e\u221eXX   X\nX   XX \u221e X\nXe       X\nX   XX   X\nXX XXXX XX\nX   XX   X\nX   XX   X\nX   m HT X\nX   XX   X\nXX XXXX XX\nX\u221e \u221eXX   X\nX   XXT TX\nX   XXT TX\nXXXXXXXXXX\n", "Health: 1 X: 7 Y: 13\nXXXXXXXXXX\nX   X    X\nX   XXX  X\nX        X\nX   XX   X\nXX XXXX XX\nX \u221e\u221eXX   X\nX   XX \u221e X\nXe       X\nX   XX   X\nXX XXXX XX\nX   XX   X\nX   XX   X\nX    m   X\nX   XX   X\nXX XXXX XX\nX\u221e \u221eXX   X\nX   XXT TX\nX   XXT TX\nXXXXXXXXXX\n", "Health: 1 X: 8 Y: 13\nXXXXXXXXXX\nX   X    X\nX   XXX  X\nX        X\nX   XX   X\nXX XXXX XX\nX \u221e\u221eXX   X\nX   XX \u221e X\nXe       X\nX   XX   X\nXX XXXX XX\nX   XX   X\nX   XX   X\nX     m HX\nX   XX   X\nXX XXXX XX\nX\u221e \u221eXX   X\nX   XXT TX\nX   XXT TX\nXXXXXXXXXX\n", "Health: 1 X: 8 Y: 14\nXXXXXXXXXX\nX   X    X\nX   XXX  X\nX        X\nX   XX   X\nXX XXXX XX\nX \u221e\u221eXX   X\nX   XX \u221e X\nXe       X\nX   XX   X\nXX XXXX XX\nX   XX   X\nX   XX   X\nX        X\nX   XX  HX\nXX XXXX XX\nX\u221e \u221eXX   X\nX   XXT TX\nX   XXT TX\nXXXXXXXXXX\n", "Health: 1 X: 8 Y: 14\nXXXXXXXXXX\nX   X    X\nX   XXX  X\nX        X\nX   XX   X\nXX XXXX XX\nX \u221e\u221eXX   X\nX   XX \u221e X\nXe       X\nX   XX   X\nXX XXXX XX\nX   XX   X\nX   XX   X\nX        X\nX   XX  HX\nXX XXXX XX\nX\u221e \u221eXX   X\nX   XXT TX\nX   XXT TX\nXXXXXXXXXX\n", "Health: 1 X: 8 Y: 13\nXXXXXXXXXX\nX   X    X\nX   XXX  X\nX        X\nX   XX   X\nXX XXXX XX\nX \u221e\u221eXX   X\nX   XX \u221e X\nXe       X\nX   XX   X\nXX XXXX XX\nX   XX   X\nX   XX   X\nX       HX\nX   XX   X\nXX XXXX XX\nX\u221e \u221eXX   X\nX   XXT TX\nX   XXT TX\nXXXXXXXXXX\n", "Health: 1 X: 7 Y: 13\nXXXXXXXXXX\nX   X    X\nX   XXX  X\nX        X\nX   XX   X\nXX XXXX XX\nX \u221e\u221eXX   X\nX   XX \u221e X\nXe       X\nX   XX   X\nXX XXXX XX\nX   XX   X\nX   XX   X\nX        X\nX   XX   X\nXX XXXX XX\nX\u221e \u221eXX   X\nX   XXT TX\nX   XXT TX\nXXXXXXXXXX\n", "Health: 1 X: 7 Y: 14\nXXXXXXXXXX\nX   X    X\nX   XXX  X\nX        X\nX   XX   X\nXX XXXX XX\nX \u221e\u221eXX   X\nX   XX \u221e X\nXe       X\nX   XX   X\nXX XXXX XX\nX   XX   X\nX   XX   X\nX        X\nX   XX H X\nXX XXXX XX\nX\u221e \u221eXX   X\nX   XXT TX\nX   XXT TX\nXXXXXXXXXX\n", "Health: 1 X: 7 Y: 15\nXXXXXXXXXX\nX   X    X\nX   XXX  X\nX        X\nX   XX   X\nXX XXXX XX\nX \u221e\u221eXX   X\nX   XX \u221e X\nXe       X\nX   XX   X\nXX XXXX XX\nX   XX   X\nX   XX   X\nX        X\nX   XX   X\nXX XXXXHXX\nX\u221e \u221eXX   X\nX   XXT TX\nX   XXT TX\nXXXXXXXXXX\n", "Health: 1 X: 7 Y: 16\nXXXXXXXXXX\nX   X    X\nX   XXX  X\nX        X\nX   XX   X\nXX XXXX XX\nX \u221e\u221eXX   X\nX   XX \u221e X\nXe       X\nX   XX   X\nXX XXXX XX\nX   XX   X\nX   XX   X\nX        X\nX   XX m X\nXX XXXX XX\nX\u221e \u221eXX H X\nX   XXT TX\nX   XXT TX\nXXXXXXXXXX\n", "Health: 1 X: 7 Y: 17\nXXXXXXXXXX\nX   X    X\nX   XXX  X\nX        X\nX   XX   X\nXX XXXX XX\nX \u221e\u221eXX   X\nX   XX \u221e X\nXe       X\nX   XX   X\nXX XXXX XX\nX   XX   X\nX   XX   X\nX        X\nX   XX   X\nXX XXXXmXX\nX\u221e \u221eXX   X\nX   XXTHTX\nX   XXT TX\nXXXXXXXXXX\n", "Health: 1 X: 7 Y: 18\nXXXXXXXXXX\nX   X    X\nX   XXX  X\nX        X\nX   XX   X\nXX XXXX XX\nX \u221e\u221eXX   X\nX   XX \u221e X\nXe       X\nX   XX   X\nXX XXXX XX\nX   XX   X\nX   XX   X\nX        X\nX   XX   X\nXX XXXX XX\nX\u221e \u221eXX m X\nX   XXT TX\nX   XXTHTX\nXXXXXXXXXX\n", "Health: 1 X: 6 Y: 18\nXXXXXXXXXX\nX   X    X\nX   XXX  X\nX        X\nX   XX   X\nXX XXXX XX\nX \u221e\u221eXX   X\nX   XX \u221e X\nXe       X\nX   XX   X\nXX XXXX XX\nX   XX   X\nX   XX   X\nX        X\nX   XX   X\nXX XXXX XX\nX\u221e \u221eXXm  X\nX   XXT TX\nX   XX  TX\nXXXXXXXXXX\n", "Health: 1 X: 7 Y: 18\nXXXXXXXXXX\nX   X    X\nX   XXX  X\nX        X\nX   XX   X\nXX XXXX XX\nX \u221e\u221eXX   X\nX   XX \u221e X\nXe       X\nX   XX   X\nXX XXXX XX\nX   XX   X\nX   XX   X\nX        X\nX   XX   X\nXX XXXX XX\nX\u221e \u221eXX m X\nX   XXT TX\nX   XX HTX\nXXXXXXXXXX\n", "Health: 1 X: 8 Y: 18\nXXXXXXXXXX\nX   X    X\nX   XXX  X\nX        X\nX   XX   X\nXX XXXX XX\nX \u221e\u221eXX   X\nX   XX \u221e X\nXe       X\nX   XX   X\nXX XXXX XX\nX   XX   X\nX   XX   X\nX        X\nX   XX   X\nXX XXXX XX\nX\u221e \u221eXX  mX\nX   XXT TX\nX   XX   X\nXXXXXXXXXX\n", "Health: 1 X: 7 Y: 18\nXXXXXXXXXX\nX   X    X\nX   XXX  X\nX        X\nX   XX   X\nXX XXXX XX\nX \u221e\u221eXX   X\nX   XX \u221e X\nXe       X\nX   XX   X\nXX XXXX XX\nX   XX   X\nX   XX   X\nX        X\nX   XX   X\nXX XXXX XX\nX\u221e \u221eXX m X\nX   XXT TX\nX   XX H X\nXXXXXXXXXX\n", "Health: 1 X: 7 Y: 18\nXXXXXXXXXX\nX   X    X\nX   XXX  X\nX        X\nX   XX   X\nXX XXXX XX\nX \u221e\u221eXX   X\nX   XX \u221e X\nXe       X\nX   XX   X\nXX XXXX XX\nX   XX   X\nX   XX   X\nX        X\nX   XX   X\nXX XXXX XX\nX\u221e \u221eXX m X\nX   XXT TX\nX   XX H X\nXXXXXXXXXX\n", "Health: 1 X: 6 Y: 18\nXXXXXXXXXX\nX   X    X\nX   XXX  X\nX        X\nX   XX   X\nXX XXXX XX\nX \u221e\u221eXX   X\nX   XX \u221e X\nXe       X\nX   XX   X\nXX XXXX XX\nX   XX   X\nX   XX   X\nX        X\nX   XX   X\nXX XXXX XX\nX\u221e \u221eXX m X\nX   XXT TX\nX   XX   X\nXXXXXXXXXX\n", "Health: 1 X: 6 Y: 17\nXXXXXXXXXX\nX   X    X\nX   XXX  X\nX        X\nX   XX   X\nXX XXXX XX\nX \u221e\u221eXX   X\nX   XX \u221e X\nXe       X\nX   XX   X\nXX XXXX XX\nX   XX   X\nX   XX   X\nX        X\nX   XX   X\nXX XXXX XX\nX\u221e \u221eXX m X\nX   XX  TX\nX   XX   X\nXXXXXXXXXX\n", "Health: 1 X: 6 Y: 16\nXXXXXXXXXX\nX   X    X\nX   XXX  X\nX        X\nX   XX   X\nXX XXXX XX\nX \u221e\u221eXX   X\nX   XX \u221e X\nXe       X\nX   XX   X\nXX XXXX XX\nX   XX   X\nX   XX   X\nX        X\nX   XX   X\nXX XXXX XX\nX\u221e \u221eXXHm X\nX   XX  TX\nX   XX   X\nXXXXXXXXXX\n", "Health: 1 X: 7 Y: 16\nXXXXXXXXXX\nX   X    X\nX   XXX  X\nX        X\nX   XX   X\nXX XXXX XX\nX \u221e\u221eXX   X\nX   XX \u221e X\nXe       X\nX   XX   X\nXX XXXX XX\nX   XX   X\nX   XX   X\nX        X\nX   XX   X\nXX XXXX XX\nX\u221e \u221eXX m X\nX   XX  TX\nX   XX   X\nXXXXXXXXXX\n", "Health: 0 X: 8 Y: 16\nXXXXXXXXXX\nX   X    X\nX   XXX  X\nX        X\nX   XX   X\nXX XXXX XX\nX \u221e\u221eXX   X\nX   XX \u221e X\nXe       X\nX   XX   X\nXX XXXX XX\nX   XX   X\nX   XX   X\nX        X\nX   XX   X\nXX XXXX XX\nX\u221e \u221eXX  mX\nX   XX  TX\nX   XX   X\nXXXXXXXXXX\n"], "map_number": 101}, {"mechanics": [{"timestep": 2, "mechanic": "BlobPotion"}, {"timestep": 2, "mechanic": "BlobPotion"}, {"timestep": 4, "mechanic": "BlobPotion"}, {"timestep": 5, "mechanic": "JavelinThrow"}, {"timestep": 5, "mechanic": "BlobHit"}, {"timestep": 6, "mechanic": "OgreTreasure"}, {"timestep": 10, "mechanic": "MinitaurHit"}, {"timestep": 12, "mechanic": "OgreHit"}, {"timestep": 12, "mechanic": "BlobHit"}, {"timestep": 12, "mechanic": "BlobCombine"}, {"timestep": 19, "mechanic": "JavelinThrow"}, {"timestep": 23, "mechanic": "CollectPotion"}, {"timestep": 27, "mechanic": "UsePortal"}, {"timestep": 31, "mechanic": "JavelinThrow"}, {"timestep": 31, "mechanic": "MinitaurHit"}, {"timestep": 32, "mechanic": "BlobHit"}, {"timestep": 40, "mechanic": "CollectTreasure"}, {"timestep": 42, "mechanic": "CollectTreasure"}, {"timestep": 44, "mechanic": "JavelinThrow"}, {"timestep": 46, "mechanic": "MinitaurHit"}, {"timestep": 51, "mechanic": "CollectTreasure"}, {"timestep": 52, "mechanic": "JavelinThrow"}, {"timestep": 54, "mechanic": "MinitaurHit"}, {"timestep": 58, "mechanic": "CollectTreasure"}, {"timestep": 59, "mechanic": "JavelinThrow"}, {"timestep": 61, "mechanic": "MinitaurHit"}, {"timestep": 71, "mechanic": "MinitaurHit"}, {"timestep": 72, "mechanic": "MinitaurHit"}, {"timestep": 85, "mechanic": "CollectTreasure"}, {"timestep": 87, "mechanic": "JavelinThrow"}, {"timestep": 89, "mechanic": "MinitaurHit"}, {"timestep": 94, "mechanic": "ReachStairs"}, {"timestep": 94, "mechanic": "MinitaurHit"}], "frequencies": {"BlobPotion": 3, "JavelinThrow": 7, "BlobHit": 3, "OgreTreasure": 1, "MinitaurHit": 9, "OgreHit": 1, "BlobCombine": 1, "CollectPotion": 1, "UsePortal": 1, "CollectTreasure": 5, "ReachStairs": 1}, "levelReport": {"utilityGained": 0.0, "exitUtility": 1.0, "runnerUtility": 0.050000000000000044, "loitererUtility": 95.0, "completionistUtility": 0.7861111111111111, "monsterKillerUtility": 1.0, "treasureCollectorUtility": 0.8833333333333333, "turnsTaken": 95, "health": 2, "healthLost": 10, "alive": true, "javelinsThrown": 7, "monsterKills": 5, "minitaurKnockouts": 10, "treasuresCollected": 5, "potionsTaken": 1, "totalMonsters": 6, "totalTreasures": 6, "totalPotions": 4, "timeTaken": 0.0}, "positions": [{"X": 5, "Y": 12}, {"X": 6, "Y": 12}, {"X": 7, "Y": 12}, {"X": 7, "Y": 13}, {"X": 7, "Y": 14}, {"X": 7, "Y": 14}, {"X": 6, "Y": 14}, {"X": 5, "Y": 14}, {"X": 4, "Y": 14}, {"X": 3, "Y": 14}, {"X": 3, "Y": 13}, {"X": 3, "Y": 12}, {"X": 3, "Y": 11}, {"X": 2, "Y": 11}, {"X": 2, "Y": 10}, {"X": 2, "Y": 9}, {"X": 2, "Y": 8}, {"X": 3, "Y": 8}, {"X": 3, "Y": 7}, {"X": 3, "Y": 7}, {"X": 3, "Y": 6}, {"X": 3, "Y": 5}, {"X": 2, "Y": 5}, {"X": 2, "Y": 6}, {"X": 2, "Y": 5}, {"X": 2, "Y": 4}, {"X": 3, "Y": 4}, {"X": 4, "Y": 15}, {"X": 5, "Y": 15}, {"X": 5, "Y": 14}, {"X": 5, "Y": 13}, {"X": 5, "Y": 13}, {"X": 4, "Y": 13}, {"X": 3, "Y": 13}, {"X": 2, "Y": 13}, {"X": 1, "Y": 13}, {"X": 1, "Y": 14}, {"X": 1, "Y": 15}, {"X": 1, "Y": 16}, {"X": 1, "Y": 17}, {"X": 1, "Y": 18}, {"X": 2, "Y": 18}, {"X": 3, "Y": 18}, {"X": 3, "Y": 17}, {"X": 3, "Y": 17}, {"X": 3, "Y": 16}, {"X": 3, "Y": 15}, {"X": 3, "Y": 16}, {"X": 3, "Y": 17}, {"X": 4, "Y": 17}, {"X": 5, "Y": 17}, {"X": 5, "Y": 18}, {"X": 5, "Y": 18}, {"X": 5, "Y": 17}, {"X": 5, "Y": 16}, {"X": 5, "Y": 17}, {"X": 5, "Y": 18}, {"X": 6, "Y": 18}, {"X": 7, "Y": 18}, {"X": 7, "Y": 18}, {"X": 7, "Y": 17}, {"X": 7, "Y": 16}, {"X": 6, "Y": 16}, {"X": 5, "Y": 16}, {"X": 5, "Y": 15}, {"X": 5, "Y": 14}, {"X": 5, "Y": 13}, {"X": 5, "Y": 12}, {"X": 5, "Y": 11}, {"X": 4, "Y": 11}, {"X": 3, "Y": 11}, {"X": 4, "Y": 11}, {"X": 5, "Y": 11}, {"X": 5, "Y": 10}, {"X": 5, "Y": 9}, {"X": 5, "Y": 8}, {"X": 5, "Y": 7}, {"X": 5, "Y": 6}, {"X": 6, "Y": 6}, {"X": 6, "Y": 5}, {"X": 6, "Y": 4}, {"X": 6, "Y": 3}, {"X": 7, "Y": 3}, {"X": 7, "Y": 2}, {"X": 8, "Y": 2}, {"X": 8, "Y": 1}, {"X": 8, "Y": 2}, {"X": 8, "Y": 2}, {"X": 7, "Y": 2}, {"X": 6, "Y": 2}, {"X": 5, "Y": 2}, {"X": 4, "Y": 2}, {"X": 3, "Y": 2}, {"X": 3, "Y": 1}, {"X": 4, "Y": 1}], "levelStates": ["Health: 10 X: 5 Y: 12\nXXXXXXXXXX\nX X e X TX\nXM       X\nX   X   XX\nX   T    X\nXX  XX   X\nX P     bX\nX X X  X X\nXT     o X\nX        X\nX  X   XPX\nX        X\nXX   H  XX\nX        X\nXb      bX\nX X T  X X\nXP   m  PX\nX        X\nXT TXT TXX\nXXXXXXXXXX\n", "Health: 10 X: 6 Y: 12\nXXXXXXXXXX\nX X e X TX\nXM       X\nX   X   XX\nX   T    X\nXX  XX   X\nX P      X\nX X X  XbX\nXT    o  X\nX        X\nX  X   XPX\nX        X\nXX    H XX\nX        X\nX        X\nXbX Tm XbX\nXP      PX\nX        X\nXT TXT TXX\nXXXXXXXXXX\n", "Health: 10 X: 7 Y: 12\nXXXXXXXXXX\nX X e X TX\nXM       X\nX   X   XX\nX   T    X\nXX  XX   X\nX P      X\nX X X  X X\nXT   o  bX\nX        X\nX  X   XPX\nX        X\nXX     HXX\nX        X\nX    m   X\nX X T  X X\nX        X\nX        X\nXT TXT TXX\nXXXXXXXXXX\n", "Health: 10 X: 7 Y: 13\nXXXXXXXXXX\nX X e X TX\nXM       X\nX   X   XX\nX   T    X\nXX  XX   X\nX P      X\nX X X  X X\nXT  o    X\nX       bX\nX  X   XPX\nX        X\nXX      XX\nX    m H X\nX        X\nX X T  XbX\nX        X\nX        X\nXT TXT TXX\nXXXXXXXXXX\n", "Health: 10 X: 7 Y: 14\nXXXXXXXXXX\nX X e X TX\nXM       X\nX   X   XX\nX   T    X\nXX  XX   X\nX P      X\nX X X  X X\nXT o     X\nX        X\nX  X   X X\nX        X\nXX      XX\nX     m  X\nX      HbX\nX X T  X X\nX        X\nX        X\nXT TXT TXX\nXXXXXXXXXX\n", "Health: 8 X: 7 Y: 14\nXXXXXXXXXX\nX X e X TX\nXM       X\nX   X   XX\nX   T    X\nXX  XX   X\nX P      X\nX X X  X X\nXTo      X\nX        X\nX  X   X X\nX        X\nXX      XX\nX      m X\nX      HbX\nX X T  X X\nX        X\nX        X\nXT TXT TXX\nXXXXXXXXXX\n", "Health: 8 X: 6 Y: 14\nXXXXXXXXXX\nX X e X TX\nX M      X\nX   X   XX\nX   T    X\nXX  XX   X\nX P      X\nX X X  X X\nXo       X\nX        X\nX  X   X X\nX       bX\nXX      XX\nX     m  X\nX     Hb X\nX X T  X X\nX        X\nX        X\nXT TXT TXX\nXXXXXXXXXX\n", "Health: 8 X: 5 Y: 14\nXXXXXXXXXX\nX X e X TX\nX  M     X\nX   X   XX\nX   T    X\nXX  XX   X\nX P      X\nX X X  X X\nX o      X\nX        X\nX  X   X X\nX       bX\nXX      XX\nX    m   X\nX    Hb  X\nX X T  X X\nX        X\nX        X\nXT TXT TXX\nXXXXXXXXXX\n", "Health: 8 X: 4 Y: 14\nXXXXXXXXXX\nX X e X TX\nX        X\nX  MX   XX\nX   T    X\nXX  XX   X\nX P      X\nX X X  X X\nX        X\nX o      X\nX  X   X X\nX      b X\nXX      XX\nX   m    X\nX   Hb   X\nX X T  X X\nX        X\nX        X\nXT TXT TXX\nXXXXXXXXXX\n", "Health: 8 X: 3 Y: 14\nXXXXXXXXXX\nX X e X TX\nX        X\nX  MX   XX\nX   T    X\nXX  XX   X\nX P      X\nX X X  X X\nX        X\nX        X\nX oX   X X\nX     b  X\nXX      XX\nX  m     X\nX  Hb    X\nX X T  X X\nX        X\nX        X\nXT TXT TXX\nXXXXXXXXXX\n", "Health: 7 X: 3 Y: 13\nXXXXXXXXXX\nX X e X TX\nX        X\nX  MX   XX\nX   T    X\nXX  XX   X\nX P      X\nX X X  X X\nX        X\nX        X\nX  X   X X\nX o  b   X\nXX      XX\nX  mb    X\nX        X\nX X T  X X\nX        X\nX        X\nXT TXT TXX\nXXXXXXXXXX\n", "Health: 7 X: 3 Y: 12\nXXXXXXXXXX\nX X e X TX\nX        X\nX  MX   XX\nX   T    X\nXX  XX   X\nX P      X\nX X X  X X\nX        X\nX        X\nX  X   X X\nX  ob    X\nXX Hb   XX\nX  m     X\nX        X\nX X T  X X\nX        X\nX        X\nXT TXT TXX\nXXXXXXXXXX\n", "Health: 3 X: 3 Y: 11\nXXXXXXXXXX\nX X e X TX\nX        X\nX  MX   XX\nX   T    X\nXX  XX   X\nX P      X\nX X X  X X\nX        X\nX        X\nX  X   X X\nX  \u221eb    X\nXX      XX\nX  m     X\nX        X\nX X T  X X\nX        X\nX        X\nXT TXT TXX\nXXXXXXXXXX\n", "Health: 3 X: 2 Y: 11\nXXXXXXXXXX\nX X e X TX\nX        X\nX  MX   XX\nX   T    X\nXX  XX   X\nX P      X\nX X X  X X\nX        X\nX        X\nX  X   X X\nX Hb\u221e    X\nXX      XX\nX  m     X\nX        X\nXbX T  X X\nX        X\nX        X\nXT TXT TXX\nXXXXXXXXXX\n", "Health: 3 X: 2 Y: 10\nXXXXXXXXXX\nX X e X TX\nX        X\nX  MX   XX\nX   T    X\nXX  XX   X\nX P      X\nX X X  X X\nX        X\nX        X\nX HX   X X\nX  b\u221e    X\nXX      XX\nX  m     X\nX        X\nXbX T  X X\nX        X\nX        X\nXT TXT TXX\nXXXXXXXXXX\n", "Health: 3 X: 2 Y: 9\nXXXXXXXXXX\nX X e X TX\nX        X\nX  MX   XX\nX   T    X\nXX  XX   X\nX P      X\nX X X  X X\nX        X\nX H      X\nX  X   X X\nX  b\u221e    X\nXX m    XX\nX        X\nX        X\nXbX T  X X\nX        X\nX        X\nXT TXT TXX\nXXXXXXXXXX\n", "Health: 3 X: 2 Y: 8\nXXXXXXXXXX\nX X e X TX\nX        X\nX  MX   XX\nX   T    X\nXX  XX   X\nX P      X\nX X X  X X\nX H      X\nX        X\nX  X   X X\nX  b\u221e    X\nXX m    XX\nX        X\nX        X\nXbX T  X X\nX        X\nX        X\nXT TXT TXX\nXXXXXXXXXX\n", "Health: 3 X: 3 Y: 8\nXXXXXXXXXX\nX X e X TX\nX        X\nX   X   XX\nX  MT    X\nXX  XX   X\nX P      X\nX X X  X X\nX  H     X\nX        X\nX  X   X X\nX  b\u221e    X\nXX m    XX\nX        X\nX        X\nXbX T  X X\nX        X\nX        X\nXT TXT TXX\nXXXXXXXXXX\n", "Health: 3 X: 3 Y: 7\nXXXXXXXXXX\nX X e X TX\nX        X\nX   X   XX\nX   T    X\nXX MXX   X\nX P      X\nX XHX  X X\nX        X\nX        X\nX  X   X X\nX  b\u221e    X\nXX m    XX\nX        X\nXb       X\nX X T  X X\nX        X\nX        X\nXT TXT TXX\nXXXXXXXXXX\n", "Health: 3 X: 3 Y: 7\nXXXXXXXXXX\nX X e X TX\nX        X\nX   X   XX\nX   T    X\nXX \u221eXX   X\nX P      X\nX XHX  X X\nX        X\nX        X\nX  X   X X\nX  b\u221e    X\nXX m    XX\nX        X\nXb       X\nX X T  X X\nX        X\nX        X\nXT TXT TXX\nXXXXXXXXXX\n", "Health: 3 X: 3 Y: 6\nXXXXXXXXXX\nX X e X TX\nX        X\nX   X   XX\nX   T    X\nXX \u221eXX   X\nX PH     X\nX X X  X X\nX        X\nX        X\nX  X   X X\nX  b\u221e    X\nXX m    XX\nX        X\nXb       X\nX X T  X X\nX        X\nX        X\nXT TXT TXX\nXXXXXXXXXX\n", "Health: 3 X: 3 Y: 5\nXXXXXXXXXX\nX X e X TX\nX        X\nX   X   XX\nX   T    X\nXX \u221eXX   X\nX P      X\nX X X  X X\nX        X\nX        X\nX  X   X X\nX  b\u221e    X\nXX m    XX\nX        X\nXb       X\nX X T  X X\nX        X\nX        X\nXT TXT TXX\nXXXXXXXXXX\n", "Health: 3 X: 2 Y: 5\nXXXXXXXXXX\nX X e X TX\nX        X\nX   X   XX\nX   T    X\nXXH\u221eXX   X\nX P      X\nX X X  X X\nX        X\nX        X\nX  X   X X\nX  m\u221e    X\nXX      XX\nX        X\nXb       X\nX X T  X X\nX        X\nX        X\nXT TXT TXX\nXXXXXXXXXX\n", "Health: 5 X: 2 Y: 6\nXXXXXXXXXX\nX X e X TX\nX        X\nX   X   XX\nX   T    X\nXX \u221eXX   X\nX        X\nX X X  X X\nX        X\nX        X\nX  X   X X\nX  m\u221e    X\nXX      XX\nX        X\nXb       X\nX X T  X X\nX        X\nX        X\nXT TXT TXX\nXXXXXXXXXX\n", "Health: 5 X: 2 Y: 5\nXXXXXXXXXX\nX X e X TX\nX        X\nX   X   XX\nX   T    X\nXXH\u221eXX   X\nX        X\nX X X  X X\nX        X\nX        X\nX  X   X X\nX  m\u221e    X\nXX      XX\nX        X\nXb       X\nX X T  X X\nX        X\nX        X\nXT TXT TXX\nXXXXXXXXXX\n", "Health: 5 X: 2 Y: 4\nXXXXXXXXXX\nX X e X TX\nX        X\nX   X   XX\nX H T    X\nXX \u221eXX   X\nX        X\nX X X  X X\nX        X\nX        X\nX  X   X X\nX  m\u221e    X\nXX      XX\nX        X\nXb       X\nX X T  X X\nX        X\nX        X\nXT TXT TXX\nXXXXXXXXXX\n", "Health: 5 X: 3 Y: 4\nXXXXXXXXXX\nX X e X TX\nX        X\nX   X   XX\nX  HT    X\nXX \u221eXX   X\nX        X\nX X X  X X\nX        X\nX        X\nX  X   X X\nX  m\u221e    X\nXX      XX\nX        X\nXb       X\nX X T  X X\nX        X\nX        X\nXT TXT TXX\nXXXXXXXXXX\n", "Health: 5 X: 4 Y: 15\nXXXXXXXXXX\nX X e X TX\nX        X\nX   X   XX\nX   T    X\nXX \u221eXX   X\nX        X\nX X X  X X\nX        X\nX        X\nX  X   X X\nX  m\u221e    X\nXX      XX\nX        X\nXb       X\nX X T  X X\nX        X\nX        X\nXT TXT TXX\nXXXXXXXXXX\n", "Health: 5 X: 5 Y: 15\nXXXXXXXXXX\nX X e X TX\nX        X\nX   X   XX\nX   T    X\nXX \u221eXX   X\nX        X\nX X X  X X\nX        X\nX        X\nX  X   X X\nX  \u221em    X\nXX      XX\nX        X\nX b      X\nX X TH X X\nX        X\nX        X\nXT TXT TXX\nXXXXXXXXXX\n", "Health: 5 X: 5 Y: 14\nXXXXXXXXXX\nX X e X TX\nX        X\nX   X   XX\nX   T    X\nXX \u221eXX   X\nX        X\nX X X  X X\nX        X\nX        X\nX  X   X X\nX  \u221e\u221em   X\nXX      XX\nX        X\nX  b H   X\nX X T  X X\nX        X\nX        X\nXT TXT TXX\nXXXXXXXXXX\n", "Health: 5 X: 5 Y: 13\nXXXXXXXXXX\nX X e X TX\nX        X\nX   X   XX\nX   T    X\nXX \u221eXX   X\nX        X\nX X X  X X\nX        X\nX        X\nX  X   X X\nX  \u221e\u221e    X\nXX   m  XX\nX  b H   X\nX        X\nX X T  X X\nX        X\nX        X\nXT TXT TXX\nXXXXXXXXXX\n", "Health: 4 X: 5 Y: 13\nXXXXXXXXXX\nX X e X TX\nX        X\nX   X   XX\nX   T    X\nXX \u221eXX   X\nX        X\nX X X  X X\nX        X\nX        X\nX  X   X X\nX  \u221e\u221e    X\nXX   m  XX\nX   bH   X\nX        X\nX X T  X X\nX        X\nX        X\nXT TXT TXX\nXXXXXXXXXX\n", "Health: 4 X: 4 Y: 13\nXXXXXXXXXX\nX X e X TX\nX        X\nX   X   XX\nX   T    X\nXX \u221eXX   X\nX        X\nX X X  X X\nX        X\nX        X\nX  X   X X\nX  \u221e\u221e    X\nXX   m  XX\nX   \u221e    X\nX        X\nX X T  X X\nX        X\nX        X\nXT TXT TXX\nXXXXXXXXXX\n", "Health: 4 X: 3 Y: 13\nXXXXXXXXXX\nX X e X TX\nX        X\nX   X   XX\nX   T    X\nXX \u221eXX   X\nX        X\nX X X  X X\nX        X\nX        X\nX  X   X X\nX  \u221e\u221e    X\nXX   m  XX\nX  H\u221e    X\nX        X\nX X T  X X\nX        X\nX        X\nXT TXT TXX\nXXXXXXXXXX\n", "Health: 4 X: 2 Y: 13\nXXXXXXXXXX\nX X e X TX\nX        X\nX   X   XX\nX   T    X\nXX \u221eXX   X\nX        X\nX X X  X X\nX        X\nX        X\nX  X   X X\nX  \u221e\u221e    X\nXX   m  XX\nX H \u221e    X\nX        X\nX X T  X X\nX        X\nX        X\nXT TXT TXX\nXXXXXXXXXX\n", "Health: 4 X: 1 Y: 13\nXXXXXXXXXX\nX X e X TX\nX        X\nX   X   XX\nX   T    X\nXX \u221eXX   X\nX        X\nX X X  X X\nX        X\nX        X\nX  X   X X\nX  \u221e\u221e    X\nXX   m  XX\nXH  \u221e    X\nX        X\nX X T  X X\nX        X\nX        X\nXT TXT TXX\nXXXXXXXXXX\n", "Health: 4 X: 1 Y: 14\nXXXXXXXXXX\nX X e X TX\nX        X\nX   X   XX\nX   T    X\nXX \u221eXX   X\nX        X\nX X X  X X\nX        X\nX        X\nX  X   X X\nX  \u221e\u221e    X\nXX   m  XX\nX   \u221e    X\nXH       X\nX X T  X X\nX        X\nX        X\nXT TXT TXX\nXXXXXXXXXX\n", "Health: 4 X: 1 Y: 15\nXXXXXXXXXX\nX X e X TX\nX        X\nX   X   XX\nX   T    X\nXX \u221eXX   X\nX        X\nX X X  X X\nX        X\nX        X\nX  X   X X\nX  \u221e\u221e    X\nXX  m   XX\nX   \u221e    X\nX        X\nXHX T  X X\nX        X\nX        X\nXT TXT TXX\nXXXXXXXXXX\n", "Health: 4 X: 1 Y: 16\nXXXXXXXXXX\nX X e X TX\nX        X\nX   X   XX\nX   T    X\nXX \u221eXX   X\nX        X\nX X X  X X\nX        X\nX        X\nX  X   X X\nX  \u221e\u221e    X\nXX m    XX\nX   \u221e    X\nX        X\nX X T  X X\nX        X\nX        X\nXT TXT TXX\nXXXXXXXXXX\n", "Health: 4 X: 1 Y: 17\nXXXXXXXXXX\nX X e X TX\nX        X\nX   X   XX\nX   T    X\nXX \u221eXX   X\nX        X\nX X X  X X\nX        X\nX        X\nX  X   X X\nX  \u221e\u221e    X\nXXm     XX\nX   \u221e    X\nX        X\nX X T  X X\nX        X\nXH       X\nXT TXT TXX\nXXXXXXXXXX\n", "Health: 4 X: 1 Y: 18\nXXXXXXXXXX\nX X e X TX\nX        X\nX   X   XX\nX   T    X\nXX \u221eXX   X\nX        X\nX X X  X X\nX        X\nX        X\nX  X   X X\nX  \u221e\u221e    X\nXX      XX\nX m \u221e    X\nX        X\nX X T  X X\nX        X\nX        X\nX  TXT TXX\nXXXXXXXXXX\n", "Health: 4 X: 2 Y: 18\nXXXXXXXXXX\nX X e X TX\nX        X\nX   X   XX\nX   T    X\nXX \u221eXX   X\nX        X\nX X X  X X\nX        X\nX        X\nX  X   X X\nX  \u221e\u221e    X\nXX      XX\nX   \u221e    X\nX m      X\nX X T  X X\nX        X\nX        X\nX HTXT TXX\nXXXXXXXXXX\n", "Health: 4 X: 3 Y: 18\nXXXXXXXXXX\nX X e X TX\nX        X\nX   X   XX\nX   T    X\nXX \u221eXX   X\nX        X\nX X X  X X\nX        X\nX        X\nX  X   X X\nX  \u221e\u221e    X\nXX      XX\nX   \u221e    X\nX  m     X\nX X T  X X\nX        X\nX        X\nX   XT TXX\nXXXXXXXXXX\n", "Health: 4 X: 3 Y: 17\nXXXXXXXXXX\nX X e X TX\nX        X\nX   X   XX\nX   T    X\nXX \u221eXX   X\nX        X\nX X X  X X\nX        X\nX        X\nX  X   X X\nX  \u221e\u221e    X\nXX      XX\nX   \u221e    X\nX        X\nX XmT  X X\nX        X\nX  H     X\nX   XT TXX\nXXXXXXXXXX\n", "Health: 4 X: 3 Y: 17\nXXXXXXXXXX\nX X e X TX\nX        X\nX   X   XX\nX   T    X\nXX \u221eXX   X\nX        X\nX X X  X X\nX        X\nX        X\nX  X   X X\nX  \u221e\u221e    X\nXX      XX\nX   \u221e    X\nX        X\nX XmT  X X\nX        X\nX  H     X\nX   XT TXX\nXXXXXXXXXX\n", "Health: 4 X: 3 Y: 16\nXXXXXXXXXX\nX X e X TX\nX        X\nX   X   XX\nX   T    X\nXX \u221eXX   X\nX        X\nX X X  X X\nX        X\nX        X\nX  X   X X\nX  \u221e\u221e    X\nXX      XX\nX   \u221e    X\nX        X\nX XmT  X X\nX  H     X\nX        X\nX   XT TXX\nXXXXXXXXXX\n", "Health: 4 X: 3 Y: 15\nXXXXXXXXXX\nX X e X TX\nX        X\nX   X   XX\nX   T    X\nXX \u221eXX   X\nX        X\nX X X  X X\nX        X\nX        X\nX  X   X X\nX  \u221e\u221e    X\nXX      XX\nX   \u221e    X\nX        X\nX XmT  X X\nX        X\nX        X\nX   XT TXX\nXXXXXXXXXX\n", "Health: 4 X: 3 Y: 16\nXXXXXXXXXX\nX X e X TX\nX        X\nX   X   XX\nX   T    X\nXX \u221eXX   X\nX        X\nX X X  X X\nX        X\nX        X\nX  X   X X\nX  \u221e\u221e    X\nXX      XX\nX   \u221e    X\nX        X\nX XmT  X X\nX  H     X\nX        X\nX   XT TXX\nXXXXXXXXXX\n", "Health: 4 X: 3 Y: 17\nXXXXXXXXXX\nX X e X TX\nX        X\nX   X   XX\nX   T    X\nXX \u221eXX   X\nX        X\nX X X  X X\nX        X\nX        X\nX  X   X X\nX  \u221e\u221e    X\nXX      XX\nX   \u221e    X\nX        X\nX XmT  X X\nX        X\nX  H     X\nX   XT TXX\nXXXXXXXXXX\n", "Health: 4 X: 4 Y: 17\nXXXXXXXXXX\nX X e X TX\nX        X\nX   X   XX\nX   T    X\nXX \u221eXX   X\nX        X\nX X X  X X\nX        X\nX        X\nX  X   X X\nX  \u221e\u221e    X\nXX      XX\nX   \u221e    X\nX        X\nX X m  X X\nX        X\nX   H    X\nX   XT TXX\nXXXXXXXXXX\n", "Health: 4 X: 5 Y: 17\nXXXXXXXXXX\nX X e X TX\nX        X\nX   X   XX\nX   T    X\nXX \u221eXX   X\nX        X\nX X X  X X\nX        X\nX        X\nX  X   X X\nX  \u221e\u221e    X\nXX      XX\nX   \u221e    X\nX        X\nX X Tm X X\nX        X\nX    H   X\nX   XT TXX\nXXXXXXXXXX\n", "Health: 4 X: 5 Y: 18\nXXXXXXXXXX\nX X e X TX\nX        X\nX   X   XX\nX   T    X\nXX \u221eXX   X\nX        X\nX X X  X X\nX        X\nX        X\nX  X   X X\nX  \u221e\u221e    X\nXX      XX\nX   \u221e    X\nX        X\nX X T  X X\nX    m   X\nX        X\nX   X  TXX\nXXXXXXXXXX\n", "Health: 4 X: 5 Y: 18\nXXXXXXXXXX\nX X e X TX\nX        X\nX   X   XX\nX   T    X\nXX \u221eXX   X\nX        X\nX X X  X X\nX        X\nX        X\nX  X   X X\nX  \u221e\u221e    X\nXX      XX\nX   \u221e    X\nX        X\nX X T  X X\nX    m   X\nX        X\nX   X  TXX\nXXXXXXXXXX\n", "Health: 4 X: 5 Y: 17\nXXXXXXXXXX\nX X e X TX\nX        X\nX   X   XX\nX   T    X\nXX \u221eXX   X\nX        X\nX X X  X X\nX        X\nX        X\nX  X   X X\nX  \u221e\u221e    X\nXX      XX\nX   \u221e    X\nX        X\nX X T  X X\nX    m   X\nX    H   X\nX   X  TXX\nXXXXXXXXXX\n", "Health: 4 X: 5 Y: 16\nXXXXXXXXXX\nX X e X TX\nX        X\nX   X   XX\nX   T    X\nXX \u221eXX   X\nX        X\nX X X  X X\nX        X\nX        X\nX  X   X X\nX  \u221e\u221e    X\nXX      XX\nX   \u221e    X\nX        X\nX X T  X X\nX    m   X\nX        X\nX   X  TXX\nXXXXXXXXXX\n", "Health: 4 X: 5 Y: 17\nXXXXXXXXXX\nX X e X TX\nX        X\nX   X   XX\nX   T    X\nXX \u221eXX   X\nX        X\nX X X  X X\nX        X\nX        X\nX  X   X X\nX  \u221e\u221e    X\nXX      XX\nX   \u221e    X\nX        X\nX X T  X X\nX    m   X\nX    H   X\nX   X  TXX\nXXXXXXXXXX\n", "Health: 4 X: 5 Y: 18\nXXXXXXXXXX\nX X e X TX\nX        X\nX   X   XX\nX   T    X\nXX \u221eXX   X\nX        X\nX X X  X X\nX        X\nX        X\nX  X   X X\nX  \u221e\u221e    X\nXX      XX\nX   \u221e    X\nX        X\nX X T  X X\nX    m   X\nX        X\nX   X  TXX\nXXXXXXXXXX\n", "Health: 4 X: 6 Y: 18\nXXXXXXXXXX\nX X e X TX\nX        X\nX   X   XX\nX   T    X\nXX \u221eXX   X\nX        X\nX X X  X X\nX        X\nX        X\nX  X   X X\nX  \u221e\u221e    X\nXX      XX\nX   \u221e    X\nX        X\nX X T  X X\nX     m  X\nX        X\nX   X HTXX\nXXXXXXXXXX\n", "Health: 4 X: 7 Y: 18\nXXXXXXXXXX\nX X e X TX\nX        X\nX   X   XX\nX   T    X\nXX \u221eXX   X\nX        X\nX X X  X X\nX        X\nX        X\nX  X   X X\nX  \u221e\u221e    X\nXX      XX\nX   \u221e    X\nX        X\nX X T  X X\nX      m X\nX        X\nX   X   XX\nXXXXXXXXXX\n", "Health: 4 X: 7 Y: 18\nXXXXXXXXXX\nX X e X TX\nX        X\nX   X   XX\nX   T    X\nXX \u221eXX   X\nX        X\nX X X  X X\nX        X\nX        X\nX  X   X X\nX  \u221e\u221e    X\nXX      XX\nX   \u221e    X\nX        X\nX X T  X X\nX      m X\nX        X\nX   X   XX\nXXXXXXXXXX\n", "Health: 4 X: 7 Y: 17\nXXXXXXXXXX\nX X e X TX\nX        X\nX   X   XX\nX   T    X\nXX \u221eXX   X\nX        X\nX X X  X X\nX        X\nX        X\nX  X   X X\nX  \u221e\u221e    X\nXX      XX\nX   \u221e    X\nX        X\nX X T  X X\nX      m X\nX      H X\nX   X   XX\nXXXXXXXXXX\n", "Health: 4 X: 7 Y: 16\nXXXXXXXXXX\nX X e X TX\nX        X\nX   X   XX\nX   T    X\nXX \u221eXX   X\nX        X\nX X X  X X\nX        X\nX        X\nX  X   X X\nX  \u221e\u221e    X\nXX      XX\nX   \u221e    X\nX        X\nX X T  X X\nX      m X\nX        X\nX   X   XX\nXXXXXXXXXX\n", "Health: 4 X: 6 Y: 16\nXXXXXXXXXX\nX X e X TX\nX        X\nX   X   XX\nX   T    X\nXX \u221eXX   X\nX        X\nX X X  X X\nX        X\nX        X\nX  X   X X\nX  \u221e\u221e    X\nXX      XX\nX   \u221e    X\nX        X\nX X T  X X\nX     Hm X\nX        X\nX   X   XX\nXXXXXXXXXX\n", "Health: 4 X: 5 Y: 16\nXXXXXXXXXX\nX X e X TX\nX        X\nX   X   XX\nX   T    X\nXX \u221eXX   X\nX        X\nX X X  X X\nX        X\nX        X\nX  X   X X\nX  \u221e\u221e    X\nXX      XX\nX   \u221e    X\nX        X\nX X T  X X\nX    H m X\nX        X\nX   X   XX\nXXXXXXXXXX\n", "Health: 4 X: 5 Y: 15\nXXXXXXXXXX\nX X e X TX\nX        X\nX   X   XX\nX   T    X\nXX \u221eXX   X\nX        X\nX X X  X X\nX        X\nX        X\nX  X   X X\nX  \u221e\u221e    X\nXX      XX\nX   \u221e    X\nX        X\nX X TH X X\nX     m  X\nX        X\nX   X   XX\nXXXXXXXXXX\n", "Health: 4 X: 5 Y: 14\nXXXXXXXXXX\nX X e X TX\nX        X\nX   X   XX\nX   T    X\nXX \u221eXX   X\nX        X\nX X X  X X\nX        X\nX        X\nX  X   X X\nX  \u221e\u221e    X\nXX      XX\nX   \u221e    X\nX    H   X\nX X T mX X\nX        X\nX        X\nX   X   XX\nXXXXXXXXXX\n", "Health: 4 X: 5 Y: 13\nXXXXXXXXXX\nX X e X TX\nX        X\nX   X   XX\nX   T    X\nXX \u221eXX   X\nX        X\nX X X  X X\nX        X\nX        X\nX  X   X X\nX  \u221e\u221e    X\nXX      XX\nX   \u221eH   X\nX     m  X\nX X T  X X\nX        X\nX        X\nX   X   XX\nXXXXXXXXXX\n", "Health: 4 X: 5 Y: 12\nXXXXXXXXXX\nX X e X TX\nX        X\nX   X   XX\nX   T    X\nXX \u221eXX   X\nX        X\nX X X  X X\nX        X\nX        X\nX  X   X X\nX  \u221e\u221e    X\nXX   H  XX\nX   \u221e m  X\nX        X\nX X T  X X\nX        X\nX        X\nX   X   XX\nXXXXXXXXXX\n", "Health: 4 X: 5 Y: 11\nXXXXXXXXXX\nX X e X TX\nX        X\nX   X   XX\nX   T    X\nXX \u221eXX   X\nX        X\nX X X  X X\nX        X\nX        X\nX  X   X X\nX  \u221e\u221eH   X\nXX    m XX\nX   \u221e    X\nX        X\nX X T  X X\nX        X\nX        X\nX   X   XX\nXXXXXXXXXX\n", "Health: 4 X: 4 Y: 11\nXXXXXXXXXX\nX X e X TX\nX        X\nX   X   XX\nX   T    X\nXX \u221eXX   X\nX        X\nX X X  X X\nX        X\nX        X\nX  X   X X\nX  \u221e\u221e m  X\nXX      XX\nX   \u221e    X\nX        X\nX X T  X X\nX        X\nX        X\nX   X   XX\nXXXXXXXXXX\n", "Health: 4 X: 3 Y: 11\nXXXXXXXXXX\nX X e X TX\nX        X\nX   X   XX\nX   T    X\nXX \u221eXX   X\nX        X\nX X X  X X\nX        X\nX        X\nX  X   X X\nX  \u221e\u221em   X\nXX      XX\nX   \u221e    X\nX        X\nX X T  X X\nX        X\nX        X\nX   X   XX\nXXXXXXXXXX\n", "Health: 3 X: 4 Y: 11\nXXXXXXXXXX\nX X e X TX\nX        X\nX   X   XX\nX   T    X\nXX \u221eXX   X\nX        X\nX X X  X X\nX        X\nX        X\nX  X   X X\nX  \u221e\u221em   X\nXX      XX\nX   \u221e    X\nX        X\nX X T  X X\nX        X\nX        X\nX   X   XX\nXXXXXXXXXX\n", "Health: 3 X: 5 Y: 11\nXXXXXXXXXX\nX X e X TX\nX        X\nX   X   XX\nX   T    X\nXX \u221eXX   X\nX        X\nX X X  X X\nX        X\nX        X\nX  X   X X\nX  \u221e\u221em   X\nXX      XX\nX   \u221e    X\nX        X\nX X T  X X\nX        X\nX        X\nX   X   XX\nXXXXXXXXXX\n", "Health: 3 X: 5 Y: 10\nXXXXXXXXXX\nX X e X TX\nX        X\nX   X   XX\nX   T    X\nXX \u221eXX   X\nX        X\nX X X  X X\nX        X\nX        X\nX  X H X X\nX  \u221e\u221em   X\nXX      XX\nX   \u221e    X\nX        X\nX X T  X X\nX        X\nX        X\nX   X   XX\nXXXXXXXXXX\n", "Health: 3 X: 5 Y: 9\nXXXXXXXXXX\nX X e X TX\nX        X\nX   X   XX\nX   T    X\nXX \u221eXX   X\nX        X\nX X X  X X\nX        X\nX    H   X\nX  X   X X\nX  \u221e\u221em   X\nXX      XX\nX   \u221e    X\nX        X\nX X T  X X\nX        X\nX        X\nX   X   XX\nXXXXXXXXXX\n", "Health: 3 X: 5 Y: 8\nXXXXXXXXXX\nX X e X TX\nX        X\nX   X   XX\nX   T    X\nXX \u221eXX   X\nX        X\nX X X  X X\nX    H   X\nX        X\nX  X   X X\nX  \u221e\u221em   X\nXX      XX\nX   \u221e    X\nX        X\nX X T  X X\nX        X\nX        X\nX   X   XX\nXXXXXXXXXX\n", "Health: 3 X: 5 Y: 7\nXXXXXXXXXX\nX X e X TX\nX        X\nX   X   XX\nX   T    X\nXX \u221eXX   X\nX        X\nX X XH X X\nX        X\nX        X\nX  X   X X\nX  \u221e\u221em   X\nXX      XX\nX   \u221e    X\nX        X\nX X T  X X\nX        X\nX        X\nX   X   XX\nXXXXXXXXXX\n", "Health: 3 X: 5 Y: 6\nXXXXXXXXXX\nX X e X TX\nX        X\nX   X   XX\nX   T    X\nXX \u221eXX   X\nX    H   X\nX X X  X X\nX        X\nX        X\nX  X m X X\nX  \u221e\u221e    X\nXX      XX\nX   \u221e    X\nX        X\nX X T  X X\nX        X\nX        X\nX   X   XX\nXXXXXXXXXX\n", "Health: 3 X: 6 Y: 6\nXXXXXXXXXX\nX X e X TX\nX        X\nX   X   XX\nX   T    X\nXX \u221eXX   X\nX     H  X\nX X X  X X\nX        X\nX    m   X\nX  X   X X\nX  \u221e\u221e    X\nXX      XX\nX   \u221e    X\nX        X\nX X T  X X\nX        X\nX        X\nX   X   XX\nXXXXXXXXXX\n", "Health: 3 X: 6 Y: 5\nXXXXXXXXXX\nX X e X TX\nX        X\nX   X   XX\nX   T    X\nXX \u221eXXH  X\nX        X\nX X X  X X\nX    m   X\nX        X\nX  X   X X\nX  \u221e\u221e    X\nXX      XX\nX   \u221e    X\nX        X\nX X T  X X\nX        X\nX        X\nX   X   XX\nXXXXXXXXXX\n", "Health: 3 X: 6 Y: 4\nXXXXXXXXXX\nX X e X TX\nX        X\nX   X   XX\nX   T H  X\nXX \u221eXX   X\nX        X\nX X Xm X X\nX        X\nX        X\nX  X   X X\nX  \u221e\u221e    X\nXX      XX\nX   \u221e    X\nX        X\nX X T  X X\nX        X\nX        X\nX   X   XX\nXXXXXXXXXX\n", "Health: 3 X: 6 Y: 3\nXXXXXXXXXX\nX X e X TX\nX        X\nX   X H XX\nX   T    X\nXX \u221eXX   X\nX    m   X\nX X X  X X\nX        X\nX        X\nX  X   X X\nX  \u221e\u221e    X\nXX      XX\nX   \u221e    X\nX        X\nX X T  X X\nX        X\nX        X\nX   X   XX\nXXXXXXXXXX\n", "Health: 3 X: 7 Y: 3\nXXXXXXXXXX\nX X e X TX\nX        X\nX   X  HXX\nX   T    X\nXX \u221eXX   X\nX     m  X\nX X X  X X\nX        X\nX        X\nX  X   X X\nX  \u221e\u221e    X\nXX      XX\nX   \u221e    X\nX        X\nX X T  X X\nX        X\nX        X\nX   X   XX\nXXXXXXXXXX\n", "Health: 3 X: 7 Y: 2\nXXXXXXXXXX\nX X e X TX\nX      H X\nX   X   XX\nX   T    X\nXX \u221eXXm  X\nX        X\nX X X  X X\nX        X\nX        X\nX  X   X X\nX  \u221e\u221e    X\nXX      XX\nX   \u221e    X\nX        X\nX X T  X X\nX        X\nX        X\nX   X   XX\nXXXXXXXXXX\n", "Health: 3 X: 8 Y: 2\nXXXXXXXXXX\nX X e X TX\nX       HX\nX   X   XX\nX   T m  X\nXX \u221eXX   X\nX        X\nX X X  X X\nX        X\nX        X\nX  X   X X\nX  \u221e\u221e    X\nXX      XX\nX   \u221e    X\nX        X\nX X T  X X\nX        X\nX        X\nX   X   XX\nXXXXXXXXXX\n", "Health: 3 X: 8 Y: 1\nXXXXXXXXXX\nX X e X  X\nX        X\nX   X m XX\nX   T    X\nXX \u221eXX   X\nX        X\nX X X  X X\nX        X\nX        X\nX  X   X X\nX  \u221e\u221e    X\nXX      XX\nX   \u221e    X\nX        X\nX X T  X X\nX        X\nX        X\nX   X   XX\nXXXXXXXXXX\n", "Health: 3 X: 8 Y: 2\nXXXXXXXXXX\nX X e X  X\nX     m HX\nX   X   XX\nX   T    X\nXX \u221eXX   X\nX        X\nX X X  X X\nX        X\nX        X\nX  X   X X\nX  \u221e\u221e    X\nXX      XX\nX   \u221e    X\nX        X\nX X T  X X\nX        X\nX        X\nX   X   XX\nXXXXXXXXXX\n", "Health: 3 X: 8 Y: 2\nXXXXXXXXXX\nX X e X  X\nX     m HX\nX   X   XX\nX   T    X\nXX \u221eXX   X\nX        X\nX X X  X X\nX        X\nX        X\nX  X   X X\nX  \u221e\u221e    X\nXX      XX\nX   \u221e    X\nX        X\nX X T  X X\nX        X\nX        X\nX   X   XX\nXXXXXXXXXX\n", "Health: 3 X: 7 Y: 2\nXXXXXXXXXX\nX X e X  X\nX     mH X\nX   X   XX\nX   T    X\nXX \u221eXX   X\nX        X\nX X X  X X\nX        X\nX        X\nX  X   X X\nX  \u221e\u221e    X\nXX      XX\nX   \u221e    X\nX        X\nX X T  X X\nX        X\nX        X\nX   X   XX\nXXXXXXXXXX\n", "Health: 3 X: 6 Y: 2\nXXXXXXXXXX\nX X e X  X\nX     m  X\nX   X   XX\nX   T    X\nXX \u221eXX   X\nX        X\nX X X  X X\nX        X\nX        X\nX  X   X X\nX  \u221e\u221e    X\nXX      XX\nX   \u221e    X\nX        X\nX X T  X X\nX        X\nX        X\nX   X   XX\nXXXXXXXXXX\n", "Health: 3 X: 5 Y: 2\nXXXXXXXXXX\nX X e X  X\nX    Hm  X\nX   X   XX\nX   T    X\nXX \u221eXX   X\nX        X\nX X X  X X\nX        X\nX        X\nX  X   X X\nX  \u221e\u221e    X\nXX      XX\nX   \u221e    X\nX        X\nX X T  X X\nX        X\nX        X\nX   X   XX\nXXXXXXXXXX\n", "Health: 3 X: 4 Y: 2\nXXXXXXXXXX\nX X e X  X\nX   H m  X\nX   X   XX\nX   T    X\nXX \u221eXX   X\nX        X\nX X X  X X\nX        X\nX        X\nX  X   X X\nX  \u221e\u221e    X\nXX      XX\nX   \u221e    X\nX        X\nX X T  X X\nX        X\nX        X\nX   X   XX\nXXXXXXXXXX\n", "Health: 3 X: 3 Y: 2\nXXXXXXXXXX\nX X e X  X\nX  H m   X\nX   X   XX\nX   T    X\nXX \u221eXX   X\nX        X\nX X X  X X\nX        X\nX        X\nX  X   X X\nX  \u221e\u221e    X\nXX      XX\nX   \u221e    X\nX        X\nX X T  X X\nX        X\nX        X\nX   X   XX\nXXXXXXXXXX\n", "Health: 3 X: 3 Y: 1\nXXXXXXXXXX\nX XHemX  X\nX        X\nX   X   XX\nX   T    X\nXX \u221eXX   X\nX        X\nX X X  X X\nX        X\nX        X\nX  X   X X\nX  \u221e\u221e    X\nXX      XX\nX   \u221e    X\nX        X\nX X T  X X\nX        X\nX        X\nX   X   XX\nXXXXXXXXXX\n", "Health: 2 X: 4 Y: 1\nXXXXXXXXXX\nX X emX  X\nX        X\nX   X   XX\nX   T    X\nXX \u221eXX   X\nX        X\nX X X  X X\nX        X\nX        X\nX  X   X X\nX  \u221e\u221e    X\nXX      XX\nX   \u221e    X\nX        X\nX X T  X X\nX        X\nX        X\nX   X   XX\nXXXXXXXXXX\n"], "map_number": 101}, {"mechanics": [{"timestep": 0, "mechanic": "CollectTreasure"}, {"timestep": 3, "mechanic": "CollectTreasure"}, {"timestep": 3, "mechanic": "OgreTreasure"}, {"timestep": 7, "mechanic": "JavelinThrow"}, {"timestep": 9, "mechanic": "MinitaurHit"}, {"timestep": 10, "mechanic": "JavelinThrow"}, {"timestep": 12, "mechanic": "MinitaurHit"}, {"timestep": 18, "mechanic": "JavelinThrow"}, {"timestep": 20, "mechanic": "MinitaurHit"}, {"timestep": 23, "mechanic": "TriggerTrap"}, {"timestep": 24, "mechanic": "CollectTreasure"}, {"timestep": 25, "mechanic": "CollectTreasure"}, {"timestep": 27, "mechanic": "MinitaurHit"}, {"timestep": 27, "mechanic": "TriggerTrap"}, {"timestep": 36, "mechanic": "JavelinThrow"}, {"timestep": 37, "mechanic": "MinitaurHit"}, {"timestep": 45, "mechanic": "MinitaurHit"}, {"timestep": 47, "mechanic": "JavelinThrow"}, {"timestep": 47, "mechanic": "OgreTreasure"}, {"timestep": 51, "mechanic": "OgreHit"}, {"timestep": 53, "mechanic": "JavelinThrow"}, {"timestep": 56, "mechanic": "MinitaurHit"}, {"timestep": 60, "mechanic": "JavelinThrow"}, {"timestep": 61, "mechanic": "MinitaurHit"}, {"timestep": 67, "mechanic": "CollectTreasure"}, {"timestep": 70, "mechanic": "CollectTreasure"}, {"timestep": 73, "mechanic": "JavelinThrow"}, {"timestep": 74, "mechanic": "MinitaurHit"}, {"timestep": 76, "mechanic": "CollectTreasure"}, {"timestep": 79, "mechanic": "CollectTreasure"}, {"timestep": 83, "mechanic": "JavelinThrow"}, {"timestep": 84, "mechanic": "MinitaurHit"}, {"timestep": 91, "mechanic": "UsePortal"}, {"timestep": 91, "mechanic": "GoblinRangedHit"}, {"timestep": 92, "mechanic": "GoblinRangedHit"}, {"timestep": 93, "mechanic": "GoblinRangedHit"}, {"timestep": 94, "mechanic": "Die"}, {"timestep": 94, "mechanic": "GoblinRangedHit"}], "frequencies": {"CollectTreasure": 8, "OgreTreasure": 2, "JavelinThrow": 9, "MinitaurHit": 10, "TriggerTrap": 2, "OgreHit": 1, "UsePortal": 1, "GoblinRangedHit": 4, "Die": 1}, "levelReport": {"utilityGained": 0.0, "exitUtility": 0.0, "runnerUtility": -5.4261904761904765, "loitererUtility": 90.0, "completionistUtility": -4.53952380952381, "monsterKillerUtility": -4.492857142857143, "treasureCollectorUtility": -4.282857142857143, "turnsTaken": 95, "health": 0, "healthLost": 10, "alive": false, "javelinsThrown": 9, "monsterKills": 2, "minitaurKnockouts": 10, "treasuresCollected": 8, "potionsTaken": 0, "totalMonsters": 5, "totalTreasures": 10, "totalPotions": 1, "timeTaken": 0.0}, "positions": [{"X": 6, "Y": 3}, {"X": 5, "Y": 3}, {"X": 4, "Y": 3}, {"X": 3, "Y": 3}, {"X": 2, "Y": 3}, {"X": 2, "Y": 4}, {"X": 2, "Y": 3}, {"X": 2, "Y": 3}, {"X": 3, "Y": 3}, {"X": 4, "Y": 3}, {"X": 4, "Y": 3}, {"X": 3, "Y": 3}, {"X": 4, "Y": 3}, {"X": 5, "Y": 3}, {"X": 6, "Y": 3}, {"X": 5, "Y": 3}, {"X": 5, "Y": 2}, {"X": 5, "Y": 1}, {"X": 5, "Y": 1}, {"X": 5, "Y": 2}, {"X": 5, "Y": 3}, {"X": 5, "Y": 2}, {"X": 5, "Y": 1}, {"X": 6, "Y": 1}, {"X": 7, "Y": 1}, {"X": 8, "Y": 1}, {"X": 7, "Y": 1}, {"X": 6, "Y": 1}, {"X": 5, "Y": 1}, {"X": 5, "Y": 2}, {"X": 5, "Y": 3}, {"X": 5, "Y": 4}, {"X": 5, "Y": 5}, {"X": 5, "Y": 6}, {"X": 5, "Y": 7}, {"X": 5, "Y": 6}, {"X": 5, "Y": 6}, {"X": 5, "Y": 5}, {"X": 5, "Y": 4}, {"X": 5, "Y": 3}, {"X": 6, "Y": 3}, {"X": 7, "Y": 3}, {"X": 8, "Y": 3}, {"X": 8, "Y": 4}, {"X": 8, "Y": 3}, {"X": 7, "Y": 3}, {"X": 8, "Y": 3}, {"X": 8, "Y": 3}, {"X": 8, "Y": 4}, {"X": 8, "Y": 5}, {"X": 8, "Y": 6}, {"X": 8, "Y": 7}, {"X": 8, "Y": 8}, {"X": 8, "Y": 8}, {"X": 8, "Y": 7}, {"X": 8, "Y": 6}, {"X": 8, "Y": 5}, {"X": 7, "Y": 5}, {"X": 7, "Y": 6}, {"X": 7, "Y": 7}, {"X": 7, "Y": 7}, {"X": 7, "Y": 6}, {"X": 8, "Y": 6}, {"X": 8, "Y": 7}, {"X": 8, "Y": 8}, {"X": 8, "Y": 9}, {"X": 7, "Y": 9}, {"X": 7, "Y": 10}, {"X": 7, "Y": 11}, {"X": 7, "Y": 12}, {"X": 8, "Y": 12}, {"X": 8, "Y": 13}, {"X": 7, "Y": 13}, {"X": 7, "Y": 13}, {"X": 7, "Y": 12}, {"X": 7, "Y": 13}, {"X": 7, "Y": 14}, {"X": 7, "Y": 15}, {"X": 8, "Y": 15}, {"X": 8, "Y": 16}, {"X": 8, "Y": 17}, {"X": 8, "Y": 18}, {"X": 8, "Y": 17}, {"X": 8, "Y": 17}, {"X": 8, "Y": 16}, {"X": 8, "Y": 15}, {"X": 7, "Y": 15}, {"X": 7, "Y": 14}, {"X": 7, "Y": 13}, {"X": 7, "Y": 12}, {"X": 7, "Y": 11}, {"X": 3, "Y": 11}, {"X": 3, "Y": 12}, {"X": 3, "Y": 13}, {"X": 2, "Y": 13}], "levelStates": ["Health: 10 X: 6 Y: 3\nXXXXXXXXXX\nX m   tTTX\nXXXXX XXXX\nXX T     X\nXX XX XX X\nX   X X oX\nX   X X  X\nX  bX XT X\nXX XX XXTX\nX P X X  X\nXX XX XTXX\nX  TX X TX\nX M X X TX\nX   X X  X\nXX XX XTXX\nX R X X  X\nX   X XXTX\nX XXX X  X\nX    e   X\nXXXXXXXXXX\n", "Health: 10 X: 5 Y: 3\nXXXXXXXXXX\nX  m  tTTX\nXXXXX XXXX\nXX T H   X\nXX XX XX X\nX   X Xo X\nX   X X  X\nX  bX XT X\nXX XX XXTX\nX P X X  X\nXX XX XTXX\nX  TX X TX\nX M X X TX\nX   X X  X\nXX XX XTXX\nX R X X  X\nX   X XXTX\nX XXX X  X\nX    e   X\nXXXXXXXXXX\n", "Health: 10 X: 4 Y: 3\nXXXXXXXXXX\nX   m tTTX\nXXXXX XXXX\nXX TH    X\nXX XX XX X\nX   X X  X\nX   X Xo X\nX  bX XT X\nXX XX XXTX\nX P X X  X\nXX XX XTXX\nX  TX X TX\nX M X X TX\nX   X X  X\nXX XX XTXX\nX R X X  X\nX   X XXTX\nX XXX X  X\nX    e   X\nXXXXXXXXXX\n", "Health: 10 X: 3 Y: 3\nXXXXXXXXXX\nX    mtTTX\nXXXXX XXXX\nXX       X\nXX XX XX X\nX   X X  X\nX   X X  X\nX  bX X  X\nXX XX XXTX\nX P X X  X\nXX XX XTXX\nX  TX X TX\nX M X X TX\nX   X X  X\nXX XX XTXX\nX R X X  X\nX   X XXTX\nX XXX X  X\nX    e   X\nXXXXXXXXXX\n", "Health: 10 X: 2 Y: 3\nXXXXXXXXXX\nX     tTTX\nXXXXXmXXXX\nXXH      X\nXX XX XX X\nX   X X  X\nX  bX X  X\nX   X X  X\nXX XX XXTX\nX P X X  X\nXX XX XTXX\nX MTX X TX\nX   X X TX\nX   X X  X\nXXRXX XTXX\nX   X X  X\nX   X XXTX\nX XXX X  X\nX    e   X\nXXXXXXXXXX\n", "Health: 10 X: 2 Y: 4\nXXXXXXXXXX\nX     tTTX\nXXXXX XXXX\nXX   m   X\nXXHXX XX X\nX  bX X  X\nX   X X  X\nX   X X  X\nXX XX XXTX\nX P X X  X\nXXMXX XTXX\nX  TX X TX\nX   X X TX\nX R X X  X\nXX XX XTXX\nX   X X  X\nX   X XXTX\nX XXX X  X\nX    e   X\nXXXXXXXXXX\n", "Health: 10 X: 2 Y: 3\nXXXXXXXXXX\nX     tTTX\nXXXXX XXXX\nXXH m    X\nXX XX XX X\nX b X X  X\nX   X X  X\nX   X X  X\nXX XX XXTX\nX M X X  X\nXX XX XTXX\nX  TX X TX\nX R X X TX\nX   X X  X\nXX XX XTXX\nX   X X  X\nX   X XXTX\nX XXX X  X\nX    e   X\nXXXXXXXXXX\n", "Health: 10 X: 2 Y: 3\nXXXXXXXXXX\nX     tTTX\nXXXXX XXXX\nXXH m    X\nXXbXX XX X\nX   X X  X\nX   X X  X\nX   X X  X\nXXMXX XXTX\nX P X X  X\nXX XX XTXX\nX RTX X TX\nX   X X TX\nX   X X  X\nXX XX XTXX\nX   X X  X\nX   X XXTX\nX XXX X  X\nX    e   X\nXXXXXXXXXX\n", "Health: 10 X: 3 Y: 3\nXXXXXXXXXX\nX     tTTX\nXXXXX XXXX\nXXb m    X\nXX XX XX X\nX   X X  X\nX   X X  X\nX   X X  X\nXXMXX XXTX\nX P X X  X\nXX XX XTXX\nX RTX X TX\nX   X X TX\nX   X X  X\nXX XX XTXX\nX   X X  X\nX   X XXTX\nX XXX X  X\nX    e   X\nXXXXXXXXXX\n", "Health: 10 X: 4 Y: 3\nXXXXXXXXXX\nX     tTTX\nXXXXX XXXX\nXX bm    X\nXX XX XX X\nX   X X  X\nX   X X  X\nX   X X  X\nXXMXX XXTX\nX P X X  X\nXX XX XTXX\nX RTX X TX\nX   X X TX\nX   X X  X\nXX XX XTXX\nX   X X  X\nX   X XXTX\nX XXX X  X\nX    e   X\nXXXXXXXXXX\n", "Health: 10 X: 4 Y: 3\nXXXXXXXXXX\nX     tTTX\nXXXXX XXXX\nXX \u221em    X\nXX XX XX X\nX   X X  X\nX   X X  X\nX   X X  X\nXXMXX XXTX\nX P X X  X\nXX XX XTXX\nX RTX X TX\nX   X X TX\nX   X X  X\nXX XX XTXX\nX   X X  X\nX   X XXTX\nX XXX X  X\nX    e   X\nXXXXXXXXXX\n", "Health: 10 X: 3 Y: 3\nXXXXXXXXXX\nX     tTTX\nXXXXX XXXX\nXX \u221em    X\nXX XX XX X\nX   X X  X\nX   X X  X\nX   X X  X\nXXMXX XXTX\nX P X X  X\nXX XX XTXX\nX RTX X TX\nX   X X TX\nX   X X  X\nXX XX XTXX\nX   X X  X\nX   X XXTX\nX XXX X  X\nX    e   X\nXXXXXXXXXX\n", "Health: 9 X: 4 Y: 3\nXXXXXXXXXX\nX     tTTX\nXXXXX XXXX\nXX \u221em    X\nXX XX XX X\nX   X X  X\nX   X X  X\nX   X X  X\nXXMXX XXTX\nX P X X  X\nXX XX XTXX\nX RTX X TX\nX   X X TX\nX   X X  X\nXX XX XTXX\nX   X X  X\nX   X XXTX\nX XXX X  X\nX    e   X\nXXXXXXXXXX\n", "Health: 9 X: 5 Y: 3\nXXXXXXXXXX\nX     tTTX\nXXXXX XXXX\nXX \u221emH   X\nXX XX XX X\nX   X X  X\nX   X X  X\nX   X X  X\nXXMXX XXTX\nX P X X  X\nXX XX XTXX\nX RTX X TX\nX   X X TX\nX   X X  X\nXX XX XTXX\nX   X X  X\nX   X XXTX\nX XXX X  X\nX    e   X\nXXXXXXXXXX\n", "Health: 9 X: 6 Y: 3\nXXXXXXXXXX\nX     tTTX\nXXXXX XXXX\nXX \u221em    X\nXX XX XX X\nX   X X  X\nX   X X  X\nX   X X  X\nXXMXX XXTX\nX P X X  X\nXX XX XTXX\nX RTX X TX\nX   X X TX\nX   X X  X\nXX XX XTXX\nX   X X  X\nX   X XXTX\nX XXX X  X\nX    e   X\nXXXXXXXXXX\n", "Health: 9 X: 5 Y: 3\nXXXXXXXXXX\nX     tTTX\nXXXXX XXXX\nXX \u221emH   X\nXX XX XX X\nX   X X  X\nX   X X  X\nX   X X  X\nXXMXX XXTX\nX P X X  X\nXX XX XTXX\nX RTX X TX\nX   X X TX\nX   X X  X\nXX XX XTXX\nX   X X  X\nX   X XXTX\nX XXX X  X\nX    e   X\nXXXXXXXXXX\n", "Health: 9 X: 5 Y: 2\nXXXXXXXXXX\nX     tTTX\nXXXXXHXXXX\nXX \u221em    X\nXX XX XX X\nX   X X  X\nX   X X  X\nX   X X  X\nXXMXX XXTX\nX P X X  X\nXX XX XTXX\nX RTX X TX\nX   X X TX\nX   X X  X\nXX XX XTXX\nX   X X  X\nX   X XXTX\nX XXX X  X\nX    e   X\nXXXXXXXXXX\n", "Health: 9 X: 5 Y: 1\nXXXXXXXXXX\nX    HtTTX\nXXXXX XXXX\nXX \u221e m   X\nXX XX XX X\nX   X X  X\nX   X X  X\nX   X X  X\nXXMXX XXTX\nX P X X  X\nXX XX XTXX\nX RTX X TX\nX   X X TX\nX   X X  X\nXX XX XTXX\nX   X X  X\nX   X XXTX\nX XXX X  X\nX    e   X\nXXXXXXXXXX\n", "Health: 9 X: 5 Y: 1\nXXXXXXXXXX\nX    HtTTX\nXXXXX XXXX\nXX \u221e m   X\nXX XX XX X\nX   X X  X\nX   X X  X\nX   X X  X\nXXMXX XXTX\nX P X X  X\nXX XX XTXX\nX RTX X TX\nX   X X TX\nX   X X  X\nXX XX XTXX\nX   X X  X\nX   X XXTX\nX XXX X  X\nX    e   X\nXXXXXXXXXX\n", "Health: 9 X: 5 Y: 2\nXXXXXXXXXX\nX     tTTX\nXXXXXHXXXX\nXX \u221e m   X\nXX XX XX X\nX   X X  X\nX   X X  X\nX   X X  X\nXXMXX XXTX\nX P X X  X\nXX XX XTXX\nX RTX X TX\nX   X X TX\nX   X X  X\nXX XX XTXX\nX   X X  X\nX   X XXTX\nX XXX X  X\nX    e   X\nXXXXXXXXXX\n", "Health: 9 X: 5 Y: 3\nXXXXXXXXXX\nX     tTTX\nXXXXX XXXX\nXX \u221e m   X\nXX XX XX X\nX   X X  X\nX   X X  X\nX   X X  X\nXXMXX XXTX\nX P X X  X\nXX XX XTXX\nX RTX X TX\nX   X X TX\nX   X X  X\nXX XX XTXX\nX   X X  X\nX   X XXTX\nX XXX X  X\nX    e   X\nXXXXXXXXXX\n", "Health: 9 X: 5 Y: 2\nXXXXXXXXXX\nX     tTTX\nXXXXXHXXXX\nXX \u221e m   X\nXX XX XX X\nX   X X  X\nX   X X  X\nX   X X  X\nXXMXX XXTX\nX P X X  X\nXX XX XTXX\nX RTX X TX\nX   X X TX\nX   X X  X\nXX XX XTXX\nX   X X  X\nX   X XXTX\nX XXX X  X\nX    e   X\nXXXXXXXXXX\n", "Health: 9 X: 5 Y: 1\nXXXXXXXXXX\nX    HtTTX\nXXXXX XXXX\nXX \u221e m   X\nXX XX XX X\nX   X X  X\nX   X X  X\nX   X X  X\nXXMXX XXTX\nX P X X  X\nXX XX XTXX\nX RTX X TX\nX   X X TX\nX   X X  X\nXX XX XTXX\nX   X X  X\nX   X XXTX\nX XXX X  X\nX    e   X\nXXXXXXXXXX\n", "Health: 8 X: 6 Y: 1\nXXXXXXXXXX\nX     tTTX\nXXXXXmXXXX\nXX \u221e     X\nXX XX XX X\nX   X X  X\nX   X X  X\nX   X X  X\nXXMXX XXTX\nX P X X  X\nXX XX XTXX\nX RTX X TX\nX   X X TX\nX   X X  X\nXX XX XTXX\nX   X X  X\nX   X XXTX\nX XXX X  X\nX    e   X\nXXXXXXXXXX\n", "Health: 8 X: 7 Y: 1\nXXXXXXXXXX\nX    mt TX\nXXXXX XXXX\nXX \u221e     X\nXX XX XX X\nX   X X  X\nX   X X  X\nX   X X  X\nXXMXX XXTX\nX P X X  X\nXX XX XTXX\nX RTX X TX\nX   X X TX\nX   X X  X\nXX XX XTXX\nX   X X  X\nX   X XXTX\nX XXX X  X\nX    e   X\nXXXXXXXXXX\n", "Health: 8 X: 8 Y: 1\nXXXXXXXXXX\nX     t  X\nXXXXX XXXX\nXX \u221e     X\nXX XX XX X\nX   X X  X\nX   X X  X\nX   X X  X\nXXMXX XXTX\nX P X X  X\nXX XX XTXX\nX RTX X TX\nX   X X TX\nX   X X  X\nXX XX XTXX\nX   X X  X\nX   X XXTX\nX XXX X  X\nX    e   X\nXXXXXXXXXX\n", "Health: 8 X: 7 Y: 1\nXXXXXXXXXX\nX     t  X\nXXXXX XXXX\nXX \u221e     X\nXX XX XX X\nX   X X  X\nX   X X  X\nX   X X  X\nXXMXX XXTX\nX P X X  X\nXX XX XTXX\nX RTX X TX\nX   X X TX\nX   X X  X\nXX XX XTXX\nX   X X  X\nX   X XXTX\nX XXX X  X\nX    e   X\nXXXXXXXXXX\n", "Health: 7 X: 6 Y: 1\nXXXXXXXXXX\nX     t  X\nXXXXX XXXX\nXX \u221e     X\nXX XX XX X\nX   X X  X\nX   X X  X\nX   X X  X\nXXMXX XXTX\nX P X X  X\nXX XX XTXX\nX RTX X TX\nX   X X TX\nX   X X  X\nXX XX XTXX\nX   X X  X\nX   X XXTX\nX XXX X  X\nX    e   X\nXXXXXXXXXX\n", "Health: 7 X: 5 Y: 1\nXXXXXXXXXX\nX    Ht  X\nXXXXX XXXX\nXX \u221e     X\nXX XX XX X\nX   X X  X\nX   X X  X\nX   X X  X\nXXMXX XXTX\nX P X X  X\nXX XX XTXX\nX RTX X TX\nX   X X TX\nX   X X  X\nXX XX XTXX\nX   X X  X\nX   X XXTX\nX XXX X  X\nX    e   X\nXXXXXXXXXX\n", "Health: 7 X: 5 Y: 2\nXXXXXXXXXX\nX     t  X\nXXXXXHXXXX\nXX \u221e     X\nXX XX XX X\nX   X X  X\nX   X X  X\nX   X X  X\nXXMXX XXTX\nX P X X  X\nXX XX XTXX\nX RTX X TX\nX   X X TX\nX   X X  X\nXX XX XTXX\nX   X X  X\nX   X XXTX\nX XXX X  X\nX    e   X\nXXXXXXXXXX\n", "Health: 7 X: 5 Y: 3\nXXXXXXXXXX\nX     t  X\nXXXXX XXXX\nXX \u221e H   X\nXX XX XX X\nX   X X  X\nX   X X  X\nX   X X  X\nXXMXX XXTX\nX P X X  X\nXX XX XTXX\nX RTX X TX\nX   X X TX\nX   X X  X\nXX XX XTXX\nX   X X  X\nX   X XXTX\nX XXX X  X\nX    e   X\nXXXXXXXXXX\n", "Health: 7 X: 5 Y: 4\nXXXXXXXXXX\nX    mt  X\nXXXXX XXXX\nXX \u221e     X\nXX XXHXX X\nX   X X  X\nX   X X  X\nX   X X  X\nXXMXX XXTX\nX P X X  X\nXX XX XTXX\nX RTX X TX\nX   X X TX\nX   X X  X\nXX XX XTXX\nX   X X  X\nX   X XXTX\nX XXX X  X\nX    e   X\nXXXXXXXXXX\n", "Health: 7 X: 5 Y: 5\nXXXXXXXXXX\nX     t  X\nXXXXXmXXXX\nXX \u221e     X\nXX XX XX X\nX   XHX  X\nX   X X  X\nX   X X  X\nXXMXX XXTX\nX P X X  X\nXX XX XTXX\nX RTX X TX\nX   X X TX\nX   X X  X\nXX XX XTXX\nX   X X  X\nX   X XXTX\nX XXX X  X\nX    e   X\nXXXXXXXXXX\n", "Health: 7 X: 5 Y: 6\nXXXXXXXXXX\nX     t  X\nXXXXX XXXX\nXX \u221e m   X\nXX XX XX X\nX   X X  X\nX   XHX  X\nX   X X  X\nXXMXX XXTX\nX P X X  X\nXX XX XTXX\nX RTX X TX\nX   X X TX\nX   X X  X\nXX XX XTXX\nX   X X  X\nX   X XXTX\nX XXX X  X\nX    e   X\nXXXXXXXXXX\n", "Health: 7 X: 5 Y: 7\nXXXXXXXXXX\nX     t  X\nXXXXX XXXX\nXX \u221e     X\nXX XXmXX X\nX   X X  X\nX   X X  X\nX   XHX  X\nXXMXX XXTX\nX P X X  X\nXX XX XTXX\nX RTX X TX\nX   X X TX\nX   X X  X\nXX XX XTXX\nX   X X  X\nX   X XXTX\nX XXX X  X\nX    e   X\nXXXXXXXXXX\n", "Health: 7 X: 5 Y: 6\nXXXXXXXXXX\nX     t  X\nXXXXX XXXX\nXX \u221e     X\nXX XX XX X\nX   XmX  X\nX   XHX  X\nX   X X  X\nXXMXX XXTX\nX P X X  X\nXX XX XTXX\nX RTX X TX\nX   X X TX\nX   X X  X\nXX XX XTXX\nX   X X  X\nX   X XXTX\nX XXX X  X\nX    e   X\nXXXXXXXXXX\n", "Health: 7 X: 5 Y: 6\nXXXXXXXXXX\nX     t  X\nXXXXX XXXX\nXX \u221e     X\nXX XX XX X\nX   XmX  X\nX   XHX  X\nX   X X  X\nXXMXX XXTX\nX P X X  X\nXX XX XTXX\nX RTX X TX\nX   X X TX\nX   X X  X\nXX XX XTXX\nX   X X  X\nX   X XXTX\nX XXX X  X\nX    e   X\nXXXXXXXXXX\n", "Health: 7 X: 5 Y: 5\nXXXXXXXXXX\nX     t  X\nXXXXX XXXX\nXX \u221e     X\nXX XX XX X\nX   XmX  X\nX   X X  X\nX   X X  X\nXXMXX XXTX\nX P X X  X\nXX XX XTXX\nX RTX X TX\nX   X X TX\nX   X X  X\nXX XX XTXX\nX   X X  X\nX   X XXTX\nX XXX X  X\nX    e   X\nXXXXXXXXXX\n", "Health: 7 X: 5 Y: 4\nXXXXXXXXXX\nX     t  X\nXXXXX XXXX\nXX \u221e     X\nXX XXHXX X\nX   XmX  X\nX   X X  X\nX   X X  X\nXXMXX XXTX\nX P X X  X\nXX XX XTXX\nX RTX X TX\nX   X X TX\nX   X X  X\nXX XX XTXX\nX   X X  X\nX   X XXTX\nX XXX X  X\nX    e   X\nXXXXXXXXXX\n", "Health: 7 X: 5 Y: 3\nXXXXXXXXXX\nX     t  X\nXXXXX XXXX\nXX \u221e H   X\nXX XX XX X\nX   XmX  X\nX   X X  X\nX   X X  X\nXXMXX XXTX\nX P X X  X\nXX XX XTXX\nX RTX X TX\nX   X X TX\nX   X X  X\nXX XX XTXX\nX   X X  X\nX   X XXTX\nX XXX X  X\nX    e   X\nXXXXXXXXXX\n", "Health: 7 X: 6 Y: 3\nXXXXXXXXXX\nX     t  X\nXXXXX XXXX\nXX \u221e     X\nXX XX XX X\nX   XmX  X\nX   X X  X\nX   X X  X\nXXMXX XXTX\nX P X X  X\nXX XX XTXX\nX RTX X TX\nX   X X TX\nX   X X  X\nXX XX XTXX\nX   X X  X\nX   X XXTX\nX XXX X  X\nX    e   X\nXXXXXXXXXX\n", "Health: 7 X: 7 Y: 3\nXXXXXXXXXX\nX     t  X\nXXXXX XXXX\nXX \u221e   H X\nXX XXmXX X\nX   X X  X\nX   X X  X\nX   X X  X\nXXMXX XXTX\nX P X X  X\nXX XX XTXX\nX RTX X TX\nX   X X TX\nX   X X  X\nXX XX XTXX\nX   X X  X\nX   X XXTX\nX XXX X  X\nX    e   X\nXXXXXXXXXX\n", "Health: 7 X: 8 Y: 3\nXXXXXXXXXX\nX     t  X\nXXXXX XXXX\nXX \u221e m  HX\nXX XX XX X\nX   X X  X\nX   X Xo X\nX   X X  X\nXXMXX XXTX\nX P X X  X\nXX XX XTXX\nX RTX X TX\nX   X X TX\nX   X X  X\nXX XX XTXX\nX   X X  X\nX   X XXTX\nX XXX X  X\nX    e   X\nXXXXXXXXXX\n", "Health: 7 X: 8 Y: 4\nXXXXXXXXXX\nX     t  X\nXXXXX XXXX\nXX \u221e     X\nXX XX XXHX\nX   X Xo X\nX   X X  X\nX   X X  X\nXXMXX XXTX\nX P X X  X\nXX XX XTXX\nX RTX X TX\nX   X X TX\nX   X X  X\nXX XX XTXX\nX   X X  X\nX   X XXTX\nX XXX X  X\nX    e   X\nXXXXXXXXXX\n", "Health: 7 X: 8 Y: 3\nXXXXXXXXXX\nX     t  X\nXXXXX XXXX\nXX \u221e   mHX\nXX XX XX X\nX   X X oX\nX   X X  X\nX   X X  X\nXXMXX XXTX\nX P X X  X\nXX XX XTXX\nX RTX X TX\nX   X X TX\nX   X X  X\nXX XX XTXX\nX   X X  X\nX   X XXTX\nX XXX X  X\nX    e   X\nXXXXXXXXXX\n", "Health: 6 X: 7 Y: 3\nXXXXXXXXXX\nX     t  X\nXXXXX XXXX\nXX \u221e   m X\nXX XX XX X\nX   X X  X\nX   X X oX\nX   X X  X\nXXMXX XXTX\nX P X X  X\nXX XX XTXX\nX RTX X TX\nX   X X TX\nX   X X  X\nXX XX XTXX\nX   X X  X\nX   X XXTX\nX XXX X  X\nX    e   X\nXXXXXXXXXX\n", "Health: 6 X: 8 Y: 3\nXXXXXXXXXX\nX     t  X\nXXXXX XXXX\nXX \u221e   mHX\nXX XX XX X\nX   X X  X\nX   X X  X\nX   X X oX\nXXMXX XXTX\nX P X X  X\nXX XX XTXX\nX RTX X TX\nX   X X TX\nX   X X  X\nXX XX XTXX\nX   X X  X\nX   X XXTX\nX XXX X  X\nX    e   X\nXXXXXXXXXX\n", "Health: 6 X: 8 Y: 3\nXXXXXXXXXX\nX     t  X\nXXXXX XXXX\nXX \u221e   mHX\nXX XX XX X\nX   X X  X\nX   X X  X\nX   X X  X\nXXMXX XX X\nX P X X  X\nXX XX XTXX\nX RTX X TX\nX   X X TX\nX   X X  X\nXX XX XTXX\nX   X X  X\nX   X XXTX\nX XXX X  X\nX    e   X\nXXXXXXXXXX\n", "Health: 6 X: 8 Y: 4\nXXXXXXXXXX\nX     t  X\nXXXXX XXXX\nXX \u221e   m X\nXX XX XXHX\nX   X X  X\nX   X X  X\nX   X X  X\nXXMXX XX X\nX P X X oX\nXX XX XTXX\nX RTX X TX\nX   X X TX\nX   X X  X\nXX XX XTXX\nX   X X  X\nX   X XXTX\nX XXX X  X\nX    e   X\nXXXXXXXXXX\n", "Health: 6 X: 8 Y: 5\nXXXXXXXXXX\nX     t  X\nXXXXX XXXX\nXX \u221e   m X\nXX XX XX X\nX   X X HX\nX   X X  X\nX   X X  X\nXXMXX XX X\nX P X X  X\nXX XX XTXX\nX RTX X TX\nX   X X TX\nX   X X  X\nXX XX XTXX\nX   X X  X\nX   X XXTX\nX XXX X  X\nX    e   X\nXXXXXXXXXX\n", "Health: 6 X: 8 Y: 6\nXXXXXXXXXX\nX     t  X\nXXXXX XXXX\nXX \u221e    mX\nXX XX XX X\nX   X X  X\nX   X X HX\nX   X X oX\nXXMXX XX X\nX P X X  X\nXX XX XTXX\nX RTX X TX\nX   X X TX\nX   X X  X\nXX XX XTXX\nX   X X  X\nX   X XXTX\nX XXX X  X\nX    e   X\nXXXXXXXXXX\n", "Health: 4 X: 8 Y: 7\nXXXXXXXXXX\nX     t  X\nXXXXX XXXX\nXX \u221e     X\nXX XX XXmX\nX   X X  X\nX   X X  X\nX   X X \u221eX\nXXMXX XX X\nX P X X  X\nXX XX XTXX\nX RTX X TX\nX   X X TX\nX   X X  X\nXX XX XTXX\nX   X X  X\nX   X XXTX\nX XXX X  X\nX    e   X\nXXXXXXXXXX\n", "Health: 4 X: 8 Y: 8\nXXXXXXXXXX\nX     t  X\nXXXXX XXXX\nXX \u221e     X\nXX XX XX X\nX   X X mX\nX   X X  X\nX   X X \u221eX\nXXMXX XX X\nX P X X  X\nXX XX XTXX\nX RTX X TX\nX   X X TX\nX   X X  X\nXX XX XTXX\nX   X X  X\nX   X XXTX\nX XXX X  X\nX    e   X\nXXXXXXXXXX\n", "Health: 4 X: 8 Y: 8\nXXXXXXXXXX\nX     t  X\nXXXXX XXXX\nXX \u221e     X\nXX XX XX X\nX   X X mX\nX   X X  X\nX   X X \u221eX\nXXMXX XX X\nX P X X  X\nXX XX XTXX\nX RTX X TX\nX   X X TX\nX   X X  X\nXX XX XTXX\nX   X X  X\nX   X XXTX\nX XXX X  X\nX    e   X\nXXXXXXXXXX\n", "Health: 4 X: 8 Y: 7\nXXXXXXXXXX\nX     t  X\nXXXXX XXXX\nXX \u221e     X\nXX XX XX X\nX   X X mX\nX   X X  X\nX   X X \u221eX\nXXMXX XX X\nX P X X  X\nXX XX XTXX\nX RTX X TX\nX   X X TX\nX   X X  X\nXX XX XTXX\nX   X X  X\nX   X XXTX\nX XXX X  X\nX    e   X\nXXXXXXXXXX\n", "Health: 4 X: 8 Y: 6\nXXXXXXXXXX\nX     t  X\nXXXXX XXXX\nXX \u221e     X\nXX XX XX X\nX   X X mX\nX   X X HX\nX   X X \u221eX\nXXMXX XX X\nX P X X  X\nXX XX XTXX\nX RTX X TX\nX   X X TX\nX   X X  X\nXX XX XTXX\nX   X X  X\nX   X XXTX\nX XXX X  X\nX    e   X\nXXXXXXXXXX\n", "Health: 4 X: 8 Y: 5\nXXXXXXXXXX\nX     t  X\nXXXXX XXXX\nXX \u221e     X\nXX XX XX X\nX   X X mX\nX   X X  X\nX   X X \u221eX\nXXMXX XX X\nX P X X  X\nXX XX XTXX\nX RTX X TX\nX   X X TX\nX   X X  X\nXX XX XTXX\nX   X X  X\nX   X XXTX\nX XXX X  X\nX    e   X\nXXXXXXXXXX\n", "Health: 4 X: 7 Y: 5\nXXXXXXXXXX\nX     t  X\nXXXXX XXXX\nXX \u221e     X\nXX XX XX X\nX   X XHmX\nX   X X  X\nX   X X \u221eX\nXXMXX XX X\nX P X X  X\nXX XX XTXX\nX RTX X TX\nX   X X TX\nX   X X  X\nXX XX XTXX\nX   X X  X\nX   X XXTX\nX XXX X  X\nX    e   X\nXXXXXXXXXX\n", "Health: 4 X: 7 Y: 6\nXXXXXXXXXX\nX     t  X\nXXXXX XXXX\nXX \u221e     X\nXX XX XX X\nX   X Xm X\nX   X XH X\nX   X X \u221eX\nXXMXX XX X\nX P X X  X\nXX XX XTXX\nX RTX X TX\nX   X X TX\nX   X X  X\nXX XX XTXX\nX   X X  X\nX   X XXTX\nX XXX X  X\nX    e   X\nXXXXXXXXXX\n", "Health: 4 X: 7 Y: 7\nXXXXXXXXXX\nX     t  X\nXXXXX XXXX\nXX \u221e     X\nXX XX XX X\nX   X X  X\nX   X Xm X\nX   X X \u221eX\nXXMXX XX X\nX P X X  X\nXX XX XTXX\nX RTX X TX\nX   X X TX\nX   X X  X\nXX XX XTXX\nX   X X  X\nX   X XXTX\nX XXX X  X\nX    e   X\nXXXXXXXXXX\n", "Health: 4 X: 7 Y: 7\nXXXXXXXXXX\nX     t  X\nXXXXX XXXX\nXX \u221e     X\nXX XX XX X\nX   X X  X\nX   X Xm X\nX   X X \u221eX\nXXMXX XX X\nX P X X  X\nXX XX XTXX\nX RTX X TX\nX   X X TX\nX   X X  X\nXX XX XTXX\nX   X X  X\nX   X XXTX\nX XXX X  X\nX    e   X\nXXXXXXXXXX\n", "Health: 4 X: 7 Y: 6\nXXXXXXXXXX\nX     t  X\nXXXXX XXXX\nXX \u221e     X\nXX XX XX X\nX   X X  X\nX   X Xm X\nX   X X \u221eX\nXXMXX XX X\nX P X X  X\nXX XX XTXX\nX RTX X TX\nX   X X TX\nX   X X  X\nXX XX XTXX\nX   X X  X\nX   X XXTX\nX XXX X  X\nX    e   X\nXXXXXXXXXX\n", "Health: 4 X: 8 Y: 6\nXXXXXXXXXX\nX     t  X\nXXXXX XXXX\nXX \u221e     X\nXX XX XX X\nX   X X  X\nX   X XmHX\nX   X X \u221eX\nXXMXX XX X\nX P X X  X\nXX XX XTXX\nX RTX X TX\nX   X X TX\nX   X X  X\nXX XX XTXX\nX   X X  X\nX   X XXTX\nX XXX X  X\nX    e   X\nXXXXXXXXXX\n", "Health: 4 X: 8 Y: 7\nXXXXXXXXXX\nX     t  X\nXXXXX XXXX\nXX \u221e     X\nXX XX XX X\nX   X X  X\nX   X Xm X\nX   X X \u221eX\nXXMXX XX X\nX P X X  X\nXX XX XTXX\nX RTX X TX\nX   X X TX\nX   X X  X\nXX XX XTXX\nX   X X  X\nX   X XXTX\nX XXX X  X\nX    e   X\nXXXXXXXXXX\n", "Health: 4 X: 8 Y: 8\nXXXXXXXXXX\nX     t  X\nXXXXX XXXX\nXX \u221e     X\nXX XX XX X\nX   X X  X\nX   X Xm X\nX   X X \u221eX\nXXMXX XX X\nX P X X  X\nXX XX XTXX\nX RTX X TX\nX   X X TX\nX   X X  X\nXX XX XTXX\nX   X X  X\nX   X XXTX\nX XXX X  X\nX    e   X\nXXXXXXXXXX\n", "Health: 4 X: 8 Y: 9\nXXXXXXXXXX\nX     t  X\nXXXXX XXXX\nXX \u221e     X\nXX XX XX X\nX   X X  X\nX   X X mX\nX   X X \u221eX\nXXMXX XX X\nX P X X HX\nXX XX XTXX\nX RTX X TX\nX   X X TX\nX   X X  X\nXX XX XTXX\nX   X X  X\nX   X XXTX\nX XXX X  X\nX    e   X\nXXXXXXXXXX\n", "Health: 4 X: 7 Y: 9\nXXXXXXXXXX\nX     t  X\nXXXXX XXXX\nXX \u221e     X\nXX XX XX X\nX   X X  X\nX   X X  X\nX   X X \u221eX\nXXMXX XX X\nX P X XH X\nXX XX XTXX\nX RTX X TX\nX   X X TX\nX   X X  X\nXX XX XTXX\nX   X X  X\nX   X XXTX\nX XXX X  X\nX    e   X\nXXXXXXXXXX\n", "Health: 4 X: 7 Y: 10\nXXXXXXXXXX\nX     t  X\nXXXXX XXXX\nXX \u221e     X\nXX XX XX X\nX   X X  X\nX   X X  X\nX   X X \u221eX\nXXMXX XX X\nX P X X  X\nXX XX X XX\nX RTX X TX\nX   X X TX\nX   X X  X\nXX XX XTXX\nX   X X  X\nX   X XXTX\nX XXX X  X\nX    e   X\nXXXXXXXXXX\n", "Health: 4 X: 7 Y: 11\nXXXXXXXXXX\nX     t  X\nXXXXX XXXX\nXX \u221e     X\nXX XX XX X\nX   X X  X\nX   X X  X\nX   X X \u221eX\nXXMXX XX X\nX P X X mX\nXX XX X XX\nX RTX XHTX\nX   X X TX\nX   X X  X\nXX XX XTXX\nX   X X  X\nX   X XXTX\nX XXX X  X\nX    e   X\nXXXXXXXXXX\n", "Health: 4 X: 7 Y: 12\nXXXXXXXXXX\nX     t  X\nXXXXX XXXX\nXX \u221e     X\nXX XX XX X\nX   X X  X\nX   X X  X\nX   X X \u221eX\nXXMXX XX X\nX P X Xm X\nXX XX X XX\nX RTX X TX\nX   X XHTX\nX   X X  X\nXX XX XTXX\nX   X X  X\nX   X XXTX\nX XXX X  X\nX    e   X\nXXXXXXXXXX\n", "Health: 4 X: 8 Y: 12\nXXXXXXXXXX\nX     t  X\nXXXXX XXXX\nXX \u221e     X\nXX XX XX X\nX   X X  X\nX   X X  X\nX   X X \u221eX\nXXMXX XX X\nX P X X  X\nXX XX X XX\nX RTX X TX\nX   X X  X\nX   X X  X\nXX XX XTXX\nX   X X  X\nX   X XXTX\nX XXX X  X\nX    e   X\nXXXXXXXXXX\n", "Health: 4 X: 8 Y: 13\nXXXXXXXXXX\nX     t  X\nXXXXX XXXX\nXX \u221e     X\nXX XX XX X\nX   X X  X\nX   X X  X\nX   X X \u221eX\nXXMXX XX X\nX P X X  X\nXX XX X XX\nX RTX XmTX\nX   X X  X\nX   X X HX\nXX XX XTXX\nX   X X  X\nX   X XXTX\nX XXX X  X\nX    e   X\nXXXXXXXXXX\n", "Health: 4 X: 7 Y: 13\nXXXXXXXXXX\nX     t  X\nXXXXX XXXX\nXX \u221e     X\nXX XX XX X\nX   X X  X\nX   X X  X\nX   X X \u221eX\nXXMXX XX X\nX P X X  X\nXX XX X XX\nX RTX X TX\nX   X Xm X\nX   X XH X\nXX XX XTXX\nX   X X  X\nX   X XXTX\nX XXX X  X\nX    e   X\nXXXXXXXXXX\n", "Health: 4 X: 7 Y: 13\nXXXXXXXXXX\nX     t  X\nXXXXX XXXX\nXX \u221e     X\nXX XX XX X\nX   X X  X\nX   X X  X\nX   X X \u221eX\nXXMXX XX X\nX P X X  X\nXX XX X XX\nX RTX X TX\nX   X Xm X\nX   X XH X\nXX XX XTXX\nX   X X  X\nX   X XXTX\nX XXX X  X\nX    e   X\nXXXXXXXXXX\n", "Health: 4 X: 7 Y: 12\nXXXXXXXXXX\nX     t  X\nXXXXX XXXX\nXX \u221e     X\nXX XX XX X\nX   X X  X\nX   X X  X\nX   X X \u221eX\nXXMXX XX X\nX P X X  X\nXX XX X XX\nX RTX X TX\nX   X Xm X\nX   X X  X\nXX XX XTXX\nX   X X  X\nX   X XXTX\nX XXX X  X\nX    e   X\nXXXXXXXXXX\n", "Health: 4 X: 7 Y: 13\nXXXXXXXXXX\nX     t  X\nXXXXX XXXX\nXX \u221e     X\nXX XX XX X\nX   X X  X\nX   X X  X\nX   X X \u221eX\nXXMXX XX X\nX P X X  X\nXX XX X XX\nX RTX X TX\nX   X Xm X\nX   X XH X\nXX XX XTXX\nX   X X  X\nX   X XXTX\nX XXX X  X\nX    e   X\nXXXXXXXXXX\n", "Health: 4 X: 7 Y: 14\nXXXXXXXXXX\nX     t  X\nXXXXX XXXX\nXX \u221e     X\nXX XX XX X\nX   X X  X\nX   X X  X\nX   X X \u221eX\nXXMXX XX X\nX P X X  X\nXX XX X XX\nX RTX X TX\nX   X Xm X\nX   X X  X\nXX XX X XX\nX   X X  X\nX   X XXTX\nX XXX X  X\nX    e   X\nXXXXXXXXXX\n", "Health: 4 X: 7 Y: 15\nXXXXXXXXXX\nX     t  X\nXXXXX XXXX\nXX \u221e     X\nXX XX XX X\nX   X X  X\nX   X X  X\nX   X X \u221eX\nXXMXX XX X\nX P X X  X\nXX XX X XX\nX RTX X TX\nX   X Xm X\nX   X X  X\nXX XX X XX\nX   X XH X\nX   X XXTX\nX XXX X  X\nX    e   X\nXXXXXXXXXX\n", "Health: 4 X: 8 Y: 15\nXXXXXXXXXX\nX     t  X\nXXXXX XXXX\nXX \u221e     X\nXX XX XX X\nX   X X  X\nX   X X  X\nX   X X \u221eX\nXXMXX XX X\nX P X X  X\nXX XX X XX\nX RTX X TX\nX   X X  X\nX   X Xm X\nXX XX X XX\nX   X X HX\nX   X XXTX\nX XXX X  X\nX    e   X\nXXXXXXXXXX\n", "Health: 4 X: 8 Y: 16\nXXXXXXXXXX\nX     t  X\nXXXXX XXXX\nXX \u221e     X\nXX XX XX X\nX   X X  X\nX   X X  X\nX   X X \u221eX\nXXMXX XX X\nX P X X  X\nXX XX X XX\nX RTX X TX\nX   X X  X\nX   X X  X\nXX XX X XX\nX   X X  X\nX   X XX X\nX XXX X  X\nX    e   X\nXXXXXXXXXX\n", "Health: 4 X: 8 Y: 17\nXXXXXXXXXX\nX     t  X\nXXXXX XXXX\nXX \u221e     X\nXX XX XX X\nX   X X  X\nX   X X  X\nX   X X \u221eX\nXXMXX XX X\nX P X X  X\nXX XX X XX\nX RTX X TX\nX   X X  X\nX   X X  X\nXX XX X XX\nX   X Xm X\nX   X XX X\nX XXX X HX\nX    e   X\nXXXXXXXXXX\n", "Health: 4 X: 8 Y: 18\nXXXXXXXXXX\nX     t  X\nXXXXX XXXX\nXX \u221e     X\nXX XX XX X\nX   X X  X\nX   X X  X\nX   X X \u221eX\nXXMXX XX X\nX P X X  X\nXX XX X XX\nX RTX X TX\nX   X X  X\nX   X X  X\nXX XX X XX\nX   X X mX\nX   X XX X\nX XXX X  X\nX    e  HX\nXXXXXXXXXX\n", "Health: 4 X: 8 Y: 17\nXXXXXXXXXX\nX     t  X\nXXXXX XXXX\nXX \u221e     X\nXX XX XX X\nX   X X  X\nX   X X  X\nX   X X \u221eX\nXXMXX XX X\nX P X X  X\nXX XX X XX\nX RTX X TX\nX   X X  X\nX   X X  X\nXX XX X XX\nX   X X  X\nX   X XX X\nX XXX X HX\nX    e   X\nXXXXXXXXXX\n", "Health: 4 X: 8 Y: 17\nXXXXXXXXXX\nX     t  X\nXXXXX XXXX\nXX \u221e     X\nXX XX XX X\nX   X X  X\nX   X X  X\nX   X X \u221eX\nXXMXX XX X\nX P X X  X\nXX XX X XX\nX RTX X TX\nX   X X  X\nX   X X  X\nXX XX X XX\nX   X X  X\nX   X XX X\nX XXX X HX\nX    e   X\nXXXXXXXXXX\n", "Health: 4 X: 8 Y: 16\nXXXXXXXXXX\nX     t  X\nXXXXX XXXX\nXX \u221e     X\nXX XX XX X\nX   X X  X\nX   X X  X\nX   X X \u221eX\nXXMXX XX X\nX P X X  X\nXX XX X XX\nX RTX X TX\nX   X X  X\nX   X X  X\nXX XX X XX\nX   X X  X\nX   X XX X\nX XXX X  X\nX    e   X\nXXXXXXXXXX\n", "Health: 4 X: 8 Y: 15\nXXXXXXXXXX\nX     t  X\nXXXXX XXXX\nXX \u221e     X\nXX XX XX X\nX   X X  X\nX   X X  X\nX   X X \u221eX\nXXMXX XX X\nX P X X  X\nXX XX X XX\nX RTX X TX\nX   X X  X\nX   X X  X\nXX XX X XX\nX   X X HX\nX   X XX X\nX XXX X  X\nX    e   X\nXXXXXXXXXX\n", "Health: 4 X: 7 Y: 15\nXXXXXXXXXX\nX     t  X\nXXXXX XXXX\nXX \u221e     X\nXX XX XX X\nX   X X  X\nX   X X  X\nX   X X \u221eX\nXXMXX XX X\nX P X X  X\nXX XX X XX\nX RTX X TX\nX   X X  X\nX   X X  X\nXX XX X XX\nX   X XH X\nX   X XX X\nX XXX X  X\nX    e   X\nXXXXXXXXXX\n", "Health: 4 X: 7 Y: 14\nXXXXXXXXXX\nX     t  X\nXXXXX XXXX\nXX \u221e     X\nXX XX XX X\nX   X X  X\nX   X X  X\nX   X X \u221eX\nXXMXX XX X\nX P X X  X\nXX XX X XX\nX RTX X TX\nX   X X  X\nX   X X  X\nXX XX X XX\nX   X X  X\nX   X XX X\nX XXX X  X\nX    e   X\nXXXXXXXXXX\n", "Health: 4 X: 7 Y: 13\nXXXXXXXXXX\nX     t  X\nXXXXX XXXX\nXX \u221e     X\nXX XX XX X\nX   X X  X\nX   X X  X\nX   X X \u221eX\nXXMXX XX X\nX P X X  X\nXX XX X XX\nX RTX X TX\nX   X X  X\nX   X XH X\nXX XX X XX\nX   X X mX\nX   X XX X\nX XXX X  X\nX    e   X\nXXXXXXXXXX\n", "Health: 4 X: 7 Y: 12\nXXXXXXXXXX\nX     t  X\nXXXXX XXXX\nXX \u221e     X\nXX XX XX X\nX   X X  X\nX   X X  X\nX   X X \u221eX\nXXMXX XX X\nX P X X  X\nXX XX X XX\nX RTX X TX\nX   X XH X\nX   X X  X\nXX XX X XX\nX   X Xm X\nX   X XX X\nX XXX X  X\nX    e   X\nXXXXXXXXXX\n", "Health: 4 X: 7 Y: 11\nXXXXXXXXXX\nX     t  X\nXXXXX XXXX\nXX \u221e     X\nXX XX XX X\nX   X X  X\nX   X X  X\nX   X X \u221eX\nXXMXX XX X\nX P X X  X\nXX XX X XX\nX RTX XHTX\nX   X X  X\nX   X X  X\nXX XX X XX\nX   X X  X\nX   X XX X\nX XXX X  X\nX    e   X\nXXXXXXXXXX\n", "Health: 3 X: 3 Y: 11\nXXXXXXXXXX\nX     t  X\nXXXXX XXXX\nXX \u221e     X\nXX XX XX X\nX   X X  X\nX   X X  X\nX   X X \u221eX\nXXMXX XX X\nX P X X  X\nXX XX X XX\nX RTX X TX\nX   X X  X\nX   X X  X\nXX XX X XX\nX   X Xm X\nX   X XX X\nX XXX X  X\nX    e   X\nXXXXXXXXXX\n", "Health: 2 X: 3 Y: 12\nXXXXXXXXXX\nX     t  X\nXXXXX XXXX\nXX \u221e     X\nXX XX XX X\nX   X X  X\nX   X X  X\nX   X X \u221eX\nXXMXX XX X\nX P X X  X\nXX XX X XX\nX RTX X TX\nX  HX X  X\nX   X X  X\nXX XX X XX\nX   X X mX\nX   X XX X\nX XXX X  X\nX    e   X\nXXXXXXXXXX\n", "Health: 1 X: 3 Y: 13\nXXXXXXXXXX\nX     t  X\nXXXXX XXXX\nXX \u221e     X\nXX XX XX X\nX   X X  X\nX   X X  X\nX   X X \u221eX\nXX XX XX X\nX M X X  X\nXX XX X XX\nX RTX X TX\nX   X X  X\nX  HX X  X\nXX XX X XX\nX   X X  X\nX   X XX X\nX XXX X  X\nX    e   X\nXXXXXXXXXX\n", "Health: 0 X: 2 Y: 13\nXXXXXXXXXX\nX     t  X\nXXXXX XXXX\nXX \u221e     X\nXX XX XX X\nX   X X  X\nX   X X  X\nX   X X \u221eX\nXX XX XX X\nX P X X  X\nXXMXX X XX\nX RTX X TX\nX   X X  X\nX \u2620 X X  X\nXX XX X XX\nX   X X  X\nX   X XX X\nX XXX X mX\nX    e   X\nXXXXXXXXXX\n"], "map_number": 100}], "timestamp": "11-Aug-2021 04:58:31.496662", "ip": "70.18.12.167"}