{"Q1": "Every day", "Q2": "Always", "Q3": "Often", "Q4": "Sometimes", "Q5": "Often", "Q6": "Often", "Q7": "Sometimes", "Q8": "Always", "Q9": "Sometimes", "Q10": "Sometimes", "results": [{"mechanics": [{"timestep": 2, "mechanic": "BlobHit"}, {"timestep": 9, "mechanic": "OgreHit"}, {"timestep": 9, "mechanic": "OgreHit"}, {"timestep": 17, "mechanic": "CollectPotion"}, {"timestep": 23, "mechanic": "TriggerTrap"}, {"timestep": 25, "mechanic": "CollectTreasure"}, {"timestep": 26, "mechanic": "CollectTreasure"}, {"timestep": 27, "mechanic": "CollectTreasure"}, {"timestep": 28, "mechanic": "CollectTreasure"}, {"timestep": 32, "mechanic": "MinitaurHit"}, {"timestep": 33, "mechanic": "MinitaurHit"}, {"timestep": 33, "mechanic": "TriggerTrap"}, {"timestep": 40, "mechanic": "CollectTreasure"}, {"timestep": 42, "mechanic": "MinitaurHit"}, {"timestep": 48, "mechanic": "CollectPotion"}, {"timestep": 51, "mechanic": "CollectTreasure"}, {"timestep": 57, "mechanic": "CollectTreasure"}, {"timestep": 57, "mechanic": "GoblinRangedHit"}, {"timestep": 58, "mechanic": "CollectTreasure"}, {"timestep": 58, "mechanic": "GoblinRangedHit"}, {"timestep": 59, "mechanic": "ReachStairs"}], "frequencies": {"BlobHit": 1, "OgreHit": 2, "CollectPotion": 2, "TriggerTrap": 2, "CollectTreasure": 8, "MinitaurHit": 3, "GoblinRangedHit": 2, "ReachStairs": 1}, "levelReport": {"utilityGained": 0.0, "exitUtility": 1.0, "runnerUtility": 0.4, "loitererUtility": 60.0, "completionistUtility": 0.8444444444444443, "monsterKillerUtility": 0.5333333333333333, "treasureCollectorUtility": 1.0, "turnsTaken": 60, "health": 3, "healthLost": 11, "alive": true, "javelinsThrown": 0, "monsterKills": 2, "minitaurKnockouts": 3, "treasuresCollected": 8, "potionsTaken": 2, "totalMonsters": 7, "totalTreasures": 8, "totalPotions": 2, "timeTaken": 0.0}, "positions": [{"X": 8, "Y": 2}, {"X": 8, "Y": 3}, {"X": 7, "Y": 3}, {"X": 6, "Y": 3}, {"X": 5, "Y": 3}, {"X": 4, "Y": 3}, {"X": 4, "Y": 4}, {"X": 4, "Y": 5}, {"X": 4, "Y": 6}, {"X": 4, "Y": 6}, {"X": 4, "Y": 7}, {"X": 4, "Y": 8}, {"X": 4, "Y": 9}, {"X": 4, "Y": 10}, {"X": 4, "Y": 11}, {"X": 5, "Y": 11}, {"X": 6, "Y": 11}, {"X": 7, "Y": 11}, {"X": 8, "Y": 11}, {"X": 8, "Y": 10}, {"X": 8, "Y": 9}, {"X": 8, "Y": 8}, {"X": 8, "Y": 7}, {"X": 8, "Y": 6}, {"X": 7, "Y": 6}, {"X": 6, "Y": 6}, {"X": 6, "Y": 7}, {"X": 6, "Y": 8}, {"X": 6, "Y": 9}, {"X": 6, "Y": 8}, {"X": 6, "Y": 7}, {"X": 6, "Y": 6}, {"X": 7, "Y": 6}, {"X": 8, "Y": 6}, {"X": 8, "Y": 7}, {"X": 8, "Y": 8}, {"X": 8, "Y": 9}, {"X": 8, "Y": 10}, {"X": 8, "Y": 11}, {"X": 8, "Y": 12}, {"X": 8, "Y": 13}, {"X": 8, "Y": 12}, {"X": 8, "Y": 11}, {"X": 7, "Y": 11}, {"X": 6, "Y": 11}, {"X": 5, "Y": 11}, {"X": 4, "Y": 11}, {"X": 3, "Y": 11}, {"X": 2, "Y": 11}, {"X": 1, "Y": 11}, {"X": 1, "Y": 12}, {"X": 1, "Y": 13}, {"X": 1, "Y": 14}, {"X": 1, "Y": 15}, {"X": 1, "Y": 16}, {"X": 2, "Y": 16}, {"X": 3, "Y": 16}, {"X": 4, "Y": 16}, {"X": 5, "Y": 16}, {"X": 5, "Y": 17}], "levelStates": ["Health: 10 X: 8 Y: 2\nXXXXXXXXXX\nXXXT m   X\nXXXXXXXXHX\nX    b   X\nX XX XXXXX\nX XX XXXXX\nX MX XT tX\nX XX XTX X\nX XX XTX X\nX MX XTX X\nX XX XXX X\nX P o  P X\nX XXXXXX X\nXTX RR XTX\nX X    X X\nX XX  XX X\nX   TT   X\nXT   e   X\nXXXXXXXXXX\n", "Health: 10 X: 8 Y: 3\nXXXXXXXXXX\nXXXT  m  X\nXXXXXXXX X\nX     b HX\nX XX XXXXX\nX XX XXXXX\nX MX XT tX\nX XX XTX X\nX XX XTX X\nX MX XTX X\nX XX XXX X\nX P o  P X\nX XXXXXX X\nXTX RR XTX\nX X    X X\nX XX  XX X\nX   TT   X\nXT   e   X\nXXXXXXXXXX\n", "Health: 9 X: 7 Y: 3\nXXXXXXXXXX\nXXXT   m X\nXXXXXXXX X\nX     \u221eH X\nX XX XXXXX\nX XX XXXXX\nX MX XT tX\nX XX XTX X\nX XX XTX X\nX MX XTX X\nX XX XXX X\nX P o  P X\nX XXXXXX X\nXTX RR XTX\nX X    X X\nX XX  XX X\nX   TT   X\nXT   e   X\nXXXXXXXXXX\n", "Health: 9 X: 6 Y: 3\nXXXXXXXXXX\nXXXT    mX\nXXXXXXXX X\nX     \u221e  X\nX XX XXXXX\nX XX XXXXX\nX MX XT tX\nX XX XTX X\nX XX XTX X\nX MX XTX X\nX XX XXX X\nX P o  P X\nX XXXXXX X\nXTX RR XTX\nX X    X X\nX XX  XX X\nX   TT   X\nXT   e   X\nXXXXXXXXXX\n", "Health: 9 X: 5 Y: 3\nXXXXXXXXXX\nXXXT     X\nXXXXXXXXmX\nX    H\u221e  X\nX XX XXXXX\nX XX XXXXX\nX MX XT tX\nX XX XTX X\nX XX XTX X\nX MX XTX X\nX XX XXX X\nX P o  P X\nX XXXXXX X\nXTX RR XTX\nX X    X X\nX XX  XX X\nX   TT   X\nXT   e   X\nXXXXXXXXXX\n", "Health: 9 X: 4 Y: 3\nXXXXXXXXXX\nXXXT     X\nXXXXXXXX X\nX   H \u221e mX\nX XX XXXXX\nX XX XXXXX\nX MX XT tX\nX XX XTX X\nX XX XTX X\nX MX XTX X\nX XXoXXX X\nX P    P X\nX XXXXXX X\nXTX RR XTX\nX X    X X\nX XX  XX X\nX   TT   X\nXT   e   X\nXXXXXXXXXX\n", "Health: 9 X: 4 Y: 4\nXXXXXXXXXX\nXXXT     X\nXXXXXXXX X\nX     \u221em X\nX XXHXXXXX\nX XX XXXXX\nX MX XT tX\nX XX XTX X\nX XX XTX X\nX MXoXTX X\nX XX XXX X\nX P    P X\nX XXXXXX X\nXTX RR XTX\nX X    X X\nX XX  XX X\nX   TT   X\nXT   e   X\nXXXXXXXXXX\n", "Health: 9 X: 4 Y: 5\nXXXXXXXXXX\nXXXT     X\nXXXXXXXX X\nX     \u221e  X\nX XX XXXXX\nX XXHXXXXX\nX MX XT tX\nX XX XTX X\nX XXoXTX X\nX MX XTX X\nX XX XXX X\nX P    P X\nX XXXXXX X\nXTX RR XTX\nX X    X X\nX XX  XX X\nX   TT   X\nXT   e   X\nXXXXXXXXXX\n", "Health: 9 X: 4 Y: 6\nXXXXXXXXXX\nXXXT     X\nXXXXXXXX X\nX    m\u221e  X\nX XX XXXXX\nX XX XXXXX\nX MXHXT tX\nX XXoXTX X\nX XX XTX X\nX MX XTX X\nX XX XXX X\nX P    P X\nX XXXXXX X\nXTX RR XTX\nX X    X X\nX XX  XX X\nX   TT   X\nXT   e   X\nXXXXXXXXXX\n", "Health: 5 X: 4 Y: 6\nXXXXXXXXXX\nXXXT     X\nXXXXXXXX X\nX   m \u221e  X\nX XX XXXXX\nX XX XXXXX\nX MXHXT tX\nX XX\u221eXTX X\nX XX XTX X\nX MX XTX X\nX XX XXX X\nX P    P X\nX XXXXXX X\nXTX RR XTX\nX X    X X\nX XX  XX X\nX   TT   X\nXT   e   X\nXXXXXXXXXX\n", "Health: 5 X: 4 Y: 7\nXXXXXXXXXX\nXXXT     X\nXXXXXXXX X\nX     \u221e  X\nX XXmXXXXX\nX XX XXXXX\nX MX XT tX\nX XX\u221eXTX X\nX XX XTX X\nX MX XTX X\nX XX XXX X\nX P    P X\nX XXXXXX X\nXTX RR XTX\nX X    X X\nX XX  XX X\nX   TT   X\nXT   e   X\nXXXXXXXXXX\n", "Health: 5 X: 4 Y: 8\nXXXXXXXXXX\nXXXT     X\nXXXXXXXX X\nX     \u221e  X\nX XX XXXXX\nX XXmXXXXX\nX MX XT tX\nX XX\u221eXTX X\nX XXHXTX X\nX MX XTX X\nX XX XXX X\nX P    P X\nX XXXXXX X\nXTX RR XTX\nX X    X X\nX XX  XX X\nX   TT   X\nXT   e   X\nXXXXXXXXXX\n", "Health: 5 X: 4 Y: 9\nXXXXXXXXXX\nXXXT     X\nXXXXXXXX X\nX     \u221e  X\nX XX XXXXX\nX XX XXXXX\nX MXmXT tX\nX XX\u221eXTX X\nX XX XTX X\nX MXHXTX X\nX XX XXX X\nX P    P X\nX XXXXXX X\nXTX RR XTX\nX X    X X\nX XX  XX X\nX   TT   X\nXT   e   X\nXXXXXXXXXX\n", "Health: 5 X: 4 Y: 10\nXXXXXXXXXX\nXXXT     X\nXXXXXXXX X\nX     \u221e  X\nX XX XXXXX\nX XX XXXXX\nX MX XT tX\nX XX\u221eXTX X\nX XX XTX X\nX MX XTX X\nX XXHXXX X\nX P    P X\nX XXXXXX X\nXTX RR XTX\nX X    X X\nX XX  XX X\nX   TT   X\nXT   e   X\nXXXXXXXXXX\n", "Health: 5 X: 4 Y: 11\nXXXXXXXXXX\nXXXT     X\nXXXXXXXX X\nX     \u221e  X\nX XX XXXXX\nX XX XXXXX\nX MX XT tX\nX XX\u221eXTX X\nX XXmXTX X\nX MX XTX X\nX XX XXX X\nX P H  P X\nX XXXXXX X\nXTX RR XTX\nX X    X X\nX XX  XX X\nX   TT   X\nXT   e   X\nXXXXXXXXXX\n", "Health: 5 X: 5 Y: 11\nXXXXXXXXXX\nXXXT     X\nXXXXXXXX X\nX     \u221e  X\nX XX XXXXX\nX XX XXXXX\nX MX XT tX\nX XX\u221eXTX X\nX XX XTX X\nX MXmXTX X\nX XX XXX X\nX P  H P X\nX XXXXXX X\nXTX RR XTX\nX X    X X\nX XX  XX X\nX   TT   X\nXT   e   X\nXXXXXXXXXX\n", "Health: 5 X: 6 Y: 11\nXXXXXXXXXX\nXXXT     X\nXXXXXXXX X\nX     \u221e  X\nX XX XXXXX\nX XX XXXXX\nX MX XT tX\nX XX\u221eXTX X\nX XX XTX X\nX MX XTX X\nX XXmXXX X\nX P   HP X\nX XXXXXX X\nXTX RR XTX\nX X    X X\nX XX  XX X\nX   TT   X\nXT   e   X\nXXXXXXXXXX\n", "Health: 7 X: 7 Y: 11\nXXXXXXXXXX\nXXXT     X\nXXXXXXXX X\nX     \u221e  X\nX XX XXXXX\nX XX XXXXX\nX MX XT tX\nX XX\u221eXTX X\nX XX XTX X\nX MX XTX X\nX XX XXX X\nX P m    X\nX XXXXXX X\nXTX RR XTX\nX X    X X\nX XX  XX X\nX   TT   X\nXT   e   X\nXXXXXXXXXX\n", "Health: 7 X: 8 Y: 11\nXXXXXXXXXX\nXXXT     X\nXXXXXXXX X\nX     \u221e  X\nX XX XXXXX\nX XX XXXXX\nX MX XT tX\nX XX\u221eXTX X\nX XX XTX X\nX MX XTX X\nX XX XXX X\nX P  m  HX\nX XXXXXX X\nXTX RR XTX\nX X    X X\nX XX  XX X\nX   TT   X\nXT   e   X\nXXXXXXXXXX\n", "Health: 7 X: 8 Y: 10\nXXXXXXXXXX\nXXXT     X\nXXXXXXXX X\nX     \u221e  X\nX XX XXXXX\nX XX XXXXX\nX MX XT tX\nX XX\u221eXTX X\nX XX XTX X\nX MX XTX X\nX XX XXXHX\nX P   m  X\nX XXXXXX X\nXTX RR XTX\nX X    X X\nX XX  XX X\nX   TT   X\nXT   e   X\nXXXXXXXXXX\n", "Health: 7 X: 8 Y: 9\nXXXXXXXXXX\nXXXT     X\nXXXXXXXX X\nX     \u221e  X\nX XX XXXXX\nX XX XXXXX\nX MX XT tX\nX XX\u221eXTX X\nX XX XTX X\nX MX XTXHX\nX XX XXX X\nX P      X\nX XXXXXX X\nXTX RR XTX\nX X    X X\nX XX  XX X\nX   TT   X\nXT   e   X\nXXXXXXXXXX\n", "Health: 7 X: 8 Y: 8\nXXXXXXXXXX\nXXXT     X\nXXXXXXXX X\nX     \u221e  X\nX XX XXXXX\nX XX XXXXX\nX MX XT tX\nX XX\u221eXTX X\nX XX XTXHX\nX MX XTX X\nX XX XXX X\nX P     mX\nX XXXXXX X\nXTX RR XTX\nX X    X X\nX XX  XX X\nX   TT   X\nXT   e   X\nXXXXXXXXXX\n", "Health: 7 X: 8 Y: 7\nXXXXXXXXXX\nXXXT     X\nXXXXXXXX X\nX     \u221e  X\nX XX XXXXX\nX XX XXXXX\nX MX XT tX\nX XX\u221eXTXHX\nX XX XTX X\nX MX XTX X\nX XX XXXmX\nX P      X\nX XXXXXX X\nXTX RR XTX\nX X    X X\nX XX  XX X\nX   TT   X\nXT   e   X\nXXXXXXXXXX\n", "Health: 6 X: 8 Y: 6\nXXXXXXXXXX\nXXXT     X\nXXXXXXXX X\nX     \u221e  X\nX XX XXXXX\nX XX XXXXX\nX MX XT tX\nX XX\u221eXTX X\nX XX XTX X\nX MX XTXmX\nX XX XXX X\nX P      X\nX XXXXXX X\nXTX RR XTX\nX X    X X\nX XX  XX X\nX   TT   X\nXT   e   X\nXXXXXXXXXX\n", "Health: 6 X: 7 Y: 6\nXXXXXXXXXX\nXXXT     X\nXXXXXXXX X\nX     \u221e  X\nX XX XXXXX\nX XX XXXXX\nX MX XTHtX\nX XX\u221eXTX X\nX XX XTXmX\nX MX XTX X\nX XX XXX X\nX P      X\nX XXXXXX X\nXTX RR XTX\nX X    X X\nX XX  XX X\nX   TT   X\nXT   e   X\nXXXXXXXXXX\n", "Health: 6 X: 6 Y: 6\nXXXXXXXXXX\nXXXT     X\nXXXXXXXX X\nX     \u221e  X\nX XX XXXXX\nX XX XXXXX\nX MX X  tX\nX XX\u221eXTXmX\nX XX XTX X\nX MX XTX X\nX XX XXX X\nX P      X\nX XXXXXX X\nXTX RR XTX\nX X    X X\nX XX  XX X\nX   TT   X\nXT   e   X\nXXXXXXXXXX\n", "Health: 6 X: 6 Y: 7\nXXXXXXXXXX\nXXXT     X\nXXXXXXXX X\nX     \u221e  X\nX XX XXXXX\nX XX XXXXX\nX MX X  tX\nX XX\u221eX X X\nX XX XTX X\nX MX XTX X\nX XX XXX X\nX P      X\nX XXXXXX X\nXTX RR XTX\nX X    X X\nX XX  XX X\nX   TT   X\nXT   e   X\nXXXXXXXXXX\n", "Health: 6 X: 6 Y: 8\nXXXXXXXXXX\nXXXT     X\nXXXXXXXX X\nX     \u221e  X\nX XX XXXXX\nX XX XXXXX\nX MX X  tX\nX XX\u221eX X X\nX XX X X X\nX MX XTX X\nX XX XXX X\nX P      X\nX XXXXXX X\nXTX RR XTX\nX X    X X\nX XX  XX X\nX   TT   X\nXT   e   X\nXXXXXXXXXX\n", "Health: 6 X: 6 Y: 9\nXXXXXXXXXX\nXXXT     X\nXXXXXXXX X\nX     \u221e  X\nX XX XXXXX\nX XX XXXXX\nX MX X  tX\nX XX\u221eX X X\nX XX X X X\nX MX X X X\nX XX XXX X\nX P      X\nX XXXXXX X\nXTX RR XTX\nX X    X X\nX XX  XX X\nX   TT   X\nXT   e   X\nXXXXXXXXXX\n", "Health: 6 X: 6 Y: 8\nXXXXXXXXXX\nXXXT     X\nXXXXXXXX X\nX     \u221e  X\nX XX XXXXX\nX XX XXXXX\nX MX X  tX\nX XX\u221eX X X\nX XX X X X\nX MX X X X\nX XX XXX X\nX P      X\nX XXXXXX X\nXTX RR XTX\nX X    X X\nX XX  XX X\nX   TT   X\nXT   e   X\nXXXXXXXXXX\n", "Health: 6 X: 6 Y: 7\nXXXXXXXXXX\nXXXT     X\nXXXXXXXX X\nX     \u221e  X\nX XX XXXXX\nX XX XXXXX\nX MX X  tX\nX XX\u221eX X X\nX XX X X X\nX MX X X X\nX XX XXX X\nX P      X\nX XXXXXX X\nXTX RR XTX\nX X    X X\nX XX  XX X\nX   TT   X\nXT   e   X\nXXXXXXXXXX\n", "Health: 6 X: 6 Y: 6\nXXXXXXXXXX\nXXXT     X\nXXXXXXXX X\nX     \u221e  X\nX XX XXXXX\nX XX XXXXX\nX MX X  tX\nX XX\u221eX X X\nX XX X X X\nX MX X X X\nX XX XXX X\nX P      X\nX XXXXXX X\nXTX RR XTX\nX X    X X\nX XX  XX X\nX   TT   X\nXT   e   X\nXXXXXXXXXX\n", "Health: 5 X: 7 Y: 6\nXXXXXXXXXX\nXXXT     X\nXXXXXXXX X\nX     \u221e  X\nX XX XXXXX\nX XX XXXXX\nX MX X HtX\nX XX\u221eX X X\nX XX X X X\nX MX X X X\nX XX XXX X\nX P      X\nX XXXXXX X\nXTX RR XTX\nX X    X X\nX XX  XX X\nX   TT   X\nXT   e   X\nXXXXXXXXXX\n", "Health: 4 X: 8 Y: 6\nXXXXXXXXXX\nXXXT     X\nXXXXXXXX X\nX     \u221e  X\nX XX XXXXX\nX XX XXXXX\nX MX X  tX\nX XX\u221eX X X\nX XX X X X\nX MX X X X\nX XX XXX X\nX P      X\nX XXXXXX X\nXTX RR XTX\nX X    X X\nX XX  XX X\nX   TT   X\nXT   e   X\nXXXXXXXXXX\n", "Health: 4 X: 8 Y: 7\nXXXXXXXXXX\nXXXT     X\nXXXXXXXX X\nX     \u221e  X\nX XX XXXXX\nX XX XXXXX\nX MX X  tX\nX XX\u221eX XHX\nX XX X X X\nX MX X X X\nX XX XXX X\nX P      X\nX XXXXXX X\nXTX RR XTX\nX X    X X\nX XX  XX X\nX   TT   X\nXT   e   X\nXXXXXXXXXX\n", "Health: 4 X: 8 Y: 8\nXXXXXXXXXX\nXXXT     X\nXXXXXXXX X\nX     \u221e  X\nX XX XXXXX\nX XX XXXXX\nX MX X  tX\nX XX\u221eX X X\nX XX X XHX\nX MX X X X\nX XX XXX X\nX P      X\nX XXXXXX X\nXTX RR XTX\nX X    X X\nX XX  XX X\nX   TT   X\nXT   e   X\nXXXXXXXXXX\n", "Health: 4 X: 8 Y: 9\nXXXXXXXXXX\nXXXT     X\nXXXXXXXX X\nX     \u221e  X\nX XX XXXXX\nX XX XXXXX\nX MX X  tX\nX XX\u221eX X X\nX XX X X X\nX MX X XHX\nX XX XXX X\nX P      X\nX XXXXXX X\nXTX RR XTX\nX X    X X\nX XX  XX X\nX   TT   X\nXT   e   X\nXXXXXXXXXX\n", "Health: 4 X: 8 Y: 10\nXXXXXXXXXX\nXXXT     X\nXXXXXXXX X\nX     \u221e  X\nX XX XXXXX\nX XX XXXXX\nX MX X  tX\nX XX\u221eX X X\nX XX X X X\nX MX X X X\nX XX XXXHX\nX P      X\nX XXXXXX X\nXTX RR XTX\nX X    X X\nX XX  XX X\nX   TT   X\nXT   e   X\nXXXXXXXXXX\n", "Health: 4 X: 8 Y: 11\nXXXXXXXXXX\nXXXT     X\nXXXXXXXX X\nX     \u221e  X\nX XX XXXXX\nX XX XXXXX\nX MX X  tX\nX XX\u221eX XmX\nX XX X X X\nX MX X X X\nX XX XXX X\nX P     HX\nX XXXXXX X\nXTX RR XTX\nX X    X X\nX XX  XX X\nX   TT   X\nXT   e   X\nXXXXXXXXXX\n", "Health: 4 X: 8 Y: 12\nXXXXXXXXXX\nXXXT     X\nXXXXXXXX X\nX     \u221e  X\nX XX XXXXX\nX XX XXXXX\nX MX X  tX\nX XX\u221eX X X\nX XX X XmX\nX MX X X X\nX XX XXX X\nX P      X\nX XXXXXXHX\nXTX RR XTX\nX X    X X\nX XX  XX X\nX   TT   X\nXT   e   X\nXXXXXXXXXX\n", "Health: 4 X: 8 Y: 13\nXXXXXXXXXX\nXXXT     X\nXXXXXXXX X\nX     \u221e  X\nX XX XXXXX\nX XX XXXXX\nX MX X  tX\nX XX\u221eX X X\nX XX X X X\nX MX X XmX\nX XX XXX X\nX P      X\nX XXXXXX X\nXTX RR X X\nX X    X X\nX XX  XX X\nX   TT   X\nXT   e   X\nXXXXXXXXXX\n", "Health: 4 X: 8 Y: 12\nXXXXXXXXXX\nXXXT     X\nXXXXXXXX X\nX     \u221e  X\nX XX XXXXX\nX XX XXXXX\nX MX X  tX\nX XX\u221eX X X\nX XX X X X\nX MX X X X\nX XX XXXmX\nX P      X\nX XXXXXXHX\nXTX RR X X\nX X    X X\nX XX  XX X\nX   TT   X\nXT   e   X\nXXXXXXXXXX\n", "Health: 3 X: 8 Y: 11\nXXXXXXXXXX\nXXXT     X\nXXXXXXXX X\nX     \u221e  X\nX XX XXXXX\nX XX XXXXX\nX MX X  tX\nX XX\u221eX X X\nX XX X X X\nX MX X X X\nX XX XXXmX\nX P     HX\nX XXXXXX X\nXTX RR X X\nX X    X X\nX XX  XX X\nX   TT   X\nXT   e   X\nXXXXXXXXXX\n", "Health: 3 X: 7 Y: 11\nXXXXXXXXXX\nXXXT     X\nXXXXXXXX X\nX     \u221e  X\nX XX XXXXX\nX XX XXXXX\nX MX X  tX\nX XX\u221eX X X\nX XX X X X\nX MX X X X\nX XX XXXmX\nX P      X\nX XXXXXX X\nXTX RR X X\nX X    X X\nX XX  XX X\nX   TT   X\nXT   e   X\nXXXXXXXXXX\n", "Health: 3 X: 6 Y: 11\nXXXXXXXXXX\nXXXT     X\nXXXXXXXX X\nX     \u221e  X\nX XX XXXXX\nX XX XXXXX\nX MX X  tX\nX XX\u221eX X X\nX XX X X X\nX MX X X X\nX XX XXXmX\nX P   H  X\nX XXXXXX X\nXTX RR X X\nX X    X X\nX XX  XX X\nX   TT   X\nXT   e   X\nXXXXXXXXXX\n", "Health: 3 X: 5 Y: 11\nXXXXXXXXXX\nXXXT     X\nXXXXXXXX X\nX     \u221e  X\nX XX XXXXX\nX XX XXXXX\nX MX X  tX\nX XX\u221eX X X\nX XX X X X\nX MX X X X\nX XX XXXmX\nX P  H   X\nX XXXXXX X\nXTX RR X X\nX X    X X\nX XX  XX X\nX   TT   X\nXT   e   X\nXXXXXXXXXX\n", "Health: 3 X: 4 Y: 11\nXXXXXXXXXX\nXXXT     X\nXXXXXXXX X\nX     \u221e  X\nX XX XXXXX\nX XX XXXXX\nX MX X  tX\nX XX\u221eX X X\nX XX X X X\nX MX X X X\nX XX XXXmX\nX P H    X\nX XXXXXX X\nXTX RR X X\nX X    X X\nX XX  XX X\nX   TT   X\nXT   e   X\nXXXXXXXXXX\n", "Health: 3 X: 3 Y: 11\nXXXXXXXXXX\nXXXT     X\nXXXXXXXX X\nX     \u221e  X\nX XX XXXXX\nX XX XXXXX\nX MX X  tX\nX XX\u221eX X X\nX XX X X X\nX MX X X X\nX XX XXXmX\nX PH     X\nX XXXXXX X\nXTX RR X X\nX X    X X\nX XX  XX X\nX   TT   X\nXT   e   X\nXXXXXXXXXX\n", "Health: 5 X: 2 Y: 11\nXXXXXXXXXX\nXXXT     X\nXXXXXXXX X\nX     \u221e  X\nX XX XXXXX\nX XX XXXXX\nX MX X  tX\nX XX\u221eX X X\nX XX X X X\nX MX X X X\nX XX XXX X\nX       mX\nX XXXXXX X\nXTX RR X X\nX X    X X\nX XX  XX X\nX   TT   X\nXT   e   X\nXXXXXXXXXX\n", "Health: 5 X: 1 Y: 11\nXXXXXXXXXX\nXXXT     X\nXXXXXXXX X\nX     \u221e  X\nX XX XXXXX\nX XX XXXXX\nX MX X  tX\nX XX\u221eX X X\nX XX X X X\nX MX X X X\nX XX XXX X\nXH       X\nX XXXXXX X\nXTX RR X X\nX X    X X\nX XX  XX X\nX   TT   X\nXT   e   X\nXXXXXXXXXX\n", "Health: 5 X: 1 Y: 12\nXXXXXXXXXX\nXXXT     X\nXXXXXXXX X\nX     \u221e  X\nX XX XXXXX\nX XX XXXXX\nX MX X  tX\nX XX\u221eX X X\nX XX X X X\nX MX X X X\nX XX XXX X\nX     m  X\nXHXXXXXX X\nXTX RR X X\nX X    X X\nX XX  XX X\nX   TT   X\nXT   e   X\nXXXXXXXXXX\n", "Health: 5 X: 1 Y: 13\nXXXXXXXXXX\nXXXT     X\nXXXXXXXX X\nX     \u221e  X\nX XX XXXXX\nX XX XXXXX\nX MX X  tX\nX XX\u221eX X X\nX XX X X X\nX MX X X X\nX XX XXX X\nX    m   X\nX XXXXXX X\nX X RR X X\nX X    X X\nX XX  XX X\nX   TT   X\nXT   e   X\nXXXXXXXXXX\n", "Health: 5 X: 1 Y: 14\nXXXXXXXXXX\nXXXT     X\nXXXXXXXX X\nX     \u221e  X\nX XX XXXXX\nX XX XXXXX\nX MX X  tX\nX XX\u221eX X X\nX XX X X X\nX MX X X X\nX XX XXX X\nX   m    X\nX XXXXXX X\nX X RR X X\nXHX    X X\nX XX  XX X\nX   TT   X\nXT   e   X\nXXXXXXXXXX\n", "Health: 5 X: 1 Y: 15\nXXXXXXXXXX\nXXXT     X\nXXXXXXXX X\nX     \u221e  X\nX XX XXXXX\nX XX XXXXX\nX MX X  tX\nX XX\u221eX X X\nX XX X X X\nX MX X X X\nX XX XXX X\nX  m     X\nX XXXXXX X\nX X RR X X\nX X    X X\nXHXX  XX X\nX   TT   X\nXT   e   X\nXXXXXXXXXX\n", "Health: 5 X: 1 Y: 16\nXXXXXXXXXX\nXXXT     X\nXXXXXXXX X\nX     \u221e  X\nX XX XXXXX\nX XX XXXXX\nX MX X  tX\nX XX\u221eX X X\nX XX X X X\nX MX X X X\nX XX XXX X\nX        X\nX XXXXXX X\nX X RR X X\nX X    X X\nX XX  XX X\nXH  TT   X\nXT   e   X\nXXXXXXXXXX\n", "Health: 5 X: 2 Y: 16\nXXXXXXXXXX\nXXXT     X\nXXXXXXXX X\nX     \u221e  X\nX XX XXXXX\nX XX XXXXX\nX MX X  tX\nX XX\u221eX X X\nX XX X X X\nX MX X X X\nX XX XXX X\nXm       X\nX XXXXXX X\nX X RR X X\nX X    X X\nX XX  XX X\nX H TT   X\nXT   e   X\nXXXXXXXXXX\n", "Health: 5 X: 3 Y: 16\nXXXXXXXXXX\nXXXT     X\nXXXXXXXX X\nX     \u221e  X\nX XX XXXXX\nX XX XXXXX\nX MX X  tX\nX XX\u221eX X X\nX XX X X X\nX MX X X X\nX XX XXX X\nX        X\nXmXXXXXX X\nX X RR X X\nX X    X X\nX XX  XX X\nX  HTT   X\nXT   e   X\nXXXXXXXXXX\n", "Health: 4 X: 4 Y: 16\nXXXXXXXXXX\nXXXT     X\nXXXXXXXX X\nX     \u221e  X\nX XX XXXXX\nX XX XXXXX\nX MX X  tX\nX XX\u221eX X X\nX XX X X X\nX MX X X X\nX XX XXX X\nX        X\nX XXXXXX X\nX X RR X X\nX X    X X\nX XX  XX X\nX    T   X\nXT   e   X\nXXXXXXXXXX\n", "Health: 3 X: 5 Y: 16\nXXXXXXXXXX\nXXXT     X\nXXXXXXXX X\nX     \u221e  X\nX XX XXXXX\nX XX XXXXX\nX MX X  tX\nX XX\u221eX X X\nX XX X X X\nX MX X X X\nX XX XXX X\nX        X\nX XXXXXX X\nX X RR X X\nXmX    X X\nX XX  XX X\nX        X\nXT   e   X\nXXXXXXXXXX\n", "Health: 3 X: 5 Y: 17\nXXXXXXXXXX\nXXXT     X\nXXXXXXXX X\nX     \u221e  X\nX XX XXXXX\nX XX XXXXX\nX MX X  tX\nX XX\u221eX X X\nX XX X X X\nX MX X X X\nX XX XXX X\nX        X\nX XXXXXX X\nX X R  X X\nX X  R X X\nXmXX  XX X\nX        X\nXT   e   X\nXXXXXXXXXX\n"], "map_number": 201}, {"mechanics": [{"timestep": 2, "mechanic": "CollectPotion"}, {"timestep": 3, "mechanic": "CollectPotion"}, {"timestep": 7, "mechanic": "GoblinMeleeHit"}, {"timestep": 8, "mechanic": "GoblinMeleeHit"}, {"timestep": 8, "mechanic": "GoblinMeleeHit"}, {"timestep": 29, "mechanic": "MinitaurHit"}, {"timestep": 32, "mechanic": "CollectTreasure"}, {"timestep": 34, "mechanic": "MinitaurHit"}, {"timestep": 35, "mechanic": "MinitaurHit"}, {"timestep": 38, "mechanic": "BlobHit"}, {"timestep": 48, "mechanic": "CollectTreasure"}, {"timestep": 49, "mechanic": "CollectTreasure"}, {"timestep": 50, "mechanic": "CollectTreasure"}, {"timestep": 50, "mechanic": "MinitaurHit"}, {"timestep": 51, "mechanic": "MinitaurHit"}, {"timestep": 51, "mechanic": "CollectTreasure"}, {"timestep": 59, "mechanic": "CollectTreasure"}, {"timestep": 60, "mechanic": "CollectTreasure"}, {"timestep": 62, "mechanic": "MinitaurHit"}, {"timestep": 63, "mechanic": "MinitaurHit"}, {"timestep": 93, "mechanic": "MinitaurHit"}, {"timestep": 94, "mechanic": "MinitaurHit"}, {"timestep": 104, "mechanic": "ReachStairs"}], "frequencies": {}, "levelReport": {"utilityGained": 0.0, "exitUtility": 0.0, "runnerUtility": 0.8275862068965517, "loitererUtility": 0.0, "completionistUtility": 0.2482758620689655, "monsterKillerUtility": 0.2482758620689655, "treasureCollectorUtility": 0.2482758620689655, "turnsTaken": 0, "health": 10, "healthLost": 0, "alive": true, "javelinsThrown": 0, "monsterKills": 0, "minitaurKnockouts": 0, "treasuresCollected": 0, "potionsTaken": 0, "totalMonsters": 8, "totalTreasures": 7, "totalPotions": 2, "timeTaken": 0.0}, "positions": [{"X": 5, "Y": 12}, {"X": 5, "Y": 11}, {"X": 6, "Y": 11}, {"X": 7, "Y": 11}, {"X": 8, "Y": 11}, {"X": 8, "Y": 11}, {"X": 8, "Y": 10}, {"X": 8, "Y": 9}, {"X": 8, "Y": 8}, {"X": 7, "Y": 8}, {"X": 6, "Y": 8}, {"X": 5, "Y": 8}, {"X": 5, "Y": 8}, {"X": 4, "Y": 8}, {"X": 3, "Y": 8}, {"X": 3, "Y": 7}, {"X": 3, "Y": 6}, {"X": 3, "Y": 5}, {"X": 3, "Y": 4}, {"X": 2, "Y": 4}, {"X": 1, "Y": 4}, {"X": 2, "Y": 4}, {"X": 1, "Y": 4}, {"X": 2, "Y": 4}, {"X": 2, "Y": 5}, {"X": 2, "Y": 6}, {"X": 3, "Y": 6}, {"X": 4, "Y": 6}, {"X": 5, "Y": 6}, {"X": 6, "Y": 6}, {"X": 7, "Y": 6}, {"X": 7, "Y": 5}, {"X": 7, "Y": 4}, {"X": 7, "Y": 3}, {"X": 7, "Y": 2}, {"X": 7, "Y": 1}, {"X": 8, "Y": 1}, {"X": 8, "Y": 2}, {"X": 7, "Y": 2}, {"X": 7, "Y": 3}, {"X": 7, "Y": 4}, {"X": 7, "Y": 5}, {"X": 7, "Y": 6}, {"X": 6, "Y": 6}, {"X": 5, "Y": 6}, {"X": 5, "Y": 7}, {"X": 5, "Y": 8}, {"X": 5, "Y": 9}, {"X": 5, "Y": 10}, {"X": 5, "Y": 11}, {"X": 5, "Y": 12}, {"X": 5, "Y": 13}, {"X": 5, "Y": 14}, {"X": 4, "Y": 14}, {"X": 4, "Y": 13}], "levelStates": ["Health: 10 X: 5 Y: 12\nXXXXXXXXXX\nX X e X TX\nXM       X\nX   X   XX\nX   T    X\nXX  XX   X\nX P     bX\nX X X  X X\nXT     o X\nX        X\nX  X   XPX\nX        X\nXX   H  XX\nX        X\nXb      bX\nX X T  X X\nXP   m  PX\nX        X\nXT TXT TXX\nXXXXXXXXXX\n", "Health: 10 X: 5 Y: 11\nXXXXXXXXXX\nX X e X TX\nX M      X\nX   X   XX\nX   T    X\nXX  XX   X\nX P      X\nX X X  XbX\nXT    o  X\nX        X\nX  X   XPX\nX    H   X\nXX      XX\nX        X\nX        X\nXbX Tm XbX\nXP      PX\nX        X\nXT TXT TXX\nXXXXXXXXXX\n", "Health: 10 X: 6 Y: 11\nXXXXXXXXXX\nX X e X TX\nX M      X\nX   X   XX\nX   T    X\nXX  XX   X\nX P      X\nX X X  X X\nXT      bX\nX     o  X\nX  X   XPX\nX     H  X\nXX      XX\nX        X\nX    m   X\nX X T  X X\nX        X\nX        X\nXT TXT TXX\nXXXXXXXXXX\n", "Health: 10 X: 7 Y: 11\nXXXXXXXXXX\nX X e X TX\nX M      X\nX   X   XX\nX   T    X\nXX  XX   X\nX P      X\nX X X  X X\nXT    o  X\nX       bX\nX  X   XPX\nX      H X\nXX      XX\nX    m   X\nX        X\nX X T  XbX\nX        X\nX        X\nXT TXT TXX\nXXXXXXXXXX\n", "Health: 10 X: 8 Y: 11\nXXXXXXXXXX\nX X e X TX\nX M      X\nX   X   XX\nX   T    X\nXX  XX   X\nX P      X\nX X X  X X\nXT   o   X\nX        X\nX  X   X X\nX       HX\nXX   m  XX\nX        X\nX        X\nX X T  XbX\nX        X\nX        X\nXT TXT TXX\nXXXXXXXXXX\n", "Health: 8 X: 8 Y: 11\nXXXXXXXXXX\nX X e X TX\nX M      X\nX   X   XX\nX   T    X\nXX  XX   X\nX P      X\nX X X  X X\nXT  o    X\nX        X\nX  X   X X\nX    m  HX\nXX      XX\nX        X\nX        X\nX X T  XbX\nX        X\nX        X\nXT TXT TXX\nXXXXXXXXXX\n", "Health: 8 X: 8 Y: 10\nXXXXXXXXXX\nX X e X TX\nX M      X\nX   X   XX\nX   T    X\nXX  XX   X\nX P      X\nX X X  X X\nXT o     X\nX        X\nX  X   X X\nX     m  X\nXX      XX\nX        X\nX        X\nX X T  XbX\nX        X\nX        X\nXT TXT TXX\nXXXXXXXXXX\n", "Health: 8 X: 8 Y: 9\nXXXXXXXXXX\nX X e X TX\nX M      X\nX   X   XX\nX   T    X\nXX  XX   X\nX P      X\nX X X  X X\nXTo      X\nX       HX\nX  X  mX X\nX        X\nXX      XX\nX        X\nX        X\nX X T  XbX\nX        X\nX        X\nXT TXT TXX\nXXXXXXXXXX\n", "Health: 8 X: 8 Y: 8\nXXXXXXXXXX\nX X e X TX\nX M      X\nX   X   XX\nX   T    X\nXX  XX   X\nX P      X\nX X X  X X\nXo      HX\nX     m  X\nX  X   X X\nX        X\nXX      XX\nX        X\nX        X\nX X T  XbX\nX        X\nX        X\nXT TXT TXX\nXXXXXXXXXX\n", "Health: 8 X: 7 Y: 8\nXXXXXXXXXX\nX X e X TX\nX M      X\nX   X   XX\nX   T    X\nXX  XX   X\nX P      X\nX X X  X X\nX o   mH X\nX        X\nX  X   X X\nX        X\nXX      XX\nX        X\nX        X\nX X T  XbX\nX        X\nX        X\nXT TXT TXX\nXXXXXXXXXX\n", "Health: 7 X: 6 Y: 8\nXXXXXXXXXX\nX X e X TX\nX M      X\nX   X   XX\nX   T    X\nXX  XX   X\nX P      X\nX X X  X X\nX  o  m  X\nX        X\nX  X   X X\nX        X\nXX      XX\nX        X\nX        X\nX X T  XbX\nX        X\nX        X\nXT TXT TXX\nXXXXXXXXXX\n", "Health: 7 X: 5 Y: 8\nXXXXXXXXXX\nX X e X TX\nX M      X\nX   X   XX\nX   T    X\nXX  XX   X\nX P      X\nX X X  X X\nX   oHm  X\nX        X\nX  X   X X\nX        X\nXX      XX\nX        X\nX       bX\nX X T  X X\nX        X\nX        X\nXT TXT TXX\nXXXXXXXXXX\n", "Health: 3 X: 5 Y: 8\nXXXXXXXXXX\nX X e X TX\nX M      X\nX   X   XX\nX   T    X\nXX  XX   X\nX P      X\nX X X  X X\nX   \u221eHm  X\nX        X\nX  X   X X\nX        X\nXX      XX\nX       bX\nX        X\nX X T  X X\nX        X\nX        X\nXT TXT TXX\nXXXXXXXXXX\n", "Health: 3 X: 4 Y: 8\nXXXXXXXXXX\nX X e X TX\nX M      X\nX   X   XX\nX   T    X\nXX  XX   X\nX P      X\nX X X  X X\nX   \u221e m  X\nX        X\nX  X   X X\nX        X\nXX      XX\nX       bX\nX        X\nX X T  X X\nX        X\nX        X\nXT TXT TXX\nXXXXXXXXXX\n", "Health: 3 X: 3 Y: 8\nXXXXXXXXXX\nX X e X TX\nX  M     X\nX   X   XX\nX   T    X\nXX  XX   X\nX P      X\nX X X  X X\nX  H\u221e m  X\nX        X\nX  X   X X\nX        X\nXX      XX\nX       bX\nX        X\nX X T  X X\nX        X\nX        X\nXT TXT TXX\nXXXXXXXXXX\n", "Health: 3 X: 3 Y: 7\nXXXXXXXXXX\nX X e X TX\nX        X\nX  MX   XX\nX   T    X\nXX  XX   X\nX P      X\nX XHX  X X\nX   \u221em   X\nX        X\nX  X   X X\nX        X\nXX      XX\nX       bX\nX        X\nXbX T  X X\nX        X\nX        X\nXT TXT TXX\nXXXXXXXXXX\n", "Health: 3 X: 3 Y: 6\nXXXXXXXXXX\nX X e X TX\nX        X\nX   X   XX\nX  MT    X\nXX  XX   X\nX PH     X\nX X Xm X X\nX   \u221e    X\nX        X\nX  X   X X\nX        X\nXX      XX\nX       bX\nXb       X\nX X T  X X\nX        X\nX        X\nXT TXT TXX\nXXXXXXXXXX\n", "Health: 2 X: 3 Y: 5\nXXXXXXXXXX\nX X e X TX\nX        X\nX   X   XX\nX  \u221eT    X\nXX HXX   X\nX P  m   X\nX X X  X X\nX   \u221e    X\nX        X\nX  X   X X\nX        X\nXX      XX\nX       bX\nXb       X\nX X T  X X\nX        X\nX        X\nXT TXT TXX\nXXXXXXXXXX\n", "Health: 2 X: 3 Y: 4\nXXXXXXXXXX\nX X e X TX\nX        X\nX   X   XX\nX  \u221eT    X\nXX  XX   X\nX P m    X\nX X X  X X\nX   \u221e    X\nX        X\nX  X   X X\nX        X\nXX      XX\nX       bX\nXb       X\nX X T  X X\nX        X\nX        X\nXT TXT TXX\nXXXXXXXXXX\n", "Health: 2 X: 2 Y: 4\nXXXXXXXXXX\nX X e X TX\nX        X\nX   X   XX\nX H\u221eT    X\nXX  XX   X\nX Pm     X\nX X X  X X\nX   \u221e    X\nX        X\nX  X   X X\nX        X\nXX      XX\nX       bX\nXb       X\nX X T  X X\nX        X\nX        X\nXT TXT TXX\nXXXXXXXXXX\n", "Health: 2 X: 1 Y: 4\nXXXXXXXXXX\nX X e X TX\nX        X\nX   X   XX\nXH \u221eT    X\nXX mXX   X\nX P      X\nX X X  X X\nX   \u221e    X\nX        X\nX  X   X X\nX        X\nXX      XX\nX       bX\nXb       X\nX X T  X X\nX        X\nX        X\nXT TXT TXX\nXXXXXXXXXX\n", "Health: 2 X: 2 Y: 4\nXXXXXXXXXX\nX X e X TX\nX        X\nX   X   XX\nX HmT    X\nXX  XX   X\nX P      X\nX X X  X X\nX   \u221e    X\nX        X\nX  X   X X\nX        X\nXX      XX\nX       bX\nXb       X\nX X T  X X\nX        X\nX        X\nXT TXT TXX\nXXXXXXXXXX\n", "Health: 2 X: 1 Y: 4\nXXXXXXXXXX\nX X e X TX\nX        X\nX   X   XX\nXHm\u221eT    X\nXX  XX   X\nX P      X\nX X X  X X\nX   \u221e    X\nX        X\nX  X   X X\nX        X\nXX      XX\nX       bX\nXb       X\nX X T  X X\nX        X\nX        X\nXT TXT TXX\nXXXXXXXXXX\n", "Health: 1 X: 2 Y: 4\nXXXXXXXXXX\nX X e X TX\nX        X\nX   X   XX\nX m\u221eT    X\nXX  XX   X\nX P      X\nX X X  X X\nX   \u221e    X\nX        X\nX  X   X X\nX        X\nXX      XX\nX       bX\nXb       X\nX X T  X X\nX        X\nX        X\nXT TXT TXX\nXXXXXXXXXX\n", "Health: 1 X: 2 Y: 5\nXXXXXXXXXX\nX X e X TX\nX        X\nX   X   XX\nX m\u221eT    X\nXXH XX   X\nX P      X\nX X X  X X\nX   \u221e    X\nX        X\nX  X   X X\nX        X\nXX      XX\nX       bX\nXb       X\nX X T  X X\nX        X\nX        X\nXT TXT TXX\nXXXXXXXXXX\n", "Health: 3 X: 2 Y: 6\nXXXXXXXXXX\nX X e X TX\nX        X\nX   X   XX\nX m\u221eT    X\nXX  XX   X\nX        X\nX X X  X X\nX   \u221e    X\nX        X\nX  X   X X\nX        X\nXX      XX\nX       bX\nXb       X\nX X T  X X\nX        X\nX        X\nXT TXT TXX\nXXXXXXXXXX\n", "Health: 3 X: 3 Y: 6\nXXXXXXXXXX\nX X e X TX\nX        X\nX   X   XX\nX m\u221eT    X\nXX  XX   X\nX  H     X\nX X X  X X\nX   \u221e    X\nX        X\nX  X   X X\nX        X\nXX      XX\nX       bX\nXb       X\nX X T  X X\nX        X\nX        X\nXT TXT TXX\nXXXXXXXXXX\n", "Health: 3 X: 4 Y: 6\nXXXXXXXXXX\nX X e X TX\nX        X\nX   X   XX\nX m\u221eT    X\nXX  XX   X\nX   H    X\nX X X  X X\nX   \u221e    X\nX        X\nX  X   X X\nX        X\nXX      XX\nX       bX\nXb       X\nX X T  X X\nX        X\nX        X\nXT TXT TXX\nXXXXXXXXXX\n", "Health: 3 X: 5 Y: 6\nXXXXXXXXXX\nX X e X TX\nX        X\nX   X   XX\nX  \u221eT    X\nXXm XX   X\nX    H   X\nX X X  X X\nX   \u221e    X\nX        X\nX  X   X X\nX        X\nXX      XX\nX       bX\nXb       X\nX X T  X X\nX        X\nX        X\nXT TXT TXX\nXXXXXXXXXX\n", "Health: 3 X: 6 Y: 6\nXXXXXXXXXX\nX X e X TX\nX        X\nX   X   XX\nX  \u221eT    X\nXX mXX   X\nX     H  X\nX X X  X X\nX   \u221e    X\nX        X\nX  X   X X\nX        X\nXX      XX\nX       bX\nXb       X\nX X T  X X\nX        X\nX        X\nXT TXT TXX\nXXXXXXXXXX\n", "Health: 3 X: 7 Y: 6\nXXXXXXXXXX\nX X e X TX\nX        X\nX   X   XX\nX  \u221eT    X\nXX  XX   X\nX  m   H X\nX X X  X X\nX   \u221e    X\nX        X\nX  X   X X\nX        X\nXX      XX\nX       bX\nXb       X\nX X T  X X\nX        X\nX        X\nXT TXT TXX\nXXXXXXXXXX\n", "Health: 3 X: 7 Y: 5\nXXXXXXXXXX\nX X e X TX\nX        X\nX   X   XX\nX  \u221eT    X\nXX  XX H X\nX   m    X\nX X X  X X\nX   \u221e    X\nX        X\nX  X   X X\nX        X\nXX      XX\nX       bX\nXb       X\nX X T  X X\nX        X\nX        X\nXT TXT TXX\nXXXXXXXXXX\n", "Health: 3 X: 7 Y: 4\nXXXXXXXXXX\nX X e X TX\nX        X\nX   X   XX\nX  \u221eT  H X\nXX  XX   X\nX    m   X\nX X X  X X\nX   \u221e    X\nX        X\nX  X   X X\nX        X\nXX      XX\nX       bX\nXb       X\nX X T  X X\nX        X\nX        X\nXT TXT TXX\nXXXXXXXXXX\n", "Health: 3 X: 7 Y: 3\nXXXXXXXXXX\nX X e X TX\nX        X\nX   X  HXX\nX  \u221eT    X\nXX  XX   X\nX     m  X\nX X X  X X\nX   \u221e    X\nX        X\nX  X   X X\nX        X\nXX      XX\nX       bX\nXb       X\nX X T  X X\nX        X\nX        X\nXT TXT TXX\nXXXXXXXXXX\n", "Health: 3 X: 7 Y: 2\nXXXXXXXXXX\nX X e X TX\nX      H X\nX   X   XX\nX  \u221eT    X\nXX  XXm  X\nX        X\nX X X  X X\nX   \u221e    X\nX        X\nX  X   X X\nX        X\nXX      XX\nX       bX\nXb       X\nX X T  X X\nX        X\nX        X\nXT TXT TXX\nXXXXXXXXXX\n", "Health: 3 X: 7 Y: 1\nXXXXXXXXXX\nX X e XHTX\nX        X\nX   X   XX\nX  \u221eT m  X\nXX  XX   X\nX        X\nX X X  X X\nX   \u221e    X\nX        X\nX  X   X X\nX        X\nXX      XX\nX       bX\nXb       X\nX X T  X X\nX        X\nX        X\nXT TXT TXX\nXXXXXXXXXX\n", "Health: 3 X: 8 Y: 1\nXXXXXXXXXX\nX X e X  X\nX        X\nX   X m XX\nX  \u221eT    X\nXX  XX   X\nX        X\nX X X  X X\nX   \u221e    X\nX        X\nX  X   X X\nX        X\nXX      XX\nX       bX\nXb       X\nX X T  X X\nX        X\nX        X\nXT TXT TXX\nXXXXXXXXXX\n", "Health: 3 X: 8 Y: 2\nXXXXXXXXXX\nX X e X  X\nX     m HX\nX   X   XX\nX  \u221eT    X\nXX  XX   X\nX        X\nX X X  X X\nX   \u221e    X\nX        X\nX  X   X X\nX        X\nXX      XX\nX       bX\nXb       X\nX X T  X X\nX        X\nX        X\nXT TXT TXX\nXXXXXXXXXX\n", "Health: 2 X: 7 Y: 2\nXXXXXXXXXX\nX X e X  X\nX     mH X\nX   X   XX\nX  \u221eT    X\nXX  XX   X\nX        X\nX X X  X X\nX   \u221e    X\nX        X\nX  X   X X\nX        X\nXX      XX\nX       bX\nXb       X\nX X T  X X\nX        X\nX        X\nXT TXT TXX\nXXXXXXXXXX\n", "Health: 2 X: 7 Y: 3\nXXXXXXXXXX\nX X e X  X\nX     m  X\nX   X  HXX\nX  \u221eT    X\nXX  XX   X\nX        X\nX X X  X X\nX   \u221e    X\nX        X\nX  X   X X\nX        X\nXX      XX\nX       bX\nXb       X\nX X T  X X\nX        X\nX        X\nXT TXT TXX\nXXXXXXXXXX\n", "Health: 2 X: 7 Y: 4\nXXXXXXXXXX\nX X e X  X\nX     m  X\nX   X   XX\nX  \u221eT  H X\nXX  XX   X\nX        X\nX X X  X X\nX   \u221e    X\nX        X\nX  X   X X\nX        X\nXX      XX\nX       bX\nXb       X\nX X T  X X\nX        X\nX        X\nXT TXT TXX\nXXXXXXXXXX\n", "Health: 2 X: 7 Y: 5\nXXXXXXXXXX\nX X e X  X\nX     m  X\nX   X   XX\nX  \u221eT    X\nXX  XX H X\nX        X\nX X X  X X\nX   \u221e    X\nX        X\nX  X   X X\nX        X\nXX      XX\nX       bX\nXb       X\nX X T  X X\nX        X\nX        X\nXT TXT TXX\nXXXXXXXXXX\n", "Health: 2 X: 7 Y: 6\nXXXXXXXXXX\nX X e X  X\nX     m  X\nX   X   XX\nX  \u221eT    X\nXX  XX   X\nX      H X\nX X X  X X\nX   \u221e    X\nX        X\nX  X   X X\nX        X\nXX      XX\nX       bX\nXb       X\nX X T  X X\nX        X\nX        X\nXT TXT TXX\nXXXXXXXXXX\n", "Health: 2 X: 6 Y: 6\nXXXXXXXXXX\nX X e X  X\nX     m  X\nX   X   XX\nX  \u221eT    X\nXX  XX   X\nX     H  X\nX X X  X X\nX   \u221e    X\nX        X\nX  X   X X\nX        X\nXX      XX\nX       bX\nXb       X\nX X T  X X\nX        X\nX        X\nXT TXT TXX\nXXXXXXXXXX\n", "Health: 2 X: 5 Y: 6\nXXXXXXXXXX\nX X e X  X\nX        X\nX   X m XX\nX  \u221eT    X\nXX  XX   X\nX    H   X\nX X X  X X\nX   \u221e    X\nX        X\nX  X   X X\nX        X\nXX      XX\nX       bX\nXb       X\nX X T  X X\nX        X\nX        X\nXT TXT TXX\nXXXXXXXXXX\n", "Health: 2 X: 5 Y: 7\nXXXXXXXXXX\nX X e X  X\nX        X\nX   X   XX\nX  \u221eT m  X\nXX  XX   X\nX        X\nX X XH X X\nX   \u221e    X\nX        X\nX  X   X X\nX        X\nXX      XX\nX       bX\nXb       X\nX X T  X X\nX        X\nX        X\nXT TXT TXX\nXXXXXXXXXX\n", "Health: 2 X: 5 Y: 8\nXXXXXXXXXX\nX X e X  X\nX        X\nX   X   XX\nX  \u221eT    X\nXX  XXm  X\nX        X\nX X X  X X\nX   \u221eH   X\nX        X\nX  X   X X\nX        X\nXX      XX\nX       bX\nXb       X\nX X T  X X\nX        X\nX        X\nXT TXT TXX\nXXXXXXXXXX\n", "Health: 2 X: 5 Y: 9\nXXXXXXXXXX\nX X e X  X\nX        X\nX   X   XX\nX  \u221eT    X\nXX  XX   X\nX     m  X\nX X X  X X\nX   \u221e    X\nX    H   X\nX  X   X X\nX        X\nXX      XX\nXb      bX\nX        X\nX X T  X X\nX        X\nX        X\nXT TXT TXX\nXXXXXXXXXX\n", "Health: 2 X: 5 Y: 10\nXXXXXXXXXX\nX X e X  X\nX        X\nX   X   XX\nX  \u221eT    X\nXX  XX   X\nX    m   X\nX X X  X X\nX   \u221e    X\nX        X\nX  X H X X\nX        X\nXX      XX\nX b     bX\nX        X\nX X T  X X\nX        X\nX        X\nXT TXT TXX\nXXXXXXXXXX\n", "Health: 2 X: 5 Y: 11\nXXXXXXXXXX\nX X e X  X\nX        X\nX   X   XX\nX  \u221eT    X\nXX  XX   X\nX        X\nX X Xm X X\nX   \u221e    X\nX        X\nX  X   X X\nX    H   X\nXXb     XX\nX      b X\nX        X\nX X T  X X\nX        X\nX        X\nXT TXT TXX\nXXXXXXXXXX\n", "Health: 2 X: 5 Y: 12\nXXXXXXXXXX\nX X e X  X\nX        X\nX   X   XX\nX  \u221eT    X\nXX  XX   X\nX        X\nX X X  X X\nX   \u221em   X\nX        X\nX  X   X X\nX        X\nXX b H bXX\nX        X\nX        X\nX X T  X X\nX        X\nX        X\nXT TXT TXX\nXXXXXXXXXX\n", "Health: 2 X: 5 Y: 13\nXXXXXXXXXX\nX X e X  X\nX        X\nX   X   XX\nX  \u221eT    X\nXX  XX   X\nX        X\nX X X  X X\nX   \u221e    X\nX    m   X\nX  X   X X\nX        X\nXX  b b XX\nX    H   X\nX        X\nX X T  X X\nX        X\nX        X\nXT TXT TXX\nXXXXXXXXXX\n", "Health: 2 X: 5 Y: 14\nXXXXXXXXXX\nX X e X  X\nX        X\nX   X   XX\nX  \u221eT    X\nXX  XX   X\nX        X\nX X X  X X\nX   \u221e    X\nX        X\nX  X m X X\nX        X\nXX   b  XX\nX        X\nX    H   X\nX X T  X X\nX        X\nX        X\nXT TXT TXX\nXXXXXXXXXX\n", "Health: 2 X: 4 Y: 14\nXXXXXXXXXX\nX X e X  X\nX        X\nX   X   XX\nX  \u221eT    X\nXX  XX   X\nX        X\nX X X  X X\nX   \u221e    X\nX        X\nX  Xm  X X\nX        X\nXX  b\u221e  XX\nX        X\nX   H    X\nX X T  X X\nX        X\nX        X\nXT TXT TXX\nXXXXXXXXXX\n", "Health: -1 X: 4 Y: 13\nXXXXXXXXXX\nX X e X  X\nX        X\nX   X   XX\nX  \u221eT    X\nXX  XX   X\nX        X\nX X X  X X\nX   \u221e    X\nX        X\nX  X   X X\nX   m    X\nXX   \u221e  XX\nX   b    X\nX        X\nX X T  X X\nX        X\nX        X\nXT TXT TXX\nXXXXXXXXXX\n"], "map_number": 202}, {"mechanics": [{"timestep": 2, "mechanic": "CollectPotion"}, {"timestep": 3, "mechanic": "CollectPotion"}, {"timestep": 7, "mechanic": "GoblinMeleeHit"}, {"timestep": 8, "mechanic": "GoblinMeleeHit"}, {"timestep": 8, "mechanic": "GoblinMeleeHit"}, {"timestep": 29, "mechanic": "MinitaurHit"}, {"timestep": 32, "mechanic": "CollectTreasure"}, {"timestep": 34, "mechanic": "MinitaurHit"}, {"timestep": 35, "mechanic": "MinitaurHit"}, {"timestep": 38, "mechanic": "BlobHit"}, {"timestep": 48, "mechanic": "CollectTreasure"}, {"timestep": 49, "mechanic": "CollectTreasure"}, {"timestep": 50, "mechanic": "CollectTreasure"}, {"timestep": 50, "mechanic": "MinitaurHit"}, {"timestep": 51, "mechanic": "MinitaurHit"}, {"timestep": 51, "mechanic": "CollectTreasure"}, {"timestep": 59, "mechanic": "CollectTreasure"}, {"timestep": 60, "mechanic": "CollectTreasure"}, {"timestep": 62, "mechanic": "MinitaurHit"}, {"timestep": 63, "mechanic": "MinitaurHit"}, {"timestep": 93, "mechanic": "MinitaurHit"}, {"timestep": 94, "mechanic": "MinitaurHit"}, {"timestep": 104, "mechanic": "ReachStairs"}], "frequencies": {"CollectPotion": 2, "GoblinMeleeHit": 3, "MinitaurHit": 9, "CollectTreasure": 7, "BlobHit": 1, "ReachStairs": 1}, "levelReport": {"utilityGained": 0.0, "exitUtility": 1.0, "runnerUtility": -0.050000000000000044, "loitererUtility": 105.0, "completionistUtility": 0.9333333333333333, "monsterKillerUtility": 0.8, "treasureCollectorUtility": 1.0, "turnsTaken": 105, "health": 5, "healthLost": 9, "alive": true, "javelinsThrown": 0, "monsterKills": 5, "minitaurKnockouts": 5, "treasuresCollected": 7, "potionsTaken": 2, "totalMonsters": 8, "totalTreasures": 7, "totalPotions": 2, "timeTaken": 0.0}, "positions": [{"X": 6, "Y": 10}, {"X": 7, "Y": 10}, {"X": 8, "Y": 10}, {"X": 8, "Y": 9}, {"X": 7, "Y": 9}, {"X": 6, "Y": 9}, {"X": 5, "Y": 9}, {"X": 5, "Y": 8}, {"X": 5, "Y": 7}, {"X": 5, "Y": 6}, {"X": 5, "Y": 7}, {"X": 5, "Y": 8}, {"X": 5, "Y": 9}, {"X": 5, "Y": 10}, {"X": 5, "Y": 11}, {"X": 5, "Y": 12}, {"X": 4, "Y": 12}, {"X": 3, "Y": 12}, {"X": 2, "Y": 12}, {"X": 1, "Y": 12}, {"X": 1, "Y": 13}, {"X": 1, "Y": 14}, {"X": 2, "Y": 14}, {"X": 3, "Y": 14}, {"X": 4, "Y": 14}, {"X": 5, "Y": 14}, {"X": 6, "Y": 14}, {"X": 7, "Y": 14}, {"X": 8, "Y": 14}, {"X": 7, "Y": 14}, {"X": 7, "Y": 13}, {"X": 7, "Y": 12}, {"X": 8, "Y": 12}, {"X": 7, "Y": 12}, {"X": 7, "Y": 13}, {"X": 7, "Y": 14}, {"X": 6, "Y": 14}, {"X": 6, "Y": 15}, {"X": 6, "Y": 16}, {"X": 5, "Y": 16}, {"X": 4, "Y": 16}, {"X": 5, "Y": 16}, {"X": 5, "Y": 17}, {"X": 5, "Y": 18}, {"X": 4, "Y": 18}, {"X": 3, "Y": 18}, {"X": 2, "Y": 18}, {"X": 1, "Y": 18}, {"X": 1, "Y": 17}, {"X": 1, "Y": 16}, {"X": 2, "Y": 16}, {"X": 2, "Y": 17}, {"X": 2, "Y": 18}, {"X": 3, "Y": 18}, {"X": 4, "Y": 18}, {"X": 5, "Y": 18}, {"X": 6, "Y": 18}, {"X": 7, "Y": 18}, {"X": 8, "Y": 18}, {"X": 8, "Y": 17}, {"X": 8, "Y": 16}, {"X": 8, "Y": 17}, {"X": 8, "Y": 18}, {"X": 7, "Y": 18}, {"X": 6, "Y": 18}, {"X": 5, "Y": 18}, {"X": 4, "Y": 18}, {"X": 5, "Y": 18}, {"X": 5, "Y": 17}, {"X": 5, "Y": 16}, {"X": 6, "Y": 16}, {"X": 6, "Y": 15}, {"X": 6, "Y": 14}, {"X": 5, "Y": 14}, {"X": 4, "Y": 14}, {"X": 3, "Y": 14}, {"X": 2, "Y": 14}, {"X": 1, "Y": 14}, {"X": 1, "Y": 13}, {"X": 1, "Y": 12}, {"X": 2, "Y": 12}, {"X": 3, "Y": 12}, {"X": 4, "Y": 12}, {"X": 5, "Y": 12}, {"X": 5, "Y": 11}, {"X": 5, "Y": 10}, {"X": 5, "Y": 9}, {"X": 5, "Y": 8}, {"X": 5, "Y": 7}, {"X": 5, "Y": 6}, {"X": 5, "Y": 5}, {"X": 5, "Y": 4}, {"X": 5, "Y": 3}, {"X": 5, "Y": 4}, {"X": 5, "Y": 5}, {"X": 5, "Y": 6}, {"X": 5, "Y": 7}, {"X": 5, "Y": 8}, {"X": 5, "Y": 9}, {"X": 5, "Y": 10}, {"X": 4, "Y": 10}, {"X": 3, "Y": 10}, {"X": 2, "Y": 10}, {"X": 1, "Y": 10}, {"X": 1, "Y": 9}], "levelStates": ["Health: 10 X: 6 Y: 10\nXXXXXXXXXX\nX   b m  X\nX XXXXXX X\nXR      RX\nXXXX  XXXX\nX      M X\nX  M     X\nX      M X\nXXX    XXX\nXe      PX\nX     H PX\nXXXXX XXXX\nX     X TX\nX XXXXX XX\nX        X\nXXXXXX XXX\nXTTX   XTX\nXTTXX XXTX\nX    b   X\nXXXXXXXXXX\n", "Health: 10 X: 7 Y: 10\nXXXXXXXXXX\nX   b  m X\nX XXXXXX X\nXR      RX\nXXXX  XXXX\nX      M X\nX   M    X\nX      M X\nXXX    XXX\nXe      PX\nX      HPX\nXXXXX XXXX\nX     X TX\nX XXXXX XX\nX        X\nXXXXXX XXX\nXTTX   XTX\nXTTXX XXTX\nX    b   X\nXXXXXXXXXX\n", "Health: 12 X: 8 Y: 10\nXXXXXXXXXX\nX   b   mX\nX XXXXXX X\nXR      RX\nXXXX  XXXX\nX      M X\nX        X\nX   M  M X\nXXX    XXX\nXe      PX\nX        X\nXXXXX XXXX\nX     X TX\nX XXXXX XX\nX        X\nXXXXXX XXX\nXTTX   XTX\nXTTXX XXTX\nX    b   X\nXXXXXXXXXX\n", "Health: 14 X: 8 Y: 9\nXXXXXXXXXX\nX   b    X\nX XXXXXXmX\nXR      RX\nXXXX  XXXX\nX      M X\nX        X\nX   M  M X\nXXX    XXX\nXe       X\nX        X\nXXXXX XXXX\nX     X TX\nX XXXXX XX\nX        X\nXXXXXX XXX\nXTTX   XTX\nXTTXX XXTX\nX    b   X\nXXXXXXXXXX\n", "Health: 14 X: 7 Y: 9\nXXXXXXXXXX\nX   b    X\nX XXXXXX X\nXR      \u221eX\nXXXX  XXXX\nX      M X\nX        X\nX    M M X\nXXX    XXX\nXe     H X\nX        X\nXXXXX XXXX\nX     X TX\nX XXXXX XX\nX        X\nXXXXXX XXX\nXTTX   XTX\nXTTXX XXTX\nX    b   X\nXXXXXXXXXX\n", "Health: 14 X: 6 Y: 9\nXXXXXXXXXX\nX   b    X\nX XXXXXX X\nXR     m\u221eX\nXXXX  XXXX\nX     M  X\nX        X\nX     MM X\nXXX    XXX\nXe    H  X\nX        X\nXXXXX XXXX\nX     X TX\nX XXXXX XX\nX        X\nXXXXXX XXX\nXTTX   XTX\nXTTXX XXTX\nX    b   X\nXXXXXXXXXX\n", "Health: 14 X: 5 Y: 9\nXXXXXXXXXX\nX   b    X\nX XXXXXX X\nXR    m \u221eX\nXXXX  XXXX\nX    M   X\nX        X\nX    M M X\nXXX    XXX\nXe   H   X\nX        X\nXXXXX XXXX\nX     X TX\nX XXXXX XX\nX        X\nXXXXXX XXX\nXTTX   XTX\nXTTXX XXTX\nX    b   X\nXXXXXXXXXX\n", "Health: 13 X: 5 Y: 8\nXXXXXXXXXX\nX   b    X\nX XXXXXX X\nXR   m  \u221eX\nXXXX  XXXX\nX        X\nX    M   X\nX    \u221eM  X\nXXX  H XXX\nXe       X\nX        X\nXXXXX XXXX\nX     X TX\nX XXXXX XX\nX        X\nXXXXXX XXX\nXTTX   XTX\nXTTXX XXTX\nX    b   X\nXXXXXXXXXX\n", "Health: 11 X: 5 Y: 7\nXXXXXXXXXX\nX   b    X\nX XXXXXX X\nXR      \u221eX\nXXXX mXXXX\nX        X\nX    \u221e   X\nX    \u221e\u221e  X\nXXX    XXX\nXe       X\nX        X\nXXXXX XXXX\nX     X TX\nX XXXXX XX\nX        X\nXXXXXX XXX\nXTTX   XTX\nXTTXX XXTX\nX    b   X\nXXXXXXXXXX\n", "Health: 11 X: 5 Y: 6\nXXXXXXXXXX\nX   b    X\nX XXXXXX X\nXR      \u221eX\nXXXX  XXXX\nX    m   X\nX    \u221e   X\nX    \u221e\u221e  X\nXXX    XXX\nXe       X\nX        X\nXXXXX XXXX\nX     X TX\nX XXXXX XX\nX        X\nXXXXXX XXX\nXTTX   XTX\nXTTXX XXTX\nX    b   X\nXXXXXXXXXX\n", "Health: 11 X: 5 Y: 7\nXXXXXXXXXX\nX   b    X\nX XXXXXX X\nXR      \u221eX\nXXXX  XXXX\nX        X\nX    \u221e   X\nX    \u221e\u221e  X\nXXX    XXX\nXe       X\nX        X\nXXXXX XXXX\nX     X TX\nX XXXXX XX\nX        X\nXXXXXX XXX\nXTTX   XTX\nXTTXX XXTX\nX    b   X\nXXXXXXXXXX\n", "Health: 11 X: 5 Y: 8\nXXXXXXXXXX\nX   b    X\nX XXXXXX X\nXR      \u221eX\nXXXX  XXXX\nX        X\nX    \u221e   X\nX    \u221e\u221e  X\nXXX  H XXX\nXe       X\nX        X\nXXXXX XXXX\nX     X TX\nX XXXXX XX\nX        X\nXXXXXX XXX\nXTTX   XTX\nXTTXX XXTX\nX    b   X\nXXXXXXXXXX\n", "Health: 11 X: 5 Y: 9\nXXXXXXXXXX\nX   b    X\nX XXXXXX X\nXR      \u221eX\nXXXX  XXXX\nX        X\nX    \u221e   X\nX    \u221e\u221e  X\nXXX  m XXX\nXe   H   X\nX        X\nXXXXX XXXX\nX     X TX\nX XXXXX XX\nX        X\nXXXXXX XXX\nXTTX   XTX\nXTTXX XXTX\nX    b   X\nXXXXXXXXXX\n", "Health: 11 X: 5 Y: 10\nXXXXXXXXXX\nX   b    X\nX XXXXXX X\nXR      \u221eX\nXXXX  XXXX\nX        X\nX    \u221e   X\nX    \u221e\u221e  X\nXXX    XXX\nXe   m   X\nX    H   X\nXXXXX XXXX\nX     X TX\nX XXXXX XX\nX        X\nXXXXXX XXX\nXTTX   XTX\nXTTXX XXTX\nX    b   X\nXXXXXXXXXX\n", "Health: 11 X: 5 Y: 11\nXXXXXXXXXX\nX   b    X\nX XXXXXX X\nXR      \u221eX\nXXXX  XXXX\nX        X\nX    \u221e   X\nX    \u221e\u221e  X\nXXX    XXX\nXe       X\nX    m   X\nXXXXXHXXXX\nX     X TX\nX XXXXX XX\nX        X\nXXXXXX XXX\nXTTX   XTX\nXTTXX XXTX\nX    b   X\nXXXXXXXXXX\n", "Health: 11 X: 5 Y: 12\nXXXXXXXXXX\nX   b    X\nX XXXXXX X\nXR      \u221eX\nXXXX  XXXX\nX        X\nX    \u221e   X\nX    \u221e\u221e  X\nXXX    XXX\nXe       X\nX        X\nXXXXXmXXXX\nX    HX TX\nX XXXXX XX\nX        X\nXXXXXX XXX\nXTTX   XTX\nXTTXX XXTX\nX    b   X\nXXXXXXXXXX\n", "Health: 11 X: 4 Y: 12\nXXXXXXXXXX\nX   b    X\nX XXXXXX X\nXR      \u221eX\nXXXX  XXXX\nX        X\nX    \u221e   X\nX    \u221e\u221e  X\nXXX    XXX\nXe       X\nX        X\nXXXXX XXXX\nX   HmX TX\nX XXXXX XX\nX        X\nXXXXXX XXX\nXTTX   XTX\nXTTXX XXTX\nX    b   X\nXXXXXXXXXX\n", "Health: 11 X: 3 Y: 12\nXXXXXXXXXX\nX   b    X\nX XXXXXX X\nXR      \u221eX\nXXXX  XXXX\nX        X\nX    \u221e   X\nX    \u221e\u221e  X\nXXX    XXX\nXe       X\nX        X\nXXXXX XXXX\nX  Hm X TX\nX XXXXX XX\nX        X\nXXXXXX XXX\nXTTX   XTX\nXTTXX XXTX\nX    b   X\nXXXXXXXXXX\n", "Health: 11 X: 2 Y: 12\nXXXXXXXXXX\nX   b    X\nX XXXXXX X\nXR      \u221eX\nXXXX  XXXX\nX        X\nX    \u221e   X\nX    \u221e\u221e  X\nXXX    XXX\nXe       X\nX        X\nXXXXX XXXX\nX Hm  X TX\nX XXXXX XX\nX        X\nXXXXXX XXX\nXTTX   XTX\nXTTXX XXTX\nX    b   X\nXXXXXXXXXX\n", "Health: 11 X: 1 Y: 12\nXXXXXXXXXX\nX   b    X\nX XXXXXX X\nXR      \u221eX\nXXXX  XXXX\nX        X\nX    \u221e   X\nX    \u221e\u221e  X\nXXX    XXX\nXe       X\nX        X\nXXXXX XXXX\nXHm   X TX\nX XXXXX XX\nX        X\nXXXXXX XXX\nXTTX   XTX\nXTTXX XXTX\nX    b   X\nXXXXXXXXXX\n", "Health: 11 X: 1 Y: 13\nXXXXXXXXXX\nX   b    X\nX XXXXXX X\nXR      \u221eX\nXXXX  XXXX\nX        X\nX    \u221e   X\nX    \u221e\u221e  X\nXXX    XXX\nXe       X\nX        X\nXXXXX XXXX\nXm    X TX\nXHXXXXX XX\nX        X\nXXXXXX XXX\nXTTX   XTX\nXTTXX XXTX\nX    b   X\nXXXXXXXXXX\n", "Health: 11 X: 1 Y: 14\nXXXXXXXXXX\nX   b    X\nX XXXXXX X\nXR      \u221eX\nXXXX  XXXX\nX        X\nX    \u221e   X\nX    \u221e\u221e  X\nXXX    XXX\nXe       X\nX        X\nXXXXX XXXX\nX     X TX\nXmXXXXX XX\nXH       X\nXXXXXX XXX\nXTTX   XTX\nXTTXX XXTX\nX    b   X\nXXXXXXXXXX\n", "Health: 11 X: 2 Y: 14\nXXXXXXXXXX\nX   b    X\nX XXXXXX X\nXR      \u221eX\nXXXX  XXXX\nX        X\nX    \u221e   X\nX    \u221e\u221e  X\nXXX    XXX\nXe       X\nX        X\nXXXXX XXXX\nX     X TX\nX XXXXX XX\nXmH      X\nXXXXXX XXX\nXTTX   XTX\nXTTXX XXTX\nX    b   X\nXXXXXXXXXX\n", "Health: 11 X: 3 Y: 14\nXXXXXXXXXX\nX   b    X\nX XXXXXX X\nXR      \u221eX\nXXXX  XXXX\nX        X\nX    \u221e   X\nX    \u221e\u221e  X\nXXX    XXX\nXe       X\nX        X\nXXXXX XXXX\nX     X TX\nX XXXXX XX\nX mH     X\nXXXXXX XXX\nXTTX   XTX\nXTTXX XXTX\nX    b   X\nXXXXXXXXXX\n", "Health: 11 X: 4 Y: 14\nXXXXXXXXXX\nX   b    X\nX XXXXXX X\nXR      \u221eX\nXXXX  XXXX\nX        X\nX    \u221e   X\nX    \u221e\u221e  X\nXXX    XXX\nXe       X\nX        X\nXXXXX XXXX\nX     X TX\nX XXXXX XX\nX  mH    X\nXXXXXX XXX\nXTTX   XTX\nXTTXX XXTX\nX    b   X\nXXXXXXXXXX\n", "Health: 11 X: 5 Y: 14\nXXXXXXXXXX\nX   b    X\nX XXXXXX X\nXR      \u221eX\nXXXX  XXXX\nX        X\nX    \u221e   X\nX    \u221e\u221e  X\nXXX    XXX\nXe       X\nX        X\nXXXXX XXXX\nX     X TX\nX XXXXX XX\nX   mH   X\nXXXXXX XXX\nXTTX   XTX\nXTTXX XXTX\nX    b   X\nXXXXXXXXXX\n", "Health: 11 X: 6 Y: 14\nXXXXXXXXXX\nX   b    X\nX XXXXXX X\nXR      \u221eX\nXXXX  XXXX\nX        X\nX    \u221e   X\nX    \u221e\u221e  X\nXXX    XXX\nXe       X\nX        X\nXXXXX XXXX\nX     X TX\nX XXXXX XX\nX    mH  X\nXXXXXX XXX\nXTTX   XTX\nXTTXXbXXTX\nX        X\nXXXXXXXXXX\n", "Health: 11 X: 7 Y: 14\nXXXXXXXXXX\nX   b    X\nX XXXXXX X\nXR      \u221eX\nXXXX  XXXX\nX        X\nX    \u221e   X\nX    \u221e\u221e  X\nXXX    XXX\nXe       X\nX        X\nXXXXX XXXX\nX     X TX\nX XXXXX XX\nX     mH X\nXXXXXX XXX\nXTTX   XTX\nXTTXXbXXTX\nX        X\nXXXXXXXXXX\n", "Health: 11 X: 8 Y: 14\nXXXXXXXXXX\nX   b    X\nX XXXXXX X\nXR      \u221eX\nXXXX  XXXX\nX        X\nX    \u221e   X\nX    \u221e\u221e  X\nXXX    XXX\nXe       X\nX        X\nXXXXX XXXX\nX     X TX\nX XXXXX XX\nX      mHX\nXXXXXX XXX\nXTTX   XTX\nXTTXXbXXTX\nX        X\nXXXXXXXXXX\n", "Health: 10 X: 7 Y: 14\nXXXXXXXXXX\nX   b    X\nX XXXXXX X\nXR      \u221eX\nXXXX  XXXX\nX        X\nX    \u221e   X\nX    \u221e\u221e  X\nXXX    XXX\nXe       X\nX        X\nXXXXX XXXX\nX     X TX\nX XXXXX XX\nX      m X\nXXXXXX XXX\nXTTX   XTX\nXTTXXbXXTX\nX        X\nXXXXXXXXXX\n", "Health: 10 X: 7 Y: 13\nXXXXXXXXXX\nX   b    X\nX XXXXXX X\nXR      \u221eX\nXXXX  XXXX\nX        X\nX    \u221e   X\nX    \u221e\u221e  X\nXXX    XXX\nXe       X\nX        X\nXXXXX XXXX\nX     X TX\nX XXXXXHXX\nX      m X\nXXXXXX XXX\nXTTX b XTX\nXTTXX XXTX\nX        X\nXXXXXXXXXX\n", "Health: 10 X: 7 Y: 12\nXXXXXXXXXX\nX   b    X\nX XXXXXX X\nXR      \u221eX\nXXXX  XXXX\nX        X\nX    \u221e   X\nX    \u221e\u221e  X\nXXX    XXX\nXe       X\nX        X\nXXXXX XXXX\nX     XHTX\nX XXXXX XX\nX      m X\nXXXXXX XXX\nXTTX b XTX\nXTTXX XXTX\nX        X\nXXXXXXXXXX\n", "Health: 10 X: 8 Y: 12\nXXXXXXXXXX\nX   b    X\nX XXXXXX X\nXR      \u221eX\nXXXX  XXXX\nX        X\nX    \u221e   X\nX    \u221e\u221e  X\nXXX    XXX\nXe       X\nX        X\nXXXXX XXXX\nX     X  X\nX XXXXX XX\nX      m X\nXXXXXX XXX\nXTTX b XTX\nXTTXX XXTX\nX        X\nXXXXXXXXXX\n", "Health: 10 X: 7 Y: 12\nXXXXXXXXXX\nX   b    X\nX XXXXXX X\nXR      \u221eX\nXXXX  XXXX\nX        X\nX    \u221e   X\nX    \u221e\u221e  X\nXXX    XXX\nXe       X\nX        X\nXXXXX XXXX\nX     XH X\nX XXXXX XX\nX      m X\nXXXXXX XXX\nXTTX b XTX\nXTTXX XXTX\nX        X\nXXXXXXXXXX\n", "Health: 9 X: 7 Y: 13\nXXXXXXXXXX\nX   b    X\nX XXXXXX X\nXR      \u221eX\nXXXX  XXXX\nX        X\nX    \u221e   X\nX    \u221e\u221e  X\nXXX    XXX\nXe       X\nX        X\nXXXXX XXXX\nX     X  X\nX XXXXXHXX\nX      m X\nXXXXXX XXX\nXTTX b XTX\nXTTXX XXTX\nX        X\nXXXXXXXXXX\n", "Health: 9 X: 7 Y: 14\nXXXXXXXXXX\nX   b    X\nX XXXXXX X\nXR      \u221eX\nXXXX  XXXX\nX        X\nX    \u221e   X\nX    \u221e\u221e  X\nXXX    XXX\nXe       X\nX        X\nXXXXX XXXX\nX     X  X\nX XXXXX XX\nX      m X\nXXXXXX XXX\nXTTX b XTX\nXTTXX XXTX\nX        X\nXXXXXXXXXX\n", "Health: 9 X: 6 Y: 14\nXXXXXXXXXX\nX   b    X\nX XXXXXX X\nXR      \u221eX\nXXXX  XXXX\nX        X\nX    \u221e   X\nX    \u221e\u221e  X\nXXX    XXX\nXe       X\nX        X\nXXXXX XXXX\nX     X  X\nX XXXXX XX\nX     Hm X\nXXXXXX XXX\nXTTX b XTX\nXTTXX XXTX\nX        X\nXXXXXXXXXX\n", "Health: 9 X: 6 Y: 15\nXXXXXXXXXX\nX   b    X\nX XXXXXX X\nXR      \u221eX\nXXXX  XXXX\nX        X\nX    \u221e   X\nX    \u221e\u221e  X\nXXX    XXX\nXe       X\nX        X\nXXXXX XXXX\nX     X  X\nX XXXXX XX\nX      m X\nXXXXXXHXXX\nXTTX b XTX\nXTTXX XXTX\nX        X\nXXXXXXXXXX\n", "Health: 8 X: 6 Y: 16\nXXXXXXXXXX\nX   b    X\nX XXXXXX X\nXR      \u221eX\nXXXX  XXXX\nX        X\nX    \u221e   X\nX    \u221e\u221e  X\nXXX    XXX\nXe       X\nX        X\nXXXXX XXXX\nX     X  X\nX XXXXX XX\nX      m X\nXXXXXX XXX\nXTTX \u221eHXTX\nXTTXX XXTX\nX        X\nXXXXXXXXXX\n", "Health: 8 X: 5 Y: 16\nXXXXXXXXXX\nX   b    X\nX XXXXXX X\nXR      \u221eX\nXXXX  XXXX\nX        X\nX    \u221e   X\nX    \u221e\u221e  X\nXXX    XXX\nXe       X\nX        X\nXXXXX XXXX\nX     X  X\nX XXXXX XX\nX      m X\nXXXXXX XXX\nXTTX \u221e XTX\nXTTXX XXTX\nX        X\nXXXXXXXXXX\n", "Health: 8 X: 4 Y: 16\nXXXXXXXXXX\nX   b    X\nX XXXXXX X\nXR      \u221eX\nXXXX  XXXX\nX        X\nX    \u221e   X\nX    \u221e\u221e  X\nXXX    XXX\nXe       X\nX        X\nXXXXX XXXX\nX     X  X\nX XXXXX XX\nX     m  X\nXXXXXX XXX\nXTTXH\u221e XTX\nXTTXX XXTX\nX        X\nXXXXXXXXXX\n", "Health: 8 X: 5 Y: 16\nXXXXXXXXXX\nX   b    X\nX XXXXXX X\nXR      \u221eX\nXXXX  XXXX\nX        X\nX    \u221e   X\nX    \u221e\u221e  X\nXXX    XXX\nXe       X\nX        X\nXXXXX XXXX\nX     X  X\nX XXXXX XX\nX        X\nXXXXXXmXXX\nXTTX \u221e XTX\nXTTXX XXTX\nX        X\nXXXXXXXXXX\n", "Health: 8 X: 5 Y: 17\nXXXXXXXXXX\nX   b    X\nX XXXXXX X\nXR      \u221eX\nXXXX  XXXX\nX        X\nX    \u221e   X\nX    \u221e\u221e  X\nXXX    XXX\nXe       X\nX        X\nXXXXX XXXX\nX     X  X\nX XXXXX XX\nX        X\nXXXXXX XXX\nXTTX \u221emXTX\nXTTXXHXXTX\nX        X\nXXXXXXXXXX\n", "Health: 8 X: 5 Y: 18\nXXXXXXXXXX\nX   b    X\nX XXXXXX X\nXR      \u221eX\nXXXX  XXXX\nX        X\nX    \u221e   X\nX    \u221e\u221e  X\nXXX    XXX\nXe       X\nX        X\nXXXXX XXXX\nX     X  X\nX XXXXX XX\nX        X\nXXXXXX XXX\nXTTX \u221e XTX\nXTTXX XXTX\nX    H   X\nXXXXXXXXXX\n", "Health: 8 X: 4 Y: 18\nXXXXXXXXXX\nX   b    X\nX XXXXXX X\nXR      \u221eX\nXXXX  XXXX\nX        X\nX    \u221e   X\nX    \u221e\u221e  X\nXXX    XXX\nXe       X\nX        X\nXXXXX XXXX\nX     X  X\nX XXXXX XX\nX        X\nXXXXXX XXX\nXTTX \u221e XTX\nXTTXXmXXTX\nX   H    X\nXXXXXXXXXX\n", "Health: 8 X: 3 Y: 18\nXXXXXXXXXX\nX   b    X\nX XXXXXX X\nXR      \u221eX\nXXXX  XXXX\nX        X\nX    \u221e   X\nX    \u221e\u221e  X\nXXX    XXX\nXe       X\nX        X\nXXXXX XXXX\nX     X  X\nX XXXXX XX\nX        X\nXXXXXX XXX\nXTTX \u221e XTX\nXTTXX XXTX\nX  H m   X\nXXXXXXXXXX\n", "Health: 8 X: 2 Y: 18\nXXXXXXXXXX\nX   b    X\nX XXXXXX X\nXR      \u221eX\nXXXX  XXXX\nX        X\nX    \u221e   X\nX    \u221e\u221e  X\nXXX    XXX\nXe       X\nX        X\nXXXXX XXXX\nX     X  X\nX XXXXX XX\nX        X\nXXXXXX XXX\nXTTX \u221e XTX\nXTTXX XXTX\nX H m    X\nXXXXXXXXXX\n", "Health: 8 X: 1 Y: 18\nXXXXXXXXXX\nX   b    X\nX XXXXXX X\nXR      \u221eX\nXXXX  XXXX\nX        X\nX    \u221e   X\nX    \u221e\u221e  X\nXXX    XXX\nXe       X\nX        X\nXXXXX XXXX\nX     X  X\nX XXXXX XX\nX        X\nXXXXXX XXX\nXTTX \u221e XTX\nXTTXX XXTX\nXH m     X\nXXXXXXXXXX\n", "Health: 8 X: 1 Y: 17\nXXXXXXXXXX\nX   b    X\nX XXXXXX X\nXR      \u221eX\nXXXX  XXXX\nX        X\nX    \u221e   X\nX    \u221e\u221e  X\nXXX    XXX\nXe       X\nX        X\nXXXXX XXXX\nX     X  X\nX XXXXX XX\nX        X\nXXXXXX XXX\nXTTX \u221e XTX\nX TXX XXTX\nX m      X\nXXXXXXXXXX\n", "Health: 8 X: 1 Y: 16\nXXXXXXXXXX\nX   b    X\nX XXXXXX X\nXR      \u221eX\nXXXX  XXXX\nX        X\nX    \u221e   X\nX    \u221e\u221e  X\nXXX    XXX\nXe       X\nX        X\nXXXXX XXXX\nX     X  X\nX XXXXX XX\nX        X\nXXXXXX XXX\nX TX \u221e XTX\nX TXX XXTX\nX        X\nXXXXXXXXXX\n", "Health: 7 X: 2 Y: 16\nXXXXXXXXXX\nX   b    X\nX XXXXXX X\nXR      \u221eX\nXXXX  XXXX\nX        X\nX    \u221e   X\nX    \u221e\u221e  X\nXXX    XXX\nXe       X\nX        X\nXXXXX XXXX\nX     X  X\nX XXXXX XX\nX        X\nXXXXXX XXX\nX  X \u221e XTX\nX TXX XXTX\nX        X\nXXXXXXXXXX\n", "Health: 7 X: 2 Y: 17\nXXXXXXXXXX\nX   b    X\nX XXXXXX X\nXR      \u221eX\nXXXX  XXXX\nX        X\nX    \u221e   X\nX    \u221e\u221e  X\nXXX    XXX\nXe       X\nX        X\nXXXXX XXXX\nX     X  X\nX XXXXX XX\nX        X\nXXXXXX XXX\nX  X \u221e XTX\nX  XX XXTX\nX        X\nXXXXXXXXXX\n", "Health: 7 X: 2 Y: 18\nXXXXXXXXXX\nX   b    X\nX XXXXXX X\nXR      \u221eX\nXXXX  XXXX\nX        X\nX    \u221e   X\nX    \u221e\u221e  X\nXXX    XXX\nXe       X\nX        X\nXXXXX XXXX\nX     X  X\nX XXXXX XX\nX        X\nXXXXXX XXX\nX  X \u221e XTX\nX  XX XXTX\nX H      X\nXXXXXXXXXX\n", "Health: 7 X: 3 Y: 18\nXXXXXXXXXX\nX   b    X\nX XXXXXX X\nXR      \u221eX\nXXXX  XXXX\nX        X\nX    \u221e   X\nX    \u221e\u221e  X\nXXX    XXX\nXe       X\nX        X\nXXXXX XXXX\nX     X  X\nX XXXXX XX\nX        X\nXXXXXX XXX\nX  X \u221e XTX\nX  XX XXTX\nX  H     X\nXXXXXXXXXX\n", "Health: 7 X: 4 Y: 18\nXXXXXXXXXX\nX   b    X\nX XXXXXX X\nXR      \u221eX\nXXXX  XXXX\nX        X\nX    \u221e   X\nX    \u221e\u221e  X\nXXX    XXX\nXe       X\nX        X\nXXXXX XXXX\nX     X  X\nX XXXXX XX\nX        X\nXXXXXX XXX\nX  X \u221e XTX\nX  XX XXTX\nX   H    X\nXXXXXXXXXX\n", "Health: 7 X: 5 Y: 18\nXXXXXXXXXX\nX   b    X\nX XXXXXX X\nXR      \u221eX\nXXXX  XXXX\nX        X\nX    \u221e   X\nX    \u221e\u221e  X\nXXX    XXX\nXe       X\nX        X\nXXXXX XXXX\nX     X  X\nX XXXXX XX\nX        X\nXXXXXX XXX\nX  X \u221e XTX\nX  XX XXTX\nX    H   X\nXXXXXXXXXX\n", "Health: 7 X: 6 Y: 18\nXXXXXXXXXX\nX   b    X\nX XXXXXX X\nXR      \u221eX\nXXXX  XXXX\nX        X\nX    \u221e   X\nX    \u221e\u221e  X\nXXX    XXX\nXe       X\nX        X\nXXXXX XXXX\nX     X  X\nX XXXXX XX\nX        X\nXXXXXX XXX\nX  X \u221e XTX\nX  XX XXTX\nX m   H  X\nXXXXXXXXXX\n", "Health: 7 X: 7 Y: 18\nXXXXXXXXXX\nX   b    X\nX XXXXXX X\nXR      \u221eX\nXXXX  XXXX\nX        X\nX    \u221e   X\nX    \u221e\u221e  X\nXXX    XXX\nXe       X\nX        X\nXXXXX XXXX\nX     X  X\nX XXXXX XX\nX        X\nXXXXXX XXX\nX  X \u221e XTX\nX  XX XXTX\nX  m   H X\nXXXXXXXXXX\n", "Health: 7 X: 8 Y: 18\nXXXXXXXXXX\nX   b    X\nX XXXXXX X\nXR      \u221eX\nXXXX  XXXX\nX        X\nX    \u221e   X\nX    \u221e\u221e  X\nXXX    XXX\nXe       X\nX        X\nXXXXX XXXX\nX     X  X\nX XXXXX XX\nX        X\nXXXXXX XXX\nX  X \u221e XTX\nX  XX XXTX\nX   m   HX\nXXXXXXXXXX\n", "Health: 7 X: 8 Y: 17\nXXXXXXXXXX\nX   b    X\nX XXXXXX X\nXR      \u221eX\nXXXX  XXXX\nX        X\nX    \u221e   X\nX    \u221e\u221e  X\nXXX    XXX\nXe       X\nX        X\nXXXXX XXXX\nX     X  X\nX XXXXX XX\nX        X\nXXXXXX XXX\nX  X \u221e XTX\nX  XX XX X\nX    m   X\nXXXXXXXXXX\n", "Health: 7 X: 8 Y: 16\nXXXXXXXXXX\nX   b    X\nX XXXXXX X\nXR      \u221eX\nXXXX  XXXX\nX        X\nX    \u221e   X\nX    \u221e\u221e  X\nXXX    XXX\nXe       X\nX        X\nXXXXX XXXX\nX     X  X\nX XXXXX XX\nX        X\nXXXXXX XXX\nX  X \u221e X X\nX  XX XX X\nX     m  X\nXXXXXXXXXX\n", "Health: 7 X: 8 Y: 17\nXXXXXXXXXX\nX   b    X\nX XXXXXX X\nXR      \u221eX\nXXXX  XXXX\nX        X\nX    \u221e   X\nX    \u221e\u221e  X\nXXX    XXX\nXe       X\nX        X\nXXXXX XXXX\nX     X  X\nX XXXXX XX\nX        X\nXXXXXX XXX\nX  X \u221e X X\nX  XX XX X\nX      m X\nXXXXXXXXXX\n", "Health: 6 X: 8 Y: 18\nXXXXXXXXXX\nX   b    X\nX XXXXXX X\nXR      \u221eX\nXXXX  XXXX\nX        X\nX    \u221e   X\nX    \u221e\u221e  X\nXXX    XXX\nXe       X\nX        X\nXXXXX XXXX\nX     X  X\nX XXXXX XX\nX        X\nXXXXXX XXX\nX  X \u221e X X\nX  XX XX X\nX      mHX\nXXXXXXXXXX\n", "Health: 6 X: 7 Y: 18\nXXXXXXXXXX\nX   b    X\nX XXXXXX X\nXR      \u221eX\nXXXX  XXXX\nX        X\nX    \u221e   X\nX    \u221e\u221e  X\nXXX    XXX\nXe       X\nX        X\nXXXXX XXXX\nX     X  X\nX XXXXX XX\nX        X\nXXXXXX XXX\nX  X \u221e X X\nX  XX XX X\nX      m X\nXXXXXXXXXX\n", "Health: 6 X: 6 Y: 18\nXXXXXXXXXX\nX   b    X\nX XXXXXX X\nXR      \u221eX\nXXXX  XXXX\nX        X\nX    \u221e   X\nX    \u221e\u221e  X\nXXX    XXX\nXe       X\nX        X\nXXXXX XXXX\nX     X  X\nX XXXXX XX\nX        X\nXXXXXX XXX\nX  X \u221e X X\nX  XX XX X\nX     Hm X\nXXXXXXXXXX\n", "Health: 6 X: 5 Y: 18\nXXXXXXXXXX\nX   b    X\nX XXXXXX X\nXR      \u221eX\nXXXX  XXXX\nX        X\nX    \u221e   X\nX    \u221e\u221e  X\nXXX    XXX\nXe       X\nX        X\nXXXXX XXXX\nX     X  X\nX XXXXX XX\nX        X\nXXXXXX XXX\nX  X \u221e X X\nX  XX XX X\nX    H m X\nXXXXXXXXXX\n", "Health: 6 X: 4 Y: 18\nXXXXXXXXXX\nX   b    X\nX XXXXXX X\nXR      \u221eX\nXXXX  XXXX\nX        X\nX    \u221e   X\nX    \u221e\u221e  X\nXXX    XXX\nXe       X\nX        X\nXXXXX XXXX\nX     X  X\nX XXXXX XX\nX        X\nXXXXXX XXX\nX  X \u221e X X\nX  XX XX X\nX   H  m X\nXXXXXXXXXX\n", "Health: 6 X: 5 Y: 18\nXXXXXXXXXX\nX   b    X\nX XXXXXX X\nXR      \u221eX\nXXXX  XXXX\nX        X\nX    \u221e   X\nX    \u221e\u221e  X\nXXX    XXX\nXe       X\nX        X\nXXXXX XXXX\nX     X  X\nX XXXXX XX\nX        X\nXXXXXX XXX\nX  X \u221e X X\nX  XX XX X\nX    H m X\nXXXXXXXXXX\n", "Health: 6 X: 5 Y: 17\nXXXXXXXXXX\nX   b    X\nX XXXXXX X\nXR      \u221eX\nXXXX  XXXX\nX        X\nX    \u221e   X\nX    \u221e\u221e  X\nXXX    XXX\nXe       X\nX        X\nXXXXX XXXX\nX     X  X\nX XXXXX XX\nX        X\nXXXXXX XXX\nX  X \u221e X X\nX  XXHXX X\nX     m  X\nXXXXXXXXXX\n", "Health: 6 X: 5 Y: 16\nXXXXXXXXXX\nX   b    X\nX XXXXXX X\nXR      \u221eX\nXXXX  XXXX\nX        X\nX    \u221e   X\nX    \u221e\u221e  X\nXXX    XXX\nXe       X\nX        X\nXXXXX XXXX\nX     X  X\nX XXXXX XX\nX        X\nXXXXXX XXX\nX  X \u221e X X\nX  XX XX X\nX    m   X\nXXXXXXXXXX\n", "Health: 6 X: 6 Y: 16\nXXXXXXXXXX\nX   b    X\nX XXXXXX X\nXR      \u221eX\nXXXX  XXXX\nX        X\nX    \u221e   X\nX    \u221e\u221e  X\nXXX    XXX\nXe       X\nX        X\nXXXXX XXXX\nX     X  X\nX XXXXX XX\nX        X\nXXXXXX XXX\nX  X \u221eHX X\nX  XXmXX X\nX        X\nXXXXXXXXXX\n", "Health: 6 X: 6 Y: 15\nXXXXXXXXXX\nX   b    X\nX XXXXXX X\nXR      \u221eX\nXXXX  XXXX\nX        X\nX    \u221e   X\nX    \u221e\u221e  X\nXXX    XXX\nXe       X\nX        X\nXXXXX XXXX\nX     X  X\nX XXXXX XX\nX        X\nXXXXXXHXXX\nX  X \u221e X X\nX  XX XX X\nX        X\nXXXXXXXXXX\n", "Health: 6 X: 6 Y: 14\nXXXXXXXXXX\nX   b    X\nX XXXXXX X\nXR      \u221eX\nXXXX  XXXX\nX        X\nX    \u221e   X\nX    \u221e\u221e  X\nXXX    XXX\nXe       X\nX        X\nXXXXX XXXX\nX     X  X\nX XXXXX XX\nX     H  X\nXXXXXX XXX\nX  X \u221emX X\nX  XX XX X\nX        X\nXXXXXXXXXX\n", "Health: 6 X: 5 Y: 14\nXXXXXXXXXX\nX   b    X\nX XXXXXX X\nXR      \u221eX\nXXXX  XXXX\nX        X\nX    \u221e   X\nX    \u221e\u221e  X\nXXX    XXX\nXe       X\nX        X\nXXXXX XXXX\nX     X  X\nX XXXXX XX\nX    H   X\nXXXXXXmXXX\nX  X \u221e X X\nX  XX XX X\nX        X\nXXXXXXXXXX\n", "Health: 6 X: 4 Y: 14\nXXXXXXXXXX\nX   b    X\nX XXXXXX X\nXR      \u221eX\nXXXX  XXXX\nX        X\nX    \u221e   X\nX    \u221e\u221e  X\nXXX    XXX\nXe       X\nX        X\nXXXXX XXXX\nX     X  X\nX XXXXX XX\nX   H m  X\nXXXXXX XXX\nX  X \u221e X X\nX  XX XX X\nX        X\nXXXXXXXXXX\n", "Health: 6 X: 3 Y: 14\nXXXXXXXXXX\nX   b    X\nX XXXXXX X\nXR      \u221eX\nXXXX  XXXX\nX        X\nX    \u221e   X\nX    \u221e\u221e  X\nXXX    XXX\nXe       X\nX        X\nXXXXX XXXX\nX     X  X\nX XXXXX XX\nX  H m   X\nXXXXXX XXX\nX  X \u221e X X\nX  XX XX X\nX        X\nXXXXXXXXXX\n", "Health: 6 X: 2 Y: 14\nXXXXXXXXXX\nX   b    X\nX XXXXXX X\nXR      \u221eX\nXXXX  XXXX\nX        X\nX    \u221e   X\nX    \u221e\u221e  X\nXXX    XXX\nXe       X\nX        X\nXXXXX XXXX\nX     X  X\nX XXXXX XX\nX H m    X\nXXXXXX XXX\nX  X \u221e X X\nX  XX XX X\nX        X\nXXXXXXXXXX\n", "Health: 6 X: 1 Y: 14\nXXXXXXXXXX\nX   b    X\nX XXXXXX X\nXR      \u221eX\nXXXX  XXXX\nX        X\nX    \u221e   X\nX    \u221e\u221e  X\nXXX    XXX\nXe       X\nX        X\nXXXXX XXXX\nX     X  X\nX XXXXX XX\nXH m     X\nXXXXXX XXX\nX  X \u221e X X\nX  XX XX X\nX        X\nXXXXXXXXXX\n", "Health: 6 X: 1 Y: 13\nXXXXXXXXXX\nX   b    X\nX XXXXXX X\nXR      \u221eX\nXXXX  XXXX\nX        X\nX    \u221e   X\nX    \u221e\u221e  X\nXXX    XXX\nXe       X\nX        X\nXXXXX XXXX\nX     X  X\nXHXXXXX XX\nX m      X\nXXXXXX XXX\nX  X \u221e X X\nX  XX XX X\nX        X\nXXXXXXXXXX\n", "Health: 6 X: 1 Y: 12\nXXXXXXXXXX\nX   b    X\nX XXXXXX X\nXR      \u221eX\nXXXX  XXXX\nX        X\nX    \u221e   X\nX    \u221e\u221e  X\nXXX    XXX\nXe       X\nX        X\nXXXXX XXXX\nXH    X  X\nX XXXXX XX\nXm       X\nXXXXXX XXX\nX  X \u221e X X\nX  XX XX X\nX        X\nXXXXXXXXXX\n", "Health: 6 X: 2 Y: 12\nXXXXXXXXXX\nX   b    X\nX XXXXXX X\nXR      \u221eX\nXXXX  XXXX\nX        X\nX    \u221e   X\nX    \u221e\u221e  X\nXXX    XXX\nXe       X\nX        X\nXXXXX XXXX\nX H   X  X\nXmXXXXX XX\nX        X\nXXXXXX XXX\nX  X \u221e X X\nX  XX XX X\nX        X\nXXXXXXXXXX\n", "Health: 6 X: 3 Y: 12\nXXXXXXXXXX\nX   b    X\nX XXXXXX X\nXR      \u221eX\nXXXX  XXXX\nX        X\nX    \u221e   X\nX    \u221e\u221e  X\nXXX    XXX\nXe       X\nX        X\nXXXXX XXXX\nXm H  X  X\nX XXXXX XX\nX        X\nXXXXXX XXX\nX  X \u221e X X\nX  XX XX X\nX        X\nXXXXXXXXXX\n", "Health: 6 X: 4 Y: 12\nXXXXXXXXXX\nX   b    X\nX XXXXXX X\nXR      \u221eX\nXXXX  XXXX\nX        X\nX    \u221e   X\nX    \u221e\u221e  X\nXXX    XXX\nXe       X\nX        X\nXXXXX XXXX\nX m H X  X\nX XXXXX XX\nX        X\nXXXXXX XXX\nX  X \u221e X X\nX  XX XX X\nX        X\nXXXXXXXXXX\n", "Health: 6 X: 5 Y: 12\nXXXXXXXXXX\nX   b    X\nX XXXXXX X\nXR      \u221eX\nXXXX  XXXX\nX        X\nX    \u221e   X\nX    \u221e\u221e  X\nXXX    XXX\nXe       X\nX        X\nXXXXX XXXX\nX  m HX  X\nX XXXXX XX\nX        X\nXXXXXX XXX\nX  X \u221e X X\nX  XX XX X\nX        X\nXXXXXXXXXX\n", "Health: 6 X: 5 Y: 11\nXXXXXXXXXX\nX   b    X\nX XXXXXX X\nXR      \u221eX\nXXXX  XXXX\nX        X\nX    \u221e   X\nX    \u221e\u221e  X\nXXX    XXX\nXe       X\nX        X\nXXXXXHXXXX\nX   m X  X\nX XXXXX XX\nX        X\nXXXXXX XXX\nX  X \u221e X X\nX  XX XX X\nX        X\nXXXXXXXXXX\n", "Health: 6 X: 5 Y: 10\nXXXXXXXXXX\nX   b    X\nX XXXXXX X\nXR      \u221eX\nXXXX  XXXX\nX        X\nX    \u221e   X\nX    \u221e\u221e  X\nXXX    XXX\nXe       X\nX    H   X\nXXXXX XXXX\nX    mX  X\nX XXXXX XX\nX        X\nXXXXXX XXX\nX  X \u221e X X\nX  XX XX X\nX        X\nXXXXXXXXXX\n", "Health: 6 X: 5 Y: 9\nXXXXXXXXXX\nX   b    X\nX XXXXXX X\nXR      \u221eX\nXXXX  XXXX\nX        X\nX    \u221e   X\nX    \u221e\u221e  X\nXXX    XXX\nXe   H   X\nX        X\nXXXXXmXXXX\nX     X  X\nX XXXXX XX\nX        X\nXXXXXX XXX\nX  X \u221e X X\nX  XX XX X\nX        X\nXXXXXXXXXX\n", "Health: 6 X: 5 Y: 8\nXXXXXXXXXX\nX   b    X\nX XXXXXX X\nXR      \u221eX\nXXXX  XXXX\nX        X\nX    \u221e   X\nX    \u221e\u221e  X\nXXX  H XXX\nXe       X\nX    m   X\nXXXXX XXXX\nX     X  X\nX XXXXX XX\nX        X\nXXXXXX XXX\nX  X \u221e X X\nX  XX XX X\nX        X\nXXXXXXXXXX\n", "Health: 6 X: 5 Y: 7\nXXXXXXXXXX\nX   b    X\nX XXXXXX X\nXR      \u221eX\nXXXX  XXXX\nX        X\nX    \u221e   X\nX    \u221e\u221e  X\nXXX    XXX\nXe   m   X\nX        X\nXXXXX XXXX\nX     X  X\nX XXXXX XX\nX        X\nXXXXXX XXX\nX  X \u221e X X\nX  XX XX X\nX        X\nXXXXXXXXXX\n", "Health: 6 X: 5 Y: 6\nXXXXXXXXXX\nX   b    X\nX XXXXXX X\nXR      \u221eX\nXXXX  XXXX\nX        X\nX    \u221e   X\nX    \u221e\u221e  X\nXXX  m XXX\nXe       X\nX        X\nXXXXX XXXX\nX     X  X\nX XXXXX XX\nX        X\nXXXXXX XXX\nX  X \u221e X X\nX  XX XX X\nX        X\nXXXXXXXXXX\n", "Health: 6 X: 5 Y: 5\nXXXXXXXXXX\nX   b    X\nX XXXXXX X\nXR      \u221eX\nXXXX  XXXX\nX    H   X\nX    \u221e   X\nX    \u221e\u221e  X\nXXX    XXX\nXe       X\nX        X\nXXXXX XXXX\nX     X  X\nX XXXXX XX\nX        X\nXXXXXX XXX\nX  X \u221e X X\nX  XX XX X\nX        X\nXXXXXXXXXX\n", "Health: 6 X: 5 Y: 4\nXXXXXXXXXX\nX   b    X\nX XXXXXX X\nXR      \u221eX\nXXXX HXXXX\nX        X\nX    \u221e   X\nX    \u221e\u221e  X\nXXX    XXX\nXe       X\nX        X\nXXXXX XXXX\nX     X  X\nX XXXXX XX\nX        X\nXXXXXX XXX\nX  X \u221e X X\nX  XX XX X\nX        X\nXXXXXXXXXX\n", "Health: 6 X: 5 Y: 3\nXXXXXXXXXX\nX   b    X\nX XXXXXX X\nX R  H  \u221eX\nXXXX  XXXX\nX    m   X\nX    \u221e   X\nX    \u221e\u221e  X\nXXX    XXX\nXe       X\nX        X\nXXXXX XXXX\nX     X  X\nX XXXXX XX\nX        X\nXXXXXX XXX\nX  X \u221e X X\nX  XX XX X\nX        X\nXXXXXXXXXX\n", "Health: 5 X: 5 Y: 4\nXXXXXXXXXX\nX   b    X\nX XXXXXX X\nX R     \u221eX\nXXXX HXXXX\nX    m   X\nX    \u221e   X\nX    \u221e\u221e  X\nXXX    XXX\nXe       X\nX        X\nXXXXX XXXX\nX     X  X\nX XXXXX XX\nX        X\nXXXXXX XXX\nX  X \u221e X X\nX  XX XX X\nX        X\nXXXXXXXXXX\n", "Health: 5 X: 5 Y: 5\nXXXXXXXXXX\nX   b    X\nX XXXXXX X\nX R     \u221eX\nXXXX  XXXX\nX    m   X\nX    \u221e   X\nX    \u221e\u221e  X\nXXX    XXX\nXe       X\nX        X\nXXXXX XXXX\nX     X  X\nX XXXXX XX\nX        X\nXXXXXX XXX\nX  X \u221e X X\nX  XX XX X\nX        X\nXXXXXXXXXX\n", "Health: 5 X: 5 Y: 6\nXXXXXXXXXX\nX   b    X\nX XXXXXX X\nX R     \u221eX\nXXXX  XXXX\nX    m   X\nX    \u221e   X\nX    \u221e\u221e  X\nXXX    XXX\nXe       X\nX        X\nXXXXX XXXX\nX     X  X\nX XXXXX XX\nX        X\nXXXXXX XXX\nX  X \u221e X X\nX  XX XX X\nX        X\nXXXXXXXXXX\n", "Health: 5 X: 5 Y: 7\nXXXXXXXXXX\nX   b    X\nX XXXXXX X\nX R     \u221eX\nXXXX  XXXX\nX    m   X\nX    \u221e   X\nX    \u221e\u221e  X\nXXX    XXX\nXe       X\nX        X\nXXXXX XXXX\nX     X  X\nX XXXXX XX\nX        X\nXXXXXX XXX\nX  X \u221e X X\nX  XX XX X\nX        X\nXXXXXXXXXX\n", "Health: 5 X: 5 Y: 8\nXXXXXXXXXX\nX   b    X\nX XXXXXX X\nX R     \u221eX\nXXXX  XXXX\nX    m   X\nX    \u221e   X\nX    \u221e\u221e  X\nXXX  H XXX\nXe       X\nX        X\nXXXXX XXXX\nX     X  X\nX XXXXX XX\nX        X\nXXXXXX XXX\nX  X \u221e X X\nX  XX XX X\nX        X\nXXXXXXXXXX\n", "Health: 5 X: 5 Y: 9\nXXXXXXXXXX\nX   b    X\nX XXXXXX X\nX R     \u221eX\nXXXX  XXXX\nX    m   X\nX    \u221e   X\nX    \u221e\u221e  X\nXXX    XXX\nXe   H   X\nX        X\nXXXXX XXXX\nX     X  X\nX XXXXX XX\nX        X\nXXXXXX XXX\nX  X \u221e X X\nX  XX XX X\nX        X\nXXXXXXXXXX\n", "Health: 5 X: 5 Y: 10\nXXXXXXXXXX\nX   b    X\nX XXXXXX X\nX R     \u221eX\nXXXX  XXXX\nX        X\nX    \u221e   X\nX    \u221e\u221e  X\nXXX    XXX\nXe       X\nX    H   X\nXXXXX XXXX\nX     X  X\nX XXXXX XX\nX        X\nXXXXXX XXX\nX  X \u221e X X\nX  XX XX X\nX        X\nXXXXXXXXXX\n", "Health: 5 X: 4 Y: 10\nXXXXXXXXXX\nX   b    X\nX XXXXXX X\nX R     \u221eX\nXXXX  XXXX\nX        X\nX   m\u221e   X\nX    \u221e\u221e  X\nXXX    XXX\nXe       X\nX   H    X\nXXXXX XXXX\nX     X  X\nX XXXXX XX\nX        X\nXXXXXX XXX\nX  X \u221e X X\nX  XX XX X\nX        X\nXXXXXXXXXX\n", "Health: 5 X: 3 Y: 10\nXXXXXXXXXX\nX   b    X\nX XXXXXX X\nX R     \u221eX\nXXXX  XXXX\nX        X\nX  m \u221e   X\nX    \u221e\u221e  X\nXXX    XXX\nXe       X\nX  H     X\nXXXXX XXXX\nX     X  X\nX XXXXX XX\nX        X\nXXXXXX XXX\nX  X \u221e X X\nX  XX XX X\nX        X\nXXXXXXXXXX\n", "Health: 5 X: 2 Y: 10\nXXXXXXXXXX\nX   b    X\nX XXXXXX X\nX R     \u221eX\nXXXX  XXXX\nX        X\nX    \u221e   X\nX  m \u221e\u221e  X\nXXX    XXX\nXe       X\nX H      X\nXXXXX XXXX\nX     X  X\nX XXXXX XX\nX        X\nXXXXXX XXX\nX  X \u221e X X\nX  XX XX X\nX        X\nXXXXXXXXXX\n", "Health: 5 X: 1 Y: 10\nXXXXXXXXXX\nX   b    X\nX XXXXXX X\nX R     \u221eX\nXXXX  XXXX\nX        X\nX    \u221e   X\nX    \u221e\u221e  X\nXXXm   XXX\nXe       X\nXH       X\nXXXXX XXXX\nX     X  X\nX XXXXX XX\nX        X\nXXXXXX XXX\nX  X \u221e X X\nX  XX XX X\nX        X\nXXXXXXXXXX\n", "Health: 5 X: 1 Y: 9\nXXXXXXXXXX\nX   b    X\nX XXXXXX X\nX R     \u221eX\nXXXX  XXXX\nX        X\nX    \u221e   X\nX    \u221e\u221e  X\nXXX    XXX\nXe m     X\nX        X\nXXXXX XXXX\nX     X  X\nX XXXXX XX\nX        X\nXXXXXX XXX\nX  X \u221e X X\nX  XX XX X\nX        X\nXXXXXXXXXX\n"], "map_number": 202}], "timestamp": "10-Aug-2021 21:06:08.953625", "ip": "73.151.207.42"}