{"Q1": "Never", "Q2": "Never", "Q3": "Never", "Q4": "Never", "Q5": "Never", "Q6": "Never", "Q7": "Never", "Q8": "Never", "Q9": "Never", "Q10": "Never", "results": [{"mechanics": [{"timestep": 1, "mechanic": "OgreHit"}, {"timestep": 2, "mechanic": "BlobPotion"}, {"timestep": 2, "mechanic": "BlobPotion"}, {"timestep": 4, "mechanic": "BlobPotion"}, {"timestep": 5, "mechanic": "OgreHit"}, {"timestep": 14, "mechanic": "ReachStairs"}], "frequencies": {"OgreHit": 2, "BlobPotion": 3, "ReachStairs": 1}, "levelReport": {"utilityGained": 0.0, "exitUtility": 1.0, "runnerUtility": 0.85, "loitererUtility": 15.0, "completionistUtility": 0.3466666666666667, "monsterKillerUtility": 0.43999999999999995, "treasureCollectorUtility": 0.3, "turnsTaken": 15, "health": 6, "healthLost": 4, "alive": true, "javelinsThrown": 0, "monsterKills": 1, "minitaurKnockouts": 0, "treasuresCollected": 0, "potionsTaken": 0, "totalMonsters": 6, "totalTreasures": 6, "totalPotions": 4, "timeTaken": 0.0}, "positions": [{"X": 5, "Y": 10}, {"X": 5, "Y": 9}, {"X": 5, "Y": 8}, {"X": 5, "Y": 7}, {"X": 5, "Y": 6}, {"X": 6, "Y": 6}, {"X": 7, "Y": 6}, {"X": 7, "Y": 5}, {"X": 7, "Y": 4}, {"X": 7, "Y": 3}, {"X": 7, "Y": 2}, {"X": 6, "Y": 2}, {"X": 5, "Y": 2}, {"X": 4, "Y": 2}, {"X": 4, "Y": 1}], "levelStates": ["Health: 10 X: 5 Y: 10\nXXXXXXXXXX\nXMX e X TX\nX        X\nX   X   XX\nX   T    X\nXX  XX   X\nX P     bX\nX X X  X X\nXT       X\nX     o  X\nX  X H XPX\nX        X\nXX      XX\nX        X\nXb      bX\nX X T  X X\nXP   m  PX\nX        X\nXT TXT TXX\nXXXXXXXXXX\n", "Health: 8 X: 5 Y: 9\nXXXXXXXXXX\nXMX e X TX\nX        X\nX   X   XX\nX   T    X\nXX  XX   X\nX P      X\nX X X  XbX\nXT       X\nX    Ho  X\nX  X   XPX\nX        X\nXX      XX\nX        X\nX        X\nXbX Tm XbX\nXP      PX\nX        X\nXT TXT TXX\nXXXXXXXXXX\n", "Health: 8 X: 5 Y: 8\nXXXXXXXXXX\nXMX e X TX\nX        X\nX   X   XX\nX   T    X\nXX  XX   X\nX P      X\nX X X  X X\nXT   Ho bX\nX        X\nX  X   XPX\nX        X\nXX      XX\nX        X\nX    m   X\nX X T  X X\nX        X\nX        X\nXT TXT TXX\nXXXXXXXXXX\n", "Health: 8 X: 5 Y: 7\nXXXXXXXXXX\nXMX e X TX\nX        X\nX   X   XX\nX   T    X\nXX  XX   X\nX P      X\nX X XHoX X\nXT       X\nX       bX\nX  X   XPX\nX        X\nXX      XX\nX    m   X\nX        X\nX X T  XbX\nX        X\nX        X\nXT TXT TXX\nXXXXXXXXXX\n", "Health: 8 X: 5 Y: 6\nXXXXXXXXXX\nXMX e X TX\nX        X\nX   X   XX\nX   T    X\nXX  XX   X\nX P  Ho  X\nX X X  X X\nXT       X\nX        X\nX  X   X X\nX        X\nXX   m  XX\nX        X\nX        X\nX X T  XbX\nX        X\nX        X\nXT TXT TXX\nXXXXXXXXXX\n", "Health: 6 X: 6 Y: 6\nXXXXXXXXXX\nXMX e X TX\nX        X\nX   X   XX\nX   T    X\nXX  XX   X\nX P   \u221e  X\nX X X  X X\nXT       X\nX        X\nX  X   X X\nX    m   X\nXX      XX\nX        X\nX        X\nX X T  XbX\nX        X\nX        X\nXT TXT TXX\nXXXXXXXXXX\n", "Health: 6 X: 7 Y: 6\nXXXXXXXXXX\nXMX e X TX\nX        X\nX   X   XX\nX   T    X\nXX  XX   X\nX P   \u221eH X\nX X X  X X\nXT       X\nX        X\nX  X m X X\nX        X\nXX      XX\nX        X\nX        X\nX X T  XbX\nX        X\nX        X\nXT TXT TXX\nXXXXXXXXXX\n", "Health: 6 X: 7 Y: 5\nXXXXXXXXXX\nXMX e X TX\nX        X\nX   X   XX\nX   T    X\nXX  XX H X\nX P   \u221e  X\nX X X  X X\nXT       X\nX    m   X\nX  X   X X\nX        X\nXX      XX\nX        X\nX        X\nX X T  XbX\nX        X\nX        X\nXT TXT TXX\nXXXXXXXXXX\n", "Health: 6 X: 7 Y: 4\nXXXXXXXXXX\nXMX e X TX\nX        X\nX   X   XX\nX   T  H X\nXX  XX   X\nX P   \u221e  X\nX X X  X X\nXT   m   X\nX        X\nX  X   X X\nX        X\nXX      XX\nX        X\nX        X\nX X T  XbX\nX        X\nX        X\nXT TXT TXX\nXXXXXXXXXX\n", "Health: 6 X: 7 Y: 3\nXXXXXXXXXX\nXMX e X TX\nX        X\nX   X  HXX\nX   T    X\nXX  XX   X\nX P   \u221e  X\nX X Xm X X\nXT       X\nX       bX\nX  X   X X\nX        X\nXX      XX\nX        X\nX        X\nX X T  XbX\nX        X\nX        X\nXT TXT TXX\nXXXXXXXXXX\n", "Health: 6 X: 7 Y: 2\nXXXXXXXXXX\nXMX e X TX\nX      H X\nX   X   XX\nX   T    X\nXX  XX   X\nX P  m\u221e  X\nX X X  X X\nXT      bX\nX        X\nX  X   X X\nX        X\nXX      XX\nX        X\nX        X\nX X T  XbX\nX        X\nX        X\nXT TXT TXX\nXXXXXXXXXX\n", "Health: 6 X: 6 Y: 2\nXXXXXXXXXX\nXMX e X TX\nX     H  X\nX   X   XX\nX   T    X\nXX  XX   X\nX P   m  X\nX X X  XbX\nXT       X\nX        X\nX  X   X X\nX        X\nXX      XX\nX        X\nX        X\nX X T  XbX\nX        X\nX        X\nXT TXT TXX\nXXXXXXXXXX\n", "Health: 6 X: 5 Y: 2\nXXXXXXXXXX\nXMX e X TX\nX    H   X\nX   X   XX\nX   T    X\nXX  XXm  X\nX P   \u221e bX\nX X X  X X\nXT       X\nX        X\nX  X   X X\nX        X\nXX      XX\nX        X\nX        X\nX X T  XbX\nX        X\nX        X\nXT TXT TXX\nXXXXXXXXXX\n", "Health: 6 X: 4 Y: 2\nXXXXXXXXXX\nXMX e X TX\nX   H    X\nX   X   XX\nX   T m  X\nXX  XX   X\nX P   \u221eb X\nX X X  X X\nXT       X\nX        X\nX  X   X X\nX        X\nXX      XX\nX        X\nX        X\nX X T  XbX\nX        X\nX        X\nXT TXT TXX\nXXXXXXXXXX\n", "Health: 6 X: 4 Y: 1\nXXXXXXXXXX\nXMX e X TX\nX        X\nX   X m XX\nX   T    X\nXX  XX   X\nX P   \u221e  X\nX X X  X X\nXT       X\nX        X\nX  X   X X\nX        X\nXX      XX\nX        X\nX        X\nX X T  XbX\nX        X\nX        X\nXT TXT TXX\nXXXXXXXXXX\n"], "map_number": 202}, {"mechanics": [{"timestep": 3, "mechanic": "OgreTreasure"}, {"timestep": 16, "mechanic": "ReachStairs"}], "frequencies": {"OgreTreasure": 1, "ReachStairs": 1}, "levelReport": {"utilityGained": 0.0, "exitUtility": 1.0, "runnerUtility": 0.83, "loitererUtility": 17.0, "completionistUtility": 0.3, "monsterKillerUtility": 0.3, "treasureCollectorUtility": 0.3, "turnsTaken": 17, "health": 10, "healthLost": 0, "alive": true, "javelinsThrown": 0, "monsterKills": 0, "minitaurKnockouts": 0, "treasuresCollected": 0, "potionsTaken": 0, "totalMonsters": 5, "totalTreasures": 10, "totalPotions": 1, "timeTaken": 0.0}, "positions": [{"X": 5, "Y": 2}, {"X": 5, "Y": 3}, {"X": 5, "Y": 4}, {"X": 5, "Y": 5}, {"X": 5, "Y": 6}, {"X": 5, "Y": 7}, {"X": 5, "Y": 8}, {"X": 5, "Y": 9}, {"X": 5, "Y": 10}, {"X": 5, "Y": 11}, {"X": 5, "Y": 12}, {"X": 5, "Y": 13}, {"X": 5, "Y": 14}, {"X": 5, "Y": 15}, {"X": 5, "Y": 16}, {"X": 5, "Y": 17}, {"X": 5, "Y": 18}], "levelStates": ["Health: 10 X: 5 Y: 2\nXXXXXXXXXX\nX m   tTTX\nXXXXXHXXXX\nXX T  T  X\nXX XX XX X\nX   X X oX\nX   X X  X\nX  bX XT X\nXX XX XXTX\nX P X X  X\nXX XX XTXX\nX  TX X TX\nX M X X TX\nX   X X  X\nXX XX XTXX\nX R X X  X\nX   X XXTX\nX XXX X  X\nX    e   X\nXXXXXXXXXX\n", "Health: 10 X: 5 Y: 3\nXXXXXXXXXX\nX  m  tTTX\nXXXXX XXXX\nXX T HT  X\nXX XX XX X\nX   X Xo X\nX   X X  X\nX  bX XT X\nXX XX XXTX\nX P X X  X\nXX XX XTXX\nX  TX X TX\nX M X X TX\nX   X X  X\nXX XX XTXX\nX R X X  X\nX   X XXTX\nX XXX X  X\nX    e   X\nXXXXXXXXXX\n", "Health: 10 X: 5 Y: 4\nXXXXXXXXXX\nX   m tTTX\nXXXXX XXXX\nXX T  T  X\nXX XXHXX X\nX   X X  X\nX   X Xo X\nX  bX XT X\nXX XX XXTX\nX P X X  X\nXX XX XTXX\nX  TX X TX\nX M X X TX\nX   X X  X\nXX XX XTXX\nX R X X  X\nX   X XXTX\nX XXX X  X\nX    e   X\nXXXXXXXXXX\n", "Health: 10 X: 5 Y: 5\nXXXXXXXXXX\nX    mtTTX\nXXXXX XXXX\nXX T  T  X\nXX XX XX X\nX   XHX  X\nX   X X  X\nX  bX X  X\nXX XX XXTX\nX P X X  X\nXX XX XTXX\nX  TX X TX\nX M X X TX\nX   X X  X\nXX XX XTXX\nX R X X  X\nX   X XXTX\nX XXX X  X\nX    e   X\nXXXXXXXXXX\n", "Health: 10 X: 5 Y: 6\nXXXXXXXXXX\nX     tTTX\nXXXXXmXXXX\nXX T  T  X\nXX XX XX X\nX   X X  X\nX   XHX  X\nX  bX X  X\nXX XX XXTX\nX P X X  X\nXX XX XTXX\nX  TX X TX\nX M X X TX\nX   X X  X\nXX XX XTXX\nX R X X  X\nX   X XXTX\nX XXX X  X\nX    e   X\nXXXXXXXXXX\n", "Health: 10 X: 5 Y: 7\nXXXXXXXXXX\nX     tTTX\nXXXXX XXXX\nXX T mT  X\nXX XX XX X\nX   X X  X\nX   X X  X\nX  bXHX  X\nXX XX XXTX\nX P X X  X\nXX XX XTXX\nX  TX X TX\nX M X X TX\nX   X X  X\nXX XX XTXX\nX R X X  X\nX   X XXTX\nX XXX X  X\nX    e   X\nXXXXXXXXXX\n", "Health: 10 X: 5 Y: 8\nXXXXXXXXXX\nX     tTTX\nXXXXX XXXX\nXX T  T  X\nXX XXmXX X\nX   X X  X\nX   X X  X\nX  bX X  X\nXX XXHXXTX\nX P X X  X\nXX XX XTXX\nX  TX X TX\nX M X X TX\nX   X X  X\nXX XX XTXX\nX R X X  X\nX   X XXTX\nX XXX X  X\nX    e   X\nXXXXXXXXXX\n", "Health: 10 X: 5 Y: 9\nXXXXXXXXXX\nX     tTTX\nXXXXX XXXX\nXX T  T  X\nXX XX XX X\nX   XmX  X\nX   X X  X\nX  bX X  X\nXX XX XXTX\nX P XHX  X\nXX XX XTXX\nX  TX X TX\nX M X X TX\nX   X X  X\nXX XX XTXX\nX R X X  X\nX   X XXTX\nX XXX X  X\nX    e   X\nXXXXXXXXXX\n", "Health: 10 X: 5 Y: 10\nXXXXXXXXXX\nX     tTTX\nXXXXX XXXX\nXX T  T  X\nXX XX XX X\nX   X X  X\nX   XmX  X\nX  bX X  X\nXX XX XXTX\nX P X X  X\nXX XXHXTXX\nX  TX X TX\nX M X X TX\nX   X X  X\nXX XX XTXX\nX R X X  X\nX   X XXTX\nX XXX X  X\nX    e   X\nXXXXXXXXXX\n", "Health: 10 X: 5 Y: 11\nXXXXXXXXXX\nX     tTTX\nXXXXX XXXX\nXX T  T  X\nXX XX XX X\nX   X X  X\nX   X X  X\nX  bXmX  X\nXX XX XXTX\nX P X X  X\nXX XX XTXX\nX  TXHX TX\nX M X X TX\nX   X X  X\nXX XX XTXX\nX R X X  X\nX   X XXTX\nX XXX X  X\nX    e   X\nXXXXXXXXXX\n", "Health: 10 X: 5 Y: 12\nXXXXXXXXXX\nX     tTTX\nXXXXX XXXX\nXX T  T  X\nXX XX XX X\nX   X X  X\nX   X X  X\nX  bX X  X\nXX XXmXXTX\nX P X X  X\nXX XX XTXX\nX  TX X TX\nX M XHX TX\nX   X X  X\nXX XX XTXX\nX R X X  X\nX   X XXTX\nX XXX X  X\nX    e   X\nXXXXXXXXXX\n", "Health: 10 X: 5 Y: 13\nXXXXXXXXXX\nX     tTTX\nXXXXX XXXX\nXX T  T  X\nXX XX XX X\nX   X X  X\nX   X X  X\nX  bX X  X\nXX XX XXTX\nX P XmX  X\nXX XX XTXX\nX  TX X TX\nX M X X TX\nX   XHX  X\nXX XX XTXX\nX R X X  X\nX   X XXTX\nX XXX X  X\nX    e   X\nXXXXXXXXXX\n", "Health: 10 X: 5 Y: 14\nXXXXXXXXXX\nX     tTTX\nXXXXX XXXX\nXX T  T  X\nXX XX XX X\nX   X X  X\nX   X X  X\nX  bX X  X\nXX XX XXTX\nX P X X  X\nXX XXmXTXX\nX  TX X TX\nX M X X TX\nX   X X  X\nXX XXHXTXX\nX R X X  X\nX   X XXTX\nX XXX X  X\nX    e   X\nXXXXXXXXXX\n", "Health: 10 X: 5 Y: 15\nXXXXXXXXXX\nX     tTTX\nXXXXX XXXX\nXX T  T  X\nXX XX XX X\nX   X X  X\nX   X X  X\nX  bX X  X\nXX XX XXTX\nX P X X  X\nXX XX XTXX\nX  TXmX TX\nX M X X TX\nX   X X  X\nXX XX XTXX\nX R XHX  X\nX   X XXTX\nX XXX X  X\nX    e   X\nXXXXXXXXXX\n", "Health: 10 X: 5 Y: 16\nXXXXXXXXXX\nX     tTTX\nXXXXX XXXX\nXX T  T  X\nXX XX XX X\nX   X X  X\nX   X X  X\nX  bX X  X\nXX XX XXTX\nX P X X  X\nXX XX XTXX\nX  TX X TX\nX M XmX TX\nX   X X  X\nXX XX XTXX\nX R X X  X\nX   XHXXTX\nX XXX X  X\nX    e   X\nXXXXXXXXXX\n", "Health: 10 X: 5 Y: 17\nXXXXXXXXXX\nX     tTTX\nXXXXX XXXX\nXX T  T  X\nXX XX XX X\nX   X X  X\nX   X X  X\nX  bX X  X\nXX XX XXTX\nX P X X  X\nXX XX XTXX\nX  TX X TX\nX M X X TX\nX   XmX  X\nXX XX XTXX\nX R X X  X\nX   X XXTX\nX XXXHX  X\nX    e   X\nXXXXXXXXXX\n", "Health: 10 X: 5 Y: 18\nXXXXXXXXXX\nX     tTTX\nXXXXX XXXX\nXX T  T  X\nXX XX XX X\nX   X X  X\nX   X X  X\nX  bX X  X\nXX XX XXTX\nX P X X  X\nXX XX XTXX\nX  TX X TX\nX M X X TX\nX   X X  X\nXX XXmXTXX\nX R X X  X\nX   X XXTX\nX XXX X  X\nX    e   X\nXXXXXXXXXX\n"], "map_number": 100}, {"mechanics": [{"timestep": 1, "mechanic": "BlobHit"}, {"timestep": 9, "mechanic": "GoblinMeleeHit"}, {"timestep": 12, "mechanic": "GoblinMeleeHit"}, {"timestep": 16, "mechanic": "JavelinThrow"}, {"timestep": 17, "mechanic": "CollectTreasure"}, {"timestep": 25, "mechanic": "MinitaurHit"}, {"timestep": 26, "mechanic": "CollectPotion"}, {"timestep": 28, "mechanic": "OgreHit"}, {"timestep": 28, "mechanic": "OgreHit"}, {"timestep": 32, "mechanic": "CollectPotion"}, {"timestep": 35, "mechanic": "CollectTreasure"}, {"timestep": 42, "mechanic": "ReachStairs"}], "frequencies": {"BlobHit": 1, "GoblinMeleeHit": 2, "JavelinThrow": 1, "CollectTreasure": 2, "MinitaurHit": 1, "CollectPotion": 2, "OgreHit": 2, "ReachStairs": 1}, "levelReport": {"utilityGained": 0.0, "exitUtility": 1.0, "runnerUtility": 0.5700000000000001, "loitererUtility": 43.0, "completionistUtility": 0.7472222222222222, "monsterKillerUtility": 0.7666666666666666, "treasureCollectorUtility": 0.475, "turnsTaken": 43, "health": 7, "healthLost": 7, "alive": true, "javelinsThrown": 1, "monsterKills": 4, "minitaurKnockouts": 2, "treasuresCollected": 2, "potionsTaken": 2, "totalMonsters": 7, "totalTreasures": 8, "totalPotions": 2, "timeTaken": 0.0}, "positions": [{"X": 7, "Y": 3}, {"X": 6, "Y": 3}, {"X": 5, "Y": 3}, {"X": 4, "Y": 3}, {"X": 3, "Y": 3}, {"X": 2, "Y": 3}, {"X": 1, "Y": 3}, {"X": 1, "Y": 4}, {"X": 1, "Y": 5}, {"X": 1, "Y": 6}, {"X": 1, "Y": 7}, {"X": 1, "Y": 8}, {"X": 1, "Y": 9}, {"X": 1, "Y": 10}, {"X": 1, "Y": 11}, {"X": 1, "Y": 12}, {"X": 1, "Y": 12}, {"X": 1, "Y": 13}, {"X": 1, "Y": 12}, {"X": 1, "Y": 11}, {"X": 1, "Y": 12}, {"X": 1, "Y": 13}, {"X": 1, "Y": 14}, {"X": 1, "Y": 13}, {"X": 1, "Y": 12}, {"X": 1, "Y": 11}, {"X": 2, "Y": 11}, {"X": 3, "Y": 11}, {"X": 3, "Y": 11}, {"X": 4, "Y": 11}, {"X": 5, "Y": 11}, {"X": 6, "Y": 11}, {"X": 7, "Y": 11}, {"X": 8, "Y": 11}, {"X": 8, "Y": 12}, {"X": 8, "Y": 13}, {"X": 8, "Y": 14}, {"X": 8, "Y": 15}, {"X": 8, "Y": 16}, {"X": 8, "Y": 17}, {"X": 7, "Y": 17}, {"X": 6, "Y": 17}, {"X": 5, "Y": 17}], "levelStates": ["Health: 10 X: 7 Y: 3\nXXXXXXXXXX\nXXXT m   X\nXXXXXXXX X\nX     bH X\nX XX XXXXX\nX XX XXXXX\nX MX XT tX\nX XX XTX X\nX XX XTX X\nX MX XTX X\nX XX XXX X\nX P o  P X\nX XXXXXX X\nXTX RR XTX\nX X    X X\nX XX  XX X\nX   TT   X\nXT   e   X\nXXXXXXXXXX\n", "Health: 10 X: 6 Y: 3\nXXXXXXXXXX\nXXXT  m  X\nXXXXXXXX X\nX     \u221e  X\nX XX XXXXX\nX XX XXXXX\nX MX XT tX\nX XX XTX X\nX XX XTX X\nX MX XTX X\nX XX XXX X\nX P o  P X\nX XXXXXX X\nXTX RR XTX\nX X    X X\nX XX  XX X\nX   TT   X\nXT   e   X\nXXXXXXXXXX\n", "Health: 10 X: 5 Y: 3\nXXXXXXXXXX\nXXXT   m X\nXXXXXXXX X\nX    H\u221e  X\nX XX XXXXX\nX XX XXXXX\nX MX XT tX\nX XX XTX X\nX XX XTX X\nX MX XTX X\nX XX XXX X\nX P o  P X\nX XXXXXX X\nXTX RR XTX\nX X    X X\nX XX  XX X\nX   TT   X\nXT   e   X\nXXXXXXXXXX\n", "Health: 10 X: 4 Y: 3\nXXXXXXXXXX\nXXXT    mX\nXXXXXXXX X\nX   H \u221e  X\nX XX XXXXX\nX XX XXXXX\nX MX XT tX\nX XX XTX X\nX XX XTX X\nX MX XTX X\nX XXoXXX X\nX P    P X\nX XXXXXX X\nXTX RR XTX\nX X    X X\nX XX  XX X\nX   TT   X\nXT   e   X\nXXXXXXXXXX\n", "Health: 10 X: 3 Y: 3\nXXXXXXXXXX\nXXXT     X\nXXXXXXXXmX\nX  H  \u221e  X\nX XX XXXXX\nX XX XXXXX\nX MX XT tX\nX XX XTX X\nX XX XTX X\nX MX XTX X\nX XXoXXX X\nX P    P X\nX XXXXXX X\nXTX RR XTX\nX X    X X\nX XX  XX X\nX   TT   X\nXT   e   X\nXXXXXXXXXX\n", "Health: 10 X: 2 Y: 3\nXXXXXXXXXX\nXXXT     X\nXXXXXXXX X\nX H   \u221e mX\nX XX XXXXX\nX XX XXXXX\nX MX XT tX\nX XX XTX X\nX XX XTX X\nX MX XTX X\nX XXoXXX X\nX P    P X\nX XXXXXX X\nXTX RR XTX\nX X    X X\nX XX  XX X\nX   TT   X\nXT   e   X\nXXXXXXXXXX\n", "Health: 10 X: 1 Y: 3\nXXXXXXXXXX\nXXXT     X\nXXXXXXXX X\nXH    \u221em X\nX XX XXXXX\nX XX XXXXX\nX MX XT tX\nX XX XTX X\nX XX XTX X\nX MX XTX X\nX XXoXXX X\nX P    P X\nX XXXXXX X\nXTX RR XTX\nX X    X X\nX XX  XX X\nX   TT   X\nXT   e   X\nXXXXXXXXXX\n", "Health: 10 X: 1 Y: 4\nXXXXXXXXXX\nXXXT     X\nXXXXXXXX X\nX     \u221e  X\nXHXX XXXXX\nX XX XXXXX\nX MX XT tX\nX XX XTX X\nX XX XTX X\nX MX XTX X\nX XXoXXX X\nX P    P X\nX XXXXXX X\nXTX RR XTX\nX X    X X\nX XX  XX X\nX   TT   X\nXT   e   X\nXXXXXXXXXX\n", "Health: 10 X: 1 Y: 5\nXXXXXXXXXX\nXXXT     X\nXXXXXXXX X\nX    m\u221e  X\nX XX XXXXX\nXHXX XXXXX\nX MX XT tX\nX XX XTX X\nX XX XTX X\nX MX XTX X\nX XXoXXX X\nX P    P X\nX XXXXXX X\nXTX RR XTX\nX X    X X\nX XX  XX X\nX   TT   X\nXT   e   X\nXXXXXXXXXX\n", "Health: 9 X: 1 Y: 6\nXXXXXXXXXX\nXXXT     X\nXXXXXXXX X\nX   m \u221e  X\nX XX XXXXX\nX XX XXXXX\nXH\u221eX XT tX\nX XX XTX X\nX XX XTX X\nX MX XTX X\nX XXoXXX X\nX P    P X\nX XXXXXX X\nXTX RR XTX\nX X    X X\nX XX  XX X\nX   TT   X\nXT   e   X\nXXXXXXXXXX\n", "Health: 9 X: 1 Y: 7\nXXXXXXXXXX\nXXXT     X\nXXXXXXXX X\nX  m  \u221e  X\nX XX XXXXX\nX XX XXXXX\nX \u221eX XT tX\nXHXX XTX X\nX XX XTX X\nX MX XTX X\nX XXoXXX X\nX P    P X\nX XXXXXX X\nXTX RR XTX\nX X    X X\nX XX  XX X\nX   TT   X\nXT   e   X\nXXXXXXXXXX\n", "Health: 9 X: 1 Y: 8\nXXXXXXXXXX\nXXXT     X\nXXXXXXXX X\nX m   \u221e  X\nX XX XXXXX\nX XX XXXXX\nX \u221eX XT tX\nX XX XTX X\nXHXX XTX X\nX MX XTX X\nX XXoXXX X\nX P    P X\nX XXXXXX X\nXTX RR XTX\nX X    X X\nX XX  XX X\nX   TT   X\nXT   e   X\nXXXXXXXXXX\n", "Health: 8 X: 1 Y: 9\nXXXXXXXXXX\nXXXT     X\nXXXXXXXX X\nXm    \u221e  X\nX XX XXXXX\nX XX XXXXX\nX \u221eX XT tX\nX XX XTX X\nX XX XTX X\nXH\u221eX XTX X\nX XXoXXX X\nX P    P X\nX XXXXXX X\nXTX RR XTX\nX X    X X\nX XX  XX X\nX   TT   X\nXT   e   X\nXXXXXXXXXX\n", "Health: 8 X: 1 Y: 10\nXXXXXXXXXX\nXXXT     X\nXXXXXXXX X\nX     \u221e  X\nXmXX XXXXX\nX XX XXXXX\nX \u221eX XT tX\nX XX XTX X\nX XX XTX X\nX \u221eX XTX X\nXHXXoXXX X\nX P    P X\nX XXXXXX X\nXTX RR XTX\nX X    X X\nX XX  XX X\nX   TT   X\nXT   e   X\nXXXXXXXXXX\n", "Health: 8 X: 1 Y: 11\nXXXXXXXXXX\nXXXT     X\nXXXXXXXX X\nX     \u221e  X\nX XX XXXXX\nXmXX XXXXX\nX \u221eX XT tX\nX XX XTX X\nX XX XTX X\nX \u221eX XTX X\nX XXoXXX X\nXHP    P X\nX XXXXXX X\nXTX RR XTX\nX X    X X\nX XX  XX X\nX   TT   X\nXT   e   X\nXXXXXXXXXX\n", "Health: 8 X: 1 Y: 12\nXXXXXXXXXX\nXXXT     X\nXXXXXXXX X\nX     \u221e  X\nX XX XXXXX\nX XX XXXXX\nXm\u221eX XT tX\nX XX XTX X\nX XX XTX X\nX \u221eX XTX X\nX XXoXXX X\nX P    P X\nXHXXXXXX X\nXTX RR XTX\nX X    X X\nX XX  XX X\nX   TT   X\nXT   e   X\nXXXXXXXXXX\n", "Health: 8 X: 1 Y: 12\nXXXXXXXXXX\nXXXT     X\nXXXXXXXX X\nX     \u221e  X\nX XX XXXXX\nX XX XXXXX\nXm\u221eX XT tX\nX XX XTX X\nX XX XTX X\nX \u221eX XTX X\nX XXoXXX X\nX P    P X\nXHXXXXXX X\nXTX RR XTX\nX X    X X\nX XX  XX X\nX   TT   X\nXT   e   X\nXXXXXXXXXX\n", "Health: 8 X: 1 Y: 13\nXXXXXXXXXX\nXXXT     X\nXXXXXXXX X\nX     \u221e  X\nX XX XXXXX\nX XX XXXXX\nXm\u221eX XT tX\nX XX XTX X\nX XX XTX X\nX \u221eX XTX X\nX XXoXXX X\nX P    P X\nX XXXXXX X\nX X RR XTX\nX X    X X\nX XX  XX X\nX   TT   X\nXT   e   X\nXXXXXXXXXX\n", "Health: 8 X: 1 Y: 12\nXXXXXXXXXX\nXXXT     X\nXXXXXXXX X\nX     \u221e  X\nX XX XXXXX\nX XX XXXXX\nXm\u221eX XT tX\nX XX XTX X\nX XX XTX X\nX \u221eX XTX X\nX XXoXXX X\nX P    P X\nXHXXXXXX X\nX X RR XTX\nX X    X X\nX XX  XX X\nX   TT   X\nXT   e   X\nXXXXXXXXXX\n", "Health: 8 X: 1 Y: 11\nXXXXXXXXXX\nXXXT     X\nXXXXXXXX X\nX     \u221e  X\nX XX XXXXX\nX XX XXXXX\nXm\u221eX XT tX\nX XX XTX X\nX XX XTX X\nX \u221eX XTX X\nX XXoXXX X\nXHP    P X\nX XXXXXX X\nX X RR XTX\nX X    X X\nX XX  XX X\nX   TT   X\nXT   e   X\nXXXXXXXXXX\n", "Health: 8 X: 1 Y: 12\nXXXXXXXXXX\nXXXT     X\nXXXXXXXX X\nX     \u221e  X\nX XX XXXXX\nX XX XXXXX\nXm\u221eX XT tX\nX XX XTX X\nX XX XTX X\nX \u221eX XTX X\nX XXoXXX X\nX P    P X\nXHXXXXXX X\nX X RR XTX\nX X    X X\nX XX  XX X\nX   TT   X\nXT   e   X\nXXXXXXXXXX\n", "Health: 8 X: 1 Y: 13\nXXXXXXXXXX\nXXXT     X\nXXXXXXXX X\nX     \u221e  X\nX XX XXXXX\nX XX XXXXX\nX \u221eX XT tX\nXmXX XTX X\nX XX XTX X\nX \u221eX XTX X\nX XXoXXX X\nX P    P X\nX XXXXXX X\nX X RR XTX\nX X    X X\nX XX  XX X\nX   TT   X\nXT   e   X\nXXXXXXXXXX\n", "Health: 8 X: 1 Y: 14\nXXXXXXXXXX\nXXXT     X\nXXXXXXXX X\nX     \u221e  X\nX XX XXXXX\nX XX XXXXX\nX \u221eX XT tX\nX XX XTX X\nXmXX XTX X\nX \u221eX XTX X\nX XXoXXX X\nX P    P X\nX XXXXXX X\nX X RR XTX\nXHX    X X\nX XX  XX X\nX   TT   X\nXT   e   X\nXXXXXXXXXX\n", "Health: 8 X: 1 Y: 13\nXXXXXXXXXX\nXXXT     X\nXXXXXXXX X\nX     \u221e  X\nX XX XXXXX\nX XX XXXXX\nX \u221eX XT tX\nX XX XTX X\nX XX XTX X\nXm\u221eX XTX X\nX XXoXXX X\nX P    P X\nX XXXXXX X\nX X RR XTX\nX X    X X\nX XX  XX X\nX   TT   X\nXT   e   X\nXXXXXXXXXX\n", "Health: 8 X: 1 Y: 12\nXXXXXXXXXX\nXXXT     X\nXXXXXXXX X\nX     \u221e  X\nX XX XXXXX\nX XX XXXXX\nX \u221eX XT tX\nX XX XTX X\nX XX XTX X\nX \u221eX XTX X\nXmXXoXXX X\nX P    P X\nXHXXXXXX X\nX X RR XTX\nX X    X X\nX XX  XX X\nX   TT   X\nXT   e   X\nXXXXXXXXXX\n", "Health: 7 X: 1 Y: 11\nXXXXXXXXXX\nXXXT     X\nXXXXXXXX X\nX     \u221e  X\nX XX XXXXX\nX XX XXXXX\nX \u221eX XT tX\nX XX XTX X\nX XX XTX X\nX \u221eX XTX X\nXmXXoXXX X\nXHP    P X\nX XXXXXX X\nX X RR XTX\nX X    X X\nX XX  XX X\nX   TT   X\nXT   e   X\nXXXXXXXXXX\n", "Health: 9 X: 2 Y: 11\nXXXXXXXXXX\nXXXT     X\nXXXXXXXX X\nX     \u221e  X\nX XX XXXXX\nX XX XXXXX\nX \u221eX XT tX\nX XX XTX X\nX XX XTX X\nX \u221eX XTX X\nXmXXoXXX X\nX      P X\nX XXXXXX X\nX X RR XTX\nX X    X X\nX XX  XX X\nX   TT   X\nXT   e   X\nXXXXXXXXXX\n", "Health: 9 X: 3 Y: 11\nXXXXXXXXXX\nXXXT     X\nXXXXXXXX X\nX     \u221e  X\nX XX XXXXX\nX XX XXXXX\nX \u221eX XT tX\nX XX XTX X\nX XX XTX X\nX \u221eX XTX X\nXmXX XXX X\nX  Ho  P X\nX XXXXXX X\nX X RR XTX\nX X    X X\nX XX  XX X\nX   TT   X\nXT   e   X\nXXXXXXXXXX\n", "Health: 5 X: 3 Y: 11\nXXXXXXXXXX\nXXXT     X\nXXXXXXXX X\nX     \u221e  X\nX XX XXXXX\nX XX XXXXX\nX \u221eX XT tX\nX XX XTX X\nX XX XTX X\nX \u221eX XTX X\nXmXX XXX X\nX  H\u221e  P X\nX XXXXXX X\nX X RR XTX\nX X    X X\nX XX  XX X\nX   TT   X\nXT   e   X\nXXXXXXXXXX\n", "Health: 5 X: 4 Y: 11\nXXXXXXXXXX\nXXXT     X\nXXXXXXXX X\nX     \u221e  X\nX XX XXXXX\nX XX XXXXX\nX \u221eX XT tX\nX XX XTX X\nX XX XTX X\nX \u221eX XTX X\nXmXX XXX X\nX   \u221e  P X\nX XXXXXX X\nX X RR XTX\nX X    X X\nX XX  XX X\nX   TT   X\nXT   e   X\nXXXXXXXXXX\n", "Health: 5 X: 5 Y: 11\nXXXXXXXXXX\nXXXT     X\nXXXXXXXX X\nX     \u221e  X\nX XX XXXXX\nX XX XXXXX\nX \u221eX XT tX\nX XX XTX X\nX XX XTX X\nX \u221eX XTX X\nXmXX XXX X\nX   \u221eH P X\nX XXXXXX X\nX X RR XTX\nX X    X X\nX XX  XX X\nX   TT   X\nXT   e   X\nXXXXXXXXXX\n", "Health: 5 X: 6 Y: 11\nXXXXXXXXXX\nXXXT     X\nXXXXXXXX X\nX     \u221e  X\nX XX XXXXX\nX XX XXXXX\nX \u221eX XT tX\nX XX XTX X\nX XX XTX X\nX \u221eX XTX X\nX XX XXX X\nXm  \u221e HP X\nX XXXXXX X\nX X RR XTX\nX X    X X\nX XX  XX X\nX   TT   X\nXT   e   X\nXXXXXXXXXX\n", "Health: 7 X: 7 Y: 11\nXXXXXXXXXX\nXXXT     X\nXXXXXXXX X\nX     \u221e  X\nX XX XXXXX\nX XX XXXXX\nX \u221eX XT tX\nX XX XTX X\nX XX XTX X\nX \u221eX XTX X\nX XX XXX X\nX   \u221e    X\nX XXXXXX X\nX X RR XTX\nX X    X X\nX XX  XX X\nX   TT   X\nXT   e   X\nXXXXXXXXXX\n", "Health: 7 X: 8 Y: 11\nXXXXXXXXXX\nXXXT     X\nXXXXXXXX X\nX     \u221e  X\nX XX XXXXX\nX XX XXXXX\nX \u221eX XT tX\nX XX XTX X\nX XX XTX X\nX \u221eX XTX X\nX XX XXX X\nX  m\u221e   HX\nX XXXXXX X\nX X RR XTX\nX X    X X\nX XX  XX X\nX   TT   X\nXT   e   X\nXXXXXXXXXX\n", "Health: 7 X: 8 Y: 12\nXXXXXXXXXX\nXXXT     X\nXXXXXXXX X\nX     \u221e  X\nX XX XXXXX\nX XX XXXXX\nX \u221eX XT tX\nX XX XTX X\nX XX XTX X\nX \u221eX XTX X\nX XX XXX X\nX   \u221e    X\nX XXXXXXHX\nX X RR XTX\nX X    X X\nX XX  XX X\nX   TT   X\nXT   e   X\nXXXXXXXXXX\n", "Health: 7 X: 8 Y: 13\nXXXXXXXXXX\nXXXT     X\nXXXXXXXX X\nX     \u221e  X\nX XX XXXXX\nX XX XXXXX\nX \u221eX XT tX\nX XX XTX X\nX XX XTX X\nX \u221eX XTX X\nX XX XXX X\nX   \u221em   X\nX XXXXXX X\nX X RR X X\nX X    X X\nX XX  XX X\nX   TT   X\nXT   e   X\nXXXXXXXXXX\n", "Health: 7 X: 8 Y: 14\nXXXXXXXXXX\nXXXT     X\nXXXXXXXX X\nX     \u221e  X\nX XX XXXXX\nX XX XXXXX\nX \u221eX XT tX\nX XX XTX X\nX XX XTX X\nX \u221eX XTX X\nX XX XXX X\nX   \u221e m  X\nX XXXXXX X\nX X RR X X\nX X    XHX\nX XX  XX X\nX   TT   X\nXT   e   X\nXXXXXXXXXX\n", "Health: 7 X: 8 Y: 15\nXXXXXXXXXX\nXXXT     X\nXXXXXXXX X\nX     \u221e  X\nX XX XXXXX\nX XX XXXXX\nX \u221eX XT tX\nX XX XTX X\nX XX XTX X\nX \u221eX XTX X\nX XX XXX X\nX   \u221e    X\nX XXXXXX X\nX X RR X X\nX X    X X\nX XX  XXHX\nX   TT   X\nXT   e   X\nXXXXXXXXXX\n", "Health: 7 X: 8 Y: 16\nXXXXXXXXXX\nXXXT     X\nXXXXXXXX X\nX     \u221e  X\nX XX XXXXX\nX XX XXXXX\nX \u221eX XT tX\nX XX XTX X\nX XX XTX X\nX \u221eX XTX X\nX XX XXX X\nX   \u221e   mX\nX XXXXXX X\nX X RR X X\nX X    X X\nX XX  XX X\nX   TT  HX\nXT   e   X\nXXXXXXXXXX\n", "Health: 7 X: 8 Y: 17\nXXXXXXXXXX\nXXXT     X\nXXXXXXXX X\nX     \u221e  X\nX XX XXXXX\nX XX XXXXX\nX \u221eX XT tX\nX XX XTX X\nX XX XTX X\nX \u221eX XTX X\nX XX XXX X\nX   \u221e    X\nX XXXXXXmX\nX X RR X X\nX X    X X\nX XX  XX X\nX   TT   X\nXT   e  HX\nXXXXXXXXXX\n", "Health: 7 X: 7 Y: 17\nXXXXXXXXXX\nXXXT     X\nXXXXXXXX X\nX     \u221e  X\nX XX XXXXX\nX XX XXXXX\nX \u221eX XT tX\nX XX XTX X\nX XX XTX X\nX \u221eX XTX X\nX XX XXX X\nX   \u221e    X\nX XXXXXX X\nX X RR X X\nX X    X X\nX XX  XX X\nX   TT   X\nXT   e H X\nXXXXXXXXXX\n", "Health: 7 X: 6 Y: 17\nXXXXXXXXXX\nXXXT     X\nXXXXXXXX X\nX     \u221e  X\nX XX XXXXX\nX XX XXXXX\nX \u221eX XT tX\nX XX XTX X\nX XX XTX X\nX \u221eX XTX X\nX XX XXX X\nX   \u221e    X\nX XXXXXX X\nX X RR X X\nX X    XmX\nX XX  XX X\nX   TT   X\nXT   eH  X\nXXXXXXXXXX\n", "Health: 7 X: 5 Y: 17\nXXXXXXXXXX\nXXXT     X\nXXXXXXXX X\nX     \u221e  X\nX XX XXXXX\nX XX XXXXX\nX \u221eX XT tX\nX XX XTX X\nX XX XTX X\nX \u221eX XTX X\nX XX XXX X\nX   \u221e    X\nX XXXXXX X\nX X R  X X\nX X  R X X\nX XX  XXmX\nX   TT   X\nXT   e   X\nXXXXXXXXXX\n"], "map_number": 201}], "timestamp": "12-Aug-2021 05:26:23.691868", "ip": "47.152.142.171"}