{"Q1": "Once or twice a month", "Q2": "Often", "Q3": "Often", "Q4": "Often", "Q5": "Always", "Q6": "Always", "Q7": "Always", "Q8": "Often", "Q9": "Often", "Q10": "Often", "results": [{"mechanics": [{"timestep": 0, "mechanic": "CollectTreasure"}, {"timestep": 3, "mechanic": "CollectTreasure"}, {"timestep": 3, "mechanic": "OgreTreasure"}, {"timestep": 7, "mechanic": "JavelinThrow"}, {"timestep": 8, "mechanic": "BlobHit"}, {"timestep": 10, "mechanic": "GoblinMeleeHit"}, {"timestep": 10, "mechanic": "GoblinRangedHit"}, {"timestep": 11, "mechanic": "GoblinRangedHit"}, {"timestep": 12, "mechanic": "GoblinRangedHit"}, {"timestep": 13, "mechanic": "CollectPotion"}, {"timestep": 13, "mechanic": "GoblinRangedHit"}, {"timestep": 27, "mechanic": "ReachStairs"}], "frequencies": {"CollectTreasure": 2, "OgreTreasure": 1, "JavelinThrow": 1, "BlobHit": 1, "GoblinMeleeHit": 1, "GoblinRangedHit": 4, "CollectPotion": 1, "ReachStairs": 1}, "levelReport": {"utilityGained": 0.0, "exitUtility": 1.0, "runnerUtility": 0.72, "loitererUtility": 28.0, "completionistUtility": 0.755, "monsterKillerUtility": 0.825, "treasureCollectorUtility": 0.43999999999999995, "turnsTaken": 28, "health": 8, "healthLost": 4, "alive": true, "javelinsThrown": 1, "monsterKills": 3, "minitaurKnockouts": 1, "treasuresCollected": 2, "potionsTaken": 1, "totalMonsters": 5, "totalTreasures": 10, "totalPotions": 1, "timeTaken": 0.0}, "positions": [{"X": 6, "Y": 3}, {"X": 5, "Y": 3}, {"X": 4, "Y": 3}, {"X": 3, "Y": 3}, {"X": 2, "Y": 3}, {"X": 2, "Y": 4}, {"X": 2, "Y": 3}, {"X": 2, "Y": 3}, {"X": 2, "Y": 4}, {"X": 2, "Y": 5}, {"X": 2, "Y": 6}, {"X": 2, "Y": 7}, {"X": 2, "Y": 8}, {"X": 2, "Y": 9}, {"X": 2, "Y": 10}, {"X": 2, "Y": 11}, {"X": 2, "Y": 12}, {"X": 2, "Y": 13}, {"X": 2, "Y": 14}, {"X": 2, "Y": 15}, {"X": 2, "Y": 16}, {"X": 1, "Y": 16}, {"X": 1, "Y": 17}, {"X": 1, "Y": 18}, {"X": 2, "Y": 18}, {"X": 3, "Y": 18}, {"X": 4, "Y": 18}, {"X": 5, "Y": 18}], "levelStates": ["Health: 10 X: 6 Y: 3\nXXXXXXXXXX\nX m   tTTX\nXXXXX XXXX\nXX T     X\nXX XX XX X\nX   X X oX\nX   X X  X\nX  bX XT X\nXX XX XXTX\nX P X X  X\nXX XX XTXX\nX  TX X TX\nX M X X TX\nX   X X  X\nXX XX XTXX\nX R X X  X\nX   X XXTX\nX XXX X  X\nX    e   X\nXXXXXXXXXX\n", "Health: 10 X: 5 Y: 3\nXXXXXXXXXX\nX  m  tTTX\nXXXXX XXXX\nXX T H   X\nXX XX XX X\nX   X Xo X\nX   X X  X\nX  bX XT X\nXX XX XXTX\nX P X X  X\nXX XX XTXX\nX  TX X TX\nX M X X TX\nX   X X  X\nXX XX XTXX\nX R X X  X\nX   X XXTX\nX XXX X  X\nX    e   X\nXXXXXXXXXX\n", "Health: 10 X: 4 Y: 3\nXXXXXXXXXX\nX   m tTTX\nXXXXX XXXX\nXX TH    X\nXX XX XX X\nX   X X  X\nX   X Xo X\nX  bX XT X\nXX XX XXTX\nX P X X  X\nXX XX XTXX\nX  TX X TX\nX M X X TX\nX   X X  X\nXX XX XTXX\nX R X X  X\nX   X XXTX\nX XXX X  X\nX    e   X\nXXXXXXXXXX\n", "Health: 10 X: 3 Y: 3\nXXXXXXXXXX\nX    mtTTX\nXXXXX XXXX\nXX       X\nXX XX XX X\nX   X X  X\nX   X X  X\nX  bX X  X\nXX XX XXTX\nX P X X  X\nXX XX XTXX\nX  TX X TX\nX M X X TX\nX   X X  X\nXX XX XTXX\nX R X X  X\nX   X XXTX\nX XXX X  X\nX    e   X\nXXXXXXXXXX\n", "Health: 10 X: 2 Y: 3\nXXXXXXXXXX\nX     tTTX\nXXXXXmXXXX\nXXH      X\nXX XX XX X\nX   X X  X\nX  bX X  X\nX   X X  X\nXX XX XXTX\nX P X X  X\nXX XX XTXX\nX MTX X TX\nX   X X TX\nX   X X  X\nXXRXX XTXX\nX   X X  X\nX   X XXTX\nX XXX X  X\nX    e   X\nXXXXXXXXXX\n", "Health: 10 X: 2 Y: 4\nXXXXXXXXXX\nX     tTTX\nXXXXX XXXX\nXX   m   X\nXXHXX XX X\nX  bX X  X\nX   X X  X\nX   X X  X\nXX XX XXTX\nX P X X  X\nXXMXX XTXX\nX  TX X TX\nX   X X TX\nX R X X  X\nXX XX XTXX\nX   X X  X\nX   X XXTX\nX XXX X  X\nX    e   X\nXXXXXXXXXX\n", "Health: 10 X: 2 Y: 3\nXXXXXXXXXX\nX     tTTX\nXXXXX XXXX\nXXH m    X\nXX XX XX X\nX b X X  X\nX   X X  X\nX   X X  X\nXX XX XXTX\nX M X X  X\nXX XX XTXX\nX  TX X TX\nX R X X TX\nX   X X  X\nXX XX XTXX\nX   X X  X\nX   X XXTX\nX XXX X  X\nX    e   X\nXXXXXXXXXX\n", "Health: 10 X: 2 Y: 3\nXXXXXXXXXX\nX     tTTX\nXXXXX XXXX\nXXH m    X\nXXbXX XX X\nX   X X  X\nX   X X  X\nX   X X  X\nXXMXX XXTX\nX P X X  X\nXX XX XTXX\nX RTX X TX\nX   X X TX\nX   X X  X\nXX XX XTXX\nX   X X  X\nX   X XXTX\nX XXX X  X\nX    e   X\nXXXXXXXXXX\n", "Health: 10 X: 2 Y: 4\nXXXXXXXXXX\nX     tTTX\nXXXXX XXXX\nXX  m    X\nXX\u221eXX XX X\nX   X X  X\nX   X X  X\nX M X X  X\nXX XX XXTX\nX P X X  X\nXXRXX XTXX\nX  TX X TX\nX   X X TX\nX   X X  X\nXX XX XTXX\nX   X X  X\nX   X XXTX\nX XXX X  X\nX    e   X\nXXXXXXXXXX\n", "Health: 10 X: 2 Y: 5\nXXXXXXXXXX\nX     tTTX\nXXXXX XXXX\nXX  m    X\nXX\u221eXX XX X\nX H X X  X\nX M X X  X\nX   X X  X\nXX XX XXTX\nX R X X  X\nXX XX XTXX\nX  TX X TX\nX   X X TX\nX   X X  X\nXX XX XTXX\nX   X X  X\nX   X XXTX\nX XXX X  X\nX    e   X\nXXXXXXXXXX\n", "Health: 8 X: 2 Y: 6\nXXXXXXXXXX\nX     tTTX\nXXXXX XXXX\nXX  m    X\nXX\u221eXX XX X\nX   X X  X\nX \u221e X X  X\nX   X X  X\nXX XX XXTX\nX R X X  X\nXX XX XTXX\nX  TX X TX\nX   X X TX\nX   X X  X\nXX XX XTXX\nX   X X  X\nX   X XXTX\nX XXX X  X\nX    e   X\nXXXXXXXXXX\n", "Health: 7 X: 2 Y: 7\nXXXXXXXXXX\nX     tTTX\nXXXXX XXXX\nXX  m    X\nXX\u221eXX XX X\nX   X X  X\nX \u221e X X  X\nX H X X  X\nXX XX XXTX\nX R X X  X\nXX XX XTXX\nX  TX X TX\nX   X X TX\nX   X X  X\nXX XX XTXX\nX   X X  X\nX   X XXTX\nX XXX X  X\nX    e   X\nXXXXXXXXXX\n", "Health: 6 X: 2 Y: 8\nXXXXXXXXXX\nX     tTTX\nXXXXX XXXX\nXX       X\nXX\u221eXX XX X\nX   X X  X\nX \u221e X X  X\nX   X X  X\nXXHXX XXTX\nX R X X  X\nXX XX XTXX\nX  TX X TX\nX   X X TX\nX   X X  X\nXX XX XTXX\nX   X X  X\nX   X XXTX\nX XXX X  X\nX    e   X\nXXXXXXXXXX\n", "Health: 8 X: 2 Y: 9\nXXXXXXXXXX\nX     tTTX\nXXXXX XXXX\nXXm      X\nXX\u221eXX XX X\nX   X X  X\nX \u221e X X  X\nX   X X  X\nXX XX XXTX\nX \u221e X X  X\nXX XX XTXX\nX  TX X TX\nX   X X TX\nX   X X  X\nXX XX XTXX\nX   X X  X\nX   X XXTX\nX XXX X  X\nX    e   X\nXXXXXXXXXX\n", "Health: 8 X: 2 Y: 10\nXXXXXXXXXX\nX     tTTX\nXXXXX XXXX\nXX       X\nXX\u221eXX XX X\nX   X X  X\nX \u221e X X  X\nX   X X  X\nXX XX XXTX\nX \u221e X X  X\nXXHXX XTXX\nX  TX X TX\nX   X X TX\nX   X X  X\nXX XX XTXX\nX   X X  X\nX   X XXTX\nX XXX X  X\nX    e   X\nXXXXXXXXXX\n", "Health: 8 X: 2 Y: 11\nXXXXXXXXXX\nX     tTTX\nXXXXX XXXX\nXX       X\nXX\u221eXX XX X\nX m X X  X\nX \u221e X X  X\nX   X X  X\nXX XX XXTX\nX \u221e X X  X\nXX XX XTXX\nX HTX X TX\nX   X X TX\nX   X X  X\nXX XX XTXX\nX   X X  X\nX   X XXTX\nX XXX X  X\nX    e   X\nXXXXXXXXXX\n", "Health: 8 X: 2 Y: 12\nXXXXXXXXXX\nX     tTTX\nXXXXX XXXX\nXX       X\nXX\u221eXX XX X\nX   X X  X\nX \u221e X X  X\nX   X X  X\nXX XX XXTX\nX \u221e X X  X\nXX XX XTXX\nX  TX X TX\nX H X X TX\nX   X X  X\nXX XX XTXX\nX   X X  X\nX   X XXTX\nX XXX X  X\nX    e   X\nXXXXXXXXXX\n", "Health: 8 X: 2 Y: 13\nXXXXXXXXXX\nX     tTTX\nXXXXX XXXX\nXX       X\nXX\u221eXX XX X\nX   X X  X\nX \u221e X X  X\nX m X X  X\nXX XX XXTX\nX \u221e X X  X\nXX XX XTXX\nX  TX X TX\nX   X X TX\nX H X X  X\nXX XX XTXX\nX   X X  X\nX   X XXTX\nX XXX X  X\nX    e   X\nXXXXXXXXXX\n", "Health: 8 X: 2 Y: 14\nXXXXXXXXXX\nX     tTTX\nXXXXX XXXX\nXX       X\nXX\u221eXX XX X\nX   X X  X\nX \u221e X X  X\nX   X X  X\nXXmXX XXTX\nX \u221e X X  X\nXX XX XTXX\nX  TX X TX\nX   X X TX\nX   X X  X\nXXHXX XTXX\nX   X X  X\nX   X XXTX\nX XXX X  X\nX    e   X\nXXXXXXXXXX\n", "Health: 8 X: 2 Y: 15\nXXXXXXXXXX\nX     tTTX\nXXXXX XXXX\nXX       X\nXX\u221eXX XX X\nX   X X  X\nX \u221e X X  X\nX   X X  X\nXX XX XXTX\nX \u221e X X  X\nXX XX XTXX\nX  TX X TX\nX   X X TX\nX   X X  X\nXX XX XTXX\nX H X X  X\nX   X XXTX\nX XXX X  X\nX    e   X\nXXXXXXXXXX\n", "Health: 8 X: 2 Y: 16\nXXXXXXXXXX\nX     tTTX\nXXXXX XXXX\nXX       X\nXX\u221eXX XX X\nX   X X  X\nX \u221e X X  X\nX   X X  X\nXX XX XXTX\nX \u221e X X  X\nXXmXX XTXX\nX  TX X TX\nX   X X TX\nX   X X  X\nXX XX XTXX\nX   X X  X\nX H X XXTX\nX XXX X  X\nX    e   X\nXXXXXXXXXX\n", "Health: 8 X: 1 Y: 16\nXXXXXXXXXX\nX     tTTX\nXXXXX XXXX\nXX       X\nXX\u221eXX XX X\nX   X X  X\nX \u221e X X  X\nX   X X  X\nXX XX XXTX\nX \u221e X X  X\nXX XX XTXX\nX mTX X TX\nX   X X TX\nX   X X  X\nXX XX XTXX\nX   X X  X\nXH  X XXTX\nX XXX X  X\nX    e   X\nXXXXXXXXXX\n", "Health: 8 X: 1 Y: 17\nXXXXXXXXXX\nX     tTTX\nXXXXX XXXX\nXX       X\nXX\u221eXX XX X\nX   X X  X\nX \u221e X X  X\nX   X X  X\nXX XX XXTX\nX \u221e X X  X\nXX XX XTXX\nX  TX X TX\nX m X X TX\nX   X X  X\nXX XX XTXX\nX   X X  X\nX   X XXTX\nXHXXX X  X\nX    e   X\nXXXXXXXXXX\n", "Health: 8 X: 1 Y: 18\nXXXXXXXXXX\nX     tTTX\nXXXXX XXXX\nXX       X\nXX\u221eXX XX X\nX   X X  X\nX \u221e X X  X\nX   X X  X\nXX XX XXTX\nX \u221e X X  X\nXX XX XTXX\nX  TX X TX\nX   X X TX\nX m X X  X\nXX XX XTXX\nX   X X  X\nX   X XXTX\nX XXX X  X\nXH   e   X\nXXXXXXXXXX\n", "Health: 8 X: 2 Y: 18\nXXXXXXXXXX\nX     tTTX\nXXXXX XXXX\nXX       X\nXX\u221eXX XX X\nX   X X  X\nX \u221e X X  X\nX   X X  X\nXX XX XXTX\nX \u221e X X  X\nXX XX XTXX\nX  TX X TX\nX   X X TX\nX   X X  X\nXXmXX XTXX\nX   X X  X\nX   X XXTX\nX XXX X  X\nX H  e   X\nXXXXXXXXXX\n", "Health: 8 X: 3 Y: 18\nXXXXXXXXXX\nX     tTTX\nXXXXX XXXX\nXX       X\nXX\u221eXX XX X\nX   X X  X\nX \u221e X X  X\nX   X X  X\nXX XX XXTX\nX \u221e X X  X\nXX XX XTXX\nX  TX X TX\nX   X X TX\nX   X X  X\nXX XX XTXX\nX m X X  X\nX   X XXTX\nX XXX X  X\nX  H e   X\nXXXXXXXXXX\n", "Health: 8 X: 4 Y: 18\nXXXXXXXXXX\nX     tTTX\nXXXXX XXXX\nXX       X\nXX\u221eXX XX X\nX   X X  X\nX \u221e X X  X\nX   X X  X\nXX XX XXTX\nX \u221e X X  X\nXX XX XTXX\nX  TX X TX\nX   X X TX\nX   X X  X\nXX XX XTXX\nX   X X  X\nX m X XXTX\nX XXX X  X\nX   He   X\nXXXXXXXXXX\n", "Health: 8 X: 5 Y: 18\nXXXXXXXXXX\nX     tTTX\nXXXXX XXXX\nXX       X\nXX\u221eXX XX X\nX   X X  X\nX \u221e X X  X\nX   X X  X\nXX XX XXTX\nX \u221e X X  X\nXX XX XTXX\nX  TX X TX\nX   X X TX\nX   X X  X\nXX XX XTXX\nX   X X  X\nXm  X XXTX\nX XXX X  X\nX    e   X\nXXXXXXXXXX\n"], "map_number": 100}, {"mechanics": [{"timestep": 1, "mechanic": "BlobHit"}, {"timestep": 8, "mechanic": "JavelinThrow"}, {"timestep": 16, "mechanic": "GoblinMeleeHit"}, {"timestep": 19, "mechanic": "GoblinMeleeHit"}, {"timestep": 22, "mechanic": "CollectPotion"}, {"timestep": 27, "mechanic": "CollectPotion"}, {"timestep": 33, "mechanic": "TriggerTrap"}, {"timestep": 35, "mechanic": "CollectTreasure"}, {"timestep": 36, "mechanic": "CollectTreasure"}, {"timestep": 37, "mechanic": "CollectTreasure"}, {"timestep": 38, "mechanic": "CollectTreasure"}, {"timestep": 43, "mechanic": "MinitaurHit"}, {"timestep": 43, "mechanic": "TriggerTrap"}, {"timestep": 45, "mechanic": "MinitaurHit"}, {"timestep": 45, "mechanic": "TriggerTrap"}, {"timestep": 52, "mechanic": "CollectTreasure"}, {"timestep": 59, "mechanic": "ReachStairs"}], "frequencies": {"BlobHit": 1, "JavelinThrow": 1, "GoblinMeleeHit": 2, "CollectPotion": 2, "TriggerTrap": 3, "CollectTreasure": 5, "MinitaurHit": 2, "ReachStairs": 1}, "levelReport": {"utilityGained": 0.0, "exitUtility": 1.0, "runnerUtility": 0.4, "loitererUtility": 60.0, "completionistUtility": 0.7958333333333333, "monsterKillerUtility": 0.6499999999999999, "treasureCollectorUtility": 0.7375, "turnsTaken": 60, "health": 8, "healthLost": 6, "alive": true, "javelinsThrown": 1, "monsterKills": 3, "minitaurKnockouts": 3, "treasuresCollected": 5, "potionsTaken": 2, "totalMonsters": 7, "totalTreasures": 8, "totalPotions": 2, "timeTaken": 0.0}, "positions": [{"X": 7, "Y": 3}, {"X": 6, "Y": 3}, {"X": 5, "Y": 3}, {"X": 4, "Y": 3}, {"X": 3, "Y": 3}, {"X": 2, "Y": 3}, {"X": 3, "Y": 3}, {"X": 4, "Y": 3}, {"X": 4, "Y": 3}, {"X": 3, "Y": 3}, {"X": 2, "Y": 3}, {"X": 1, "Y": 3}, {"X": 2, "Y": 3}, {"X": 1, "Y": 3}, {"X": 1, "Y": 4}, {"X": 1, "Y": 5}, {"X": 1, "Y": 6}, {"X": 1, "Y": 7}, {"X": 1, "Y": 8}, {"X": 1, "Y": 9}, {"X": 1, "Y": 10}, {"X": 1, "Y": 11}, {"X": 2, "Y": 11}, {"X": 3, "Y": 11}, {"X": 4, "Y": 11}, {"X": 5, "Y": 11}, {"X": 6, "Y": 11}, {"X": 7, "Y": 11}, {"X": 8, "Y": 11}, {"X": 8, "Y": 10}, {"X": 8, "Y": 9}, {"X": 8, "Y": 8}, {"X": 8, "Y": 7}, {"X": 8, "Y": 6}, {"X": 7, "Y": 6}, {"X": 6, "Y": 6}, {"X": 6, "Y": 7}, {"X": 6, "Y": 8}, {"X": 6, "Y": 9}, {"X": 6, "Y": 8}, {"X": 6, "Y": 7}, {"X": 6, "Y": 6}, {"X": 7, "Y": 6}, {"X": 8, "Y": 6}, {"X": 7, "Y": 6}, {"X": 8, "Y": 6}, {"X": 8, "Y": 7}, {"X": 8, "Y": 8}, {"X": 8, "Y": 9}, {"X": 8, "Y": 10}, {"X": 8, "Y": 11}, {"X": 8, "Y": 12}, {"X": 8, "Y": 13}, {"X": 8, "Y": 14}, {"X": 8, "Y": 15}, {"X": 8, "Y": 16}, {"X": 8, "Y": 17}, {"X": 7, "Y": 17}, {"X": 6, "Y": 17}, {"X": 5, "Y": 17}], "levelStates": ["Health: 10 X: 7 Y: 3\nXXXXXXXXXX\nXXXT m   X\nXXXXXXXX X\nX     bH X\nX XX XXXXX\nX XX XXXXX\nX MX XT tX\nX XX XTX X\nX XX XTX X\nX MX XTX X\nX XX XXX X\nX P o  P X\nX XXXXXX X\nXTX RR XTX\nX X    X X\nX XX  XX X\nX   TT   X\nXT   e   X\nXXXXXXXXXX\n", "Health: 10 X: 6 Y: 3\nXXXXXXXXXX\nXXXT  m  X\nXXXXXXXX X\nX     \u221e  X\nX XX XXXXX\nX XX XXXXX\nX MX XT tX\nX XX XTX X\nX XX XTX X\nX MX XTX X\nX XX XXX X\nX P o  P X\nX XXXXXX X\nXTX RR XTX\nX X    X X\nX XX  XX X\nX   TT   X\nXT   e   X\nXXXXXXXXXX\n", "Health: 10 X: 5 Y: 3\nXXXXXXXXXX\nXXXT   m X\nXXXXXXXX X\nX    H\u221e  X\nX XX XXXXX\nX XX XXXXX\nX MX XT tX\nX XX XTX X\nX XX XTX X\nX MX XTX X\nX XX XXX X\nX P o  P X\nX XXXXXX X\nXTX RR XTX\nX X    X X\nX XX  XX X\nX   TT   X\nXT   e   X\nXXXXXXXXXX\n", "Health: 10 X: 4 Y: 3\nXXXXXXXXXX\nXXXT    mX\nXXXXXXXX X\nX   H \u221e  X\nX XX XXXXX\nX XX XXXXX\nX MX XT tX\nX XX XTX X\nX XX XTX X\nX MX XTX X\nX XXoXXX X\nX P    P X\nX XXXXXX X\nXTX RR XTX\nX X    X X\nX XX  XX X\nX   TT   X\nXT   e   X\nXXXXXXXXXX\n", "Health: 10 X: 3 Y: 3\nXXXXXXXXXX\nXXXT     X\nXXXXXXXXmX\nX  H  \u221e  X\nX XX XXXXX\nX XX XXXXX\nX MX XT tX\nX XX XTX X\nX XX XTX X\nX MX XTX X\nX XXoXXX X\nX P    P X\nX XXXXXX X\nXTX RR XTX\nX X    X X\nX XX  XX X\nX   TT   X\nXT   e   X\nXXXXXXXXXX\n", "Health: 10 X: 2 Y: 3\nXXXXXXXXXX\nXXXT     X\nXXXXXXXX X\nX H   \u221e mX\nX XX XXXXX\nX XX XXXXX\nX MX XT tX\nX XX XTX X\nX XX XTX X\nX MX XTX X\nX XXoXXX X\nX P    P X\nX XXXXXX X\nXTX RR XTX\nX X    X X\nX XX  XX X\nX   TT   X\nXT   e   X\nXXXXXXXXXX\n", "Health: 10 X: 3 Y: 3\nXXXXXXXXXX\nXXXT     X\nXXXXXXXX X\nX  H  \u221em X\nX XX XXXXX\nX XX XXXXX\nX MX XT tX\nX XX XTX X\nX XX XTX X\nX MX XTX X\nX XXoXXX X\nX P    P X\nX XXXXXX X\nXTX RR XTX\nX X    X X\nX XX  XX X\nX   TT   X\nXT   e   X\nXXXXXXXXXX\n", "Health: 10 X: 4 Y: 3\nXXXXXXXXXX\nXXXT     X\nXXXXXXXX X\nX   H \u221e  X\nX XX XXXXX\nX XX XXXXX\nX MX XT tX\nX XX XTX X\nX XX XTX X\nX MXoXTX X\nX XX XXX X\nX P    P X\nX XXXXXX X\nXTX RR XTX\nX X    X X\nX XX  XX X\nX   TT   X\nXT   e   X\nXXXXXXXXXX\n", "Health: 10 X: 4 Y: 3\nXXXXXXXXXX\nXXXT     X\nXXXXXXXX X\nX   H \u221e  X\nX XX XXXXX\nX XX XXXXX\nX MX XT tX\nX XX XTX X\nX XXoXTX X\nX MX XTX X\nX XX XXX X\nX P    P X\nX XXXXXX X\nXTX RR XTX\nX X    X X\nX XX  XX X\nX   TT   X\nXT   e   X\nXXXXXXXXXX\n", "Health: 10 X: 3 Y: 3\nXXXXXXXXXX\nXXXT     X\nXXXXXXXX X\nX  H  \u221e  X\nX XX XXXXX\nX XX XXXXX\nX MX XT tX\nX XX XTX X\nX XXoXTX X\nX MX XTX X\nX XX XXX X\nX P    P X\nX XXXXXX X\nXTX RR XTX\nX X    X X\nX XX  XX X\nX   TT   X\nXT   e   X\nXXXXXXXXXX\n", "Health: 10 X: 2 Y: 3\nXXXXXXXXXX\nXXXT     X\nXXXXXXXX X\nX H   \u221e  X\nX XX XXXXX\nX XX XXXXX\nX MX XT tX\nX XX XTX X\nX XXoXTX X\nX MX XTX X\nX XX XXX X\nX P    P X\nX XXXXXX X\nXTX RR XTX\nX X    X X\nX XX  XX X\nX   TT   X\nXT   e   X\nXXXXXXXXXX\n", "Health: 10 X: 1 Y: 3\nXXXXXXXXXX\nXXXT     X\nXXXXXXXX X\nXH    \u221e  X\nX XX XXXXX\nX XX XXXXX\nX MX XT tX\nX XX XTX X\nX XXoXTX X\nX MX XTX X\nX XX XXX X\nX P    P X\nX XXXXXX X\nXTX RR XTX\nX X    X X\nX XX  XX X\nX   TT   X\nXT   e   X\nXXXXXXXXXX\n", "Health: 10 X: 2 Y: 3\nXXXXXXXXXX\nXXXT     X\nXXXXXXXX X\nX H   \u221e  X\nX XX XXXXX\nX XX XXXXX\nX MX XT tX\nX XX XTX X\nX XXoXTX X\nX MX XTX X\nX XX XXX X\nX P    P X\nX XXXXXX X\nXTX RR XTX\nX X    X X\nX XX  XX X\nX   TT   X\nXT   e   X\nXXXXXXXXXX\n", "Health: 10 X: 1 Y: 3\nXXXXXXXXXX\nXXXT     X\nXXXXXXXX X\nXH   m\u221e  X\nX XX XXXXX\nX XX XXXXX\nX MX XT tX\nX XX XTX X\nX XXoXTX X\nX MX XTX X\nX XX XXX X\nX P    P X\nX XXXXXX X\nXTX RR XTX\nX X    X X\nX XX  XX X\nX   TT   X\nXT   e   X\nXXXXXXXXXX\n", "Health: 10 X: 1 Y: 4\nXXXXXXXXXX\nXXXT     X\nXXXXXXXX X\nX   m \u221e  X\nXHXX XXXXX\nX XX XXXXX\nX MX XT tX\nX XX XTX X\nX XXoXTX X\nX MX XTX X\nX XX XXX X\nX P    P X\nX XXXXXX X\nXTX RR XTX\nX X    X X\nX XX  XX X\nX   TT   X\nXT   e   X\nXXXXXXXXXX\n", "Health: 10 X: 1 Y: 5\nXXXXXXXXXX\nXXXT     X\nXXXXXXXX X\nX  m  \u221e  X\nX XX XXXXX\nXHXX XXXXX\nX MX XT tX\nX XX XTX X\nX XXoXTX X\nX MX XTX X\nX XX XXX X\nX P    P X\nX XXXXXX X\nXTX RR XTX\nX X    X X\nX XX  XX X\nX   TT   X\nXT   e   X\nXXXXXXXXXX\n", "Health: 9 X: 1 Y: 6\nXXXXXXXXXX\nXXXT     X\nXXXXXXXX X\nX m   \u221e  X\nX XX XXXXX\nX XX XXXXX\nXH\u221eX XT tX\nX XX XTX X\nX XXoXTX X\nX MX XTX X\nX XX XXX X\nX P    P X\nX XXXXXX X\nXTX RR XTX\nX X    X X\nX XX  XX X\nX   TT   X\nXT   e   X\nXXXXXXXXXX\n", "Health: 9 X: 1 Y: 7\nXXXXXXXXXX\nXXXT     X\nXXXXXXXX X\nXm    \u221e  X\nX XX XXXXX\nX XX XXXXX\nX \u221eX XT tX\nXHXX XTX X\nX XXoXTX X\nX MX XTX X\nX XX XXX X\nX P    P X\nX XXXXXX X\nXTX RR XTX\nX X    X X\nX XX  XX X\nX   TT   X\nXT   e   X\nXXXXXXXXXX\n", "Health: 9 X: 1 Y: 8\nXXXXXXXXXX\nXXXT     X\nXXXXXXXX X\nX     \u221e  X\nXmXX XXXXX\nX XX XXXXX\nX \u221eX XT tX\nX XX XTX X\nXHXXoXTX X\nX MX XTX X\nX XX XXX X\nX P    P X\nX XXXXXX X\nXTX RR XTX\nX X    X X\nX XX  XX X\nX   TT   X\nXT   e   X\nXXXXXXXXXX\n", "Health: 8 X: 1 Y: 9\nXXXXXXXXXX\nXXXT     X\nXXXXXXXX X\nX     \u221e  X\nX XX XXXXX\nXmXX XXXXX\nX \u221eX XT tX\nX XX XTX X\nX XXoXTX X\nXH\u221eX XTX X\nX XX XXX X\nX P    P X\nX XXXXXX X\nXTX RR XTX\nX X    X X\nX XX  XX X\nX   TT   X\nXT   e   X\nXXXXXXXXXX\n", "Health: 8 X: 1 Y: 10\nXXXXXXXXXX\nXXXT     X\nXXXXXXXX X\nX     \u221e  X\nX XX XXXXX\nX XX XXXXX\nXm\u221eX XT tX\nX XX XTX X\nX XXoXTX X\nX \u221eX XTX X\nXHXX XXX X\nX P    P X\nX XXXXXX X\nXTX RR XTX\nX X    X X\nX XX  XX X\nX   TT   X\nXT   e   X\nXXXXXXXXXX\n", "Health: 8 X: 1 Y: 11\nXXXXXXXXXX\nXXXT     X\nXXXXXXXX X\nX     \u221e  X\nX XX XXXXX\nX XX XXXXX\nX \u221eX XT tX\nXmXX XTX X\nX XXoXTX X\nX \u221eX XTX X\nX XX XXX X\nXHP    P X\nX XXXXXX X\nXTX RR XTX\nX X    X X\nX XX  XX X\nX   TT   X\nXT   e   X\nXXXXXXXXXX\n", "Health: 10 X: 2 Y: 11\nXXXXXXXXXX\nXXXT     X\nXXXXXXXX X\nX     \u221e  X\nX XX XXXXX\nX XX XXXXX\nX \u221eX XT tX\nX XX XTX X\nXmXXoXTX X\nX \u221eX XTX X\nX XX XXX X\nX      P X\nX XXXXXX X\nXTX RR XTX\nX X    X X\nX XX  XX X\nX   TT   X\nXT   e   X\nXXXXXXXXXX\n", "Health: 10 X: 3 Y: 11\nXXXXXXXXXX\nXXXT     X\nXXXXXXXX X\nX     \u221e  X\nX XX XXXXX\nX XX XXXXX\nX \u221eX XT tX\nX XX XTX X\nX XXoXTX X\nXm\u221eX XTX X\nX XX XXX X\nX  H   P X\nX XXXXXX X\nXTX RR XTX\nX X    X X\nX XX  XX X\nX   TT   X\nXT   e   X\nXXXXXXXXXX\n", "Health: 10 X: 4 Y: 11\nXXXXXXXXXX\nXXXT     X\nXXXXXXXX X\nX     \u221e  X\nX XX XXXXX\nX XX XXXXX\nX \u221eX XT tX\nX XX XTX X\nX XX XTX X\nX \u221eXoXTX X\nXmXX XXX X\nX   H  P X\nX XXXXXX X\nXTX RR XTX\nX X    X X\nX XX  XX X\nX   TT   X\nXT   e   X\nXXXXXXXXXX\n", "Health: 10 X: 5 Y: 11\nXXXXXXXXXX\nXXXT     X\nXXXXXXXX X\nX     \u221e  X\nX XX XXXXX\nX XX XXXXX\nX \u221eX XT tX\nX XX XTX X\nX XX XTX X\nX \u221eXoXTX X\nX XX XXX X\nXm   H P X\nX XXXXXX X\nXTX RR XTX\nX X    X X\nX XX  XX X\nX   TT   X\nXT   e   X\nXXXXXXXXXX\n", "Health: 10 X: 6 Y: 11\nXXXXXXXXXX\nXXXT     X\nXXXXXXXX X\nX     \u221e  X\nX XX XXXXX\nX XX XXXXX\nX \u221eX XT tX\nX XX XTX X\nX XX XTX X\nX \u221eXoXTX X\nX XX XXX X\nX     HP X\nX XXXXXX X\nXTX RR XTX\nX X    X X\nX XX  XX X\nX   TT   X\nXT   e   X\nXXXXXXXXXX\n", "Health: 12 X: 7 Y: 11\nXXXXXXXXXX\nXXXT     X\nXXXXXXXX X\nX     \u221e  X\nX XX XXXXX\nX XX XXXXX\nX \u221eX XT tX\nX XX XTX X\nX XX XTX X\nX \u221eXoXTX X\nX XX XXX X\nX  m     X\nX XXXXXX X\nXTX RR XTX\nX X    X X\nX XX  XX X\nX   TT   X\nXT   e   X\nXXXXXXXXXX\n", "Health: 12 X: 8 Y: 11\nXXXXXXXXXX\nXXXT     X\nXXXXXXXX X\nX     \u221e  X\nX XX XXXXX\nX XX XXXXX\nX \u221eX XT tX\nX XX XTX X\nX XX XTX X\nX \u221eXoXTX X\nX XX XXX X\nX   m   HX\nX XXXXXX X\nXTX RR XTX\nX X    X X\nX XX  XX X\nX   TT   X\nXT   e   X\nXXXXXXXXXX\n", "Health: 12 X: 8 Y: 10\nXXXXXXXXXX\nXXXT     X\nXXXXXXXX X\nX     \u221e  X\nX XX XXXXX\nX XX XXXXX\nX \u221eX XT tX\nX XX XTX X\nX XX XTX X\nX \u221eXoXTX X\nX XX XXXHX\nX    m   X\nX XXXXXX X\nXTX RR XTX\nX X    X X\nX XX  XX X\nX   TT   X\nXT   e   X\nXXXXXXXXXX\n", "Health: 12 X: 8 Y: 9\nXXXXXXXXXX\nXXXT     X\nXXXXXXXX X\nX     \u221e  X\nX XX XXXXX\nX XX XXXXX\nX \u221eX XT tX\nX XX XTX X\nX XX XTX X\nX \u221eXoXTXHX\nX XX XXX X\nX     m  X\nX XXXXXX X\nXTX RR XTX\nX X    X X\nX XX  XX X\nX   TT   X\nXT   e   X\nXXXXXXXXXX\n", "Health: 12 X: 8 Y: 8\nXXXXXXXXXX\nXXXT     X\nXXXXXXXX X\nX     \u221e  X\nX XX XXXXX\nX XX XXXXX\nX \u221eX XT tX\nX XX XTX X\nX XX XTXHX\nX \u221eXoXTX X\nX XX XXX X\nX        X\nX XXXXXX X\nXTX RR XTX\nX X    X X\nX XX  XX X\nX   TT   X\nXT   e   X\nXXXXXXXXXX\n", "Health: 12 X: 8 Y: 7\nXXXXXXXXXX\nXXXT     X\nXXXXXXXX X\nX     \u221e  X\nX XX XXXXX\nX XX XXXXX\nX \u221eX XT tX\nX XX XTXHX\nX XX XTX X\nX \u221eXoXTX X\nX XX XXX X\nX       mX\nX XXXXXX X\nXTX RR XTX\nX X    X X\nX XX  XX X\nX   TT   X\nXT   e   X\nXXXXXXXXXX\n", "Health: 11 X: 8 Y: 6\nXXXXXXXXXX\nXXXT     X\nXXXXXXXX X\nX     \u221e  X\nX XX XXXXX\nX XX XXXXX\nX \u221eX XT tX\nX XX XTX X\nX XX XTX X\nX \u221eXoXTX X\nX XX XXXmX\nX        X\nX XXXXXX X\nXTX RR XTX\nX X    X X\nX XX  XX X\nX   TT   X\nXT   e   X\nXXXXXXXXXX\n", "Health: 11 X: 7 Y: 6\nXXXXXXXXXX\nXXXT     X\nXXXXXXXX X\nX     \u221e  X\nX XX XXXXX\nX XX XXXXX\nX \u221eX XTHtX\nX XX XTX X\nX XX XTX X\nX \u221eXoXTXmX\nX XX XXX X\nX        X\nX XXXXXX X\nXTX RR XTX\nX X    X X\nX XX  XX X\nX   TT   X\nXT   e   X\nXXXXXXXXXX\n", "Health: 11 X: 6 Y: 6\nXXXXXXXXXX\nXXXT     X\nXXXXXXXX X\nX     \u221e  X\nX XX XXXXX\nX XX XXXXX\nX \u221eX X  tX\nX XX XTX X\nX XX XTXmX\nX \u221eXoXTX X\nX XX XXX X\nX        X\nX XXXXXX X\nXTX RR XTX\nX X    X X\nX XX  XX X\nX   TT   X\nXT   e   X\nXXXXXXXXXX\n", "Health: 11 X: 6 Y: 7\nXXXXXXXXXX\nXXXT     X\nXXXXXXXX X\nX     \u221e  X\nX XX XXXXX\nX XX XXXXX\nX \u221eX X  tX\nX XX X XmX\nX XX XTX X\nX \u221eXoXTX X\nX XX XXX X\nX        X\nX XXXXXX X\nXTX RR XTX\nX X    X X\nX XX  XX X\nX   TT   X\nXT   e   X\nXXXXXXXXXX\n", "Health: 11 X: 6 Y: 8\nXXXXXXXXXX\nXXXT     X\nXXXXXXXX X\nX     \u221e  X\nX XX XXXXX\nX XX XXXXX\nX \u221eX X  tX\nX XX X X X\nX XX X X X\nX \u221eXoXTX X\nX XX XXX X\nX        X\nX XXXXXX X\nXTX RR XTX\nX X    X X\nX XX  XX X\nX   TT   X\nXT   e   X\nXXXXXXXXXX\n", "Health: 11 X: 6 Y: 9\nXXXXXXXXXX\nXXXT     X\nXXXXXXXX X\nX     \u221e  X\nX XX XXXXX\nX XX XXXXX\nX \u221eX X  tX\nX XX X X X\nX XX X X X\nX \u221eXoX X X\nX XX XXX X\nX        X\nX XXXXXX X\nXTX RR XTX\nX X    X X\nX XX  XX X\nX   TT   X\nXT   e   X\nXXXXXXXXXX\n", "Health: 11 X: 6 Y: 8\nXXXXXXXXXX\nXXXT     X\nXXXXXXXX X\nX     \u221e  X\nX XX XXXXX\nX XX XXXXX\nX \u221eX X  tX\nX XX X X X\nX XX X X X\nX \u221eXoX X X\nX XX XXX X\nX        X\nX XXXXXX X\nXTX RR XTX\nX X    X X\nX XX  XX X\nX   TT   X\nXT   e   X\nXXXXXXXXXX\n", "Health: 11 X: 6 Y: 7\nXXXXXXXXXX\nXXXT     X\nXXXXXXXX X\nX     \u221e  X\nX XX XXXXX\nX XX XXXXX\nX \u221eX X  tX\nX XX X X X\nX XX X X X\nX \u221eXoX X X\nX XX XXX X\nX        X\nX XXXXXX X\nXTX RR XTX\nX X    X X\nX XX  XX X\nX   TT   X\nXT   e   X\nXXXXXXXXXX\n", "Health: 11 X: 6 Y: 6\nXXXXXXXXXX\nXXXT     X\nXXXXXXXX X\nX     \u221e  X\nX XX XXXXX\nX XX XXXXX\nX \u221eX X  tX\nX XX X X X\nX XX X X X\nX \u221eXoX X X\nX XX XXX X\nX        X\nX XXXXXX X\nXTX RR XTX\nX X    X X\nX XX  XX X\nX   TT   X\nXT   e   X\nXXXXXXXXXX\n", "Health: 11 X: 7 Y: 6\nXXXXXXXXXX\nXXXT     X\nXXXXXXXX X\nX     \u221e  X\nX XX XXXXX\nX XX XXXXX\nX \u221eX X HtX\nX XX X X X\nX XX X X X\nX \u221eXoX X X\nX XX XXX X\nX        X\nX XXXXXX X\nXTX RR XTX\nX X    X X\nX XX  XX X\nX   TT   X\nXT   e   X\nXXXXXXXXXX\n", "Health: 9 X: 8 Y: 6\nXXXXXXXXXX\nXXXT     X\nXXXXXXXX X\nX     \u221e  X\nX XX XXXXX\nX XX XXXXX\nX \u221eX X  tX\nX XX X X X\nX XX X X X\nX \u221eXoX X X\nX XX XXX X\nX        X\nX XXXXXX X\nXTX RR XTX\nX X    X X\nX XX  XX X\nX   TT   X\nXT   e   X\nXXXXXXXXXX\n", "Health: 9 X: 7 Y: 6\nXXXXXXXXXX\nXXXT     X\nXXXXXXXX X\nX     \u221e  X\nX XX XXXXX\nX XX XXXXX\nX \u221eX X HtX\nX XX X X X\nX XX X X X\nX \u221eXoX X X\nX XX XXX X\nX        X\nX XXXXXX X\nXTX RR XTX\nX X    X X\nX XX  XX X\nX   TT   X\nXT   e   X\nXXXXXXXXXX\n", "Health: 8 X: 8 Y: 6\nXXXXXXXXXX\nXXXT     X\nXXXXXXXX X\nX     \u221e  X\nX XX XXXXX\nX XX XXXXX\nX \u221eX X  tX\nX XX X X X\nX XX X X X\nX \u221eXoX X X\nX XX XXX X\nX        X\nX XXXXXX X\nXTX RR XTX\nX X    X X\nX XX  XX X\nX   TT   X\nXT   e   X\nXXXXXXXXXX\n", "Health: 8 X: 8 Y: 7\nXXXXXXXXXX\nXXXT     X\nXXXXXXXX X\nX     \u221e  X\nX XX XXXXX\nX XX XXXXX\nX \u221eX X  tX\nX XX X XHX\nX XX X X X\nX \u221eXoX X X\nX XX XXX X\nX        X\nX XXXXXX X\nXTX RR XTX\nX X    X X\nX XX  XX X\nX   TT   X\nXT   e   X\nXXXXXXXXXX\n", "Health: 8 X: 8 Y: 8\nXXXXXXXXXX\nXXXT     X\nXXXXXXXX X\nX     \u221e  X\nX XX XXXXX\nX XX XXXXX\nX \u221eX X  tX\nX XX X X X\nX XX X XHX\nX \u221eXoX X X\nX XX XXX X\nX        X\nX XXXXXX X\nXTX RR XTX\nX X    X X\nX XX  XX X\nX   TT   X\nXT   e   X\nXXXXXXXXXX\n", "Health: 8 X: 8 Y: 9\nXXXXXXXXXX\nXXXT     X\nXXXXXXXX X\nX     \u221e  X\nX XX XXXXX\nX XX XXXXX\nX \u221eX X  tX\nX XX X XmX\nX XX X X X\nX \u221eXoX XHX\nX XX XXX X\nX        X\nX XXXXXX X\nXTX RR XTX\nX X    X X\nX XX  XX X\nX   TT   X\nXT   e   X\nXXXXXXXXXX\n", "Health: 8 X: 8 Y: 10\nXXXXXXXXXX\nXXXT     X\nXXXXXXXX X\nX     \u221e  X\nX XX XXXXX\nX XX XXXXX\nX \u221eX X  tX\nX XX X X X\nX XX X XmX\nX \u221eXoX X X\nX XX XXXHX\nX        X\nX XXXXXX X\nXTX RR XTX\nX X    X X\nX XX  XX X\nX   TT   X\nXT   e   X\nXXXXXXXXXX\n", "Health: 8 X: 8 Y: 11\nXXXXXXXXXX\nXXXT     X\nXXXXXXXX X\nX     \u221e  X\nX XX XXXXX\nX XX XXXXX\nX \u221eX X  tX\nX XX X X X\nX XX X X X\nX \u221eXoX XmX\nX XX XXX X\nX       HX\nX XXXXXX X\nXTX RR XTX\nX X    X X\nX XX  XX X\nX   TT   X\nXT   e   X\nXXXXXXXXXX\n", "Health: 8 X: 8 Y: 12\nXXXXXXXXXX\nXXXT     X\nXXXXXXXX X\nX     \u221e  X\nX XX XXXXX\nX XX XXXXX\nX \u221eX X  tX\nX XX X X X\nX XX X X X\nX \u221eXoX X X\nX XX XXXmX\nX        X\nX XXXXXXHX\nXTX RR XTX\nX X    X X\nX XX  XX X\nX   TT   X\nXT   e   X\nXXXXXXXXXX\n", "Health: 8 X: 8 Y: 13\nXXXXXXXXXX\nXXXT     X\nXXXXXXXX X\nX     \u221e  X\nX XX XXXXX\nX XX XXXXX\nX \u221eX X  tX\nX XX X X X\nX XX X X X\nX \u221eXoX X X\nX XX XXX X\nX       mX\nX XXXXXX X\nXTX RR X X\nX X    X X\nX XX  XX X\nX   TT   X\nXT   e   X\nXXXXXXXXXX\n", "Health: 8 X: 8 Y: 14\nXXXXXXXXXX\nXXXT     X\nXXXXXXXX X\nX     \u221e  X\nX XX XXXXX\nX XX XXXXX\nX \u221eX X  tX\nX XX X X X\nX XX X X X\nX \u221eXoX X X\nX XX XXX X\nX        X\nX XXXXXXmX\nXTX RR X X\nX X    XHX\nX XX  XX X\nX   TT   X\nXT   e   X\nXXXXXXXXXX\n", "Health: 8 X: 8 Y: 15\nXXXXXXXXXX\nXXXT     X\nXXXXXXXX X\nX     \u221e  X\nX XX XXXXX\nX XX XXXXX\nX \u221eX X  tX\nX XX X X X\nX XX X X X\nX \u221eXoX X X\nX XX XXX X\nX        X\nX XXXXXX X\nXTX RR X X\nX X    X X\nX XX  XXHX\nX   TT   X\nXT   e   X\nXXXXXXXXXX\n", "Health: 8 X: 8 Y: 16\nXXXXXXXXXX\nXXXT     X\nXXXXXXXX X\nX     \u221e  X\nX XX XXXXX\nX XX XXXXX\nX \u221eX X  tX\nX XX X X X\nX XX X X X\nX \u221eXoX X X\nX XX XXX X\nX        X\nX XXXXXX X\nXTX RR X X\nX X    XmX\nX XX  XX X\nX   TT  HX\nXT   e   X\nXXXXXXXXXX\n", "Health: 8 X: 8 Y: 17\nXXXXXXXXXX\nXXXT     X\nXXXXXXXX X\nX     \u221e  X\nX XX XXXXX\nX XX XXXXX\nX \u221eX X  tX\nX XX X X X\nX XX X X X\nX \u221eXoX X X\nX XX XXX X\nX        X\nX XXXXXX X\nXTX RR X X\nX X    X X\nX XX  XXmX\nX   TT   X\nXT   e  HX\nXXXXXXXXXX\n", "Health: 8 X: 7 Y: 17\nXXXXXXXXXX\nXXXT     X\nXXXXXXXX X\nX     \u221e  X\nX XX XXXXX\nX XX XXXXX\nX \u221eX X  tX\nX XX X X X\nX XX X X X\nX \u221eXoX X X\nX XX XXX X\nX        X\nX XXXXXX X\nXTX RR X X\nX X    X X\nX XX  XX X\nX   TT  mX\nXT   e H X\nXXXXXXXXXX\n", "Health: 8 X: 6 Y: 17\nXXXXXXXXXX\nXXXT     X\nXXXXXXXX X\nX     \u221e  X\nX XX XXXXX\nX XX XXXXX\nX \u221eX X  tX\nX XX X X X\nX XX X X X\nX \u221eXoX X X\nX XX XXX X\nX        X\nX XXXXXX X\nXTX RR X X\nX X    X X\nX XX  XX X\nX   TT m X\nXT   eH  X\nXXXXXXXXXX\n", "Health: 8 X: 5 Y: 17\nXXXXXXXXXX\nXXXT     X\nXXXXXXXX X\nX     \u221e  X\nX XX XXXXX\nX XX XXXXX\nX \u221eX X  tX\nX XX X X X\nX XX X X X\nX \u221eXoX X X\nX XX XXX X\nX        X\nX XXXXXX X\nXTX R  X X\nX X  R X X\nX XX  XX X\nX   TTm  X\nXT   e   X\nXXXXXXXXXX\n"], "map_number": 201}, {"mechanics": [{"timestep": 2, "mechanic": "OgreTreasure"}, {"timestep": 2, "mechanic": "BlobPotion"}, {"timestep": 3, "mechanic": "OgreTreasure"}, {"timestep": 3, "mechanic": "BlobPotion"}, {"timestep": 7, "mechanic": "CollectTreasure"}, {"timestep": 9, "mechanic": "CollectTreasure"}, {"timestep": 15, "mechanic": "MinitaurHit"}, {"timestep": 22, "mechanic": "BlobHit"}, {"timestep": 29, "mechanic": "CollectTreasure"}, {"timestep": 35, "mechanic": "CollectTreasure"}, {"timestep": 37, "mechanic": "CollectTreasure"}, {"timestep": 38, "mechanic": "BlobHit"}, {"timestep": 38, "mechanic": "CollectTreasure"}, {"timestep": 38, "mechanic": "BlobHit"}, {"timestep": 41, "mechanic": "CollectTreasure"}, {"timestep": 42, "mechanic": "MinitaurHit"}, {"timestep": 75, "mechanic": "MinitaurHit"}, {"timestep": 80, "mechanic": "MinitaurHit"}, {"timestep": 81, "mechanic": "OgreHit"}, {"timestep": 81, "mechanic": "Die"}], "frequencies": {"OgreTreasure": 2, "BlobPotion": 2, "CollectTreasure": 7, "MinitaurHit": 4, "BlobHit": 3, "OgreHit": 1, "Die": 1}, "levelReport": {"utilityGained": 0.0, "exitUtility": 0.0, "runnerUtility": -5.055294117647059, "loitererUtility": 77.0, "completionistUtility": -4.495773420479303, "monsterKillerUtility": -4.490588235294117, "treasureCollectorUtility": -4.226143790849673, "turnsTaken": 82, "health": -1, "healthLost": 11, "alive": false, "javelinsThrown": 0, "monsterKills": 2, "minitaurKnockouts": 5, "treasuresCollected": 7, "potionsTaken": 0, "totalMonsters": 6, "totalTreasures": 9, "totalPotions": 2, "timeTaken": 0.0}, "positions": [{"X": 6, "Y": 3}, {"X": 5, "Y": 3}, {"X": 4, "Y": 3}, {"X": 3, "Y": 3}, {"X": 3, "Y": 4}, {"X": 3, "Y": 3}, {"X": 3, "Y": 2}, {"X": 3, "Y": 1}, {"X": 2, "Y": 1}, {"X": 1, "Y": 1}, {"X": 1, "Y": 2}, {"X": 1, "Y": 3}, {"X": 1, "Y": 4}, {"X": 2, "Y": 4}, {"X": 3, "Y": 4}, {"X": 3, "Y": 3}, {"X": 4, "Y": 3}, {"X": 5, "Y": 3}, {"X": 6, "Y": 3}, {"X": 6, "Y": 4}, {"X": 7, "Y": 4}, {"X": 7, "Y": 5}, {"X": 7, "Y": 6}, {"X": 7, "Y": 7}, {"X": 7, "Y": 8}, {"X": 7, "Y": 9}, {"X": 7, "Y": 10}, {"X": 7, "Y": 11}, {"X": 7, "Y": 12}, {"X": 7, "Y": 13}, {"X": 7, "Y": 14}, {"X": 7, "Y": 15}, {"X": 7, "Y": 16}, {"X": 7, "Y": 17}, {"X": 7, "Y": 18}, {"X": 8, "Y": 18}, {"X": 7, "Y": 18}, {"X": 6, "Y": 18}, {"X": 6, "Y": 18}, {"X": 6, "Y": 17}, {"X": 7, "Y": 17}, {"X": 8, "Y": 17}, {"X": 8, "Y": 16}, {"X": 7, "Y": 16}, {"X": 7, "Y": 15}, {"X": 7, "Y": 14}, {"X": 7, "Y": 13}, {"X": 6, "Y": 13}, {"X": 6, "Y": 14}, {"X": 6, "Y": 13}, {"X": 5, "Y": 13}, {"X": 4, "Y": 13}, {"X": 3, "Y": 13}, {"X": 2, "Y": 13}, {"X": 1, "Y": 13}, {"X": 1, "Y": 12}, {"X": 1, "Y": 11}, {"X": 1, "Y": 12}, {"X": 1, "Y": 13}, {"X": 1, "Y": 14}, {"X": 2, "Y": 14}, {"X": 3, "Y": 14}, {"X": 3, "Y": 13}, {"X": 4, "Y": 13}, {"X": 5, "Y": 13}, {"X": 6, "Y": 13}, {"X": 7, "Y": 13}, {"X": 7, "Y": 12}, {"X": 7, "Y": 11}, {"X": 7, "Y": 10}, {"X": 7, "Y": 9}, {"X": 7, "Y": 8}, {"X": 7, "Y": 7}, {"X": 7, "Y": 6}, {"X": 7, "Y": 7}, {"X": 7, "Y": 8}, {"X": 7, "Y": 9}, {"X": 7, "Y": 10}, {"X": 7, "Y": 9}, {"X": 6, "Y": 9}, {"X": 6, "Y": 8}, {"X": 5, "Y": 8}], "levelStates": ["Health: 10 X: 6 Y: 3\nXXXXXXXXXX\nXT TX m  X\nX   XXX  X\nX     H  X\nX   XX   X\nXX XXXX XX\nX TTXXPP X\nX   XX   X\nXeo    b X\nX   XX   X\nXX XXXX XX\nX   XX   X\nX   XX   X\nX      T X\nX   XX   X\nXX XXXX XX\nX   XX   X\nXb bXXT TX\nX M XXT TX\nXXXXXXXXXX\n", "Health: 10 X: 5 Y: 3\nXXXXXXXXXX\nXT TX  m X\nX   XXX  X\nX    H   X\nX   XX   X\nXX XXXX XX\nX TTXXPP X\nX o XX b X\nXe       X\nX   XX   X\nXX XXXX XX\nX   XX   X\nX   XX   X\nX      T X\nX   XX   X\nXX XXXX XX\nX   XX   X\nXb bXXT TX\nX M XXT TX\nXXXXXXXXXX\n", "Health: 10 X: 4 Y: 3\nXXXXXXXXXX\nXT TX    X\nX   XXXm X\nX   H    X\nX   XX   X\nXX XXXX XX\nX oTXXPb X\nX   XX   X\nXe       X\nX   XX   X\nXX XXXX XX\nX   XX   X\nX   XX   X\nX      T X\nX   XX   X\nXX XXXX XX\nX   XX   X\nXb bXXT TX\nX M XXT TX\nXXXXXXXXXX\n", "Health: 10 X: 3 Y: 3\nXXXXXXXXXX\nXT TX    X\nX   XXX  X\nX  H   m X\nX   XX   X\nXX XXXX XX\nX  oXXb  X\nX   XX   X\nXe       X\nX   XX   X\nXX XXXX XX\nX   XX   X\nX   XX   X\nX      T X\nX   XX   X\nXX XXXX XX\nX   XX   X\nXb bXXT TX\nX M XXT TX\nXXXXXXXXXX\n", "Health: 10 X: 3 Y: 4\nXXXXXXXXXX\nXT TX    X\nX   XXX  X\nX     m  X\nX  HXX   X\nXX XXXX XX\nX  oXXb  X\nX   XX   X\nXe       X\nX   XX   X\nXX XXXX XX\nX   XX   X\nX   XX   X\nX      T X\nX   XX   X\nXX XXXX XX\nX   XX   X\nXb bXXT TX\nX M XXT TX\nXXXXXXXXXX\n", "Health: 10 X: 3 Y: 3\nXXXXXXXXXX\nXT TX    X\nX   XXX  X\nX  H m   X\nX   XX   X\nXX XXXX XX\nX  oXXb  X\nX   XX   X\nXe       X\nX   XX   X\nXX XXXX XX\nX   XX   X\nX   XX   X\nX      T X\nX   XX   X\nXX XXXX XX\nX   XX   X\nXb bXXT TX\nX M XXT TX\nXXXXXXXXXX\n", "Health: 10 X: 3 Y: 2\nXXXXXXXXXX\nXT TX    X\nX  HXXX  X\nX   m    X\nX   XX   X\nXX XXXX XX\nX  oXXb  X\nX   XX   X\nXe       X\nX   XX   X\nXX XXXX XX\nX   XX   X\nX   XX   X\nX      T X\nX   XX   X\nXX XXXX XX\nX   XX   X\nXb bXXT TX\nX M XXT TX\nXXXXXXXXXX\n", "Health: 10 X: 3 Y: 1\nXXXXXXXXXX\nXT  X    X\nX   XXX  X\nX  m     X\nX   XX   X\nXX XXXX XX\nX  oXXb  X\nX   XX   X\nXe       X\nX   XX   X\nXX XXXX XX\nX   XX   X\nX   XX   X\nX      T X\nX   XX   X\nXX XXXX XX\nX   XX   X\nXb bXXT TX\nX M XXT TX\nXXXXXXXXXX\n", "Health: 10 X: 2 Y: 1\nXXXXXXXXXX\nXTH X    X\nX  mXXX  X\nX        X\nX   XX   X\nXX XXXX XX\nX  oXXb  X\nX   XX   X\nXe       X\nX   XX   X\nXX XXXX XX\nX   XX   X\nX   XX   X\nX      T X\nX   XX   X\nXX XXXX XX\nX   XX   X\nXbMbXXT TX\nX   XXT TX\nXXXXXXXXXX\n", "Health: 10 X: 1 Y: 1\nXXXXXXXXXX\nX  mX    X\nX   XXX  X\nX        X\nX   XX   X\nXX XXXX XX\nX  oXXb  X\nX   XX   X\nXe       X\nX   XX   X\nXX XXXX XX\nX   XX   X\nX   XX   X\nX      T X\nX   XX   X\nXX XXXX XX\nX   XX   X\nXbMbXXT TX\nX   XXT TX\nXXXXXXXXXX\n", "Health: 10 X: 1 Y: 2\nXXXXXXXXXX\nX m X    X\nXH  XXX  X\nX        X\nX   XX   X\nXX XXXX XX\nX  oXXb  X\nX   XX   X\nXe       X\nX   XX   X\nXX XXXX XX\nX   XX   X\nX   XX   X\nX      T X\nX   XX   X\nXX XXXX XX\nX   XX   X\nXbMbXXT TX\nX   XXT TX\nXXXXXXXXXX\n", "Health: 10 X: 1 Y: 3\nXXXXXXXXXX\nXm  X    X\nX   XXX  X\nXH       X\nX   XX   X\nXX XXXX XX\nX  oXXb  X\nX   XX   X\nXe       X\nX   XX   X\nXX XXXX XX\nX   XX   X\nX   XX   X\nX      T X\nX   XX   X\nXX XXXX XX\nX   XX   X\nXbMbXXT TX\nX   XXT TX\nXXXXXXXXXX\n", "Health: 10 X: 1 Y: 4\nXXXXXXXXXX\nX   X    X\nXm  XXX  X\nX        X\nXH  XX   X\nXX XXXX XX\nX  oXXb  X\nX   XX   X\nXe       X\nX   XX   X\nXX XXXX XX\nX   XX   X\nX   XX   X\nX      T X\nX   XX   X\nXX XXXX XX\nX   XX   X\nXbMbXXT TX\nX   XXT TX\nXXXXXXXXXX\n", "Health: 10 X: 2 Y: 4\nXXXXXXXXXX\nX   X    X\nX m XXX  X\nX        X\nX H XX   X\nXX XXXX XX\nX  oXXb  X\nX   XX   X\nXe       X\nX   XX   X\nXX XXXX XX\nX   XX   X\nX   XX   X\nX      T X\nX   XX   X\nXX XXXX XX\nX M XX   X\nXb bXXT TX\nX   XXT TX\nXXXXXXXXXX\n", "Health: 10 X: 3 Y: 4\nXXXXXXXXXX\nX   X    X\nX  mXXX  X\nX        X\nX  HXX   X\nXX XXXX XX\nX  oXXb  X\nX   XX   X\nXe       X\nX   XX   X\nXX XXXX XX\nX   XX   X\nX   XX   X\nX      T X\nX   XX   X\nXX XXXX XX\nX M XX   X\nXb bXXT TX\nX   XXT TX\nXXXXXXXXXX\n", "Health: 9 X: 3 Y: 3\nXXXXXXXXXX\nX   X    X\nX  mXXX  X\nX  H     X\nX   XX   X\nXX XXXX XX\nX  oXXb  X\nX   XX   X\nXe       X\nX   XX   X\nXX XXXX XX\nX   XX   X\nX   XX   X\nX      T X\nX   XX   X\nXX XXXX XX\nX M XX   X\nXb bXXT TX\nX   XXT TX\nXXXXXXXXXX\n", "Health: 9 X: 4 Y: 3\nXXXXXXXXXX\nX   X    X\nX  mXXX  X\nX   H    X\nX   XX   X\nXX XXXX XX\nX  oXXb  X\nX   XX   X\nXe       X\nX   XX   X\nXX XXXX XX\nX   XX   X\nX   XX   X\nX      T X\nX   XX   X\nXX XXXX XX\nX M XX   X\nXb bXXT TX\nX   XXT TX\nXXXXXXXXXX\n", "Health: 9 X: 5 Y: 3\nXXXXXXXXXX\nX   X    X\nX  mXXX  X\nX    H   X\nX   XX   X\nXX XXXX XX\nX  oXXb  X\nX   XX   X\nXe       X\nX   XX   X\nXX XXXX XX\nX   XX   X\nX   XX   X\nX      T X\nX   XX   X\nXX XXXX XX\nX M XX   X\nXb bXXT TX\nX   XXT TX\nXXXXXXXXXX\n", "Health: 9 X: 6 Y: 3\nXXXXXXXXXX\nX   X    X\nX  mXXX  X\nX     H  X\nX   XX   X\nXX XXXX XX\nX  oXXb  X\nX   XX   X\nXe       X\nX   XX   X\nXX XXXX XX\nX   XX   X\nX   XX   X\nX      T X\nX   XX   X\nXX XXXX XX\nX M XX   X\nXb bXXT TX\nX   XXT TX\nXXXXXXXXXX\n", "Health: 9 X: 6 Y: 4\nXXXXXXXXXX\nX   X    X\nX  mXXX  X\nX        X\nX   XXH  X\nXX XXXX XX\nX  oXXb  X\nX   XX   X\nXe       X\nX   XX   X\nXX XXXX XX\nX   XX   X\nX   XX   X\nX      T X\nX   XX   X\nXX XXXX XX\nX M XX   X\nXb bXXT TX\nX   XXT TX\nXXXXXXXXXX\n", "Health: 9 X: 7 Y: 4\nXXXXXXXXXX\nX   X    X\nX  mXXX  X\nX        X\nX   XX H X\nXX XXXX XX\nX  oXXb  X\nX   XX   X\nXe       X\nX   XX   X\nXX XXXX XX\nX   XX   X\nX   XX   X\nX      T X\nX   XX   X\nXX XXXX XX\nX M XX   X\nXb bXXT TX\nX   XXT TX\nXXXXXXXXXX\n", "Health: 9 X: 7 Y: 5\nXXXXXXXXXX\nX   X    X\nX   XXX  X\nX  m     X\nX   XX   X\nXX XXXXHXX\nX  oXXb  X\nX   XX   X\nXe       X\nX   XX   X\nXX XXXX XX\nX   XX   X\nX   XX   X\nX      T X\nX   XX   X\nXX XXXX XX\nX M XX   X\nXb bXXT TX\nX   XXT TX\nXXXXXXXXXX\n", "Health: 6 X: 7 Y: 6\nXXXXXXXXXX\nX   X    X\nX   XXX  X\nX   m    X\nX   XX   X\nXX XXXX XX\nX  oXXb  X\nX   XX   X\nXe       X\nX   XX   X\nXX XXXX XX\nX   XX   X\nX   XX   X\nX      T X\nX   XX   X\nXX XXXX XX\nX M XX   X\nXb bXXT TX\nX   XXT TX\nXXXXXXXXXX\n", "Health: 6 X: 7 Y: 7\nXXXXXXXXXX\nX   X    X\nX   XXX  X\nX    m   X\nX   XX   X\nXX XXXX XX\nX  oXX b X\nX   XX H X\nXe       X\nX   XX   X\nXX XXXX XX\nX   XX   X\nX   XX   X\nX      T X\nX   XX   X\nXX XXXX XX\nX M XX   X\nXb bXXT TX\nX   XXT TX\nXXXXXXXXXX\n", "Health: 6 X: 7 Y: 8\nXXXXXXXXXX\nX   X    X\nX   XXX  X\nX     m  X\nX   XX   X\nXX XXXX XX\nX  oXX   X\nX   XX b X\nXe     H X\nX   XX   X\nXX XXXX XX\nX   XX   X\nX   XX   X\nX      T X\nX   XX   X\nXX XXXX XX\nX M XX   X\nXb bXXT TX\nX   XXT TX\nXXXXXXXXXX\n", "Health: 6 X: 7 Y: 9\nXXXXXXXXXX\nX   X    X\nX   XXX  X\nX      m X\nX   XX   X\nXX XXXX XX\nX  oXX   X\nX   XX   X\nXe     b X\nX   XX H X\nXX XXXX XX\nX   XX   X\nX   XX   X\nX      T X\nX   XX   X\nXX XXXX XX\nX M XX   X\nXb bXXT TX\nX   XXT TX\nXXXXXXXXXX\n", "Health: 6 X: 7 Y: 10\nXXXXXXXXXX\nX   X    X\nX   XXX  X\nX        X\nX   XX m X\nXX XXXX XX\nX  oXX   X\nX   XX   X\nXe       X\nX   XX b X\nXX XXXXHXX\nX   XX   X\nX   XX   X\nX      T X\nX   XX   X\nXX XXXX XX\nX M XX   X\nXb bXXT TX\nX   XXT TX\nXXXXXXXXXX\n", "Health: 6 X: 7 Y: 11\nXXXXXXXXXX\nX   X    X\nX   XXX  X\nX        X\nX   XX   X\nXX XXXXmXX\nX  oXX   X\nX   XX   X\nXe       X\nX   XX   X\nXX XXXXbXX\nX   XX H X\nX   XX   X\nX      T X\nX   XX   X\nXX XXXX XX\nX M XX   X\nXb bXXT TX\nX   XXT TX\nXXXXXXXXXX\n", "Health: 6 X: 7 Y: 12\nXXXXXXXXXX\nX   X    X\nX   XXX  X\nX        X\nX   XX   X\nXX XXXX XX\nX  oXX   X\nX   XX   X\nXe       X\nX   XX   X\nXX XXXX XX\nX   XX b X\nX   XX H X\nX      T X\nX   XX   X\nXX XXXX XX\nX M XX   X\nXb bXXT TX\nX   XXT TX\nXXXXXXXXXX\n", "Health: 6 X: 7 Y: 13\nXXXXXXXXXX\nX   X    X\nX   XXX  X\nX        X\nX   XX   X\nXX XXXX XX\nX  oXX   X\nX   XX m X\nXe       X\nX   XX   X\nXX XXXX XX\nX   XX   X\nX   XX b X\nX        X\nX   XX   X\nXX XXXX XX\nX M XX   X\nXb bXXT TX\nX   XXT TX\nXXXXXXXXXX\n", "Health: 6 X: 7 Y: 14\nXXXXXXXXXX\nX   X    X\nX   XXX  X\nX        X\nX   XX   X\nXX XXXX XX\nX  oXX   X\nX   XX   X\nXe     m X\nX   XX   X\nXX XXXX XX\nX   XX   X\nX   XX   X\nX        X\nX   XX H X\nXX XXXX XX\nX M XX   X\nXb bXXT TX\nX   XXT TX\nXXXXXXXXXX\n", "Health: 6 X: 7 Y: 15\nXXXXXXXXXX\nX   X    X\nX   XXX  X\nX        X\nX   XX   X\nXX XXXX XX\nX  oXX   X\nX   XX   X\nXe       X\nX   XX m X\nXX XXXX XX\nX   XX   X\nX   XX   X\nX        X\nX   XX b X\nXX XXXXHXX\nX M XX   X\nXb bXXT TX\nX   XXT TX\nXXXXXXXXXX\n", "Health: 6 X: 7 Y: 16\nXXXXXXXXXX\nX   X    X\nX   XXX  X\nX        X\nX   XX   X\nXX XXXX XX\nX  oXX   X\nX   XX   X\nXe       X\nX   XX   X\nXX XXXXmXX\nX   XX   X\nX   XX   X\nX        X\nX   XX   X\nXX XXXXbXX\nX M XX H X\nXb bXXT TX\nX   XXT TX\nXXXXXXXXXX\n", "Health: 6 X: 7 Y: 17\nXXXXXXXXXX\nX   X    X\nX   XXX  X\nX        X\nX   XX   X\nXX XXXX XX\nX  oXX   X\nX   XX   X\nXe       X\nX   XX   X\nXX XXXX XX\nX   XX m X\nX   XX   X\nX        X\nX   XX   X\nXX XXXX XX\nX M XX b X\nXb bXXTHTX\nX   XXT TX\nXXXXXXXXXX\n", "Health: 6 X: 7 Y: 18\nXXXXXXXXXX\nX   X    X\nX   XXX  X\nX        X\nX   XX   X\nXX XXXX XX\nX  oXX   X\nX   XX   X\nXe       X\nX   XX   X\nXX XXXX XX\nX   XX   X\nX   XX m X\nX        X\nX   XX   X\nXX XXXX XX\nX M XX   X\nXb bXXTbTX\nX   XXTHTX\nXXXXXXXXXX\n", "Health: 6 X: 8 Y: 18\nXXXXXXXXXX\nX   X    X\nX   XXX  X\nX        X\nX   XX   X\nXX XXXX XX\nX  oXX   X\nX   XX   X\nXe       X\nX   XX   X\nXX XXXX XX\nX   XX   X\nX   XX   X\nX        X\nX   XX   X\nXX XXXX XX\nX M XX   X\nXb bXXT TX\nX   XXT  X\nXXXXXXXXXX\n", "Health: 6 X: 7 Y: 18\nXXXXXXXXXX\nX   X    X\nX   XXX  X\nX        X\nX   XX   X\nXX XXXX XX\nX  oXX   X\nX   XX   X\nXe       X\nX   XX   X\nXX XXXX XX\nX   XX   X\nX   XX   X\nX        X\nX   XX m X\nXX XXXX XX\nX M XX   X\nXb bXXTbTX\nX   XXTH X\nXXXXXXXXXX\n", "Health: 6 X: 6 Y: 18\nXXXXXXXXXX\nX   X    X\nX   XXX  X\nX        X\nX   XX   X\nXX XXXX XX\nX  oXX   X\nX   XX   X\nXe       X\nX   XX   X\nXX XXXX XX\nX   XX   X\nX   XX   X\nX        X\nX   XX   X\nXX XXXXmXX\nX M XX   X\nXb bXXT TX\nX   XX   X\nXXXXXXXXXX\n", "Health: 4 X: 6 Y: 18\nXXXXXXXXXX\nX   X    X\nX   XXX  X\nX        X\nX   XX   X\nXX XXXX XX\nX  oXX   X\nX   XX   X\nXe       X\nX   XX   X\nXX XXXX XX\nX   XX   X\nX   XX   X\nX        X\nX   XX   X\nXX XXXX XX\nX M XX m X\nXb bXX  TX\nX   XX   X\nXXXXXXXXXX\n", "Health: 4 X: 6 Y: 17\nXXXXXXXXXX\nX   X    X\nX   XXX  X\nX        X\nX   XX   X\nXX XXXX XX\nX  oXX   X\nX   XX   X\nXe       X\nX   XX   X\nXX XXXX XX\nX   XX   X\nX   XX   X\nX        X\nX   XX   X\nXX XXXX XX\nX M XXm  X\nXb bXX  TX\nX   XX   X\nXXXXXXXXXX\n", "Health: 4 X: 7 Y: 17\nXXXXXXXXXX\nX   X    X\nX   XXX  X\nX        X\nX   XX   X\nXX XXXX XX\nX  oXX   X\nX   XX   X\nXe       X\nX   XX   X\nXX XXXX XX\nX   XX   X\nX   XX   X\nX        X\nX   XX   X\nXX XXXX XX\nX M XX m X\nXb bXX HTX\nX   XX   X\nXXXXXXXXXX\n", "Health: 4 X: 8 Y: 17\nXXXXXXXXXX\nX   X    X\nX   XXX  X\nX        X\nX   XX   X\nXX XXXX XX\nX  oXX   X\nX   XX   X\nXe       X\nX   XX   X\nXX XXXX XX\nX   XX   X\nX   XX   X\nX        X\nX   XX   X\nXX XXXX XX\nX M XX  mX\nXb bXX   X\nX   XX   X\nXXXXXXXXXX\n", "Health: 3 X: 8 Y: 16\nXXXXXXXXXX\nX   X    X\nX   XXX  X\nX        X\nX   XX   X\nXX XXXX XX\nX  oXX   X\nX   XX   X\nXe       X\nX   XX   X\nXX XXXX XX\nX   XX   X\nX   XX   X\nX        X\nX   XX   X\nXX XXXX XX\nX M XX  mX\nXb bXX   X\nX   XX   X\nXXXXXXXXXX\n", "Health: 3 X: 7 Y: 16\nXXXXXXXXXX\nX   X    X\nX   XXX  X\nX        X\nX   XX   X\nXX XXXX XX\nX  oXX   X\nX   XX   X\nXe       X\nX   XX   X\nXX XXXX XX\nX   XX   X\nX   XX   X\nX        X\nX   XX   X\nXX XXXX XX\nX M XX HmX\nXb bXX   X\nX   XX   X\nXXXXXXXXXX\n", "Health: 3 X: 7 Y: 15\nXXXXXXXXXX\nX   X    X\nX   XXX  X\nX        X\nX   XX   X\nXX XXXX XX\nX  oXX   X\nX   XX   X\nXe       X\nX   XX   X\nXX XXXX XX\nX   XX   X\nX   XX   X\nX        X\nX   XX   X\nXX XXXXHXX\nX M XX  mX\nXb bXX   X\nX   XX   X\nXXXXXXXXXX\n", "Health: 3 X: 7 Y: 14\nXXXXXXXXXX\nX   X    X\nX   XXX  X\nX        X\nX   XX   X\nXX XXXX XX\nX  oXX   X\nX   XX   X\nXe       X\nX   XX   X\nXX XXXX XX\nX   XX   X\nX   XX   X\nX        X\nX   XX H X\nXX XXXX XX\nX M XX  mX\nXb bXX   X\nX   XX   X\nXXXXXXXXXX\n", "Health: 3 X: 7 Y: 13\nXXXXXXXXXX\nX   X    X\nX   XXX  X\nX        X\nX   XX   X\nXX XXXX XX\nX  oXX   X\nX   XX   X\nXe       X\nX   XX   X\nXX XXXX XX\nX   XX   X\nX   XX   X\nX        X\nX   XX   X\nXX XXXX XX\nX M XX  mX\nXb bXX   X\nX   XX   X\nXXXXXXXXXX\n", "Health: 3 X: 6 Y: 13\nXXXXXXXXXX\nX   X    X\nX   XXX  X\nX        X\nX   XX   X\nXX XXXX XX\nX  oXX   X\nX   XX   X\nXe       X\nX   XX   X\nXX XXXX XX\nX   XX   X\nX   XX   X\nX     H  X\nX   XX   X\nXX XXXX XX\nX M XX m X\nXb bXX   X\nX   XX   X\nXXXXXXXXXX\n", "Health: 3 X: 6 Y: 14\nXXXXXXXXXX\nX   X    X\nX   XXX  X\nX        X\nX   XX   X\nXX XXXX XX\nX  oXX   X\nX   XX   X\nXe       X\nX   XX   X\nXX XXXX XX\nX   XX   X\nX   XX   X\nX        X\nX   XXH  X\nXX XXXXmXX\nX M XX   X\nXb bXX   X\nX   XX   X\nXXXXXXXXXX\n", "Health: 3 X: 6 Y: 13\nXXXXXXXXXX\nX   X    X\nX   XXX  X\nX        X\nX   XX   X\nXX XXXX XX\nX  oXX   X\nX   XX   X\nXe       X\nX   XX   X\nXX XXXX XX\nX   XX   X\nX   XX   X\nX     H  X\nX   XX m X\nXX XXXX XX\nX M XX   X\nXb bXX   X\nX   XX   X\nXXXXXXXXXX\n", "Health: 3 X: 5 Y: 13\nXXXXXXXXXX\nX   X    X\nX   XXX  X\nX        X\nX   XX   X\nXX XXXX XX\nX  oXX   X\nX   XX   X\nXe       X\nX   XX   X\nXX XXXX XX\nX   XX   X\nX   XX   X\nX    H   X\nX   XX   X\nXX XXXX XX\nX M XX   X\nXb bXX   X\nX   XX   X\nXXXXXXXXXX\n", "Health: 3 X: 4 Y: 13\nXXXXXXXXXX\nX   X    X\nX   XXX  X\nX        X\nX   XX   X\nXX XXXX XX\nX  oXX   X\nX   XX   X\nXe       X\nX   XX   X\nXX XXXX XX\nX   XX   X\nX   XX   X\nX   H m  X\nX   XX   X\nXX XXXX XX\nX M XX   X\nXb bXX   X\nX   XX   X\nXXXXXXXXXX\n", "Health: 3 X: 3 Y: 13\nXXXXXXXXXX\nX   X    X\nX   XXX  X\nX        X\nX   XX   X\nXX XXXX XX\nX  oXX   X\nX   XX   X\nXe       X\nX   XX   X\nXX XXXX XX\nX   XX   X\nX   XX   X\nX  H m   X\nX   XX   X\nXXMXXXX XX\nXb  XX   X\nX  bXX   X\nX   XX   X\nXXXXXXXXXX\n", "Health: 3 X: 2 Y: 13\nXXXXXXXXXX\nX   X    X\nX   XXX  X\nX        X\nX   XX   X\nXX XXXX XX\nX  oXX   X\nX   XX   X\nXe       X\nX   XX   X\nXX XXXX XX\nX   XX   X\nX   XX   X\nX H m    X\nX M XX   X\nXX XXXX XX\nXb  XX   X\nX  bXX   X\nX   XX   X\nXXXXXXXXXX\n", "Health: 3 X: 1 Y: 13\nXXXXXXXXXX\nX   X    X\nX   XXX  X\nX        X\nX   XX   X\nXX XXXX XX\nX o XX   X\nX   XX   X\nXe       X\nX   XX   X\nXX XXXX XX\nX   XX   X\nX   XX   X\nXHMm     X\nX   XX   X\nXX XXXX XX\nXb bXX   X\nX   XX   X\nX   XX   X\nXXXXXXXXXX\n", "Health: 3 X: 1 Y: 12\nXXXXXXXXXX\nX   X    X\nX   XXX  X\nX        X\nX   XX   X\nXX XXXX XX\nX o XX   X\nX   XX   X\nXe       X\nX   XX   X\nXX XXXX XX\nX   XX   X\nXHMmXX   X\nX        X\nX   XX   X\nXX XXXX XX\nXb bXX   X\nX   XX   X\nX   XX   X\nXXXXXXXXXX\n", "Health: 3 X: 1 Y: 11\nXXXXXXXXXX\nX   X    X\nX   XXX  X\nX        X\nX   XX   X\nXX XXXX XX\nX o XX   X\nX   XX   X\nXe       X\nX   XX   X\nXX XXXX XX\nXHMmXX   X\nX   XX   X\nX        X\nX   XX   X\nXX XXXX XX\nXb bXX   X\nX   XX   X\nX   XX   X\nXXXXXXXXXX\n", "Health: 3 X: 1 Y: 12\nXXXXXXXXXX\nX   X    X\nX   XXX  X\nX        X\nX   XX   X\nXX XXXX XX\nX o XX   X\nX   XX   X\nXe       X\nX   XX   X\nXX XXXX XX\nX \u221e XX   X\nXH  XX   X\nX        X\nX   XX   X\nXX XXXX XX\nXb bXX   X\nX   XX   X\nX   XX   X\nXXXXXXXXXX\n", "Health: 3 X: 1 Y: 13\nXXXXXXXXXX\nX   X    X\nX   XXX  X\nX        X\nX   XX   X\nXX XXXX XX\nX o XX   X\nX   XX   X\nXe       X\nX   XX   X\nXX XXXX XX\nX \u221e XX   X\nX   XX   X\nXH       X\nX   XX   X\nXX XXXX XX\nXb bXX   X\nX   XX   X\nX   XX   X\nXXXXXXXXXX\n", "Health: 3 X: 1 Y: 14\nXXXXXXXXXX\nX   X    X\nX   XXX  X\nX        X\nX   XX   X\nXX XXXX XX\nX o XX   X\nX   XX   X\nXe       X\nX   XX   X\nXX XXXX XX\nX \u221e XX   X\nX   XX   X\nX        X\nXH  XX   X\nXX XXXX XX\nXb bXX   X\nX   XX   X\nX   XX   X\nXXXXXXXXXX\n", "Health: 3 X: 2 Y: 14\nXXXXXXXXXX\nX   X    X\nX   XXX  X\nX        X\nX   XX   X\nXX XXXX XX\nX   XX   X\nX o XX   X\nXe       X\nX   XX   X\nXX XXXX XX\nX \u221e XX   X\nX   XX   X\nX        X\nX H XX   X\nXX XXXX XX\nXb bXX   X\nX   XX   X\nX   XX   X\nXXXXXXXXXX\n", "Health: 3 X: 3 Y: 14\nXXXXXXXXXX\nX   X    X\nX   XXX  X\nX        X\nX   XX   X\nXX XXXX XX\nX   XX   X\nX   XX   X\nXeo      X\nX   XX   X\nXX XXXX XX\nX \u221e XX   X\nX   XX   X\nX        X\nX  HXX   X\nXX XXXX XX\nXb bXX   X\nX   XX   X\nX   XX   X\nXXXXXXXXXX\n", "Health: 3 X: 3 Y: 13\nXXXXXXXXXX\nX   X    X\nX   XXX  X\nX        X\nX   XX   X\nXX XXXX XX\nX   XX   X\nX   XX   X\nXe       X\nX o XX   X\nXX XXXX XX\nX \u221e XX   X\nX   XX   X\nX  H     X\nX   XX   X\nXX XXXX XX\nXb bXX   X\nX   XX   X\nX   XX   X\nXXXXXXXXXX\n", "Health: 3 X: 4 Y: 13\nXXXXXXXXXX\nX   X    X\nX   XXX  X\nX        X\nX   XX   X\nXX XXXX XX\nX   XX   X\nX   XX   X\nXe       X\nX o XX   X\nXX XXXX XX\nX \u221emXX   X\nX   XX   X\nX   H    X\nX   XX   X\nXX XXXX XX\nXb bXX   X\nX   XX   X\nX   XX   X\nXXXXXXXXXX\n", "Health: 3 X: 5 Y: 13\nXXXXXXXXXX\nX   X    X\nX   XXX  X\nX        X\nX   XX   X\nXX XXXX XX\nX   XX   X\nX   XX   X\nXe       X\nX o XX   X\nXX XXXX XX\nX \u221e XX   X\nX  mXX   X\nX    H   X\nX   XX   X\nXX XXXX XX\nXb bXX   X\nX   XX   X\nX   XX   X\nXXXXXXXXXX\n", "Health: 3 X: 6 Y: 13\nXXXXXXXXXX\nX   X    X\nX   XXX  X\nX        X\nX   XX   X\nXX XXXX XX\nX   XX   X\nX   XX   X\nXe       X\nX o XX   X\nXX XXXX XX\nX \u221e XX   X\nX   XX   X\nX  m  H  X\nX   XX   X\nXX XXXX XX\nXb bXX   X\nX   XX   X\nX   XX   X\nXXXXXXXXXX\n", "Health: 3 X: 7 Y: 13\nXXXXXXXXXX\nX   X    X\nX   XXX  X\nX        X\nX   XX   X\nXX XXXX XX\nX   XX   X\nX   XX   X\nXe       X\nX o XX   X\nXX XXXX XX\nX \u221e XX   X\nX   XX   X\nX   m    X\nX   XX   X\nXX XXXX XX\nXb bXX   X\nX   XX   X\nX   XX   X\nXXXXXXXXXX\n", "Health: 3 X: 7 Y: 12\nXXXXXXXXXX\nX   X    X\nX   XXX  X\nX        X\nX   XX   X\nXX XXXX XX\nX   XX   X\nX   XX   X\nXe       X\nX o XX   X\nXX XXXX XX\nX \u221e XX   X\nX   XX H X\nX    m   X\nX   XX   X\nXX XXXX XX\nXb bXX   X\nX   XX   X\nX   XX   X\nXXXXXXXXXX\n", "Health: 3 X: 7 Y: 11\nXXXXXXXXXX\nX   X    X\nX   XXX  X\nX        X\nX   XX   X\nXX XXXX XX\nX   XX   X\nX   XX   X\nXe       X\nX o XX   X\nXX XXXX XX\nX \u221e XX H X\nX   XX   X\nX     m  X\nX   XX   X\nXX XXXX XX\nXb bXX   X\nX   XX   X\nX   XX   X\nXXXXXXXXXX\n", "Health: 3 X: 7 Y: 10\nXXXXXXXXXX\nX   X    X\nX   XXX  X\nX        X\nX   XX   X\nXX XXXX XX\nX   XX   X\nX   XX   X\nXe       X\nX o XX   X\nXX XXXXHXX\nX \u221e XX   X\nX   XXm  X\nX        X\nX   XX   X\nXX XXXX XX\nXb bXX   X\nX   XX   X\nX   XX   X\nXXXXXXXXXX\n", "Health: 3 X: 7 Y: 9\nXXXXXXXXXX\nX   X    X\nX   XXX  X\nX        X\nX   XX   X\nXX XXXX XX\nX   XX   X\nX   XX   X\nXe       X\nX o XX H X\nXX XXXX XX\nX \u221e XXm  X\nX   XX   X\nX        X\nX   XX   X\nXX XXXX XX\nXb bXX   X\nX   XX   X\nX   XX   X\nXXXXXXXXXX\n", "Health: 3 X: 7 Y: 8\nXXXXXXXXXX\nX   X    X\nX   XXX  X\nX        X\nX   XX   X\nXX XXXX XX\nX   XX   X\nX   XX   X\nXe     H X\nX o XX   X\nXX XXXX XX\nX \u221e XX m X\nX   XX   X\nX        X\nX   XX   X\nXX XXXX XX\nXb bXX   X\nX   XX   X\nX   XX   X\nXXXXXXXXXX\n", "Health: 3 X: 7 Y: 7\nXXXXXXXXXX\nX   X    X\nX   XXX  X\nX        X\nX   XX   X\nXX XXXX XX\nX   XX   X\nX   XX H X\nXeo      X\nX   XX   X\nXX XXXXmXX\nX \u221e XX   X\nX   XX   X\nX        X\nX   XX   X\nXX XXXX XX\nXb bXX   X\nX   XX   X\nX   XX   X\nXXXXXXXXXX\n", "Health: 3 X: 7 Y: 6\nXXXXXXXXXX\nX   X    X\nX   XXX  X\nX        X\nX   XX   X\nXX XXXX XX\nX   XX   X\nX   XX   X\nXeo      X\nX   XX m X\nXX XXXX XX\nX \u221e XX   X\nX   XX   X\nX        X\nX   XX   X\nXX XXXX XX\nXb bXX   X\nX   XX   X\nX   XX   X\nXXXXXXXXXX\n", "Health: 3 X: 7 Y: 7\nXXXXXXXXXX\nX   X    X\nX   XXX  X\nX        X\nX   XX   X\nXX XXXX XX\nX   XX   X\nX   XX H X\nXeo    m X\nX   XX   X\nXX XXXX XX\nX \u221e XX   X\nX   XX   X\nX        X\nX   XX   X\nXX XXXX XX\nXb bXX   X\nX   XX   X\nX   XX   X\nXXXXXXXXXX\n", "Health: 2 X: 7 Y: 8\nXXXXXXXXXX\nX   X    X\nX   XXX  X\nX        X\nX   XX   X\nXX XXXX XX\nX   XX   X\nX   XX   X\nXe o   m X\nX   XX   X\nXX XXXX XX\nX \u221e XX   X\nX   XX   X\nX        X\nX   XX   X\nXX XXXX XX\nXb bXX   X\nX   XX   X\nX   XX   X\nXXXXXXXXXX\n", "Health: 2 X: 7 Y: 9\nXXXXXXXXXX\nX   X    X\nX   XXX  X\nX        X\nX   XX   X\nXX XXXX XX\nX   XX   X\nX   XX   X\nXe o   m X\nX   XX H X\nXX XXXX XX\nX \u221e XX   X\nX   XX   X\nX        X\nX   XX   X\nXX XXXX XX\nXb bXX   X\nX   XX   X\nX   XX   X\nXXXXXXXXXX\n", "Health: 2 X: 7 Y: 10\nXXXXXXXXXX\nX   X    X\nX   XXX  X\nX        X\nX   XX   X\nXX XXXX XX\nX   XX   X\nX   XX   X\nXe o   m X\nX   XX   X\nXX XXXXHXX\nX \u221e XX   X\nX   XX   X\nX        X\nX   XX   X\nXX XXXX XX\nXb bXX   X\nX   XX   X\nX   XX   X\nXXXXXXXXXX\n", "Health: 2 X: 7 Y: 9\nXXXXXXXXXX\nX   X    X\nX   XXX  X\nX        X\nX   XX   X\nXX XXXX XX\nX   XX   X\nX   XX   X\nXe o   m X\nX   XX H X\nXX XXXX XX\nX \u221e XX   X\nX   XX   X\nX        X\nX   XX   X\nXX XXXX XX\nXb bXX   X\nX   XX   X\nX   XX   X\nXXXXXXXXXX\n", "Health: 2 X: 6 Y: 9\nXXXXXXXXXX\nX   X    X\nX   XXX  X\nX        X\nX   XX   X\nXX XXXX XX\nX   XX   X\nX   XX   X\nXe o   m X\nX   XXH  X\nXX XXXX XX\nX \u221e XX   X\nX   XX   X\nX        X\nX   XX   X\nXX XXXX XX\nXb bXX   X\nX   XX   X\nX   XX   X\nXXXXXXXXXX\n", "Health: 1 X: 6 Y: 8\nXXXXXXXXXX\nX   X    X\nX   XXX  X\nX        X\nX   XX   X\nXX XXXX XX\nX   XX   X\nX   XX   X\nXe  o Hm X\nX   XX   X\nXX XXXX XX\nX \u221e XX   X\nX   XX   X\nX        X\nX   XX   X\nXX XXXX XX\nXb bXX   X\nX   XX   X\nX   XX   X\nXXXXXXXXXX\n", "Health: -1 X: 5 Y: 8\nXXXXXXXXXX\nX   X    X\nX   XXX  X\nX        X\nX   XX   X\nXX XXXX XX\nX   XX   X\nX   XX   X\nXe   o m X\nX   XX   X\nXX XXXX XX\nX \u221e XX   X\nX   XX   X\nX        X\nX   XX   X\nXX XXXX XX\nXb bXX   X\nX   XX   X\nX   XX   X\nXXXXXXXXXX\n"], "map_number": 101}], "timestamp": "11-Aug-2021 05:42:05.767572", "ip": "157.41.144.99"}