{"Q1": "Never", "Q2": "Never", "Q3": "Never", "Q4": "Never", "Q5": "Never", "Q6": "Never", "Q7": "Never", "Q8": "Never", "Q9": "Never", "Q10": "Never", "results": [{"mechanics": [{"timestep": 4, "mechanic": "ReachStairs"}], "frequencies": {"ReachStairs": 1}, "levelReport": {"utilityGained": 0.0, "exitUtility": 1.0, "runnerUtility": 0.95, "loitererUtility": 5.0, "completionistUtility": 0.3333333333333333, "monsterKillerUtility": 0.39999999999999997, "treasureCollectorUtility": 0.3, "turnsTaken": 5, "health": 10, "healthLost": 0, "alive": true, "javelinsThrown": 0, "monsterKills": 1, "minitaurKnockouts": 1, "treasuresCollected": 0, "potionsTaken": 0, "totalMonsters": 8, "totalTreasures": 7, "totalPotions": 2, "timeTaken": 0.0}, "positions": [{"X": 4, "Y": 10}, {"X": 3, "Y": 10}, {"X": 2, "Y": 10}, {"X": 1, "Y": 10}, {"X": 1, "Y": 9}], "levelStates": ["Health: 10 X: 4 Y: 10\nXXXXXXXXXX\nX   m    X\nX XXXXXX X\nXR      RX\nXXXX  XXXX\nX     M  X\nX  M     X\nX      M X\nXXX    XXX\nXe      PX\nX   H   PX\nXXXXX XXXX\nX     X TX\nX XXXXX XX\nX        X\nXXXXXX XXX\nXTTX   XTX\nXTTXX XXTX\nX    b   X\nXXXXXXXXXX\n", "Health: 10 X: 3 Y: 10\nXXXXXXXXXX\nX   m    X\nX XXXXXX X\nXR      RX\nXXXX  XXXX\nX    M   X\nX        X\nX  M  M  X\nXXX    XXX\nXe      PX\nX  H    PX\nXXXXX XXXX\nX     X TX\nX XXXXX XX\nX        X\nXXXXXX XXX\nXTTX   XTX\nXTTXX XXTX\nX    b   X\nXXXXXXXXXX\n", "Health: 10 X: 2 Y: 10\nXXXXXXXXXX\nX   m    X\nX XXXXXX X\nXR      RX\nXXXX  XXXX\nX        X\nX    M   X\nX    M   X\nXXXM   XXX\nXe      PX\nX H     PX\nXXXXX XXXX\nX     X TX\nX XXXXX XX\nX        X\nXXXXXX XXX\nXTTX   XTX\nXTTXX XXTX\nX    b   X\nXXXXXXXXXX\n", "Health: 10 X: 1 Y: 10\nXXXXXXXXXX\nX   m    X\nX XXXXXX X\nXR      RX\nXXXX  XXXX\nX        X\nX   M    X\nX   M    X\nXXX    XXX\nXe M    PX\nXH      PX\nXXXXX XXXX\nX     X TX\nX XXXXX XX\nX        X\nXXXXXX XXX\nXTTX   XTX\nXTTXX XXTX\nX    b   X\nXXXXXXXXXX\n", "Health: 10 X: 1 Y: 9\nXXXXXXXXXX\nX   m    X\nX XXXXXX X\nXR      RX\nXXXX  XXXX\nX        X\nX   M    X\nX   M    X\nXXX    XXX\nXeM     PX\nX       PX\nXXXXX XXXX\nX     X TX\nX XXXXX XX\nX        X\nXXXXXX XXX\nXTTX   XTX\nXTTXX XXTX\nX    b   X\nXXXXXXXXXX\n"], "map_number": 102}, {"mechanics": [{"timestep": 3, "mechanic": "OgreTreasure"}, {"timestep": 5, "mechanic": "CollectTreasure"}, {"timestep": 6, "mechanic": "MinitaurHit"}, {"timestep": 7, "mechanic": "MinitaurHit"}, {"timestep": 8, "mechanic": "CollectTreasure"}, {"timestep": 9, "mechanic": "MinitaurHit"}, {"timestep": 24, "mechanic": "ReachStairs"}], "frequencies": {"OgreTreasure": 1, "CollectTreasure": 2, "MinitaurHit": 3, "ReachStairs": 1}, "levelReport": {"utilityGained": 0.0, "exitUtility": 1.0, "runnerUtility": 0.75, "loitererUtility": 25.0, "completionistUtility": 0.3466666666666667, "monsterKillerUtility": 0.3, "treasureCollectorUtility": 0.43999999999999995, "turnsTaken": 25, "health": 9, "healthLost": 1, "alive": true, "javelinsThrown": 0, "monsterKills": 0, "minitaurKnockouts": 1, "treasuresCollected": 2, "potionsTaken": 0, "totalMonsters": 5, "totalTreasures": 10, "totalPotions": 1, "timeTaken": 0.0}, "positions": [{"X": 5, "Y": 2}, {"X": 5, "Y": 3}, {"X": 5, "Y": 4}, {"X": 5, "Y": 3}, {"X": 4, "Y": 3}, {"X": 3, "Y": 3}, {"X": 4, "Y": 3}, {"X": 5, "Y": 3}, {"X": 6, "Y": 3}, {"X": 5, "Y": 3}, {"X": 5, "Y": 4}, {"X": 5, "Y": 5}, {"X": 5, "Y": 6}, {"X": 5, "Y": 7}, {"X": 5, "Y": 8}, {"X": 5, "Y": 9}, {"X": 5, "Y": 10}, {"X": 5, "Y": 11}, {"X": 5, "Y": 12}, {"X": 5, "Y": 13}, {"X": 5, "Y": 14}, {"X": 5, "Y": 15}, {"X": 5, "Y": 16}, {"X": 5, "Y": 17}, {"X": 5, "Y": 18}], "levelStates": ["Health: 10 X: 5 Y: 2\nXXXXXXXXXX\nX m   tTTX\nXXXXXHXXXX\nXX T  T  X\nXX XX XX X\nX   X X oX\nX   X X  X\nX  bX XT X\nXX XX XXTX\nX P X X  X\nXX XX XTXX\nX  TX X TX\nX M X X TX\nX   X X  X\nXX XX XTXX\nX R X X  X\nX   X XXTX\nX XXX X  X\nX    e   X\nXXXXXXXXXX\n", "Health: 10 X: 5 Y: 3\nXXXXXXXXXX\nX  m  tTTX\nXXXXX XXXX\nXX T HT  X\nXX XX XX X\nX   X Xo X\nX   X X  X\nX  bX XT X\nXX XX XXTX\nX P X X  X\nXX XX XTXX\nX  TX X TX\nX M X X TX\nX   X X  X\nXX XX XTXX\nX R X X  X\nX   X XXTX\nX XXX X  X\nX    e   X\nXXXXXXXXXX\n", "Health: 10 X: 5 Y: 4\nXXXXXXXXXX\nX   m tTTX\nXXXXX XXXX\nXX T  T  X\nXX XXHXX X\nX   X X  X\nX   X Xo X\nX  bX XT X\nXX XX XXTX\nX P X X  X\nXX XX XTXX\nX  TX X TX\nX M X X TX\nX   X X  X\nXX XX XTXX\nX R X X  X\nX   X XXTX\nX XXX X  X\nX    e   X\nXXXXXXXXXX\n", "Health: 10 X: 5 Y: 3\nXXXXXXXXXX\nX    mtTTX\nXXXXX XXXX\nXX T HT  X\nXX XX XX X\nX   X X  X\nX   X X  X\nX  bX X  X\nXX XX XXTX\nX P X X  X\nXX XX XTXX\nX  TX X TX\nX M X X TX\nX   X X  X\nXX XX XTXX\nX R X X  X\nX   X XXTX\nX XXX X  X\nX    e   X\nXXXXXXXXXX\n", "Health: 10 X: 4 Y: 3\nXXXXXXXXXX\nX     tTTX\nXXXXXmXXXX\nXX TH T  X\nXX XX XX X\nX   X X  X\nX   X X  X\nX  bX X  X\nXX XX XXTX\nX P X X  X\nXX XX XTXX\nX  TX X TX\nX M X X TX\nX   X X  X\nXX XX XTXX\nX R X X  X\nX   X XXTX\nX XXX X  X\nX    e   X\nXXXXXXXXXX\n", "Health: 10 X: 3 Y: 3\nXXXXXXXXXX\nX     tTTX\nXXXXX XXXX\nXX   mT  X\nXX XX XX X\nX   X X  X\nX   X X  X\nX  bX X  X\nXX XX XXTX\nX P X X  X\nXX XX XTXX\nX  TX X TX\nX M X X TX\nX   X X  X\nXX XX XTXX\nX R X X  X\nX   X XXTX\nX XXX X  X\nX    e   X\nXXXXXXXXXX\n", "Health: 9 X: 4 Y: 3\nXXXXXXXXXX\nX     tTTX\nXXXXX XXXX\nXX  HmT  X\nXX XX XX X\nX   X X  X\nX   X X  X\nX  bX X  X\nXX XX XXTX\nX P X X  X\nXX XX XTXX\nX  TX X TX\nX M X X TX\nX   X X  X\nXX XX XTXX\nX R X X  X\nX   X XXTX\nX XXX X  X\nX    e   X\nXXXXXXXXXX\n", "Health: 9 X: 5 Y: 3\nXXXXXXXXXX\nX     tTTX\nXXXXX XXXX\nXX   mT  X\nXX XX XX X\nX   X X  X\nX   X X  X\nX  bX X  X\nXX XX XXTX\nX P X X  X\nXX XX XTXX\nX  TX X TX\nX M X X TX\nX   X X  X\nXX XX XTXX\nX R X X  X\nX   X XXTX\nX XXX X  X\nX    e   X\nXXXXXXXXXX\n", "Health: 9 X: 6 Y: 3\nXXXXXXXXXX\nX     tTTX\nXXXXX XXXX\nXX   m   X\nXX XX XX X\nX   X X  X\nX   X X  X\nX  bX X  X\nXX XX XXTX\nX P X X  X\nXX XX XTXX\nX  TX X TX\nX M X X TX\nX   X X  X\nXX XX XTXX\nX R X X  X\nX   X XXTX\nX XXX X  X\nX    e   X\nXXXXXXXXXX\n", "Health: 9 X: 5 Y: 3\nXXXXXXXXXX\nX     tTTX\nXXXXX XXXX\nXX   m   X\nXX XX XX X\nX   X X  X\nX   X X  X\nX  bX X  X\nXX XX XXTX\nX P X X  X\nXX XX XTXX\nX  TX X TX\nX M X X TX\nX   X X  X\nXX XX XTXX\nX R X X  X\nX   X XXTX\nX XXX X  X\nX    e   X\nXXXXXXXXXX\n", "Health: 9 X: 5 Y: 4\nXXXXXXXXXX\nX     tTTX\nXXXXX XXXX\nXX   m   X\nXX XXHXX X\nX   X X  X\nX   X X  X\nX  bX X  X\nXX XX XXTX\nX P X X  X\nXX XX XTXX\nX  TX X TX\nX M X X TX\nX   X X  X\nXX XX XTXX\nX R X X  X\nX   X XXTX\nX XXX X  X\nX    e   X\nXXXXXXXXXX\n", "Health: 9 X: 5 Y: 5\nXXXXXXXXXX\nX     tTTX\nXXXXX XXXX\nXX   m   X\nXX XX XX X\nX   XHX  X\nX   X X  X\nX  bX X  X\nXX XX XXTX\nX P X X  X\nXX XX XTXX\nX  TX X TX\nX M X X TX\nX   X X  X\nXX XX XTXX\nX R X X  X\nX   X XXTX\nX XXX X  X\nX    e   X\nXXXXXXXXXX\n", "Health: 9 X: 5 Y: 6\nXXXXXXXXXX\nX     tTTX\nXXXXX XXXX\nXX       X\nXX XXmXX X\nX   X X  X\nX   XHX  X\nX  bX X  X\nXX XX XXTX\nX P X X  X\nXX XX XTXX\nX  TX X TX\nX M X X TX\nX   X X  X\nXX XX XTXX\nX R X X  X\nX   X XXTX\nX XXX X  X\nX    e   X\nXXXXXXXXXX\n", "Health: 9 X: 5 Y: 7\nXXXXXXXXXX\nX     tTTX\nXXXXX XXXX\nXX       X\nXX XX XX X\nX   XmX  X\nX   X X  X\nX  bXHX  X\nXX XX XXTX\nX P X X  X\nXX XX XTXX\nX  TX X TX\nX M X X TX\nX   X X  X\nXX XX XTXX\nX R X X  X\nX   X XXTX\nX XXX X  X\nX    e   X\nXXXXXXXXXX\n", "Health: 9 X: 5 Y: 8\nXXXXXXXXXX\nX     tTTX\nXXXXX XXXX\nXX       X\nXX XX XX X\nX   X X  X\nX   XmX  X\nX  bX X  X\nXX XXHXXTX\nX P X X  X\nXX XX XTXX\nX  TX X TX\nX M X X TX\nX   X X  X\nXX XX XTXX\nX R X X  X\nX   X XXTX\nX XXX X  X\nX    e   X\nXXXXXXXXXX\n", "Health: 9 X: 5 Y: 9\nXXXXXXXXXX\nX     tTTX\nXXXXX XXXX\nXX       X\nXX XX XX X\nX   X X  X\nX   X X  X\nX  bXmX  X\nXX XX XXTX\nX P XHX  X\nXX XX XTXX\nX  TX X TX\nX M X X TX\nX   X X  X\nXX XX XTXX\nX R X X  X\nX   X XXTX\nX XXX X  X\nX    e   X\nXXXXXXXXXX\n", "Health: 9 X: 5 Y: 10\nXXXXXXXXXX\nX     tTTX\nXXXXX XXXX\nXX       X\nXX XX XX X\nX   X X  X\nX   X X  X\nX  bX X  X\nXX XXmXXTX\nX P X X  X\nXX XXHXTXX\nX  TX X TX\nX M X X TX\nX   X X  X\nXX XX XTXX\nX R X X  X\nX   X XXTX\nX XXX X  X\nX    e   X\nXXXXXXXXXX\n", "Health: 9 X: 5 Y: 11\nXXXXXXXXXX\nX     tTTX\nXXXXX XXXX\nXX       X\nXX XX XX X\nX   X X  X\nX   X X  X\nX  bX X  X\nXX XX XXTX\nX P XmX  X\nXX XX XTXX\nX  TXHX TX\nX M X X TX\nX   X X  X\nXX XX XTXX\nX R X X  X\nX   X XXTX\nX XXX X  X\nX    e   X\nXXXXXXXXXX\n", "Health: 9 X: 5 Y: 12\nXXXXXXXXXX\nX     tTTX\nXXXXX XXXX\nXX       X\nXX XX XX X\nX   X X  X\nX   X X  X\nX  bX X  X\nXX XX XXTX\nX P X X  X\nXX XXmXTXX\nX  TX X TX\nX M XHX TX\nX   X X  X\nXX XX XTXX\nX R X X  X\nX   X XXTX\nX XXX X  X\nX    e   X\nXXXXXXXXXX\n", "Health: 9 X: 5 Y: 13\nXXXXXXXXXX\nX     tTTX\nXXXXX XXXX\nXX       X\nXX XX XX X\nX   X X  X\nX   X X  X\nX  bX X  X\nXX XX XXTX\nX P X X  X\nXX XX XTXX\nX  TXmX TX\nX M X X TX\nX   XHX  X\nXX XX XTXX\nX R X X  X\nX   X XXTX\nX XXX X  X\nX    e   X\nXXXXXXXXXX\n", "Health: 9 X: 5 Y: 14\nXXXXXXXXXX\nX     tTTX\nXXXXX XXXX\nXX       X\nXX XX XX X\nX   X X  X\nX   X X  X\nX  bX X  X\nXX XX XXTX\nX P X X  X\nXX XX XTXX\nX  TX X TX\nX M XmX TX\nX   X X  X\nXX XXHXTXX\nX R X X  X\nX   X XXTX\nX XXX X  X\nX    e   X\nXXXXXXXXXX\n", "Health: 9 X: 5 Y: 15\nXXXXXXXXXX\nX     tTTX\nXXXXX XXXX\nXX       X\nXX XX XX X\nX   X X  X\nX   X X  X\nX  bX X  X\nXX XX XXTX\nX P X X  X\nXX XX XTXX\nX  TX X TX\nX M X X TX\nX   XmX  X\nXX XX XTXX\nX R XHX  X\nX   X XXTX\nX XXX X  X\nX    e   X\nXXXXXXXXXX\n", "Health: 9 X: 5 Y: 16\nXXXXXXXXXX\nX     tTTX\nXXXXX XXXX\nXX       X\nXX XX XX X\nX   X X  X\nX   X X  X\nX  bX X  X\nXX XX XXTX\nX P X X  X\nXX XX XTXX\nX  TX X TX\nX M X X TX\nX   X X  X\nXX XXmXTXX\nX R X X  X\nX   XHXXTX\nX XXX X  X\nX    e   X\nXXXXXXXXXX\n", "Health: 9 X: 5 Y: 17\nXXXXXXXXXX\nX     tTTX\nXXXXX XXXX\nXX       X\nXX XX XX X\nX   X X  X\nX   X X  X\nX  bX X  X\nXX XX XXTX\nX P X X  X\nXX XX XTXX\nX  TX X TX\nX M X X TX\nX   X X  X\nXX XX XTXX\nX R XmX  X\nX   X XXTX\nX XXXHX  X\nX    e   X\nXXXXXXXXXX\n", "Health: 9 X: 5 Y: 18\nXXXXXXXXXX\nX     tTTX\nXXXXX XXXX\nXX       X\nXX XX XX X\nX   X X  X\nX   X X  X\nX  bX X  X\nXX XX XXTX\nX P X X  X\nXX XX XTXX\nX  TX X TX\nX M X X TX\nX   X X  X\nXX XX XTXX\nX R X X  X\nX   XmXXTX\nX XXX X  X\nX    e   X\nXXXXXXXXXX\n"], "map_number": 100}, {"mechanics": [{"timestep": 2, "mechanic": "MinitaurHit"}, {"timestep": 3, "mechanic": "MinitaurHit"}, {"timestep": 6, "mechanic": "UsePortal"}, {"timestep": 10, "mechanic": "ReachStairs"}], "frequencies": {"MinitaurHit": 2, "UsePortal": 1, "ReachStairs": 1}, "levelReport": {"utilityGained": 0.0, "exitUtility": 1.0, "runnerUtility": 0.89, "loitererUtility": 11.0, "completionistUtility": 0.3, "monsterKillerUtility": 0.3, "treasureCollectorUtility": 0.3, "turnsTaken": 11, "health": 9, "healthLost": 1, "alive": true, "javelinsThrown": 0, "monsterKills": 0, "minitaurKnockouts": 1, "treasuresCollected": 0, "potionsTaken": 0, "totalMonsters": 7, "totalTreasures": 8, "totalPotions": 2, "timeTaken": 0.0}, "positions": [{"X": 8, "Y": 2}, {"X": 8, "Y": 1}, {"X": 7, "Y": 1}, {"X": 6, "Y": 1}, {"X": 5, "Y": 1}, {"X": 4, "Y": 1}, {"X": 1, "Y": 17}, {"X": 2, "Y": 17}, {"X": 3, "Y": 17}, {"X": 4, "Y": 17}, {"X": 5, "Y": 17}], "levelStates": ["Health: 10 X: 8 Y: 2\nXXXXXXXXXX\nXXXT m   X\nXXXXXXXXHX\nX    b   X\nX XX XXXXX\nX XX XXXXX\nX MX XT tX\nX XX XTX X\nX XX XTX X\nX MX XTX X\nX XX XXX X\nX P o  P X\nX XXXXXX X\nXTX RR XTX\nX X    X X\nX XX  XX X\nX   TT   X\nXT   e   X\nXXXXXXXXXX\n", "Health: 10 X: 8 Y: 1\nXXXXXXXXXX\nXXXT  m HX\nXXXXXXXX X\nX    b   X\nX XX XXXXX\nX XX XXXXX\nX MX XT tX\nX XX XTX X\nX XX XTX X\nX MX XTX X\nX XX XXX X\nX P o  P X\nX XXXXXX X\nXTX RR XTX\nX X    X X\nX XX  XX X\nX   TT   X\nXT   e   X\nXXXXXXXXXX\n", "Health: 9 X: 7 Y: 1\nXXXXXXXXXX\nXXXT  mH X\nXXXXXXXX X\nX    b   X\nX XX XXXXX\nX XX XXXXX\nX MX XT tX\nX XX XTX X\nX XX XTX X\nX MX XTX X\nX XX XXX X\nX P o  P X\nX XXXXXX X\nXTX RR XTX\nX X    X X\nX XX  XX X\nX   TT   X\nXT   e   X\nXXXXXXXXXX\n", "Health: 9 X: 6 Y: 1\nXXXXXXXXXX\nXXXT  m  X\nXXXXXXXX X\nX    b   X\nX XX XXXXX\nX XX XXXXX\nX MX XT tX\nX XX XTX X\nX XX XTX X\nX MX XTX X\nX XX XXX X\nX P o  P X\nX XXXXXX X\nXTX RR XTX\nX X    X X\nX XX  XX X\nX   TT   X\nXT   e   X\nXXXXXXXXXX\n", "Health: 9 X: 5 Y: 1\nXXXXXXXXXX\nXXXT Hm  X\nXXXXXXXX X\nX    b   X\nX XX XXXXX\nX XX XXXXX\nX MX XT tX\nX XX XTX X\nX XX XTX X\nX MX XTX X\nX XX XXX X\nX P o  P X\nX XXXXXX X\nXTX RR XTX\nX X    X X\nX XX  XX X\nX   TT   X\nXT   e   X\nXXXXXXXXXX\n", "Health: 9 X: 4 Y: 1\nXXXXXXXXXX\nXXXTH m  X\nXXXXXXXX X\nX    b   X\nX XX XXXXX\nX XX XXXXX\nX MX XT tX\nX XX XTX X\nX XX XTX X\nX MX XTX X\nX XX XXX X\nX P o  P X\nX XXXXXX X\nXTX RR XTX\nX X    X X\nX XX  XX X\nX   TT   X\nXT   e   X\nXXXXXXXXXX\n", "Health: 9 X: 1 Y: 17\nXXXXXXXXXX\nXXXT  m  X\nXXXXXXXX X\nX    b   X\nX XX XXXXX\nX XX XXXXX\nX MX XT tX\nX XX XTX X\nX XX XTX X\nX MX XTX X\nX XX XXX X\nX P o  P X\nX XXXXXX X\nXTX RR XTX\nX X    X X\nX XX  XX X\nX   TT   X\nXT   e   X\nXXXXXXXXXX\n", "Health: 9 X: 2 Y: 17\nXXXXXXXXXX\nXXXT  m  X\nXXXXXXXX X\nX    b   X\nX XX XXXXX\nX XX XXXXX\nX MX XT tX\nX XX XTX X\nX XX XTX X\nX MX XTX X\nX XX XXX X\nX P o  P X\nX XXXXXX X\nXTX RR XTX\nX X    X X\nX XX  XX X\nX   TT   X\nXTH  e   X\nXXXXXXXXXX\n", "Health: 9 X: 3 Y: 17\nXXXXXXXXXX\nXXXT   m X\nXXXXXXXX X\nX    b   X\nX XX XXXXX\nX XX XXXXX\nX MX XT tX\nX XX XTX X\nX XX XTX X\nX MX XTX X\nX XX XXX X\nX P o  P X\nX XXXXXX X\nXTX RR XTX\nX X    X X\nX XX  XX X\nX   TT   X\nXT H e   X\nXXXXXXXXXX\n", "Health: 9 X: 4 Y: 17\nXXXXXXXXXX\nXXXT    mX\nXXXXXXXX X\nX    b   X\nX XX XXXXX\nX XX XXXXX\nX MX XT tX\nX XX XTX X\nX XX XTX X\nX MX XTX X\nX XX XXX X\nX P o  P X\nX XXXXXX X\nXTX R  XTX\nX X R  X X\nX XX  XX X\nX   TT   X\nXT  He   X\nXXXXXXXXXX\n", "Health: 9 X: 5 Y: 17\nXXXXXXXXXX\nXXXT     X\nXXXXXXXXmX\nX    b   X\nX XX XXXXX\nX XX XXXXX\nX MX XT tX\nX XX XTX X\nX XX XTX X\nX MX XTX X\nX XX XXX X\nX P o  P X\nX XXXXXX X\nXTX  R XTX\nX X  R X X\nX XX  XX X\nX   TT   X\nXT   e   X\nXXXXXXXXXX\n"], "map_number": 201}], "timestamp": "11-Aug-2021 04:09:07.352941", "ip": "97.82.112.156"}