{"Q1": "Once a week", "Q2": "Often", "Q3": "Sometimes", "Q4": "Often", "Q5": "Always", "Q6": "Often", "Q7": "Sometimes", "Q8": "Sometimes", "Q9": "Often", "Q10": "Always", "results": [{"mechanics": [{"timestep": 3, "mechanic": "MinitaurHit"}, {"timestep": 4, "mechanic": "MinitaurHit"}, {"timestep": 8, "mechanic": "UsePortal"}, {"timestep": 12, "mechanic": "CollectTreasure"}, {"timestep": 12, "mechanic": "GoblinRangedHit"}, {"timestep": 13, "mechanic": "CollectTreasure"}, {"timestep": 13, "mechanic": "GoblinRangedHit"}, {"timestep": 14, "mechanic": "GoblinRangedHit"}, {"timestep": 14, "mechanic": "GoblinRangedHit"}, {"timestep": 15, "mechanic": "GoblinRangedHit"}, {"timestep": 15, "mechanic": "GoblinRangedHit"}, {"timestep": 16, "mechanic": "GoblinRangedHit"}, {"timestep": 16, "mechanic": "GoblinRangedHit"}, {"timestep": 17, "mechanic": "GoblinRangedHit"}, {"timestep": 24, "mechanic": "ReachStairs"}], "frequencies": {}, "levelReport": {"utilityGained": 0.0, "exitUtility": 0.0, "runnerUtility": 0.21875, "loitererUtility": 0.0, "completionistUtility": 0.065625, "monsterKillerUtility": 0.065625, "treasureCollectorUtility": 0.065625, "turnsTaken": 0, "health": 10, "healthLost": 0, "alive": true, "javelinsThrown": 0, "monsterKills": 0, "minitaurKnockouts": 0, "treasuresCollected": 0, "potionsTaken": 0, "totalMonsters": 7, "totalTreasures": 8, "totalPotions": 2, "timeTaken": 0.0}, "positions": [{"X": 4, "Y": 10}, {"X": 3, "Y": 10}, {"X": 4, "Y": 10}, {"X": 5, "Y": 10}, {"X": 6, "Y": 10}, {"X": 5, "Y": 10}, {"X": 5, "Y": 11}, {"X": 5, "Y": 12}, {"X": 4, "Y": 12}, {"X": 3, "Y": 12}, {"X": 2, "Y": 12}, {"X": 1, "Y": 12}, {"X": 1, "Y": 13}, {"X": 1, "Y": 14}, {"X": 2, "Y": 14}, {"X": 3, "Y": 14}, {"X": 4, "Y": 14}, {"X": 5, "Y": 14}, {"X": 6, "Y": 14}, {"X": 7, "Y": 14}, {"X": 8, "Y": 14}, {"X": 7, "Y": 14}, {"X": 7, "Y": 13}, {"X": 7, "Y": 12}, {"X": 8, "Y": 12}, {"X": 7, "Y": 12}, {"X": 7, "Y": 13}, {"X": 7, "Y": 14}, {"X": 6, "Y": 14}, {"X": 6, "Y": 15}, {"X": 6, "Y": 16}, {"X": 5, "Y": 16}, {"X": 4, "Y": 16}, {"X": 5, "Y": 16}, {"X": 5, "Y": 17}, {"X": 5, "Y": 18}, {"X": 6, "Y": 18}, {"X": 7, "Y": 18}, {"X": 8, "Y": 18}, {"X": 8, "Y": 17}, {"X": 8, "Y": 16}, {"X": 8, "Y": 17}, {"X": 8, "Y": 18}, {"X": 7, "Y": 18}, {"X": 6, "Y": 18}, {"X": 5, "Y": 18}, {"X": 4, "Y": 18}, {"X": 3, "Y": 18}, {"X": 2, "Y": 18}, {"X": 1, "Y": 18}, {"X": 1, "Y": 17}, {"X": 1, "Y": 16}, {"X": 2, "Y": 16}, {"X": 2, "Y": 17}, {"X": 2, "Y": 18}, {"X": 3, "Y": 18}, {"X": 4, "Y": 18}, {"X": 5, "Y": 18}, {"X": 5, "Y": 17}, {"X": 5, "Y": 16}, {"X": 6, "Y": 16}, {"X": 6, "Y": 15}, {"X": 6, "Y": 14}, {"X": 5, "Y": 14}, {"X": 4, "Y": 14}, {"X": 3, "Y": 14}, {"X": 2, "Y": 14}, {"X": 1, "Y": 14}, {"X": 1, "Y": 13}, {"X": 1, "Y": 12}, {"X": 2, "Y": 12}, {"X": 3, "Y": 12}, {"X": 4, "Y": 12}, {"X": 5, "Y": 12}, {"X": 5, "Y": 11}, {"X": 5, "Y": 10}, {"X": 6, "Y": 10}, {"X": 7, "Y": 10}, {"X": 8, "Y": 10}, {"X": 8, "Y": 9}, {"X": 7, "Y": 9}, {"X": 6, "Y": 9}, {"X": 5, "Y": 9}, {"X": 4, "Y": 9}, {"X": 4, "Y": 8}, {"X": 4, "Y": 7}, {"X": 4, "Y": 6}, {"X": 4, "Y": 5}, {"X": 4, "Y": 4}, {"X": 4, "Y": 3}, {"X": 3, "Y": 3}, {"X": 2, "Y": 3}, {"X": 1, "Y": 3}, {"X": 1, "Y": 2}, {"X": 1, "Y": 1}, {"X": 2, "Y": 1}, {"X": 3, "Y": 1}, {"X": 4, "Y": 1}, {"X": 5, "Y": 1}, {"X": 6, "Y": 1}, {"X": 7, "Y": 1}, {"X": 8, "Y": 1}, {"X": 8, "Y": 2}, {"X": 8, "Y": 3}, {"X": 7, "Y": 3}, {"X": 6, "Y": 3}, {"X": 5, "Y": 3}, {"X": 4, "Y": 3}, {"X": 3, "Y": 3}, {"X": 4, "Y": 3}, {"X": 5, "Y": 3}, {"X": 5, "Y": 4}, {"X": 5, "Y": 5}, {"X": 5, "Y": 6}, {"X": 5, "Y": 7}, {"X": 5, "Y": 8}, {"X": 5, "Y": 9}, {"X": 5, "Y": 10}, {"X": 6, "Y": 10}, {"X": 7, "Y": 10}, {"X": 8, "Y": 10}, {"X": 8, "Y": 9}, {"X": 7, "Y": 9}, {"X": 6, "Y": 9}, {"X": 5, "Y": 9}, {"X": 5, "Y": 8}, {"X": 5, "Y": 9}, {"X": 6, "Y": 9}, {"X": 7, "Y": 9}, {"X": 6, "Y": 9}, {"X": 6, "Y": 8}, {"X": 6, "Y": 7}, {"X": 5, "Y": 7}, {"X": 6, "Y": 7}, {"X": 7, "Y": 7}, {"X": 6, "Y": 7}, {"X": 6, "Y": 8}, {"X": 6, "Y": 9}, {"X": 5, "Y": 9}, {"X": 5, "Y": 10}, {"X": 4, "Y": 10}, {"X": 4, "Y": 9}, {"X": 4, "Y": 8}, {"X": 5, "Y": 8}, {"X": 6, "Y": 8}, {"X": 6, "Y": 7}, {"X": 5, "Y": 7}, {"X": 4, "Y": 7}, {"X": 4, "Y": 8}, {"X": 5, "Y": 8}, {"X": 6, "Y": 8}, {"X": 5, "Y": 8}, {"X": 6, "Y": 8}, {"X": 5, "Y": 8}, {"X": 4, "Y": 8}], "levelStates": ["Health: 10 X: 4 Y: 10\nXXXXXXXXXX\nX   m    X\nX XXXXXX X\nXR      RX\nXXXX  XXXX\nX     M  X\nX  M     X\nX      M X\nXXX    XXX\nXe      PX\nX   H   PX\nXXXXX XXXX\nX     X TX\nX XXXXX XX\nX        X\nXXXXXX XXX\nXTTX   XTX\nXTTXX XXTX\nX    b   X\nXXXXXXXXXX\n", "Health: 10 X: 3 Y: 10\nXXXXXXXXXX\nX   m    X\nX XXXXXX X\nXR      RX\nXXXX  XXXX\nX    M   X\nX        X\nX  M  M  X\nXXX    XXX\nXe      PX\nX  H    PX\nXXXXX XXXX\nX     X TX\nX XXXXX XX\nX        X\nXXXXXX XXX\nXTTX   XTX\nXTTXX XXTX\nX    b   X\nXXXXXXXXXX\n", "Health: 10 X: 4 Y: 10\nXXXXXXXXXX\nX   m    X\nX XXXXXX X\nXR      RX\nXXXX  XXXX\nX   M    X\nX        X\nX   MM   X\nXXX    XXX\nXe      PX\nX   H   PX\nXXXXX XXXX\nX     X TX\nX XXXXX XX\nX        X\nXXXXXX XXX\nXTTX   XTX\nXTTXX XXTX\nX    b   X\nXXXXXXXXXX\n", "Health: 10 X: 5 Y: 10\nXXXXXXXXXX\nX   m    X\nX XXXXXX X\nXR      RX\nXXXX  XXXX\nX    M   X\nX        X\nX    \u221e   X\nXXX    XXX\nXe      PX\nX    H  PX\nXXXXX XXXX\nX     X TX\nX XXXXX XX\nX        X\nXXXXXX XXX\nXTTX   XTX\nXTTXX XXTX\nX    b   X\nXXXXXXXXXX\n", "Health: 10 X: 6 Y: 10\nXXXXXXXXXX\nX   m    X\nX XXXXXX X\nXR      RX\nXXXX  XXXX\nX     M  X\nX        X\nX    \u221e   X\nXXX    XXX\nXe      PX\nX     H PX\nXXXXX XXXX\nX     X TX\nX XXXXX XX\nX        X\nXXXXXX XXX\nXTTX   XTX\nXTTXX XXTX\nX    b   X\nXXXXXXXXXX\n", "Health: 10 X: 5 Y: 10\nXXXXXXXXXX\nX   m    X\nX XXXXXX X\nXR      RX\nXXXX  XXXX\nX    M   X\nX        X\nX    \u221e   X\nXXX    XXX\nXe      PX\nX    H  PX\nXXXXX XXXX\nX     X TX\nX XXXXX XX\nX        X\nXXXXXX XXX\nXTTX   XTX\nXTTXX XXTX\nX    b   X\nXXXXXXXXXX\n", "Health: 10 X: 5 Y: 11\nXXXXXXXXXX\nX   \u221em   X\nX XXXXXX X\nXR      RX\nXXXX  XXXX\nX        X\nX    M   X\nX    \u221e   X\nXXX    XXX\nXe      PX\nX       PX\nXXXXXHXXXX\nX     X TX\nX XXXXX XX\nX        X\nXXXXXX XXX\nXTTX   XTX\nXTTXX XXTX\nX    b   X\nXXXXXXXXXX\n", "Health: 10 X: 5 Y: 12\nXXXXXXXXXX\nX   \u221e m  X\nX XXXXXX X\nXR      RX\nXXXX  XXXX\nX        X\nX        X\nX    \u221e   X\nXXX    XXX\nXe      PX\nX       PX\nXXXXX XXXX\nX    HX TX\nX XXXXX XX\nX        X\nXXXXXX XXX\nXTTX   XTX\nXTTXX XXTX\nX    b   X\nXXXXXXXXXX\n", "Health: 10 X: 4 Y: 12\nXXXXXXXXXX\nX   \u221e  m X\nX XXXXXX X\nXR      RX\nXXXX  XXXX\nX        X\nX        X\nX    \u221e   X\nXXX    XXX\nXe      PX\nX       PX\nXXXXX XXXX\nX   H X TX\nX XXXXX XX\nX        X\nXXXXXX XXX\nXTTX   XTX\nXTTXX XXTX\nX    b   X\nXXXXXXXXXX\n", "Health: 10 X: 3 Y: 12\nXXXXXXXXXX\nX   \u221e   mX\nX XXXXXX X\nXR      RX\nXXXX  XXXX\nX        X\nX        X\nX    \u221e   X\nXXX    XXX\nXe      PX\nX       PX\nXXXXX XXXX\nX  H  X TX\nX XXXXX XX\nX        X\nXXXXXX XXX\nXTTX   XTX\nXTTXX XXTX\nX    b   X\nXXXXXXXXXX\n", "Health: 10 X: 2 Y: 12\nXXXXXXXXXX\nX   \u221e    X\nX XXXXXXmX\nXR      RX\nXXXX  XXXX\nX        X\nX        X\nX    \u221e   X\nXXX    XXX\nXe      PX\nX       PX\nXXXXX XXXX\nX H   X TX\nX XXXXX XX\nX        X\nXXXXXX XXX\nXTTX   XTX\nXTTXX XXTX\nX    b   X\nXXXXXXXXXX\n", "Health: 10 X: 1 Y: 12\nXXXXXXXXXX\nX   \u221e    X\nX XXXXXX X\nXR      \u221eX\nXXXX  XXXX\nX        X\nX        X\nX    \u221e   X\nXXX    XXX\nXe      PX\nX       PX\nXXXXX XXXX\nXH    X TX\nX XXXXX XX\nX        X\nXXXXXX XXX\nXTTX   XTX\nXTTXX XXTX\nX    b   X\nXXXXXXXXXX\n", "Health: 10 X: 1 Y: 13\nXXXXXXXXXX\nX   \u221e    X\nX XXXXXX X\nXR     m\u221eX\nXXXX  XXXX\nX        X\nX        X\nX    \u221e   X\nXXX    XXX\nXe      PX\nX       PX\nXXXXX XXXX\nX     X TX\nXHXXXXX XX\nX        X\nXXXXXX XXX\nXTTX   XTX\nXTTXX XXTX\nX    b   X\nXXXXXXXXXX\n", "Health: 10 X: 1 Y: 14\nXXXXXXXXXX\nX   \u221e    X\nX XXXXXX X\nXR    m \u221eX\nXXXX  XXXX\nX        X\nX        X\nX    \u221e   X\nXXX    XXX\nXe      PX\nX       PX\nXXXXX XXXX\nX     X TX\nX XXXXX XX\nXH       X\nXXXXXX XXX\nXTTX   XTX\nXTTXX XXTX\nX    b   X\nXXXXXXXXXX\n", "Health: 10 X: 2 Y: 14\nXXXXXXXXXX\nX   \u221e    X\nX XXXXXX X\nXR   m  \u221eX\nXXXX  XXXX\nX        X\nX        X\nX    \u221e   X\nXXX    XXX\nXe      PX\nX       PX\nXXXXX XXXX\nX     X TX\nX XXXXX XX\nX H      X\nXXXXXX XXX\nXTTX   XTX\nXTTXX XXTX\nX    b   X\nXXXXXXXXXX\n", "Health: 10 X: 3 Y: 14\nXXXXXXXXXX\nX   \u221e    X\nX XXXXXX X\nXR      \u221eX\nXXXX mXXXX\nX        X\nX        X\nX    \u221e   X\nXXX    XXX\nXe      PX\nX       PX\nXXXXX XXXX\nX     X TX\nX XXXXX XX\nX  H     X\nXXXXXX XXX\nXTTX   XTX\nXTTXX XXTX\nX    b   X\nXXXXXXXXXX\n", "Health: 10 X: 4 Y: 14\nXXXXXXXXXX\nX   \u221e    X\nX XXXXXX X\nXR      \u221eX\nXXXX  XXXX\nX    m   X\nX        X\nX    \u221e   X\nXXX    XXX\nXe      PX\nX       PX\nXXXXX XXXX\nX     X TX\nX XXXXX XX\nX   H    X\nXXXXXX XXX\nXTTX   XTX\nXTTXX XXTX\nX    b   X\nXXXXXXXXXX\n", "Health: 10 X: 5 Y: 14\nXXXXXXXXXX\nX   \u221e    X\nX XXXXXX X\nXR      \u221eX\nXXXX  XXXX\nX        X\nX    m   X\nX    \u221e   X\nXXX    XXX\nXe      PX\nX       PX\nXXXXX XXXX\nX     X TX\nX XXXXX XX\nX    H   X\nXXXXXX XXX\nXTTX   XTX\nXTTXX XXTX\nX    b   X\nXXXXXXXXXX\n", "Health: 10 X: 6 Y: 14\nXXXXXXXXXX\nX   \u221e    X\nX XXXXXX X\nXR      \u221eX\nXXXX  XXXX\nX        X\nX        X\nX    \u221e   X\nXXX    XXX\nXe      PX\nX       PX\nXXXXX XXXX\nX     X TX\nX XXXXX XX\nX     H  X\nXXXXXX XXX\nXTTX   XTX\nXTTXXbXXTX\nX        X\nXXXXXXXXXX\n", "Health: 10 X: 7 Y: 14\nXXXXXXXXXX\nX   \u221e    X\nX XXXXXX X\nXR      \u221eX\nXXXX  XXXX\nX        X\nX        X\nX    \u221e   X\nXXX    XXX\nXe      PX\nX       PX\nXXXXX XXXX\nX     X TX\nX XXXXX XX\nX      H X\nXXXXXX XXX\nXTTX   XTX\nXTTXXbXXTX\nX        X\nXXXXXXXXXX\n", "Health: 10 X: 8 Y: 14\nXXXXXXXXXX\nX   \u221e    X\nX XXXXXX X\nXR      \u221eX\nXXXX  XXXX\nX        X\nX        X\nX    \u221e   X\nXXX    XXX\nXe      PX\nX       PX\nXXXXX XXXX\nX     X TX\nX XXXXX XX\nX       HX\nXXXXXX XXX\nXTTX   XTX\nXTTXXbXXTX\nX        X\nXXXXXXXXXX\n", "Health: 10 X: 7 Y: 14\nXXXXXXXXXX\nX   \u221e    X\nX XXXXXX X\nXR      \u221eX\nXXXX  XXXX\nX        X\nX        X\nX    \u221e   X\nXXX    XXX\nXe      PX\nX       PX\nXXXXX XXXX\nX     X TX\nX XXXXX XX\nX      H X\nXXXXXX XXX\nXTTX   XTX\nXTTXXbXXTX\nX        X\nXXXXXXXXXX\n", "Health: 10 X: 7 Y: 13\nXXXXXXXXXX\nX   \u221e    X\nX XXXXXX X\nXR      \u221eX\nXXXX  XXXX\nX        X\nX        X\nX    \u221e   X\nXXX    XXX\nXe      PX\nX       PX\nXXXXX XXXX\nX     X TX\nX XXXXXHXX\nX        X\nXXXXXX XXX\nXTTX b XTX\nXTTXX XXTX\nX        X\nXXXXXXXXXX\n", "Health: 10 X: 7 Y: 12\nXXXXXXXXXX\nX   \u221e    X\nX XXXXXX X\nXR      \u221eX\nXXXX  XXXX\nX        X\nX        X\nX    \u221e   X\nXXX    XXX\nXe      PX\nX       PX\nXXXXX XXXX\nX     XHTX\nX XXXXX XX\nX        X\nXXXXXX XXX\nXTTX b XTX\nXTTXX XXTX\nX        X\nXXXXXXXXXX\n", "Health: 10 X: 8 Y: 12\nXXXXXXXXXX\nX   \u221e    X\nX XXXXXX X\nXR      \u221eX\nXXXX  XXXX\nX        X\nX        X\nX    \u221e   X\nXXX  m XXX\nXe      PX\nX       PX\nXXXXX XXXX\nX     X  X\nX XXXXX XX\nX        X\nXXXXXX XXX\nXTTX b XTX\nXTTXX XXTX\nX        X\nXXXXXXXXXX\n", "Health: 10 X: 7 Y: 12\nXXXXXXXXXX\nX   \u221e    X\nX XXXXXX X\nXR      \u221eX\nXXXX  XXXX\nX        X\nX        X\nX    \u221e   X\nXXX    XXX\nXe   m  PX\nX       PX\nXXXXX XXXX\nX     XH X\nX XXXXX XX\nX        X\nXXXXXX XXX\nXTTX b XTX\nXTTXX XXTX\nX        X\nXXXXXXXXXX\n", "Health: 10 X: 7 Y: 13\nXXXXXXXXXX\nX   \u221e    X\nX XXXXXX X\nXR      \u221eX\nXXXX  XXXX\nX        X\nX        X\nX    \u221e   X\nXXX    XXX\nXe      PX\nX    m  PX\nXXXXX XXXX\nX     X  X\nX XXXXXHXX\nX        X\nXXXXXX XXX\nXTTX b XTX\nXTTXX XXTX\nX        X\nXXXXXXXXXX\n", "Health: 10 X: 7 Y: 14\nXXXXXXXXXX\nX   \u221e    X\nX XXXXXX X\nXR      \u221eX\nXXXX  XXXX\nX        X\nX        X\nX    \u221e   X\nXXX    XXX\nXe      PX\nX       PX\nXXXXXmXXXX\nX     X  X\nX XXXXX XX\nX      H X\nXXXXXX XXX\nXTTX b XTX\nXTTXX XXTX\nX        X\nXXXXXXXXXX\n", "Health: 10 X: 6 Y: 14\nXXXXXXXXXX\nX   \u221e    X\nX XXXXXX X\nXR      \u221eX\nXXXX  XXXX\nX        X\nX        X\nX    \u221e   X\nXXX    XXX\nXe      PX\nX       PX\nXXXXX XXXX\nX    mX  X\nX XXXXX XX\nX     H  X\nXXXXXX XXX\nXTTX b XTX\nXTTXX XXTX\nX        X\nXXXXXXXXXX\n", "Health: 10 X: 6 Y: 15\nXXXXXXXXXX\nX   \u221e    X\nX XXXXXX X\nXR      \u221eX\nXXXX  XXXX\nX        X\nX        X\nX    \u221e   X\nXXX    XXX\nXe      PX\nX       PX\nXXXXX XXXX\nX   m X  X\nX XXXXX XX\nX        X\nXXXXXXHXXX\nXTTX b XTX\nXTTXX XXTX\nX        X\nXXXXXXXXXX\n", "Health: 9 X: 6 Y: 16\nXXXXXXXXXX\nX   \u221e    X\nX XXXXXX X\nXR      \u221eX\nXXXX  XXXX\nX        X\nX        X\nX    \u221e   X\nXXX    XXX\nXe      PX\nX       PX\nXXXXX XXXX\nX  m  X  X\nX XXXXX XX\nX        X\nXXXXXX XXX\nXTTX \u221eHXTX\nXTTXX XXTX\nX        X\nXXXXXXXXXX\n", "Health: 9 X: 5 Y: 16\nXXXXXXXXXX\nX   \u221e    X\nX XXXXXX X\nXR      \u221eX\nXXXX  XXXX\nX        X\nX        X\nX    \u221e   X\nXXX    XXX\nXe      PX\nX       PX\nXXXXX XXXX\nX m   X  X\nX XXXXX XX\nX        X\nXXXXXX XXX\nXTTX \u221e XTX\nXTTXX XXTX\nX        X\nXXXXXXXXXX\n", "Health: 9 X: 4 Y: 16\nXXXXXXXXXX\nX   \u221e    X\nX XXXXXX X\nXR      \u221eX\nXXXX  XXXX\nX        X\nX        X\nX    \u221e   X\nXXX    XXX\nXe      PX\nX       PX\nXXXXX XXXX\nXm    X  X\nX XXXXX XX\nX        X\nXXXXXX XXX\nXTTXH\u221e XTX\nXTTXX XXTX\nX        X\nXXXXXXXXXX\n", "Health: 9 X: 5 Y: 16\nXXXXXXXXXX\nX   \u221e    X\nX XXXXXX X\nXR      \u221eX\nXXXX  XXXX\nX        X\nX        X\nX    \u221e   X\nXXX    XXX\nXe      PX\nX       PX\nXXXXX XXXX\nX     X  X\nXmXXXXX XX\nX        X\nXXXXXX XXX\nXTTX \u221e XTX\nXTTXX XXTX\nX        X\nXXXXXXXXXX\n", "Health: 9 X: 5 Y: 17\nXXXXXXXXXX\nX   \u221e    X\nX XXXXXX X\nXR      \u221eX\nXXXX  XXXX\nX        X\nX        X\nX    \u221e   X\nXXX    XXX\nXe      PX\nX       PX\nXXXXX XXXX\nX     X  X\nX XXXXX XX\nXm       X\nXXXXXX XXX\nXTTX \u221e XTX\nXTTXXHXXTX\nX        X\nXXXXXXXXXX\n", "Health: 9 X: 5 Y: 18\nXXXXXXXXXX\nX   \u221e    X\nX XXXXXX X\nXR      \u221eX\nXXXX  XXXX\nX        X\nX        X\nX    \u221e   X\nXXX    XXX\nXe      PX\nX       PX\nXXXXX XXXX\nX     X  X\nX XXXXX XX\nX m      X\nXXXXXX XXX\nXTTX \u221e XTX\nXTTXX XXTX\nX    H   X\nXXXXXXXXXX\n", "Health: 9 X: 6 Y: 18\nXXXXXXXXXX\nX   \u221e    X\nX XXXXXX X\nXR      \u221eX\nXXXX  XXXX\nX        X\nX        X\nX    \u221e   X\nXXX    XXX\nXe      PX\nX       PX\nXXXXX XXXX\nX     X  X\nX XXXXX XX\nX  m     X\nXXXXXX XXX\nXTTX \u221e XTX\nXTTXX XXTX\nX     H  X\nXXXXXXXXXX\n", "Health: 9 X: 7 Y: 18\nXXXXXXXXXX\nX   \u221e    X\nX XXXXXX X\nXR      \u221eX\nXXXX  XXXX\nX        X\nX        X\nX    \u221e   X\nXXX    XXX\nXe      PX\nX       PX\nXXXXX XXXX\nX     X  X\nX XXXXX XX\nX   m    X\nXXXXXX XXX\nXTTX \u221e XTX\nXTTXX XXTX\nX      H X\nXXXXXXXXXX\n", "Health: 9 X: 8 Y: 18\nXXXXXXXXXX\nX   \u221e    X\nX XXXXXX X\nXR      \u221eX\nXXXX  XXXX\nX        X\nX        X\nX    \u221e   X\nXXX    XXX\nXe      PX\nX       PX\nXXXXX XXXX\nX     X  X\nX XXXXX XX\nX    m   X\nXXXXXX XXX\nXTTX \u221e XTX\nXTTXX XXTX\nX       HX\nXXXXXXXXXX\n", "Health: 9 X: 8 Y: 17\nXXXXXXXXXX\nX   \u221e    X\nX XXXXXX X\nXR      \u221eX\nXXXX  XXXX\nX        X\nX        X\nX    \u221e   X\nXXX    XXX\nXe      PX\nX       PX\nXXXXX XXXX\nX     X  X\nX XXXXX XX\nX     m  X\nXXXXXX XXX\nXTTX \u221e XTX\nXTTXX XX X\nX        X\nXXXXXXXXXX\n", "Health: 9 X: 8 Y: 16\nXXXXXXXXXX\nX   \u221e    X\nX XXXXXX X\nXR      \u221eX\nXXXX  XXXX\nX        X\nX        X\nX    \u221e   X\nXXX    XXX\nXe      PX\nX       PX\nXXXXX XXXX\nX     X  X\nX XXXXX XX\nX        X\nXXXXXXmXXX\nXTTX \u221e X X\nXTTXX XX X\nX        X\nXXXXXXXXXX\n", "Health: 9 X: 8 Y: 17\nXXXXXXXXXX\nX   \u221e    X\nX XXXXXX X\nXR      \u221eX\nXXXX  XXXX\nX        X\nX        X\nX    \u221e   X\nXXX    XXX\nXe      PX\nX       PX\nXXXXX XXXX\nX     X  X\nX XXXXX XX\nX        X\nXXXXXX XXX\nXTTX \u221emX X\nXTTXX XX X\nX        X\nXXXXXXXXXX\n", "Health: 9 X: 8 Y: 18\nXXXXXXXXXX\nX   \u221e    X\nX XXXXXX X\nXR      \u221eX\nXXXX  XXXX\nX        X\nX        X\nX    \u221e   X\nXXX    XXX\nXe      PX\nX       PX\nXXXXX XXXX\nX     X  X\nX XXXXX XX\nX        X\nXXXXXX XXX\nXTTX \u221e X X\nXTTXX XX X\nX       HX\nXXXXXXXXXX\n", "Health: 9 X: 7 Y: 18\nXXXXXXXXXX\nX   \u221e    X\nX XXXXXX X\nXR      \u221eX\nXXXX  XXXX\nX        X\nX        X\nX    \u221e   X\nXXX    XXX\nXe      PX\nX       PX\nXXXXX XXXX\nX     X  X\nX XXXXX XX\nX        X\nXXXXXX XXX\nXTTX \u221e X X\nXTTXXmXX X\nX      H X\nXXXXXXXXXX\n", "Health: 9 X: 6 Y: 18\nXXXXXXXXXX\nX   \u221e    X\nX XXXXXX X\nXR      \u221eX\nXXXX  XXXX\nX        X\nX        X\nX    \u221e   X\nXXX    XXX\nXe      PX\nX       PX\nXXXXX XXXX\nX     X  X\nX XXXXX XX\nX        X\nXXXXXX XXX\nXTTX \u221e X X\nXTTXX XX X\nX    mH  X\nXXXXXXXXXX\n", "Health: 8 X: 5 Y: 18\nXXXXXXXXXX\nX   \u221e    X\nX XXXXXX X\nXR      \u221eX\nXXXX  XXXX\nX        X\nX        X\nX    \u221e   X\nXXX    XXX\nXe      PX\nX       PX\nXXXXX XXXX\nX     X  X\nX XXXXX XX\nX        X\nXXXXXX XXX\nXTTX \u221e X X\nXTTXX XX X\nX    m   X\nXXXXXXXXXX\n", "Health: 8 X: 4 Y: 18\nXXXXXXXXXX\nX   \u221e    X\nX XXXXXX X\nXR      \u221eX\nXXXX  XXXX\nX        X\nX        X\nX    \u221e   X\nXXX    XXX\nXe      PX\nX       PX\nXXXXX XXXX\nX     X  X\nX XXXXX XX\nX        X\nXXXXXX XXX\nXTTX \u221e X X\nXTTXX XX X\nX   Hm   X\nXXXXXXXXXX\n", "Health: 8 X: 3 Y: 18\nXXXXXXXXXX\nX   \u221e    X\nX XXXXXX X\nXR      \u221eX\nXXXX  XXXX\nX        X\nX        X\nX    \u221e   X\nXXX    XXX\nXe      PX\nX       PX\nXXXXX XXXX\nX     X  X\nX XXXXX XX\nX        X\nXXXXXX XXX\nXTTX \u221e X X\nXTTXX XX X\nX  H m   X\nXXXXXXXXXX\n", "Health: 8 X: 2 Y: 18\nXXXXXXXXXX\nX   \u221e    X\nX XXXXXX X\nXR      \u221eX\nXXXX  XXXX\nX        X\nX        X\nX    \u221e   X\nXXX    XXX\nXe      PX\nX       PX\nXXXXX XXXX\nX     X  X\nX XXXXX XX\nX        X\nXXXXXX XXX\nXTTX \u221e X X\nXTTXX XX X\nX H  m   X\nXXXXXXXXXX\n", "Health: 8 X: 1 Y: 18\nXXXXXXXXXX\nX   \u221e    X\nX XXXXXX X\nXR      \u221eX\nXXXX  XXXX\nX        X\nX        X\nX    \u221e   X\nXXX    XXX\nXe      PX\nX       PX\nXXXXX XXXX\nX     X  X\nX XXXXX XX\nX        X\nXXXXXX XXX\nXTTX \u221e X X\nXTTXX XX X\nXH   m   X\nXXXXXXXXXX\n", "Health: 8 X: 1 Y: 17\nXXXXXXXXXX\nX   \u221e    X\nX XXXXXX X\nXR      \u221eX\nXXXX  XXXX\nX        X\nX        X\nX    \u221e   X\nXXX    XXX\nXe      PX\nX       PX\nXXXXX XXXX\nX     X  X\nX XXXXX XX\nX        X\nXXXXXX XXX\nXTTX \u221e X X\nX TXX XX X\nX   m    X\nXXXXXXXXXX\n", "Health: 8 X: 1 Y: 16\nXXXXXXXXXX\nX   \u221e    X\nX XXXXXX X\nXR      \u221eX\nXXXX  XXXX\nX        X\nX        X\nX    \u221e   X\nXXX    XXX\nXe      PX\nX       PX\nXXXXX XXXX\nX     X  X\nX XXXXX XX\nX        X\nXXXXXX XXX\nX TX \u221e X X\nX TXX XX X\nX  m     X\nXXXXXXXXXX\n", "Health: 8 X: 2 Y: 16\nXXXXXXXXXX\nX   \u221e    X\nX XXXXXX X\nXR      \u221eX\nXXXX  XXXX\nX        X\nX        X\nX    \u221e   X\nXXX    XXX\nXe      PX\nX       PX\nXXXXX XXXX\nX     X  X\nX XXXXX XX\nX        X\nXXXXXX XXX\nX  X \u221e X X\nX TXX XX X\nX m      X\nXXXXXXXXXX\n", "Health: 7 X: 2 Y: 17\nXXXXXXXXXX\nX   \u221e    X\nX XXXXXX X\nXR      \u221eX\nXXXX  XXXX\nX        X\nX        X\nX    \u221e   X\nXXX    XXX\nXe      PX\nX       PX\nXXXXX XXXX\nX     X  X\nX XXXXX XX\nX        X\nXXXXXX XXX\nX  X \u221e X X\nX  XX XX X\nX m      X\nXXXXXXXXXX\n", "Health: 7 X: 2 Y: 18\nXXXXXXXXXX\nX   \u221e    X\nX XXXXXX X\nXR      \u221eX\nXXXX  XXXX\nX        X\nX        X\nX    \u221e   X\nXXX    XXX\nXe      PX\nX       PX\nXXXXX XXXX\nX     X  X\nX XXXXX XX\nX        X\nXXXXXX XXX\nX  X \u221e X X\nX  XX XX X\nX m      X\nXXXXXXXXXX\n", "Health: 7 X: 3 Y: 18\nXXXXXXXXXX\nX   \u221e    X\nX XXXXXX X\nXR      \u221eX\nXXXX  XXXX\nX        X\nX        X\nX    \u221e   X\nXXX    XXX\nXe      PX\nX       PX\nXXXXX XXXX\nX     X  X\nX XXXXX XX\nX        X\nXXXXXX XXX\nX  X \u221e X X\nX  XX XX X\nX mH     X\nXXXXXXXXXX\n", "Health: 7 X: 4 Y: 18\nXXXXXXXXXX\nX   \u221e    X\nX XXXXXX X\nXR      \u221eX\nXXXX  XXXX\nX        X\nX        X\nX    \u221e   X\nXXX    XXX\nXe      PX\nX       PX\nXXXXX XXXX\nX     X  X\nX XXXXX XX\nX        X\nXXXXXX XXX\nX  X \u221e X X\nX  XX XX X\nX m H    X\nXXXXXXXXXX\n", "Health: 7 X: 5 Y: 18\nXXXXXXXXXX\nX   \u221e    X\nX XXXXXX X\nXR      \u221eX\nXXXX  XXXX\nX        X\nX        X\nX    \u221e   X\nXXX    XXX\nXe      PX\nX       PX\nXXXXX XXXX\nX     X  X\nX XXXXX XX\nX        X\nXXXXXX XXX\nX  X \u221e X X\nX  XX XX X\nX m  H   X\nXXXXXXXXXX\n", "Health: 7 X: 5 Y: 17\nXXXXXXXXXX\nX   \u221e    X\nX XXXXXX X\nXR      \u221eX\nXXXX  XXXX\nX        X\nX        X\nX    \u221e   X\nXXX    XXX\nXe      PX\nX       PX\nXXXXX XXXX\nX     X  X\nX XXXXX XX\nX        X\nXXXXXX XXX\nX  X \u221e X X\nX  XXHXX X\nX m      X\nXXXXXXXXXX\n", "Health: 7 X: 5 Y: 16\nXXXXXXXXXX\nX   \u221e    X\nX XXXXXX X\nXR      \u221eX\nXXXX  XXXX\nX        X\nX        X\nX    \u221e   X\nXXX    XXX\nXe      PX\nX       PX\nXXXXX XXXX\nX     X  X\nX XXXXX XX\nX        X\nXXXXXX XXX\nX  X \u221e X X\nX  XX XX X\nX  m     X\nXXXXXXXXXX\n", "Health: 7 X: 6 Y: 16\nXXXXXXXXXX\nX   \u221e    X\nX XXXXXX X\nXR      \u221eX\nXXXX  XXXX\nX        X\nX        X\nX    \u221e   X\nXXX    XXX\nXe      PX\nX       PX\nXXXXX XXXX\nX     X  X\nX XXXXX XX\nX        X\nXXXXXX XXX\nX  X \u221eHX X\nX  XX XX X\nX   m    X\nXXXXXXXXXX\n", "Health: 7 X: 6 Y: 15\nXXXXXXXXXX\nX   \u221e    X\nX XXXXXX X\nXR      \u221eX\nXXXX  XXXX\nX        X\nX        X\nX    \u221e   X\nXXX    XXX\nXe      PX\nX       PX\nXXXXX XXXX\nX     X  X\nX XXXXX XX\nX        X\nXXXXXXHXXX\nX  X \u221e X X\nX  XX XX X\nX    m   X\nXXXXXXXXXX\n", "Health: 7 X: 6 Y: 14\nXXXXXXXXXX\nX   \u221e    X\nX XXXXXX X\nXR      \u221eX\nXXXX  XXXX\nX        X\nX        X\nX    \u221e   X\nXXX    XXX\nXe      PX\nX       PX\nXXXXX XXXX\nX     X  X\nX XXXXX XX\nX     H  X\nXXXXXX XXX\nX  X \u221e X X\nX  XXmXX X\nX        X\nXXXXXXXXXX\n", "Health: 7 X: 5 Y: 14\nXXXXXXXXXX\nX   \u221e    X\nX XXXXXX X\nXR      \u221eX\nXXXX  XXXX\nX        X\nX        X\nX    \u221e   X\nXXX    XXX\nXe      PX\nX       PX\nXXXXX XXXX\nX     X  X\nX XXXXX XX\nX    H   X\nXXXXXX XXX\nX  X \u221e X X\nX  XX XX X\nX        X\nXXXXXXXXXX\n", "Health: 7 X: 4 Y: 14\nXXXXXXXXXX\nX   \u221e    X\nX XXXXXX X\nXR      \u221eX\nXXXX  XXXX\nX        X\nX        X\nX    \u221e   X\nXXX    XXX\nXe      PX\nX       PX\nXXXXX XXXX\nX     X  X\nX XXXXX XX\nX   H    X\nXXXXXX XXX\nX  X \u221emX X\nX  XX XX X\nX        X\nXXXXXXXXXX\n", "Health: 7 X: 3 Y: 14\nXXXXXXXXXX\nX   \u221e    X\nX XXXXXX X\nXR      \u221eX\nXXXX  XXXX\nX        X\nX        X\nX    \u221e   X\nXXX    XXX\nXe      PX\nX       PX\nXXXXX XXXX\nX     X  X\nX XXXXX XX\nX  H     X\nXXXXXXmXXX\nX  X \u221e X X\nX  XX XX X\nX        X\nXXXXXXXXXX\n", "Health: 7 X: 2 Y: 14\nXXXXXXXXXX\nX   \u221e    X\nX XXXXXX X\nXR      \u221eX\nXXXX  XXXX\nX        X\nX        X\nX    \u221e   X\nXXX    XXX\nXe      PX\nX       PX\nXXXXX XXXX\nX     X  X\nX XXXXX XX\nX H   m  X\nXXXXXX XXX\nX  X \u221e X X\nX  XX XX X\nX        X\nXXXXXXXXXX\n", "Health: 7 X: 1 Y: 14\nXXXXXXXXXX\nX   \u221e    X\nX XXXXXX X\nXR      \u221eX\nXXXX  XXXX\nX        X\nX        X\nX    \u221e   X\nXXX    XXX\nXe      PX\nX       PX\nXXXXX XXXX\nX     X  X\nX XXXXX XX\nXH   m   X\nXXXXXX XXX\nX  X \u221e X X\nX  XX XX X\nX        X\nXXXXXXXXXX\n", "Health: 7 X: 1 Y: 13\nXXXXXXXXXX\nX   \u221e    X\nX XXXXXX X\nXR      \u221eX\nXXXX  XXXX\nX        X\nX        X\nX    \u221e   X\nXXX    XXX\nXe      PX\nX       PX\nXXXXX XXXX\nX     X  X\nXHXXXXX XX\nX   m    X\nXXXXXX XXX\nX  X \u221e X X\nX  XX XX X\nX        X\nXXXXXXXXXX\n", "Health: 7 X: 1 Y: 12\nXXXXXXXXXX\nX   \u221e    X\nX XXXXXX X\nXR      \u221eX\nXXXX  XXXX\nX        X\nX        X\nX    \u221e   X\nXXX    XXX\nXe      PX\nX       PX\nXXXXX XXXX\nXH    X  X\nX XXXXX XX\nX  m     X\nXXXXXX XXX\nX  X \u221e X X\nX  XX XX X\nX        X\nXXXXXXXXXX\n", "Health: 7 X: 2 Y: 12\nXXXXXXXXXX\nX   \u221e    X\nX XXXXXX X\nXR      \u221eX\nXXXX  XXXX\nX        X\nX        X\nX    \u221e   X\nXXX    XXX\nXe      PX\nX       PX\nXXXXX XXXX\nX H   X  X\nX XXXXX XX\nX m      X\nXXXXXX XXX\nX  X \u221e X X\nX  XX XX X\nX        X\nXXXXXXXXXX\n", "Health: 7 X: 3 Y: 12\nXXXXXXXXXX\nX   \u221e    X\nX XXXXXX X\nXR      \u221eX\nXXXX  XXXX\nX        X\nX        X\nX    \u221e   X\nXXX    XXX\nXe      PX\nX       PX\nXXXXX XXXX\nX  H  X  X\nX XXXXX XX\nXm       X\nXXXXXX XXX\nX  X \u221e X X\nX  XX XX X\nX        X\nXXXXXXXXXX\n", "Health: 7 X: 4 Y: 12\nXXXXXXXXXX\nX   \u221e    X\nX XXXXXX X\nXR      \u221eX\nXXXX  XXXX\nX        X\nX        X\nX    \u221e   X\nXXX    XXX\nXe      PX\nX       PX\nXXXXX XXXX\nX   H X  X\nXmXXXXX XX\nX        X\nXXXXXX XXX\nX  X \u221e X X\nX  XX XX X\nX        X\nXXXXXXXXXX\n", "Health: 7 X: 5 Y: 12\nXXXXXXXXXX\nX   \u221e    X\nX XXXXXX X\nXR      \u221eX\nXXXX  XXXX\nX        X\nX        X\nX    \u221e   X\nXXX    XXX\nXe      PX\nX       PX\nXXXXX XXXX\nXm   HX  X\nX XXXXX XX\nX        X\nXXXXXX XXX\nX  X \u221e X X\nX  XX XX X\nX        X\nXXXXXXXXXX\n", "Health: 7 X: 5 Y: 11\nXXXXXXXXXX\nX   \u221e    X\nX XXXXXX X\nXR      \u221eX\nXXXX  XXXX\nX        X\nX        X\nX    \u221e   X\nXXX    XXX\nXe      PX\nX       PX\nXXXXXHXXXX\nX m   X  X\nX XXXXX XX\nX        X\nXXXXXX XXX\nX  X \u221e X X\nX  XX XX X\nX        X\nXXXXXXXXXX\n", "Health: 7 X: 5 Y: 10\nXXXXXXXXXX\nX   \u221e    X\nX XXXXXX X\nXR      \u221eX\nXXXX  XXXX\nX        X\nX        X\nX    \u221e   X\nXXX    XXX\nXe      PX\nX    H  PX\nXXXXX XXXX\nX  m  X  X\nX XXXXX XX\nX        X\nXXXXXX XXX\nX  X \u221e X X\nX  XX XX X\nX        X\nXXXXXXXXXX\n", "Health: 7 X: 6 Y: 10\nXXXXXXXXXX\nX   \u221e    X\nX XXXXXX X\nXR      \u221eX\nXXXX  XXXX\nX        X\nX        X\nX    \u221e   X\nXXX    XXX\nXe      PX\nX     H PX\nXXXXX XXXX\nX   m X  X\nX XXXXX XX\nX        X\nXXXXXX XXX\nX  X \u221e X X\nX  XX XX X\nX        X\nXXXXXXXXXX\n", "Health: 7 X: 7 Y: 10\nXXXXXXXXXX\nX   \u221e    X\nX XXXXXX X\nXR      \u221eX\nXXXX  XXXX\nX        X\nX        X\nX    \u221e   X\nXXX    XXX\nXe      PX\nX      HPX\nXXXXX XXXX\nX    mX  X\nX XXXXX XX\nX        X\nXXXXXX XXX\nX  X \u221e X X\nX  XX XX X\nX        X\nXXXXXXXXXX\n", "Health: 9 X: 8 Y: 10\nXXXXXXXXXX\nX   \u221e    X\nX XXXXXX X\nXR      \u221eX\nXXXX  XXXX\nX        X\nX        X\nX    \u221e   X\nXXX    XXX\nXe      PX\nX        X\nXXXXXmXXXX\nX     X  X\nX XXXXX XX\nX        X\nXXXXXX XXX\nX  X \u221e X X\nX  XX XX X\nX        X\nXXXXXXXXXX\n", "Health: 11 X: 8 Y: 9\nXXXXXXXXXX\nX   \u221e    X\nX XXXXXX X\nXR      \u221eX\nXXXX  XXXX\nX        X\nX        X\nX    \u221e   X\nXXX    XXX\nXe       X\nX    m   X\nXXXXX XXXX\nX     X  X\nX XXXXX XX\nX        X\nXXXXXX XXX\nX  X \u221e X X\nX  XX XX X\nX        X\nXXXXXXXXXX\n", "Health: 11 X: 7 Y: 9\nXXXXXXXXXX\nX   \u221e    X\nX XXXXXX X\nXR      \u221eX\nXXXX  XXXX\nX        X\nX        X\nX    \u221e   X\nXXX    XXX\nXe   m H X\nX        X\nXXXXX XXXX\nX     X  X\nX XXXXX XX\nX        X\nXXXXXX XXX\nX  X \u221e X X\nX  XX XX X\nX        X\nXXXXXXXXXX\n", "Health: 10 X: 6 Y: 9\nXXXXXXXXXX\nX   \u221e    X\nX XXXXXX X\nXR      \u221eX\nXXXX  XXXX\nX        X\nX        X\nX    \u221e   X\nXXX    XXX\nXe   mH  X\nX        X\nXXXXX XXXX\nX     X  X\nX XXXXX XX\nX        X\nXXXXXX XXX\nX  X \u221e X X\nX  XX XX X\nX        X\nXXXXXXXXXX\n", "Health: 10 X: 5 Y: 9\nXXXXXXXXXX\nX   \u221e    X\nX XXXXXX X\nXR      \u221eX\nXXXX  XXXX\nX        X\nX        X\nX    \u221e   X\nXXX    XXX\nXe   m   X\nX        X\nXXXXX XXXX\nX     X  X\nX XXXXX XX\nX        X\nXXXXXX XXX\nX  X \u221e X X\nX  XX XX X\nX        X\nXXXXXXXXXX\n", "Health: 10 X: 4 Y: 9\nXXXXXXXXXX\nX   \u221e    X\nX XXXXXX X\nXR      \u221eX\nXXXX  XXXX\nX        X\nX        X\nX    \u221e   X\nXXX    XXX\nXe  Hm   X\nX        X\nXXXXX XXXX\nX     X  X\nX XXXXX XX\nX        X\nXXXXXX XXX\nX  X \u221e X X\nX  XX XX X\nX        X\nXXXXXXXXXX\n", "Health: 10 X: 4 Y: 8\nXXXXXXXXXX\nX   \u221e    X\nX XXXXXX X\nXR      \u221eX\nXXXX  XXXX\nX        X\nX        X\nX    \u221e   X\nXXX H  XXX\nXe   m   X\nX        X\nXXXXX XXXX\nX     X  X\nX XXXXX XX\nX        X\nXXXXXX XXX\nX  X \u221e X X\nX  XX XX X\nX        X\nXXXXXXXXXX\n", "Health: 10 X: 4 Y: 7\nXXXXXXXXXX\nX   \u221e    X\nX XXXXXX X\nXR      \u221eX\nXXXX  XXXX\nX        X\nX        X\nX   H\u221e   X\nXXX    XXX\nXe   m   X\nX        X\nXXXXX XXXX\nX     X  X\nX XXXXX XX\nX        X\nXXXXXX XXX\nX  X \u221e X X\nX  XX XX X\nX        X\nXXXXXXXXXX\n", "Health: 10 X: 4 Y: 6\nXXXXXXXXXX\nX   \u221e    X\nX XXXXXX X\nXR      \u221eX\nXXXX  XXXX\nX        X\nX   H    X\nX    \u221e   X\nXXX    XXX\nXe   m   X\nX        X\nXXXXX XXXX\nX     X  X\nX XXXXX XX\nX        X\nXXXXXX XXX\nX  X \u221e X X\nX  XX XX X\nX        X\nXXXXXXXXXX\n", "Health: 10 X: 4 Y: 5\nXXXXXXXXXX\nX   \u221e    X\nX XXXXXX X\nXR      \u221eX\nXXXX  XXXX\nX   H    X\nX        X\nX    \u221e   X\nXXX  m XXX\nXe       X\nX        X\nXXXXX XXXX\nX     X  X\nX XXXXX XX\nX        X\nXXXXXX XXX\nX  X \u221e X X\nX  XX XX X\nX        X\nXXXXXXXXXX\n", "Health: 10 X: 4 Y: 4\nXXXXXXXXXX\nX   \u221e    X\nX XXXXXX X\nXR      \u221eX\nXXXXH XXXX\nX        X\nX        X\nX    \u221e   X\nXXX    XXX\nXe       X\nX        X\nXXXXX XXXX\nX     X  X\nX XXXXX XX\nX        X\nXXXXXX XXX\nX  X \u221e X X\nX  XX XX X\nX        X\nXXXXXXXXXX\n", "Health: 9 X: 4 Y: 3\nXXXXXXXXXX\nX   \u221e    X\nX XXXXXX X\nXR  H   \u221eX\nXXXX  XXXX\nX        X\nX    m   X\nX    \u221e   X\nXXX    XXX\nXe       X\nX        X\nXXXXX XXXX\nX     X  X\nX XXXXX XX\nX        X\nXXXXXX XXX\nX  X \u221e X X\nX  XX XX X\nX        X\nXXXXXXXXXX\n", "Health: 8 X: 3 Y: 3\nXXXXXXXXXX\nX   \u221e    X\nX XXXXXX X\nXR H    \u221eX\nXXXX  XXXX\nX    m   X\nX        X\nX    \u221e   X\nXXX    XXX\nXe       X\nX        X\nXXXXX XXXX\nX     X  X\nX XXXXX XX\nX        X\nXXXXXX XXX\nX  X \u221e X X\nX  XX XX X\nX        X\nXXXXXXXXXX\n", "Health: 7 X: 2 Y: 3\nXXXXXXXXXX\nX   \u221e    X\nX XXXXXX X\nXRH     \u221eX\nXXXX mXXXX\nX        X\nX        X\nX    \u221e   X\nXXX    XXX\nXe       X\nX        X\nXXXXX XXXX\nX     X  X\nX XXXXX XX\nX        X\nXXXXXX XXX\nX  X \u221e X X\nX  XX XX X\nX        X\nXXXXXXXXXX\n", "Health: 7 X: 1 Y: 3\nXXXXXXXXXX\nX   \u221e    X\nX XXXXXX X\nX\u221e   m  \u221eX\nXXXX  XXXX\nX        X\nX        X\nX    \u221e   X\nXXX    XXX\nXe       X\nX        X\nXXXXX XXXX\nX     X  X\nX XXXXX XX\nX        X\nXXXXXX XXX\nX  X \u221e X X\nX  XX XX X\nX        X\nXXXXXXXXXX\n", "Health: 7 X: 1 Y: 2\nXXXXXXXXXX\nX   \u221e    X\nXHXXXXXX X\nX\u221e  m   \u221eX\nXXXX  XXXX\nX        X\nX        X\nX    \u221e   X\nXXX    XXX\nXe       X\nX        X\nXXXXX XXXX\nX     X  X\nX XXXXX XX\nX        X\nXXXXXX XXX\nX  X \u221e X X\nX  XX XX X\nX        X\nXXXXXXXXXX\n", "Health: 7 X: 1 Y: 1\nXXXXXXXXXX\nXH  \u221e    X\nX XXXXXX X\nX\u221e m    \u221eX\nXXXX  XXXX\nX        X\nX        X\nX    \u221e   X\nXXX    XXX\nXe       X\nX        X\nXXXXX XXXX\nX     X  X\nX XXXXX XX\nX        X\nXXXXXX XXX\nX  X \u221e X X\nX  XX XX X\nX        X\nXXXXXXXXXX\n", "Health: 7 X: 2 Y: 1\nXXXXXXXXXX\nX H \u221e    X\nX XXXXXX X\nX\u221em     \u221eX\nXXXX  XXXX\nX        X\nX        X\nX    \u221e   X\nXXX    XXX\nXe       X\nX        X\nXXXXX XXXX\nX     X  X\nX XXXXX XX\nX        X\nXXXXXX XXX\nX  X \u221e X X\nX  XX XX X\nX        X\nXXXXXXXXXX\n", "Health: 7 X: 3 Y: 1\nXXXXXXXXXX\nX  H\u221e    X\nX XXXXXX X\nX\u221e      \u221eX\nXXXX  XXXX\nX        X\nX        X\nX    \u221e   X\nXXX    XXX\nXe       X\nX        X\nXXXXX XXXX\nX     X  X\nX XXXXX XX\nX        X\nXXXXXX XXX\nX  X \u221e X X\nX  XX XX X\nX        X\nXXXXXXXXXX\n", "Health: 7 X: 4 Y: 1\nXXXXXXXXXX\nX   \u221e    X\nXmXXXXXX X\nX\u221e      \u221eX\nXXXX  XXXX\nX        X\nX        X\nX    \u221e   X\nXXX    XXX\nXe       X\nX        X\nXXXXX XXXX\nX     X  X\nX XXXXX XX\nX        X\nXXXXXX XXX\nX  X \u221e X X\nX  XX XX X\nX        X\nXXXXXXXXXX\n", "Health: 7 X: 5 Y: 1\nXXXXXXXXXX\nXm  \u221eH   X\nX XXXXXX X\nX\u221e      \u221eX\nXXXX  XXXX\nX        X\nX        X\nX    \u221e   X\nXXX    XXX\nXe       X\nX        X\nXXXXX XXXX\nX     X  X\nX XXXXX XX\nX        X\nXXXXXX XXX\nX  X \u221e X X\nX  XX XX X\nX        X\nXXXXXXXXXX\n", "Health: 7 X: 6 Y: 1\nXXXXXXXXXX\nX m \u221e H  X\nX XXXXXX X\nX\u221e      \u221eX\nXXXX  XXXX\nX        X\nX        X\nX    \u221e   X\nXXX    XXX\nXe       X\nX        X\nXXXXX XXXX\nX     X  X\nX XXXXX XX\nX        X\nXXXXXX XXX\nX  X \u221e X X\nX  XX XX X\nX        X\nXXXXXXXXXX\n", "Health: 7 X: 7 Y: 1\nXXXXXXXXXX\nX  m\u221e  H X\nX XXXXXX X\nX\u221e      \u221eX\nXXXX  XXXX\nX        X\nX        X\nX    \u221e   X\nXXX    XXX\nXe       X\nX        X\nXXXXX XXXX\nX     X  X\nX XXXXX XX\nX        X\nXXXXXX XXX\nX  X \u221e X X\nX  XX XX X\nX        X\nXXXXXXXXXX\n", "Health: 7 X: 8 Y: 1\nXXXXXXXXXX\nX   m   HX\nX XXXXXX X\nX\u221e      \u221eX\nXXXX  XXXX\nX        X\nX        X\nX    \u221e   X\nXXX    XXX\nXe       X\nX        X\nXXXXX XXXX\nX     X  X\nX XXXXX XX\nX        X\nXXXXXX XXX\nX  X \u221e X X\nX  XX XX X\nX        X\nXXXXXXXXXX\n", "Health: 7 X: 8 Y: 2\nXXXXXXXXXX\nX   \u221em   X\nX XXXXXXHX\nX\u221e      \u221eX\nXXXX  XXXX\nX        X\nX        X\nX    \u221e   X\nXXX    XXX\nXe       X\nX        X\nXXXXX XXXX\nX     X  X\nX XXXXX XX\nX        X\nXXXXXX XXX\nX  X \u221e X X\nX  XX XX X\nX        X\nXXXXXXXXXX\n", "Health: 7 X: 8 Y: 3\nXXXXXXXXXX\nX   \u221e m  X\nX XXXXXX X\nX\u221e      \u221eX\nXXXX  XXXX\nX        X\nX        X\nX    \u221e   X\nXXX    XXX\nXe       X\nX        X\nXXXXX XXXX\nX     X  X\nX XXXXX XX\nX        X\nXXXXXX XXX\nX  X \u221e X X\nX  XX XX X\nX        X\nXXXXXXXXXX\n", "Health: 7 X: 7 Y: 3\nXXXXXXXXXX\nX   \u221e  m X\nX XXXXXX X\nX\u221e     H\u221eX\nXXXX  XXXX\nX        X\nX        X\nX    \u221e   X\nXXX    XXX\nXe       X\nX        X\nXXXXX XXXX\nX     X  X\nX XXXXX XX\nX        X\nXXXXXX XXX\nX  X \u221e X X\nX  XX XX X\nX        X\nXXXXXXXXXX\n", "Health: 7 X: 6 Y: 3\nXXXXXXXXXX\nX   \u221e   mX\nX XXXXXX X\nX\u221e    H \u221eX\nXXXX  XXXX\nX        X\nX        X\nX    \u221e   X\nXXX    XXX\nXe       X\nX        X\nXXXXX XXXX\nX     X  X\nX XXXXX XX\nX        X\nXXXXXX XXX\nX  X \u221e X X\nX  XX XX X\nX        X\nXXXXXXXXXX\n", "Health: 7 X: 5 Y: 3\nXXXXXXXXXX\nX   \u221e    X\nX XXXXXXmX\nX\u221e   H  \u221eX\nXXXX  XXXX\nX        X\nX        X\nX    \u221e   X\nXXX    XXX\nXe       X\nX        X\nXXXXX XXXX\nX     X  X\nX XXXXX XX\nX        X\nXXXXXX XXX\nX  X \u221e X X\nX  XX XX X\nX        X\nXXXXXXXXXX\n", "Health: 7 X: 4 Y: 3\nXXXXXXXXXX\nX   \u221e    X\nX XXXXXX X\nX\u221e  H   \u221eX\nXXXX  XXXX\nX        X\nX        X\nX    \u221e   X\nXXX    XXX\nXe       X\nX        X\nXXXXX XXXX\nX     X  X\nX XXXXX XX\nX        X\nXXXXXX XXX\nX  X \u221e X X\nX  XX XX X\nX        X\nXXXXXXXXXX\n", "Health: 7 X: 3 Y: 3\nXXXXXXXXXX\nX   \u221e    X\nX XXXXXX X\nX\u221e H   m\u221eX\nXXXX  XXXX\nX        X\nX        X\nX    \u221e   X\nXXX    XXX\nXe       X\nX        X\nXXXXX XXXX\nX     X  X\nX XXXXX XX\nX        X\nXXXXXX XXX\nX  X \u221e X X\nX  XX XX X\nX        X\nXXXXXXXXXX\n", "Health: 7 X: 4 Y: 3\nXXXXXXXXXX\nX   \u221e    X\nX XXXXXX X\nX\u221e  H m \u221eX\nXXXX  XXXX\nX        X\nX        X\nX    \u221e   X\nXXX    XXX\nXe       X\nX        X\nXXXXX XXXX\nX     X  X\nX XXXXX XX\nX        X\nXXXXXX XXX\nX  X \u221e X X\nX  XX XX X\nX        X\nXXXXXXXXXX\n", "Health: 6 X: 5 Y: 3\nXXXXXXXXXX\nX   \u221e    X\nX XXXXXX X\nX\u221e   Hm \u221eX\nXXXX  XXXX\nX        X\nX        X\nX    \u221e   X\nXXX    XXX\nXe       X\nX        X\nXXXXX XXXX\nX     X  X\nX XXXXX XX\nX        X\nXXXXXX XXX\nX  X \u221e X X\nX  XX XX X\nX        X\nXXXXXXXXXX\n", "Health: 6 X: 5 Y: 4\nXXXXXXXXXX\nX   \u221e    X\nX XXXXXX X\nX\u221e    m \u221eX\nXXXX HXXXX\nX        X\nX        X\nX    \u221e   X\nXXX    XXX\nXe       X\nX        X\nXXXXX XXXX\nX     X  X\nX XXXXX XX\nX        X\nXXXXXX XXX\nX  X \u221e X X\nX  XX XX X\nX        X\nXXXXXXXXXX\n", "Health: 6 X: 5 Y: 5\nXXXXXXXXXX\nX   \u221e    X\nX XXXXXX X\nX\u221e    m \u221eX\nXXXX  XXXX\nX    H   X\nX        X\nX    \u221e   X\nXXX    XXX\nXe       X\nX        X\nXXXXX XXXX\nX     X  X\nX XXXXX XX\nX        X\nXXXXXX XXX\nX  X \u221e X X\nX  XX XX X\nX        X\nXXXXXXXXXX\n", "Health: 6 X: 5 Y: 6\nXXXXXXXXXX\nX   \u221e    X\nX XXXXXX X\nX\u221e    m \u221eX\nXXXX  XXXX\nX        X\nX    H   X\nX    \u221e   X\nXXX    XXX\nXe       X\nX        X\nXXXXX XXXX\nX     X  X\nX XXXXX XX\nX        X\nXXXXXX XXX\nX  X \u221e X X\nX  XX XX X\nX        X\nXXXXXXXXXX\n", "Health: 6 X: 5 Y: 7\nXXXXXXXXXX\nX   \u221e    X\nX XXXXXX X\nX\u221e    m \u221eX\nXXXX  XXXX\nX        X\nX        X\nX    \u221e   X\nXXX    XXX\nXe       X\nX        X\nXXXXX XXXX\nX     X  X\nX XXXXX XX\nX        X\nXXXXXX XXX\nX  X \u221e X X\nX  XX XX X\nX        X\nXXXXXXXXXX\n", "Health: 6 X: 5 Y: 8\nXXXXXXXXXX\nX   \u221e    X\nX XXXXXX X\nX\u221e    m \u221eX\nXXXX  XXXX\nX        X\nX        X\nX    \u221e   X\nXXX  H XXX\nXe       X\nX        X\nXXXXX XXXX\nX     X  X\nX XXXXX XX\nX        X\nXXXXXX XXX\nX  X \u221e X X\nX  XX XX X\nX        X\nXXXXXXXXXX\n", "Health: 6 X: 5 Y: 9\nXXXXXXXXXX\nX   \u221e    X\nX XXXXXX X\nX\u221e   m  \u221eX\nXXXX  XXXX\nX        X\nX        X\nX    \u221e   X\nXXX    XXX\nXe   H   X\nX        X\nXXXXX XXXX\nX     X  X\nX XXXXX XX\nX        X\nXXXXXX XXX\nX  X \u221e X X\nX  XX XX X\nX        X\nXXXXXXXXXX\n", "Health: 6 X: 5 Y: 10\nXXXXXXXXXX\nX   \u221e    X\nX XXXXXX X\nX\u221e      \u221eX\nXXXX mXXXX\nX        X\nX        X\nX    \u221e   X\nXXX    XXX\nXe       X\nX    H   X\nXXXXX XXXX\nX     X  X\nX XXXXX XX\nX        X\nXXXXXX XXX\nX  X \u221e X X\nX  XX XX X\nX        X\nXXXXXXXXXX\n", "Health: 6 X: 6 Y: 10\nXXXXXXXXXX\nX   \u221e    X\nX XXXXXX X\nX\u221e      \u221eX\nXXXX  XXXX\nX    m   X\nX        X\nX    \u221e   X\nXXX    XXX\nXe       X\nX     H  X\nXXXXX XXXX\nX     X  X\nX XXXXX XX\nX        X\nXXXXXX XXX\nX  X \u221e X X\nX  XX XX X\nX        X\nXXXXXXXXXX\n", "Health: 6 X: 7 Y: 10\nXXXXXXXXXX\nX   \u221e    X\nX XXXXXX X\nX\u221e      \u221eX\nXXXX  XXXX\nX     m  X\nX        X\nX    \u221e   X\nXXX    XXX\nXe       X\nX      H X\nXXXXX XXXX\nX     X  X\nX XXXXX XX\nX        X\nXXXXXX XXX\nX  X \u221e X X\nX  XX XX X\nX        X\nXXXXXXXXXX\n", "Health: 6 X: 8 Y: 10\nXXXXXXXXXX\nX   \u221e    X\nX XXXXXX X\nX\u221e      \u221eX\nXXXX  XXXX\nX        X\nX     m  X\nX    \u221e   X\nXXX    XXX\nXe       X\nX        X\nXXXXX XXXX\nX     X  X\nX XXXXX XX\nX        X\nXXXXXX XXX\nX  X \u221e X X\nX  XX XX X\nX        X\nXXXXXXXXXX\n", "Health: 6 X: 8 Y: 9\nXXXXXXXXXX\nX   \u221e    X\nX XXXXXX X\nX\u221e      \u221eX\nXXXX  XXXX\nX        X\nX        X\nX    \u221em  X\nXXX    XXX\nXe       X\nX        X\nXXXXX XXXX\nX     X  X\nX XXXXX XX\nX        X\nXXXXXX XXX\nX  X \u221e X X\nX  XX XX X\nX        X\nXXXXXXXXXX\n", "Health: 6 X: 7 Y: 9\nXXXXXXXXXX\nX   \u221e    X\nX XXXXXX X\nX\u221e      \u221eX\nXXXX  XXXX\nX        X\nX        X\nX    \u221e   X\nXXX   mXXX\nXe     H X\nX        X\nXXXXX XXXX\nX     X  X\nX XXXXX XX\nX        X\nXXXXXX XXX\nX  X \u221e X X\nX  XX XX X\nX        X\nXXXXXXXXXX\n", "Health: 5 X: 6 Y: 9\nXXXXXXXXXX\nX   \u221e    X\nX XXXXXX X\nX\u221e      \u221eX\nXXXX  XXXX\nX        X\nX        X\nX    \u221e   X\nXXX   mXXX\nXe    H  X\nX        X\nXXXXX XXXX\nX     X  X\nX XXXXX XX\nX        X\nXXXXXX XXX\nX  X \u221e X X\nX  XX XX X\nX        X\nXXXXXXXXXX\n", "Health: 5 X: 5 Y: 9\nXXXXXXXXXX\nX   \u221e    X\nX XXXXXX X\nX\u221e      \u221eX\nXXXX  XXXX\nX        X\nX        X\nX    \u221e   X\nXXX   mXXX\nXe   H   X\nX        X\nXXXXX XXXX\nX     X  X\nX XXXXX XX\nX        X\nXXXXXX XXX\nX  X \u221e X X\nX  XX XX X\nX        X\nXXXXXXXXXX\n", "Health: 5 X: 5 Y: 8\nXXXXXXXXXX\nX   \u221e    X\nX XXXXXX X\nX\u221e      \u221eX\nXXXX  XXXX\nX        X\nX        X\nX    \u221e   X\nXXX  HmXXX\nXe       X\nX        X\nXXXXX XXXX\nX     X  X\nX XXXXX XX\nX        X\nXXXXXX XXX\nX  X \u221e X X\nX  XX XX X\nX        X\nXXXXXXXXXX\n", "Health: 5 X: 5 Y: 9\nXXXXXXXXXX\nX   \u221e    X\nX XXXXXX X\nX\u221e      \u221eX\nXXXX  XXXX\nX        X\nX        X\nX    \u221e   X\nXXX   mXXX\nXe   H   X\nX        X\nXXXXX XXXX\nX     X  X\nX XXXXX XX\nX        X\nXXXXXX XXX\nX  X \u221e X X\nX  XX XX X\nX        X\nXXXXXXXXXX\n", "Health: 5 X: 6 Y: 9\nXXXXXXXXXX\nX   \u221e    X\nX XXXXXX X\nX\u221e      \u221eX\nXXXX  XXXX\nX        X\nX        X\nX    \u221e   X\nXXX   mXXX\nXe    H  X\nX        X\nXXXXX XXXX\nX     X  X\nX XXXXX XX\nX        X\nXXXXXX XXX\nX  X \u221e X X\nX  XX XX X\nX        X\nXXXXXXXXXX\n", "Health: 5 X: 7 Y: 9\nXXXXXXXXXX\nX   \u221e    X\nX XXXXXX X\nX\u221e      \u221eX\nXXXX  XXXX\nX        X\nX        X\nX    \u221e   X\nXXX   mXXX\nXe     H X\nX        X\nXXXXX XXXX\nX     X  X\nX XXXXX XX\nX        X\nXXXXXX XXX\nX  X \u221e X X\nX  XX XX X\nX        X\nXXXXXXXXXX\n", "Health: 4 X: 6 Y: 9\nXXXXXXXXXX\nX   \u221e    X\nX XXXXXX X\nX\u221e      \u221eX\nXXXX  XXXX\nX        X\nX        X\nX    \u221e   X\nXXX   mXXX\nXe    H  X\nX        X\nXXXXX XXXX\nX     X  X\nX XXXXX XX\nX        X\nXXXXXX XXX\nX  X \u221e X X\nX  XX XX X\nX        X\nXXXXXXXXXX\n", "Health: 4 X: 6 Y: 8\nXXXXXXXXXX\nX   \u221e    X\nX XXXXXX X\nX\u221e      \u221eX\nXXXX  XXXX\nX        X\nX        X\nX    \u221e   X\nXXX   mXXX\nXe       X\nX        X\nXXXXX XXXX\nX     X  X\nX XXXXX XX\nX        X\nXXXXXX XXX\nX  X \u221e X X\nX  XX XX X\nX        X\nXXXXXXXXXX\n", "Health: 4 X: 6 Y: 7\nXXXXXXXXXX\nX   \u221e    X\nX XXXXXX X\nX\u221e      \u221eX\nXXXX  XXXX\nX        X\nX        X\nX    \u221eH  X\nXXX   mXXX\nXe       X\nX        X\nXXXXX XXXX\nX     X  X\nX XXXXX XX\nX        X\nXXXXXX XXX\nX  X \u221e X X\nX  XX XX X\nX        X\nXXXXXXXXXX\n", "Health: 4 X: 5 Y: 7\nXXXXXXXXXX\nX   \u221e    X\nX XXXXXX X\nX\u221e      \u221eX\nXXXX  XXXX\nX        X\nX        X\nX    \u221e   X\nXXX   mXXX\nXe       X\nX        X\nXXXXX XXXX\nX     X  X\nX XXXXX XX\nX        X\nXXXXXX XXX\nX  X \u221e X X\nX  XX XX X\nX        X\nXXXXXXXXXX\n", "Health: 4 X: 6 Y: 7\nXXXXXXXXXX\nX   \u221e    X\nX XXXXXX X\nX\u221e      \u221eX\nXXXX  XXXX\nX        X\nX        X\nX    \u221eH  X\nXXX   mXXX\nXe       X\nX        X\nXXXXX XXXX\nX     X  X\nX XXXXX XX\nX        X\nXXXXXX XXX\nX  X \u221e X X\nX  XX XX X\nX        X\nXXXXXXXXXX\n", "Health: 4 X: 7 Y: 7\nXXXXXXXXXX\nX   \u221e    X\nX XXXXXX X\nX\u221e      \u221eX\nXXXX  XXXX\nX        X\nX        X\nX    \u221e H X\nXXX   mXXX\nXe       X\nX        X\nXXXXX XXXX\nX     X  X\nX XXXXX XX\nX        X\nXXXXXX XXX\nX  X \u221e X X\nX  XX XX X\nX        X\nXXXXXXXXXX\n", "Health: 3 X: 6 Y: 7\nXXXXXXXXXX\nX   \u221e    X\nX XXXXXX X\nX\u221e      \u221eX\nXXXX  XXXX\nX        X\nX        X\nX    \u221eH  X\nXXX   mXXX\nXe       X\nX        X\nXXXXX XXXX\nX     X  X\nX XXXXX XX\nX        X\nXXXXXX XXX\nX  X \u221e X X\nX  XX XX X\nX        X\nXXXXXXXXXX\n", "Health: 3 X: 6 Y: 8\nXXXXXXXXXX\nX   \u221e    X\nX XXXXXX X\nX\u221e      \u221eX\nXXXX  XXXX\nX        X\nX        X\nX    \u221e   X\nXXX   mXXX\nXe       X\nX        X\nXXXXX XXXX\nX     X  X\nX XXXXX XX\nX        X\nXXXXXX XXX\nX  X \u221e X X\nX  XX XX X\nX        X\nXXXXXXXXXX\n", "Health: 3 X: 6 Y: 9\nXXXXXXXXXX\nX   \u221e    X\nX XXXXXX X\nX\u221e      \u221eX\nXXXX  XXXX\nX        X\nX        X\nX    \u221e   X\nXXX   mXXX\nXe    H  X\nX        X\nXXXXX XXXX\nX     X  X\nX XXXXX XX\nX        X\nXXXXXX XXX\nX  X \u221e X X\nX  XX XX X\nX        X\nXXXXXXXXXX\n", "Health: 3 X: 5 Y: 9\nXXXXXXXXXX\nX   \u221e    X\nX XXXXXX X\nX\u221e      \u221eX\nXXXX  XXXX\nX        X\nX        X\nX    \u221e   X\nXXX   mXXX\nXe   H   X\nX        X\nXXXXX XXXX\nX     X  X\nX XXXXX XX\nX        X\nXXXXXX XXX\nX  X \u221e X X\nX  XX XX X\nX        X\nXXXXXXXXXX\n", "Health: 3 X: 5 Y: 10\nXXXXXXXXXX\nX   \u221e    X\nX XXXXXX X\nX\u221e      \u221eX\nXXXX  XXXX\nX        X\nX        X\nX    \u221e   X\nXXX   mXXX\nXe       X\nX    H   X\nXXXXX XXXX\nX     X  X\nX XXXXX XX\nX        X\nXXXXXX XXX\nX  X \u221e X X\nX  XX XX X\nX        X\nXXXXXXXXXX\n", "Health: 3 X: 4 Y: 10\nXXXXXXXXXX\nX   \u221e    X\nX XXXXXX X\nX\u221e      \u221eX\nXXXX  XXXX\nX        X\nX        X\nX    \u221e   X\nXXX   mXXX\nXe       X\nX   H    X\nXXXXX XXXX\nX     X  X\nX XXXXX XX\nX        X\nXXXXXX XXX\nX  X \u221e X X\nX  XX XX X\nX        X\nXXXXXXXXXX\n", "Health: 3 X: 4 Y: 9\nXXXXXXXXXX\nX   \u221e    X\nX XXXXXX X\nX\u221e      \u221eX\nXXXX  XXXX\nX        X\nX        X\nX    \u221e   X\nXXX  m XXX\nXe  H    X\nX        X\nXXXXX XXXX\nX     X  X\nX XXXXX XX\nX        X\nXXXXXX XXX\nX  X \u221e X X\nX  XX XX X\nX        X\nXXXXXXXXXX\n", "Health: 2 X: 4 Y: 8\nXXXXXXXXXX\nX   \u221e    X\nX XXXXXX X\nX\u221e      \u221eX\nXXXX  XXXX\nX        X\nX        X\nX    \u221e   X\nXXX Hm XXX\nXe       X\nX        X\nXXXXX XXXX\nX     X  X\nX XXXXX XX\nX        X\nXXXXXX XXX\nX  X \u221e X X\nX  XX XX X\nX        X\nXXXXXXXXXX\n", "Health: 2 X: 5 Y: 8\nXXXXXXXXXX\nX   \u221e    X\nX XXXXXX X\nX\u221e      \u221eX\nXXXX  XXXX\nX        X\nX        X\nX    \u221e   X\nXXX  m XXX\nXe       X\nX        X\nXXXXX XXXX\nX     X  X\nX XXXXX XX\nX        X\nXXXXXX XXX\nX  X \u221e X X\nX  XX XX X\nX        X\nXXXXXXXXXX\n", "Health: 2 X: 6 Y: 8\nXXXXXXXXXX\nX   \u221e    X\nX XXXXXX X\nX\u221e      \u221eX\nXXXX  XXXX\nX        X\nX        X\nX    \u221e   X\nXXX  mHXXX\nXe       X\nX        X\nXXXXX XXXX\nX     X  X\nX XXXXX XX\nX        X\nXXXXXX XXX\nX  X \u221e X X\nX  XX XX X\nX        X\nXXXXXXXXXX\n", "Health: 2 X: 6 Y: 7\nXXXXXXXXXX\nX   \u221e    X\nX XXXXXX X\nX\u221e      \u221eX\nXXXX  XXXX\nX        X\nX        X\nX    \u221eH  X\nXXX  m XXX\nXe       X\nX        X\nXXXXX XXXX\nX     X  X\nX XXXXX XX\nX        X\nXXXXXX XXX\nX  X \u221e X X\nX  XX XX X\nX        X\nXXXXXXXXXX\n", "Health: 2 X: 5 Y: 7\nXXXXXXXXXX\nX   \u221e    X\nX XXXXXX X\nX\u221e      \u221eX\nXXXX  XXXX\nX        X\nX        X\nX    \u221e   X\nXXX  m XXX\nXe       X\nX        X\nXXXXX XXXX\nX     X  X\nX XXXXX XX\nX        X\nXXXXXX XXX\nX  X \u221e X X\nX  XX XX X\nX        X\nXXXXXXXXXX\n", "Health: 2 X: 4 Y: 7\nXXXXXXXXXX\nX   \u221e    X\nX XXXXXX X\nX\u221e      \u221eX\nXXXX  XXXX\nX        X\nX        X\nX   H\u221e   X\nXXX  m XXX\nXe       X\nX        X\nXXXXX XXXX\nX     X  X\nX XXXXX XX\nX        X\nXXXXXX XXX\nX  X \u221e X X\nX  XX XX X\nX        X\nXXXXXXXXXX\n", "Health: 1 X: 4 Y: 8\nXXXXXXXXXX\nX   \u221e    X\nX XXXXXX X\nX\u221e      \u221eX\nXXXX  XXXX\nX        X\nX        X\nX    \u221e   X\nXXX Hm XXX\nXe       X\nX        X\nXXXXX XXXX\nX     X  X\nX XXXXX XX\nX        X\nXXXXXX XXX\nX  X \u221e X X\nX  XX XX X\nX        X\nXXXXXXXXXX\n", "Health: 1 X: 5 Y: 8\nXXXXXXXXXX\nX   \u221e    X\nX XXXXXX X\nX\u221e      \u221eX\nXXXX  XXXX\nX        X\nX        X\nX    \u221e   X\nXXX  m XXX\nXe       X\nX        X\nXXXXX XXXX\nX     X  X\nX XXXXX XX\nX        X\nXXXXXX XXX\nX  X \u221e X X\nX  XX XX X\nX        X\nXXXXXXXXXX\n", "Health: 1 X: 6 Y: 8\nXXXXXXXXXX\nX   \u221e    X\nX XXXXXX X\nX\u221e      \u221eX\nXXXX  XXXX\nX        X\nX        X\nX    \u221e   X\nXXX  mHXXX\nXe       X\nX        X\nXXXXX XXXX\nX     X  X\nX XXXXX XX\nX        X\nXXXXXX XXX\nX  X \u221e X X\nX  XX XX X\nX        X\nXXXXXXXXXX\n", "Health: 1 X: 5 Y: 8\nXXXXXXXXXX\nX   \u221e    X\nX XXXXXX X\nX\u221e      \u221eX\nXXXX  XXXX\nX        X\nX        X\nX    \u221e   X\nXXX  m XXX\nXe       X\nX        X\nXXXXX XXXX\nX     X  X\nX XXXXX XX\nX        X\nXXXXXX XXX\nX  X \u221e X X\nX  XX XX X\nX        X\nXXXXXXXXXX\n", "Health: 1 X: 6 Y: 8\nXXXXXXXXXX\nX   \u221e    X\nX XXXXXX X\nX\u221e      \u221eX\nXXXX  XXXX\nX        X\nX        X\nX    \u221e   X\nXXX  mHXXX\nXe       X\nX        X\nXXXXX XXXX\nX     X  X\nX XXXXX XX\nX        X\nXXXXXX XXX\nX  X \u221e X X\nX  XX XX X\nX        X\nXXXXXXXXXX\n", "Health: 1 X: 5 Y: 8\nXXXXXXXXXX\nX   \u221e    X\nX XXXXXX X\nX\u221e      \u221eX\nXXXX  XXXX\nX        X\nX        X\nX    \u221e   X\nXXX  m XXX\nXe       X\nX        X\nXXXXX XXXX\nX     X  X\nX XXXXX XX\nX        X\nXXXXXX XXX\nX  X \u221e X X\nX  XX XX X\nX        X\nXXXXXXXXXX\n", "Health: 0 X: 4 Y: 8\nXXXXXXXXXX\nX   \u221e    X\nX XXXXXX X\nX\u221e      \u221eX\nXXXX  XXXX\nX        X\nX        X\nX    \u221e   X\nXXX m  XXX\nXe       X\nX        X\nXXXXX XXXX\nX     X  X\nX XXXXX XX\nX        X\nXXXXXX XXX\nX  X \u221e X X\nX  XX XX X\nX        X\nXXXXXXXXXX\n"], "map_number": 102}, {"mechanics": [{"timestep": 3, "mechanic": "MinitaurHit"}, {"timestep": 4, "mechanic": "MinitaurHit"}, {"timestep": 8, "mechanic": "UsePortal"}, {"timestep": 12, "mechanic": "CollectTreasure"}, {"timestep": 12, "mechanic": "GoblinRangedHit"}, {"timestep": 13, "mechanic": "CollectTreasure"}, {"timestep": 13, "mechanic": "GoblinRangedHit"}, {"timestep": 14, "mechanic": "GoblinRangedHit"}, {"timestep": 14, "mechanic": "GoblinRangedHit"}, {"timestep": 15, "mechanic": "GoblinRangedHit"}, {"timestep": 15, "mechanic": "GoblinRangedHit"}, {"timestep": 16, "mechanic": "GoblinRangedHit"}, {"timestep": 16, "mechanic": "GoblinRangedHit"}, {"timestep": 17, "mechanic": "GoblinRangedHit"}, {"timestep": 24, "mechanic": "ReachStairs"}], "frequencies": {"MinitaurHit": 2, "UsePortal": 1, "CollectTreasure": 2, "GoblinRangedHit": 9, "ReachStairs": 1}, "levelReport": {"utilityGained": 0.0, "exitUtility": 1.0, "runnerUtility": 0.75, "loitererUtility": 25.0, "completionistUtility": 0.475, "monsterKillerUtility": 0.6499999999999999, "treasureCollectorUtility": 0.475, "turnsTaken": 25, "health": 2, "healthLost": 8, "alive": true, "javelinsThrown": 0, "monsterKills": 3, "minitaurKnockouts": 2, "treasuresCollected": 2, "potionsTaken": 0, "totalMonsters": 7, "totalTreasures": 8, "totalPotions": 2, "timeTaken": 0.0}, "positions": [{"X": 7, "Y": 3}, {"X": 8, "Y": 3}, {"X": 8, "Y": 2}, {"X": 8, "Y": 1}, {"X": 7, "Y": 1}, {"X": 6, "Y": 1}, {"X": 5, "Y": 1}, {"X": 4, "Y": 1}, {"X": 1, "Y": 17}, {"X": 2, "Y": 17}, {"X": 3, "Y": 17}, {"X": 3, "Y": 16}, {"X": 4, "Y": 16}, {"X": 5, "Y": 16}, {"X": 5, "Y": 15}, {"X": 5, "Y": 14}, {"X": 5, "Y": 13}, {"X": 4, "Y": 13}, {"X": 3, "Y": 13}, {"X": 3, "Y": 14}, {"X": 4, "Y": 14}, {"X": 5, "Y": 14}, {"X": 5, "Y": 15}, {"X": 5, "Y": 16}, {"X": 5, "Y": 17}], "levelStates": ["Health: 10 X: 7 Y: 3\nXXXXXXXXXX\nXXXT m   X\nXXXXXXXX X\nX     bH X\nX XX XXXXX\nX XX XXXXX\nX MX XT tX\nX XX XTX X\nX XX XTX X\nX MX XTX X\nX XX XXX X\nX P o  P X\nX XXXXXX X\nXTX RR XTX\nX X    X X\nX XX  XX X\nX   TT   X\nXT   e   X\nXXXXXXXXXX\n", "Health: 10 X: 8 Y: 3\nXXXXXXXXXX\nXXXT  m  X\nXXXXXXXX X\nX      bHX\nX XX XXXXX\nX XX XXXXX\nX MX XT tX\nX XX XTX X\nX XX XTX X\nX MX XTX X\nX XX XXX X\nX P o  P X\nX XXXXXX X\nXTX RR XTX\nX X    X X\nX XX  XX X\nX   TT   X\nXT   e   X\nXXXXXXXXXX\n", "Health: 10 X: 8 Y: 2\nXXXXXXXXXX\nXXXT   m X\nXXXXXXXXHX\nX      b X\nX XX XXXXX\nX XX XXXXX\nX MX XT tX\nX XX XTX X\nX XX XTX X\nX MX XTX X\nX XX XXX X\nX P o  P X\nX XXXXXX X\nXTX RR XTX\nX X    X X\nX XX  XX X\nX   TT   X\nXT   e   X\nXXXXXXXXXX\n", "Health: 9 X: 8 Y: 1\nXXXXXXXXXX\nXXXT   mHX\nXXXXXXXX X\nX      b X\nX XX XXXXX\nX XX XXXXX\nX MX XT tX\nX XX XTX X\nX XX XTX X\nX MX XTX X\nX XX XXX X\nX P o  P X\nX XXXXXX X\nXTX RR XTX\nX X    X X\nX XX  XX X\nX   TT   X\nXT   e   X\nXXXXXXXXXX\n", "Health: 9 X: 7 Y: 1\nXXXXXXXXXX\nXXXT   m X\nXXXXXXXX X\nX      b X\nX XX XXXXX\nX XX XXXXX\nX MX XT tX\nX XX XTX X\nX XX XTX X\nX MX XTX X\nX XX XXX X\nX P o  P X\nX XXXXXX X\nXTX RR XTX\nX X    X X\nX XX  XX X\nX   TT   X\nXT   e   X\nXXXXXXXXXX\n", "Health: 9 X: 6 Y: 1\nXXXXXXXXXX\nXXXT  Hm X\nXXXXXXXX X\nX      b X\nX XX XXXXX\nX XX XXXXX\nX MX XT tX\nX XX XTX X\nX XX XTX X\nX MX XTX X\nX XX XXX X\nX P o  P X\nX XXXXXX X\nXTX RR XTX\nX X    X X\nX XX  XX X\nX   TT   X\nXT   e   X\nXXXXXXXXXX\n", "Health: 9 X: 5 Y: 1\nXXXXXXXXXX\nXXXT H m X\nXXXXXXXX X\nX      b X\nX XX XXXXX\nX XX XXXXX\nX MX XT tX\nX XX XTX X\nX XX XTX X\nX MX XTX X\nX XX XXX X\nX P o  P X\nX XXXXXX X\nXTX RR XTX\nX X    X X\nX XX  XX X\nX   TT   X\nXT   e   X\nXXXXXXXXXX\n", "Health: 9 X: 4 Y: 1\nXXXXXXXXXX\nXXXTH  m X\nXXXXXXXX X\nX      b X\nX XX XXXXX\nX XX XXXXX\nX MX XT tX\nX XX XTX X\nX XX XTX X\nX MX XTX X\nX XX XXX X\nX P o  P X\nX XXXXXX X\nXTX RR XTX\nX X    X X\nX XX  XX X\nX   TT   X\nXT   e   X\nXXXXXXXXXX\n", "Health: 9 X: 1 Y: 17\nXXXXXXXXXX\nXXXT   m X\nXXXXXXXX X\nX      b X\nX XX XXXXX\nX XX XXXXX\nX MX XT tX\nX XX XTX X\nX XX XTX X\nX MX XTX X\nX XX XXX X\nX P o  P X\nX XXXXXX X\nXTX RR XTX\nX X    X X\nX XX  XX X\nX   TT   X\nXT   e   X\nXXXXXXXXXX\n", "Health: 9 X: 2 Y: 17\nXXXXXXXXXX\nXXXT    mX\nXXXXXXXX X\nX      b X\nX XX XXXXX\nX XX XXXXX\nX MX XT tX\nX XX XTX X\nX XX XTX X\nX MX XTX X\nX XX XXX X\nX P o  P X\nX XXXXXX X\nXTX RR XTX\nX X    X X\nX XX  XX X\nX   TT   X\nXTH  e   X\nXXXXXXXXXX\n", "Health: 9 X: 3 Y: 17\nXXXXXXXXXX\nXXXT     X\nXXXXXXXXmX\nX      b X\nX XX XXXXX\nX XX XXXXX\nX MX XT tX\nX XX XTX X\nX XX XTX X\nX MX XTX X\nX XX XXX X\nX P o  P X\nX XXXXXX X\nXTX RR XTX\nX X    X X\nX XX  XX X\nX   TT   X\nXT H e   X\nXXXXXXXXXX\n", "Health: 9 X: 3 Y: 16\nXXXXXXXXXX\nXXXT     X\nXXXXXXXX X\nX      bmX\nX XX XXXXX\nX XX XXXXX\nX MX XT tX\nX XX XTX X\nX XX XTX X\nX MX XTX X\nX XX XXX X\nX P o  P X\nX XXXXXX X\nXTX RR XTX\nX X    X X\nX XX  XX X\nX  HTT   X\nXT   e   X\nXXXXXXXXXX\n", "Health: 8 X: 4 Y: 16\nXXXXXXXXXX\nXXXT     X\nXXXXXXXX X\nX      \u221e X\nX XX XXXXX\nX XX XXXXX\nX MX XT tX\nX XX XTX X\nX XX XTX X\nX MX XTX X\nX XX XXX X\nX P o  P X\nX XXXXXX X\nXTX RR XTX\nX X    X X\nX XX  XX X\nX    T   X\nXT   e   X\nXXXXXXXXXX\n", "Health: 7 X: 5 Y: 16\nXXXXXXXXXX\nXXXT     X\nXXXXXXXX X\nX      \u221e X\nX XX XXXXX\nX XX XXXXX\nX MX XT tX\nX XX XTX X\nX XX XTX X\nX MX XTX X\nX XX XXX X\nX P o  P X\nX XXXXXX X\nXTX RR XTX\nX X    X X\nX XX  XX X\nX        X\nXT   e   X\nXXXXXXXXXX\n", "Health: 5 X: 5 Y: 15\nXXXXXXXXXX\nXXXT     X\nXXXXXXXX X\nX      \u221e X\nX XX XXXXX\nX XX XXXXX\nX MX XT tX\nX XX XTX X\nX XX XTX X\nX MX XTX X\nX XX XXX X\nX P o  P X\nX XXXXXX X\nXTX RR XTX\nX X    X X\nX XX HXX X\nX        X\nXT   e   X\nXXXXXXXXXX\n", "Health: 3 X: 5 Y: 14\nXXXXXXXXXX\nXXXT     X\nXXXXXXXX X\nX      \u221e X\nX XX XXXXX\nX XX XXXXX\nX MX XT tX\nX XX XTX X\nX XX XTX X\nX MX XTX X\nX XX XXX X\nX P o  P X\nX XXXXXX X\nXTX RR XTX\nX X  H X X\nX XX  XX X\nX        X\nXT   e   X\nXXXXXXXXXX\n", "Health: 2 X: 5 Y: 13\nXXXXXXXXXX\nXXXT     X\nXXXXXXXX X\nX      \u221e X\nX XX XXXXX\nX XX XXXXX\nX MX XT tX\nX XX XTX X\nX XX XTX X\nX MX XTX X\nX XX XXX X\nX P o  P X\nX XXXXXX X\nXTX R\u221e XTX\nX X    X X\nX XX  XX X\nX        X\nXT   e   X\nXXXXXXXXXX\n", "Health: 2 X: 4 Y: 13\nXXXXXXXXXX\nXXXT     X\nXXXXXXXX X\nX      \u221e X\nX XX XXXXX\nX XX XXXXX\nX MX XT tX\nX XX XTX X\nX XX XTX X\nX MX XTX X\nX XX XXX X\nX P o  P X\nX XXXXXX X\nXTX \u221e\u221e XTX\nX X    X X\nX XX  XX X\nX        X\nXT   e   X\nXXXXXXXXXX\n", "Health: 2 X: 3 Y: 13\nXXXXXXXXXX\nXXXT     X\nXXXXXXXX X\nX     m\u221e X\nX XX XXXXX\nX XX XXXXX\nX MX XT tX\nX XX XTX X\nX XX XTX X\nX MX XTX X\nX XX XXX X\nX P o  P X\nX XXXXXX X\nXTXH\u221e\u221e XTX\nX X    X X\nX XX  XX X\nX        X\nXT   e   X\nXXXXXXXXXX\n", "Health: 2 X: 3 Y: 14\nXXXXXXXXXX\nXXXT     X\nXXXXXXXX X\nX    m \u221e X\nX XX XXXXX\nX XX XXXXX\nX MX XT tX\nX XX XTX X\nX XX XTX X\nX MX XTX X\nX XX XXX X\nX P o  P X\nX XXXXXX X\nXTX \u221e\u221e XTX\nX XH   X X\nX XX  XX X\nX        X\nXT   e   X\nXXXXXXXXXX\n", "Health: 2 X: 4 Y: 14\nXXXXXXXXXX\nXXXT     X\nXXXXXXXX X\nX   m  \u221e X\nX XX XXXXX\nX XX XXXXX\nX MX XT tX\nX XX XTX X\nX XX XTX X\nX MX XTX X\nX XX XXX X\nX P o  P X\nX XXXXXX X\nXTX \u221e\u221e XTX\nX X H  X X\nX XX  XX X\nX        X\nXT   e   X\nXXXXXXXXXX\n", "Health: 2 X: 5 Y: 14\nXXXXXXXXXX\nXXXT     X\nXXXXXXXX X\nX      \u221e X\nX XXmXXXXX\nX XX XXXXX\nX MX XT tX\nX XX XTX X\nX XX XTX X\nX MX XTX X\nX XX XXX X\nX P o  P X\nX XXXXXX X\nXTX \u221e\u221e XTX\nX X  H X X\nX XX  XX X\nX        X\nXT   e   X\nXXXXXXXXXX\n", "Health: 2 X: 5 Y: 15\nXXXXXXXXXX\nXXXT     X\nXXXXXXXX X\nX      \u221e X\nX XX XXXXX\nX XXmXXXXX\nX MX XT tX\nX XX XTX X\nX XX XTX X\nX MX XTX X\nX XX XXX X\nX P o  P X\nX XXXXXX X\nXTX \u221e\u221e XTX\nX X    X X\nX XX HXX X\nX        X\nXT   e   X\nXXXXXXXXXX\n", "Health: 2 X: 5 Y: 16\nXXXXXXXXXX\nXXXT     X\nXXXXXXXX X\nX      \u221e X\nX XX XXXXX\nX XX XXXXX\nX MXmXT tX\nX XX XTX X\nX XX XTX X\nX MX XTX X\nX XX XXX X\nX P o  P X\nX XXXXXX X\nXTX \u221e\u221e XTX\nX X    X X\nX XX  XX X\nX        X\nXT   e   X\nXXXXXXXXXX\n", "Health: 2 X: 5 Y: 17\nXXXXXXXXXX\nXXXT     X\nXXXXXXXX X\nX      \u221e X\nX XX XXXXX\nX XX XXXXX\nX MX XT tX\nX XXmXTX X\nX XX XTX X\nX MX XTX X\nX XX XXX X\nX P o  P X\nX XXXXXX X\nXTX \u221e\u221e XTX\nX X    X X\nX XX  XX X\nX        X\nXT   e   X\nXXXXXXXXXX\n"], "map_number": 102}, {"mechanics": [{"timestep": 3, "mechanic": "MinitaurHit"}, {"timestep": 3, "mechanic": "OgreTreasure"}, {"timestep": 4, "mechanic": "MinitaurHit"}, {"timestep": 6, "mechanic": "TriggerTrap"}, {"timestep": 7, "mechanic": "CollectTreasure"}, {"timestep": 8, "mechanic": "CollectTreasure"}, {"timestep": 10, "mechanic": "TriggerTrap"}, {"timestep": 10, "mechanic": "MinitaurHit"}, {"timestep": 11, "mechanic": "MinitaurHit"}, {"timestep": 16, "mechanic": "CollectTreasure"}, {"timestep": 20, "mechanic": "OgreHit"}, {"timestep": 21, "mechanic": "OgreHit"}, {"timestep": 25, "mechanic": "CollectTreasure"}, {"timestep": 28, "mechanic": "CollectTreasure"}, {"timestep": 32, "mechanic": "CollectTreasure"}, {"timestep": 35, "mechanic": "CollectTreasure"}, {"timestep": 37, "mechanic": "MinitaurHit"}, {"timestep": 38, "mechanic": "MinitaurHit"}, {"timestep": 43, "mechanic": "CollectTreasure"}, {"timestep": 44, "mechanic": "UsePortal"}, {"timestep": 45, "mechanic": "GoblinMeleeHit"}, {"timestep": 45, "mechanic": "Die"}, {"timestep": 45, "mechanic": "Die"}, {"timestep": 45, "mechanic": "GoblinRangedHit"}], "frequencies": {"MinitaurHit": 6, "OgreTreasure": 1, "TriggerTrap": 2, "CollectTreasure": 8, "OgreHit": 2, "UsePortal": 1, "GoblinMeleeHit": 1, "Die": 2, "GoblinRangedHit": 1}, "levelReport": {"utilityGained": 0.0, "exitUtility": 0.0, "runnerUtility": -5.031428571428571, "loitererUtility": 41.0, "completionistUtility": -4.568095238095238, "monsterKillerUtility": -4.521428571428571, "treasureCollectorUtility": -4.311428571428571, "turnsTaken": 46, "health": -1, "healthLost": 11, "alive": false, "javelinsThrown": 0, "monsterKills": 2, "minitaurKnockouts": 3, "treasuresCollected": 8, "potionsTaken": 0, "totalMonsters": 5, "totalTreasures": 10, "totalPotions": 1, "timeTaken": 0.0}, "positions": [{"X": 5, "Y": 4}, {"X": 5, "Y": 3}, {"X": 5, "Y": 2}, {"X": 5, "Y": 1}, {"X": 4, "Y": 1}, {"X": 5, "Y": 1}, {"X": 6, "Y": 1}, {"X": 7, "Y": 1}, {"X": 8, "Y": 1}, {"X": 7, "Y": 1}, {"X": 6, "Y": 1}, {"X": 5, "Y": 1}, {"X": 5, "Y": 2}, {"X": 5, "Y": 3}, {"X": 5, "Y": 4}, {"X": 5, "Y": 3}, {"X": 6, "Y": 3}, {"X": 7, "Y": 3}, {"X": 8, "Y": 3}, {"X": 8, "Y": 4}, {"X": 8, "Y": 5}, {"X": 7, "Y": 5}, {"X": 7, "Y": 6}, {"X": 7, "Y": 7}, {"X": 8, "Y": 7}, {"X": 8, "Y": 8}, {"X": 8, "Y": 9}, {"X": 7, "Y": 9}, {"X": 7, "Y": 10}, {"X": 7, "Y": 11}, {"X": 7, "Y": 12}, {"X": 7, "Y": 13}, {"X": 7, "Y": 14}, {"X": 7, "Y": 15}, {"X": 8, "Y": 15}, {"X": 8, "Y": 16}, {"X": 8, "Y": 17}, {"X": 8, "Y": 16}, {"X": 8, "Y": 15}, {"X": 7, "Y": 15}, {"X": 7, "Y": 14}, {"X": 7, "Y": 13}, {"X": 7, "Y": 12}, {"X": 8, "Y": 12}, {"X": 3, "Y": 11}, {"X": 2, "Y": 11}], "levelStates": ["Health: 10 X: 5 Y: 4\nXXXXXXXXXX\nX m   tTTX\nXXXXX XXXX\nXX T  T  X\nXX XXHXX X\nX   X X oX\nX   X X  X\nX  bX XT X\nXX XX XXTX\nX P X X  X\nXX XX XTXX\nX  TX X TX\nX M X X TX\nX   X X  X\nXX XX XTXX\nX R X X  X\nX   X XXTX\nX XXX X  X\nX    e   X\nXXXXXXXXXX\n", "Health: 10 X: 5 Y: 3\nXXXXXXXXXX\nX  m  tTTX\nXXXXX XXXX\nXX T HT  X\nXX XX XX X\nX   X Xo X\nX   X X  X\nX  bX XT X\nXX XX XXTX\nX P X X  X\nXX XX XTXX\nX  TX X TX\nX M X X TX\nX   X X  X\nXX XX XTXX\nX R X X  X\nX   X XXTX\nX XXX X  X\nX    e   X\nXXXXXXXXXX\n", "Health: 10 X: 5 Y: 2\nXXXXXXXXXX\nX   m tTTX\nXXXXXHXXXX\nXX T  T  X\nXX XX XX X\nX   X X  X\nX   X Xo X\nX  bX XT X\nXX XX XXTX\nX P X X  X\nXX XX XTXX\nX  TX X TX\nX M X X TX\nX   X X  X\nXX XX XTXX\nX R X X  X\nX   X XXTX\nX XXX X  X\nX    e   X\nXXXXXXXXXX\n", "Health: 9 X: 5 Y: 1\nXXXXXXXXXX\nX   mHtTTX\nXXXXX XXXX\nXX T  T  X\nXX XX XX X\nX   X X  X\nX   X X  X\nX  bX X  X\nXX XX XXTX\nX P X X  X\nXX XX XTXX\nX  TX X TX\nX M X X TX\nX   X X  X\nXX XX XTXX\nX R X X  X\nX   X XXTX\nX XXX X  X\nX    e   X\nXXXXXXXXXX\n", "Health: 9 X: 4 Y: 1\nXXXXXXXXXX\nX   m tTTX\nXXXXX XXXX\nXX T  T  X\nXX XX XX X\nX   X X  X\nX   X X  X\nX  bX X  X\nXX XX XXTX\nX P X X  X\nXX XX XTXX\nX  TX X TX\nX M X X TX\nX   X X  X\nXX XX XTXX\nX R X X  X\nX   X XXTX\nX XXX X  X\nX    e   X\nXXXXXXXXXX\n", "Health: 9 X: 5 Y: 1\nXXXXXXXXXX\nX   mHtTTX\nXXXXX XXXX\nXX T  T  X\nXX XX XX X\nX   X X  X\nX   X X  X\nX  bX X  X\nXX XX XXTX\nX P X X  X\nXX XX XTXX\nX  TX X TX\nX M X X TX\nX   X X  X\nXX XX XTXX\nX R X X  X\nX   X XXTX\nX XXX X  X\nX    e   X\nXXXXXXXXXX\n", "Health: 8 X: 6 Y: 1\nXXXXXXXXXX\nX   m tTTX\nXXXXX XXXX\nXX T  T  X\nXX XX XX X\nX   X X  X\nX   X X  X\nX  bX X  X\nXX XX XXTX\nX P X X  X\nXX XX XTXX\nX  TX X TX\nX M X X TX\nX   X X  X\nXX XX XTXX\nX R X X  X\nX   X XXTX\nX XXX X  X\nX    e   X\nXXXXXXXXXX\n", "Health: 8 X: 7 Y: 1\nXXXXXXXXXX\nX   m t TX\nXXXXX XXXX\nXX T  T  X\nXX XX XX X\nX   X X  X\nX   X X  X\nX  bX X  X\nXX XX XXTX\nX P X X  X\nXX XX XTXX\nX  TX X TX\nX M X X TX\nX   X X  X\nXX XX XTXX\nX R X X  X\nX   X XXTX\nX XXX X  X\nX    e   X\nXXXXXXXXXX\n", "Health: 8 X: 8 Y: 1\nXXXXXXXXXX\nX   m t  X\nXXXXX XXXX\nXX T  T  X\nXX XX XX X\nX   X X  X\nX   X X  X\nX  bX X  X\nXX XX XXTX\nX P X X  X\nXX XX XTXX\nX  TX X TX\nX M X X TX\nX   X X  X\nXX XX XTXX\nX R X X  X\nX   X XXTX\nX XXX X  X\nX    e   X\nXXXXXXXXXX\n", "Health: 8 X: 7 Y: 1\nXXXXXXXXXX\nX    mt  X\nXXXXX XXXX\nXX T  T  X\nXX XX XX X\nX   X X  X\nX   X X  X\nX  bX X  X\nXX XX XXTX\nX P X X  X\nXX XX XTXX\nX  TX X TX\nX M X X TX\nX   X X  X\nXX XX XTXX\nX R X X  X\nX   X XXTX\nX XXX X  X\nX    e   X\nXXXXXXXXXX\n", "Health: 6 X: 6 Y: 1\nXXXXXXXXXX\nX    mt  X\nXXXXX XXXX\nXX T  T  X\nXX XX XX X\nX   X X  X\nX   X X  X\nX  bX X  X\nXX XX XXTX\nX P X X  X\nXX XX XTXX\nX  TX X TX\nX M X X TX\nX   X X  X\nXX XX XTXX\nX R X X  X\nX   X XXTX\nX XXX X  X\nX    e   X\nXXXXXXXXXX\n", "Health: 6 X: 5 Y: 1\nXXXXXXXXXX\nX    mt  X\nXXXXX XXXX\nXX T  T  X\nXX XX XX X\nX   X X  X\nX   X X  X\nX  bX X  X\nXX XX XXTX\nX P X X  X\nXX XX XTXX\nX  TX X TX\nX M X X TX\nX   X X  X\nXX XX XTXX\nX R X X  X\nX   X XXTX\nX XXX X  X\nX    e   X\nXXXXXXXXXX\n", "Health: 6 X: 5 Y: 2\nXXXXXXXXXX\nX    mt  X\nXXXXXHXXXX\nXX T  T  X\nXX XX XX X\nX   X X  X\nX   X X  X\nX  bX X  X\nXX XX XXTX\nX P X X  X\nXX XX XTXX\nX  TX X TX\nX M X X TX\nX   X X  X\nXX XX XTXX\nX R X X  X\nX   X XXTX\nX XXX X  X\nX    e   X\nXXXXXXXXXX\n", "Health: 6 X: 5 Y: 3\nXXXXXXXXXX\nX    mt  X\nXXXXX XXXX\nXX T HT  X\nXX XX XX X\nX   X X  X\nX   X X  X\nX  bX X  X\nXX XX XXTX\nX P X X  X\nXX XX XTXX\nX  TX X TX\nX M X X TX\nX   X X  X\nXX XX XTXX\nX R X X  X\nX   X XXTX\nX XXX X  X\nX    e   X\nXXXXXXXXXX\n", "Health: 6 X: 5 Y: 4\nXXXXXXXXXX\nX    mt  X\nXXXXX XXXX\nXX T  T  X\nXX XXHXX X\nX   X X  X\nX   X X  X\nX  bX X  X\nXX XX XXTX\nX P X X  X\nXX XX XTXX\nX  TX X TX\nX M X X TX\nX   X X  X\nXX XX XTXX\nX R X X  X\nX   X XXTX\nX XXX X  X\nX    e   X\nXXXXXXXXXX\n", "Health: 6 X: 5 Y: 3\nXXXXXXXXXX\nX    mt  X\nXXXXX XXXX\nXX T HT  X\nXX XX XX X\nX   X X  X\nX   X X  X\nX  bX X  X\nXX XX XXTX\nX P X X  X\nXX XX XTXX\nX  TX X TX\nX M X X TX\nX   X X  X\nXX XX XTXX\nX R X X  X\nX   X XXTX\nX XXX X  X\nX    e   X\nXXXXXXXXXX\n", "Health: 6 X: 6 Y: 3\nXXXXXXXXXX\nX     t  X\nXXXXXmXXXX\nXX T     X\nXX XX XX X\nX   X X  X\nX   X X  X\nX  bX X  X\nXX XX XXTX\nX P X X  X\nXX XX XTXX\nX  TX X TX\nX M X X TX\nX   X X  X\nXX XX XTXX\nX R X X  X\nX   X XXTX\nX XXX X  X\nX    e   X\nXXXXXXXXXX\n", "Health: 6 X: 7 Y: 3\nXXXXXXXXXX\nX     t  X\nXXXXX XXXX\nXX T m H X\nXX XX XX X\nX   X X  X\nX   X X  X\nX  bX X  X\nXX XX XXTX\nX P X X  X\nXX XX XTXX\nX  TX X TX\nX M X X TX\nX   X X  X\nXX XX XTXX\nX R X X  X\nX   X XXTX\nX XXX X  X\nX    e   X\nXXXXXXXXXX\n", "Health: 6 X: 8 Y: 3\nXXXXXXXXXX\nX     t  X\nXXXXX XXXX\nXX T    HX\nXX XX XX X\nX   X X  X\nX   X Xo X\nX  bX X  X\nXX XX XXTX\nX P X X  X\nXX XX XTXX\nX  TX X TX\nX M X X TX\nX   X X  X\nXX XX XTXX\nX R X X  X\nX   X XXTX\nX XXX X  X\nX    e   X\nXXXXXXXXXX\n", "Health: 6 X: 8 Y: 4\nXXXXXXXXXX\nX     t  X\nXXXXX XXXX\nXX T   m X\nXX XX XXHX\nX   X Xo X\nX   X X  X\nX  bX X  X\nXX XX XXTX\nX P X X  X\nXX XX XTXX\nX  TX X TX\nX M X X TX\nX   X X  X\nXX XX XTXX\nX R X X  X\nX   X XXTX\nX XXX X  X\nX    e   X\nXXXXXXXXXX\n", "Health: 4 X: 8 Y: 5\nXXXXXXXXXX\nX     t  X\nXXXXX XXXX\nXX T    mX\nXX XX XX X\nX   X XoHX\nX   X X  X\nX  bX X  X\nXX XX XXTX\nX P X X  X\nXX XX XTXX\nX  TX X TX\nX M X X TX\nX   X X  X\nXX XX XTXX\nX R X X  X\nX   X XXTX\nX XXX X  X\nX    e   X\nXXXXXXXXXX\n", "Health: 2 X: 7 Y: 5\nXXXXXXXXXX\nX     t  X\nXXXXX XXXX\nXX T     X\nXX XX XXmX\nX   X X\u221e X\nX   X X  X\nX  bX X  X\nXX XX XXTX\nX P X X  X\nXX XX XTXX\nX  TX X TX\nX M X X TX\nX   X X  X\nXX XX XTXX\nX R X X  X\nX   X XXTX\nX XXX X  X\nX    e   X\nXXXXXXXXXX\n", "Health: 2 X: 7 Y: 6\nXXXXXXXXXX\nX     t  X\nXXXXX XXXX\nXX T     X\nXX XX XX X\nX   X X\u221emX\nX   X XH X\nX  bX X  X\nXX XX XXTX\nX P X X  X\nXX XX XTXX\nX  TX X TX\nX M X X TX\nX   X X  X\nXX XX XTXX\nX R X X  X\nX   X XXTX\nX XXX X  X\nX    e   X\nXXXXXXXXXX\n", "Health: 2 X: 7 Y: 7\nXXXXXXXXXX\nX     t  X\nXXXXX XXXX\nXX T     X\nXX XX XX X\nX   X X\u221e X\nX   X X  X\nX  bX X  X\nXX XX XXTX\nX P X X  X\nXX XX XTXX\nX  TX X TX\nX M X X TX\nX   X X  X\nXX XX XTXX\nX R X X  X\nX   X XXTX\nX XXX X  X\nX    e   X\nXXXXXXXXXX\n", "Health: 2 X: 8 Y: 7\nXXXXXXXXXX\nX     t  X\nXXXXX XXXX\nXX T     X\nXX XX XX X\nX   X X\u221emX\nX   X X  X\nX  bX X HX\nXX XX XXTX\nX P X X  X\nXX XX XTXX\nX  TX X TX\nX M X X TX\nX   X X  X\nXX XX XTXX\nX R X X  X\nX   X XXTX\nX XXX X  X\nX    e   X\nXXXXXXXXXX\n", "Health: 2 X: 8 Y: 8\nXXXXXXXXXX\nX     t  X\nXXXXX XXXX\nXX T     X\nXX XX XX X\nX   X X\u221e X\nX   X X mX\nX  bX X  X\nXX XX XX X\nX P X X  X\nXX XX XTXX\nX  TX X TX\nX M X X TX\nX   X X  X\nXX XX XTXX\nX R X X  X\nX   X XXTX\nX XXX X  X\nX    e   X\nXXXXXXXXXX\n", "Health: 2 X: 8 Y: 9\nXXXXXXXXXX\nX     t  X\nXXXXX XXXX\nXX T     X\nXX XX XX X\nX   X X\u221e X\nX   X X  X\nX  bX X mX\nXX XX XX X\nX P X X HX\nXX XX XTXX\nX  TX X TX\nX M X X TX\nX   X X  X\nXX XX XTXX\nX R X X  X\nX   X XXTX\nX XXX X  X\nX    e   X\nXXXXXXXXXX\n", "Health: 2 X: 7 Y: 9\nXXXXXXXXXX\nX     t  X\nXXXXX XXXX\nXX T     X\nXX XX XX X\nX   X X\u221e X\nX   X X  X\nX  bX X  X\nXX XX XX X\nX P X XH X\nXX XX XTXX\nX  TX X TX\nX M X X TX\nX   X X  X\nXX XX XTXX\nX R X X  X\nX   X XXTX\nX XXX X  X\nX    e   X\nXXXXXXXXXX\n", "Health: 2 X: 7 Y: 10\nXXXXXXXXXX\nX     t  X\nXXXXX XXXX\nXX T     X\nXX XX XX X\nX   X X\u221e X\nX   X X  X\nX  bX X  X\nXX XX XX X\nX P X X mX\nXX XX X XX\nX  TX X TX\nX M X X TX\nX   X X  X\nXX XX XTXX\nX R X X  X\nX   X XXTX\nX XXX X  X\nX    e   X\nXXXXXXXXXX\n", "Health: 2 X: 7 Y: 11\nXXXXXXXXXX\nX     t  X\nXXXXX XXXX\nXX T     X\nXX XX XX X\nX   X X\u221e X\nX   X X  X\nX  bX X  X\nXX XX XX X\nX P X Xm X\nXX XX X XX\nX  TX XHTX\nX M X X TX\nX   X X  X\nXX XX XTXX\nX R X X  X\nX   X XXTX\nX XXX X  X\nX    e   X\nXXXXXXXXXX\n", "Health: 2 X: 7 Y: 12\nXXXXXXXXXX\nX     t  X\nXXXXX XXXX\nXX T     X\nXX XX XX X\nX   X X\u221e X\nX   X X  X\nX  bX X  X\nXX XX XX X\nX P X X  X\nXX XX X XX\nX  TX X TX\nX M X XHTX\nX   X X  X\nXX XX XTXX\nX R X X  X\nX   X XXTX\nX XXX X  X\nX    e   X\nXXXXXXXXXX\n", "Health: 2 X: 7 Y: 13\nXXXXXXXXXX\nX     t  X\nXXXXX XXXX\nXX T     X\nXX XX XX X\nX   X X\u221e X\nX   X X  X\nX  bX X  X\nXX XX XX X\nX P X X  X\nXX XX X XX\nX  TX XmTX\nX M X X TX\nX   X XH X\nXX XX XTXX\nX R X X  X\nX   X XXTX\nX XXX X  X\nX    e   X\nXXXXXXXXXX\n", "Health: 2 X: 7 Y: 14\nXXXXXXXXXX\nX     t  X\nXXXXX XXXX\nXX T     X\nXX XX XX X\nX   X X\u221e X\nX   X X  X\nX  bX X  X\nXX XX XX X\nX P X X  X\nXX XX X XX\nX  TX X TX\nX M X XmTX\nX   X X  X\nXX XX X XX\nX R X X  X\nX   X XXTX\nX XXX X  X\nX    e   X\nXXXXXXXXXX\n", "Health: 2 X: 7 Y: 15\nXXXXXXXXXX\nX     t  X\nXXXXX XXXX\nXX T     X\nXX XX XX X\nX   X X\u221e X\nX   X X  X\nX  bX X  X\nXX XX XX X\nX P X X  X\nXX XX X XX\nX  TX X TX\nX M X X TX\nX   X Xm X\nXX XX X XX\nX R X XH X\nX   X XXTX\nX XXX X  X\nX    e   X\nXXXXXXXXXX\n", "Health: 2 X: 8 Y: 15\nXXXXXXXXXX\nX     t  X\nXXXXX XXXX\nXX T     X\nXX XX XX X\nX   X X\u221e X\nX   X X  X\nX  bX X  X\nXX XX XX X\nX P X X  X\nXX XX X XX\nX  TX X TX\nX M X X TX\nX   X X  X\nXX XX X XX\nX R X X HX\nX   X XXTX\nX XXX X  X\nX    e   X\nXXXXXXXXXX\n", "Health: 2 X: 8 Y: 16\nXXXXXXXXXX\nX     t  X\nXXXXX XXXX\nXX T     X\nXX XX XX X\nX   X X\u221e X\nX   X X  X\nX  bX X  X\nXX XX XX X\nX P X X  X\nXX XX X XX\nX  TX X TX\nX M X X TX\nX   X X  X\nXX XX X XX\nX R X Xm X\nX   X XX X\nX XXX X  X\nX    e   X\nXXXXXXXXXX\n", "Health: 2 X: 8 Y: 17\nXXXXXXXXXX\nX     t  X\nXXXXX XXXX\nXX T     X\nXX XX XX X\nX   X X\u221e X\nX   X X  X\nX  bX X  X\nXX XX XX X\nX P X X  X\nXX XX X XX\nX  TX X TX\nX M X X TX\nX   X X  X\nXX XX X XX\nX R X X mX\nX   X XX X\nX XXX X HX\nX    e   X\nXXXXXXXXXX\n", "Health: 1 X: 8 Y: 16\nXXXXXXXXXX\nX     t  X\nXXXXX XXXX\nXX T     X\nXX XX XX X\nX   X X\u221e X\nX   X X  X\nX  bX X  X\nXX XX XX X\nX P X X  X\nXX XX X XX\nX  TX X TX\nX M X X TX\nX   X X  X\nXX XX X XX\nX R X X mX\nX   X XX X\nX XXX X  X\nX    e   X\nXXXXXXXXXX\n", "Health: 1 X: 8 Y: 15\nXXXXXXXXXX\nX     t  X\nXXXXX XXXX\nXX T     X\nXX XX XX X\nX   X X\u221e X\nX   X X  X\nX  bX X  X\nXX XX XX X\nX P X X  X\nXX XX X XX\nX  TX X TX\nX M X X TX\nX   X X  X\nXX XX X XX\nX R X X mX\nX   X XX X\nX XXX X  X\nX    e   X\nXXXXXXXXXX\n", "Health: 1 X: 7 Y: 15\nXXXXXXXXXX\nX     t  X\nXXXXX XXXX\nXX T     X\nXX XX XX X\nX   X X\u221e X\nX   X X  X\nX  bX X  X\nXX XX XX X\nX P X X  X\nXX XX X XX\nX  TX X TX\nX M X X TX\nX   X X  X\nXX XX X XX\nX R X XHmX\nX   X XX X\nX XXX X  X\nX    e   X\nXXXXXXXXXX\n", "Health: 1 X: 7 Y: 14\nXXXXXXXXXX\nX     t  X\nXXXXX XXXX\nXX T     X\nXX XX XX X\nX   X X\u221e X\nX   X X  X\nX  bX X  X\nXX XX XX X\nX P X X  X\nXX XX X XX\nX  TX X TX\nX M X X TX\nX   X X  X\nXX XX X XX\nX R X X mX\nX   X XX X\nX XXX X  X\nX    e   X\nXXXXXXXXXX\n", "Health: 1 X: 7 Y: 13\nXXXXXXXXXX\nX     t  X\nXXXXX XXXX\nXX T     X\nXX XX XX X\nX   X X\u221e X\nX   X X  X\nX  bX X  X\nXX XX XX X\nX P X X  X\nXX XX X XX\nX  TX X TX\nX M X X TX\nX   X XH X\nXX XX X XX\nX R X X mX\nX   X XX X\nX XXX X  X\nX    e   X\nXXXXXXXXXX\n", "Health: 1 X: 7 Y: 12\nXXXXXXXXXX\nX     t  X\nXXXXX XXXX\nXX T     X\nXX XX XX X\nX   X X\u221e X\nX   X X  X\nX  bX X  X\nXX XX XX X\nX P X X  X\nXX XX X XX\nX  TX X TX\nX M X XHTX\nX   X X  X\nXX XX X XX\nX R X X mX\nX   X XX X\nX XXX X  X\nX    e   X\nXXXXXXXXXX\n", "Health: 1 X: 8 Y: 12\nXXXXXXXXXX\nX     t  X\nXXXXX XXXX\nXX T     X\nXX XX XX X\nX   X X\u221e X\nX   X X  X\nX  bX X  X\nXX XX XX X\nX P X X  X\nXX XX X XX\nX  TX X TX\nX M X X  X\nX   X X  X\nXX XX X XX\nX R X Xm X\nX   X XX X\nX XXX X  X\nX    e   X\nXXXXXXXXXX\n", "Health: 1 X: 3 Y: 11\nXXXXXXXXXX\nX     t  X\nXXXXX XXXX\nXX T     X\nXX XX XX X\nX   X X\u221e X\nX   X X  X\nX  bX X  X\nXX XX XX X\nX P X X  X\nXX XX X XX\nX MTX X TX\nX   X X  X\nX   X X  X\nXXRXX X XX\nX   X X mX\nX   X XX X\nX XXX X  X\nX    e   X\nXXXXXXXXXX\n", "Health: -1 X: 2 Y: 11\nXXXXXXXXXX\nX     t  X\nXXXXX XXXX\nXX T     X\nXX XX XX X\nX   X X\u221e X\nX   X X  X\nX  bX X  X\nXX XX XX X\nX P X X  X\nXX XX X XX\nX \u221eTX X TX\nX   X X  X\nX   X X  X\nXXRXX X XX\nX   X X  X\nX   X XX X\nX XXX X  X\nX    e   X\nXXXXXXXXXX\n"], "map_number": 100}], "timestamp": "10-Aug-2021 18:08:13.296130", "ip": "208.104.48.219"}