{"Q1": "Every day", "Q2": "Always", "Q3": "Always", "Q4": "Sometimes", "Q5": "Always", "Q6": "Always", "Q7": "Always", "Q8": "Always", "Q9": "Always", "Q10": "Always", "results": [{"mechanics": [{"timestep": 0, "mechanic": "CollectTreasure"}, {"timestep": 3, "mechanic": "CollectTreasure"}, {"timestep": 3, "mechanic": "OgreTreasure"}, {"timestep": 6, "mechanic": "BlobHit"}, {"timestep": 9, "mechanic": "GoblinMeleeHit"}, {"timestep": 11, "mechanic": "GoblinRangedHit"}, {"timestep": 12, "mechanic": "CollectPotion"}, {"timestep": 12, "mechanic": "GoblinRangedHit"}, {"timestep": 13, "mechanic": "GoblinRangedHit"}, {"timestep": 14, "mechanic": "GoblinRangedHit"}, {"timestep": 15, "mechanic": "UsePortal"}, {"timestep": 17, "mechanic": "CollectTreasure"}, {"timestep": 20, "mechanic": "CollectTreasure"}, {"timestep": 26, "mechanic": "CollectTreasure"}, {"timestep": 29, "mechanic": "CollectTreasure"}, {"timestep": 32, "mechanic": "CollectTreasure"}, {"timestep": 37, "mechanic": "ReachStairs"}], "frequencies": {"CollectTreasure": 7, "OgreTreasure": 1, "BlobHit": 1, "GoblinMeleeHit": 1, "GoblinRangedHit": 4, "CollectPotion": 1, "UsePortal": 1, "ReachStairs": 1}, "levelReport": {"utilityGained": 0.0, "exitUtility": 1.0, "runnerUtility": 0.62, "loitererUtility": 38.0, "completionistUtility": 0.8716666666666666, "monsterKillerUtility": 0.825, "treasureCollectorUtility": 0.7899999999999999, "turnsTaken": 38, "health": 7, "healthLost": 5, "alive": true, "javelinsThrown": 0, "monsterKills": 3, "minitaurKnockouts": 0, "treasuresCollected": 7, "potionsTaken": 1, "totalMonsters": 5, "totalTreasures": 10, "totalPotions": 1, "timeTaken": 0.0}, "positions": [{"X": 6, "Y": 3}, {"X": 5, "Y": 3}, {"X": 4, "Y": 3}, {"X": 3, "Y": 3}, {"X": 2, "Y": 3}, {"X": 2, "Y": 4}, {"X": 2, "Y": 5}, {"X": 3, "Y": 5}, {"X": 3, "Y": 6}, {"X": 3, "Y": 7}, {"X": 2, "Y": 7}, {"X": 2, "Y": 8}, {"X": 2, "Y": 9}, {"X": 2, "Y": 10}, {"X": 2, "Y": 11}, {"X": 8, "Y": 11}, {"X": 7, "Y": 11}, {"X": 7, "Y": 10}, {"X": 7, "Y": 9}, {"X": 8, "Y": 9}, {"X": 8, "Y": 8}, {"X": 8, "Y": 9}, {"X": 7, "Y": 9}, {"X": 7, "Y": 10}, {"X": 7, "Y": 11}, {"X": 7, "Y": 12}, {"X": 8, "Y": 12}, {"X": 8, "Y": 13}, {"X": 7, "Y": 13}, {"X": 7, "Y": 14}, {"X": 7, "Y": 15}, {"X": 8, "Y": 15}, {"X": 8, "Y": 16}, {"X": 8, "Y": 17}, {"X": 8, "Y": 18}, {"X": 7, "Y": 18}, {"X": 6, "Y": 18}, {"X": 5, "Y": 18}], "levelStates": ["Health: 10 X: 6 Y: 3\nXXXXXXXXXX\nX m   tTTX\nXXXXX XXXX\nXX T     X\nXX XX XX X\nX   X X oX\nX   X X  X\nX  bX XT X\nXX XX XXTX\nX P X X  X\nXX XX XTXX\nX  TX X TX\nX M X X TX\nX   X X  X\nXX XX XTXX\nX R X X  X\nX   X XXTX\nX XXX X  X\nX    e   X\nXXXXXXXXXX\n", "Health: 10 X: 5 Y: 3\nXXXXXXXXXX\nX  m  tTTX\nXXXXX XXXX\nXX T H   X\nXX XX XX X\nX   X Xo X\nX   X X  X\nX  bX XT X\nXX XX XXTX\nX P X X  X\nXX XX XTXX\nX  TX X TX\nX M X X TX\nX   X X  X\nXX XX XTXX\nX R X X  X\nX   X XXTX\nX XXX X  X\nX    e   X\nXXXXXXXXXX\n", "Health: 10 X: 4 Y: 3\nXXXXXXXXXX\nX   m tTTX\nXXXXX XXXX\nXX TH    X\nXX XX XX X\nX   X X  X\nX   X Xo X\nX  bX XT X\nXX XX XXTX\nX P X X  X\nXX XX XTXX\nX  TX X TX\nX M X X TX\nX   X X  X\nXX XX XTXX\nX R X X  X\nX   X XXTX\nX XXX X  X\nX    e   X\nXXXXXXXXXX\n", "Health: 10 X: 3 Y: 3\nXXXXXXXXXX\nX    mtTTX\nXXXXX XXXX\nXX       X\nXX XX XX X\nX   X X  X\nX   X X  X\nX  bX X  X\nXX XX XXTX\nX P X X  X\nXX XX XTXX\nX  TX X TX\nX M X X TX\nX   X X  X\nXX XX XTXX\nX R X X  X\nX   X XXTX\nX XXX X  X\nX    e   X\nXXXXXXXXXX\n", "Health: 10 X: 2 Y: 3\nXXXXXXXXXX\nX     tTTX\nXXXXXmXXXX\nXXH      X\nXX XX XX X\nX   X X  X\nX  bX X  X\nX   X X  X\nXX XX XXTX\nX P X X  X\nXX XX XTXX\nX MTX X TX\nX   X X TX\nX   X X  X\nXXRXX XTXX\nX   X X  X\nX   X XXTX\nX XXX X  X\nX    e   X\nXXXXXXXXXX\n", "Health: 10 X: 2 Y: 4\nXXXXXXXXXX\nX     tTTX\nXXXXX XXXX\nXX   m   X\nXXHXX XX X\nX  bX X  X\nX   X X  X\nX   X X  X\nXX XX XXTX\nX P X X  X\nXXMXX XTXX\nX  TX X TX\nX   X X TX\nX R X X  X\nXX XX XTXX\nX   X X  X\nX   X XXTX\nX XXX X  X\nX    e   X\nXXXXXXXXXX\n", "Health: 9 X: 2 Y: 5\nXXXXXXXXXX\nX     tTTX\nXXXXX XXXX\nXX  m    X\nXX XX XX X\nX H\u221eX X  X\nX   X X  X\nX   X X  X\nXX XX XXTX\nX M X X  X\nXX XX XTXX\nX  TX X TX\nX R X X TX\nX   X X  X\nXX XX XTXX\nX   X X  X\nX   X XXTX\nX XXX X  X\nX    e   X\nXXXXXXXXXX\n", "Health: 9 X: 3 Y: 5\nXXXXXXXXXX\nX     tTTX\nXXXXX XXXX\nXX       X\nXX XX XX X\nX  \u221eX X  X\nX   X X  X\nX   X X  X\nXXMXX XXTX\nX P X X  X\nXX XX XTXX\nX  TX X TX\nX R X X TX\nX   X X  X\nXX XX XTXX\nX   X X  X\nX   X XXTX\nX XXX X  X\nX    e   X\nXXXXXXXXXX\n", "Health: 9 X: 3 Y: 6\nXXXXXXXXXX\nX     tTTX\nXXXXX XXXX\nXXm      X\nXX XX XX X\nX  \u221eX X  X\nX  HX X  X\nX M X X  X\nXX XX XXTX\nX P X X  X\nXX XX XTXX\nX  TX X TX\nX R X X TX\nX   X X  X\nXX XX XTXX\nX   X X  X\nX   X XXTX\nX XXX X  X\nX    e   X\nXXXXXXXXXX\n", "Health: 8 X: 3 Y: 7\nXXXXXXXXXX\nX     tTTX\nXXXXX XXXX\nXX       X\nXXmXX XX X\nX  \u221eX X  X\nX   X X  X\nX \u221eHX X  X\nXX XX XXTX\nX P X X  X\nXX XX XTXX\nX  TX X TX\nX R X X TX\nX   X X  X\nXX XX XTXX\nX   X X  X\nX   X XXTX\nX XXX X  X\nX    e   X\nXXXXXXXXXX\n", "Health: 8 X: 2 Y: 7\nXXXXXXXXXX\nX     tTTX\nXXXXX XXXX\nXX       X\nXX XX XX X\nX m\u221eX X  X\nX   X X  X\nX \u221e X X  X\nXX XX XXTX\nX P X X  X\nXX XX XTXX\nX RTX X TX\nX   X X TX\nX   X X  X\nXX XX XTXX\nX   X X  X\nX   X XXTX\nX XXX X  X\nX    e   X\nXXXXXXXXXX\n", "Health: 7 X: 2 Y: 8\nXXXXXXXXXX\nX     tTTX\nXXXXX XXXX\nXX       X\nXX XX XX X\nX  \u221eX X  X\nX m X X  X\nX \u221e X X  X\nXXHXX XXTX\nX P X X  X\nXX XX XTXX\nX RTX X TX\nX   X X TX\nX   X X  X\nXX XX XTXX\nX   X X  X\nX   X XXTX\nX XXX X  X\nX    e   X\nXXXXXXXXXX\n", "Health: 8 X: 2 Y: 9\nXXXXXXXXXX\nX     tTTX\nXXXXX XXXX\nXX       X\nXX XX XX X\nX  \u221eX X  X\nX   X X  X\nX \u221e X X  X\nXX XX XXTX\nX   X X  X\nXX XX XTXX\nX RTX X TX\nX   X X TX\nX   X X  X\nXX XX XTXX\nX   X X  X\nX   X XXTX\nX XXX X  X\nX    e   X\nXXXXXXXXXX\n", "Health: 7 X: 2 Y: 10\nXXXXXXXXXX\nX     tTTX\nXXXXX XXXX\nXX       X\nXX XX XX X\nX  \u221eX X  X\nX   X X  X\nX \u221e X X  X\nXXmXX XXTX\nX   X X  X\nXXHXX XTXX\nX RTX X TX\nX   X X TX\nX   X X  X\nXX XX XTXX\nX   X X  X\nX   X XXTX\nX XXX X  X\nX    e   X\nXXXXXXXXXX\n", "Health: 7 X: 2 Y: 11\nXXXXXXXXXX\nX     tTTX\nXXXXX XXXX\nXX       X\nXX XX XX X\nX  \u221eX X  X\nX   X X  X\nX \u221e X X  X\nXX XX XXTX\nX   X X  X\nXX XX XTXX\nX \u221eTX X TX\nX   X X TX\nX   X X  X\nXX XX XTXX\nX   X X  X\nX   X XXTX\nX XXX X  X\nX    e   X\nXXXXXXXXXX\n", "Health: 7 X: 8 Y: 11\nXXXXXXXXXX\nX     tTTX\nXXXXX XXXX\nXX       X\nXX XX XX X\nX  \u221eX X  X\nX   X X  X\nX \u221e X X  X\nXXmXX XXTX\nX   X X  X\nXX XX XTXX\nX \u221eTX X TX\nX   X X TX\nX   X X  X\nXX XX XTXX\nX   X X  X\nX   X XXTX\nX XXX X  X\nX    e   X\nXXXXXXXXXX\n", "Health: 7 X: 7 Y: 11\nXXXXXXXXXX\nX     tTTX\nXXXXX XXXX\nXX       X\nXX XX XX X\nX  \u221eX X  X\nX   X X  X\nX \u221e X X  X\nXX XX XXTX\nX   X X  X\nXX XX XTXX\nX \u221eTX XHTX\nX   X X TX\nX   X X  X\nXX XX XTXX\nX   X X  X\nX   X XXTX\nX XXX X  X\nX    e   X\nXXXXXXXXXX\n", "Health: 7 X: 7 Y: 10\nXXXXXXXXXX\nX     tTTX\nXXXXX XXXX\nXX       X\nXX XX XX X\nX  \u221eX X  X\nX m X X  X\nX \u221e X X  X\nXX XX XXTX\nX   X X  X\nXX XX X XX\nX \u221eTX X TX\nX   X X TX\nX   X X  X\nXX XX XTXX\nX   X X  X\nX   X XXTX\nX XXX X  X\nX    e   X\nXXXXXXXXXX\n", "Health: 7 X: 7 Y: 9\nXXXXXXXXXX\nX     tTTX\nXXXXX XXXX\nXX       X\nXX XX XX X\nX m\u221eX X  X\nX   X X  X\nX \u221e X X  X\nXX XX XXTX\nX   X XH X\nXX XX X XX\nX \u221eTX X TX\nX   X X TX\nX   X X  X\nXX XX XTXX\nX   X X  X\nX   X XXTX\nX XXX X  X\nX    e   X\nXXXXXXXXXX\n", "Health: 7 X: 8 Y: 9\nXXXXXXXXXX\nX     tTTX\nXXXXX XXXX\nXX       X\nXXmXX XX X\nX  \u221eX X  X\nX   X X  X\nX \u221e X X  X\nXX XX XXTX\nX   X X HX\nXX XX X XX\nX \u221eTX X TX\nX   X X TX\nX   X X  X\nXX XX XTXX\nX   X X  X\nX   X XXTX\nX XXX X  X\nX    e   X\nXXXXXXXXXX\n", "Health: 7 X: 8 Y: 8\nXXXXXXXXXX\nX     tTTX\nXXXXX XXXX\nXXm      X\nXX XX XX X\nX  \u221eX X  X\nX   X X  X\nX \u221e X X  X\nXX XX XX X\nX   X X  X\nXX XX X XX\nX \u221eTX X TX\nX   X X TX\nX   X X  X\nXX XX XTXX\nX   X X  X\nX   X XXTX\nX XXX X  X\nX    e   X\nXXXXXXXXXX\n", "Health: 7 X: 8 Y: 9\nXXXXXXXXXX\nX     tTTX\nXXXXX XXXX\nXX       X\nXX XX XX X\nX  \u221eX X  X\nX   X X  X\nX \u221e X X  X\nXX XX XX X\nX   X X HX\nXX XX X XX\nX \u221eTX X TX\nX   X X TX\nX   X X  X\nXX XX XTXX\nX   X X  X\nX   X XXTX\nX XXX X  X\nX    e   X\nXXXXXXXXXX\n", "Health: 7 X: 7 Y: 9\nXXXXXXXXXX\nX     tTTX\nXXXXX XXXX\nXX  m    X\nXX XX XX X\nX  \u221eX X  X\nX   X X  X\nX \u221e X X  X\nXX XX XX X\nX   X XH X\nXX XX X XX\nX \u221eTX X TX\nX   X X TX\nX   X X  X\nXX XX XTXX\nX   X X  X\nX   X XXTX\nX XXX X  X\nX    e   X\nXXXXXXXXXX\n", "Health: 7 X: 7 Y: 10\nXXXXXXXXXX\nX     tTTX\nXXXXX XXXX\nXX   m   X\nXX XX XX X\nX  \u221eX X  X\nX   X X  X\nX \u221e X X  X\nXX XX XX X\nX   X X  X\nXX XX X XX\nX \u221eTX X TX\nX   X X TX\nX   X X  X\nXX XX XTXX\nX   X X  X\nX   X XXTX\nX XXX X  X\nX    e   X\nXXXXXXXXXX\n", "Health: 7 X: 7 Y: 11\nXXXXXXXXXX\nX     tTTX\nXXXXX XXXX\nXX       X\nXX XX XX X\nX  \u221eX X  X\nX   X X  X\nX \u221e X X  X\nXX XX XX X\nX   X X  X\nXX XX X XX\nX \u221eTX XHTX\nX   X X TX\nX   X X  X\nXX XX XTXX\nX   X X  X\nX   X XXTX\nX XXX X  X\nX    e   X\nXXXXXXXXXX\n", "Health: 7 X: 7 Y: 12\nXXXXXXXXXX\nX     tTTX\nXXXXX XXXX\nXX     m X\nXX XX XX X\nX  \u221eX X  X\nX   X X  X\nX \u221e X X  X\nXX XX XX X\nX   X X  X\nXX XX X XX\nX \u221eTX X TX\nX   X XHTX\nX   X X  X\nXX XX XTXX\nX   X X  X\nX   X XXTX\nX XXX X  X\nX    e   X\nXXXXXXXXXX\n", "Health: 7 X: 8 Y: 12\nXXXXXXXXXX\nX     tTTX\nXXXXX XXXX\nXX      mX\nXX XX XX X\nX  \u221eX X  X\nX   X X  X\nX \u221e X X  X\nXX XX XX X\nX   X X  X\nXX XX X XX\nX \u221eTX X TX\nX   X X  X\nX   X X  X\nXX XX XTXX\nX   X X  X\nX   X XXTX\nX XXX X  X\nX    e   X\nXXXXXXXXXX\n", "Health: 7 X: 8 Y: 13\nXXXXXXXXXX\nX     tTTX\nXXXXX XXXX\nXX       X\nXX XX XXmX\nX  \u221eX X  X\nX   X X  X\nX \u221e X X  X\nXX XX XX X\nX   X X  X\nXX XX X XX\nX \u221eTX X TX\nX   X X  X\nX   X X HX\nXX XX XTXX\nX   X X  X\nX   X XXTX\nX XXX X  X\nX    e   X\nXXXXXXXXXX\n", "Health: 7 X: 7 Y: 13\nXXXXXXXXXX\nX     tTTX\nXXXXX XXXX\nXX       X\nXX XX XX X\nX  \u221eX X mX\nX   X X  X\nX \u221e X X  X\nXX XX XX X\nX   X X  X\nXX XX X XX\nX \u221eTX X TX\nX   X X  X\nX   X XH X\nXX XX XTXX\nX   X X  X\nX   X XXTX\nX XXX X  X\nX    e   X\nXXXXXXXXXX\n", "Health: 7 X: 7 Y: 14\nXXXXXXXXXX\nX     tTTX\nXXXXX XXXX\nXX       X\nXX XX XX X\nX  \u221eX X  X\nX   X X mX\nX \u221e X X  X\nXX XX XX X\nX   X X  X\nXX XX X XX\nX \u221eTX X TX\nX   X X  X\nX   X X  X\nXX XX X XX\nX   X X  X\nX   X XXTX\nX XXX X  X\nX    e   X\nXXXXXXXXXX\n", "Health: 7 X: 7 Y: 15\nXXXXXXXXXX\nX     tTTX\nXXXXX XXXX\nXX       X\nXX XX XX X\nX  \u221eX X  X\nX   X X  X\nX \u221e X X mX\nXX XX XX X\nX   X X  X\nXX XX X XX\nX \u221eTX X TX\nX   X X  X\nX   X X  X\nXX XX X XX\nX   X XH X\nX   X XXTX\nX XXX X  X\nX    e   X\nXXXXXXXXXX\n", "Health: 7 X: 8 Y: 15\nXXXXXXXXXX\nX     tTTX\nXXXXX XXXX\nXX       X\nXX XX XX X\nX  \u221eX X  X\nX   X X  X\nX \u221e X X  X\nXX XX XX X\nX   X X  X\nXX XX X XX\nX \u221eTX X TX\nX   X X  X\nX   X X  X\nXX XX X XX\nX   X X HX\nX   X XXTX\nX XXX X  X\nX    e   X\nXXXXXXXXXX\n", "Health: 7 X: 8 Y: 16\nXXXXXXXXXX\nX     tTTX\nXXXXX XXXX\nXX       X\nXX XX XX X\nX  \u221eX X  X\nX   X X  X\nX \u221e X X  X\nXX XX XX X\nX   X X mX\nXX XX X XX\nX \u221eTX X TX\nX   X X  X\nX   X X  X\nXX XX X XX\nX   X X  X\nX   X XX X\nX XXX X  X\nX    e   X\nXXXXXXXXXX\n", "Health: 7 X: 8 Y: 17\nXXXXXXXXXX\nX     tTTX\nXXXXX XXXX\nXX       X\nXX XX XX X\nX  \u221eX X  X\nX   X X  X\nX \u221e X X  X\nXX XX XX X\nX   X Xm X\nXX XX X XX\nX \u221eTX X TX\nX   X X  X\nX   X X  X\nXX XX X XX\nX   X X  X\nX   X XX X\nX XXX X HX\nX    e   X\nXXXXXXXXXX\n", "Health: 7 X: 8 Y: 18\nXXXXXXXXXX\nX     tTTX\nXXXXX XXXX\nXX       X\nXX XX XX X\nX  \u221eX X  X\nX   X X  X\nX \u221e X X  X\nXX XX XX X\nX   X X  X\nXX XX X XX\nX \u221eTX X TX\nX   X X  X\nX   X X  X\nXX XX X XX\nX   X X  X\nX   X XX X\nX XXX X  X\nX    e  HX\nXXXXXXXXXX\n", "Health: 7 X: 7 Y: 18\nXXXXXXXXXX\nX     tTTX\nXXXXX XXXX\nXX       X\nXX XX XX X\nX  \u221eX X  X\nX   X X  X\nX \u221e X X  X\nXX XX XX X\nX   X X  X\nXX XX X XX\nX \u221eTX XmTX\nX   X X  X\nX   X X  X\nXX XX X XX\nX   X X  X\nX   X XX X\nX XXX X  X\nX    e H X\nXXXXXXXXXX\n", "Health: 7 X: 6 Y: 18\nXXXXXXXXXX\nX     tTTX\nXXXXX XXXX\nXX       X\nXX XX XX X\nX  \u221eX X  X\nX   X X  X\nX \u221e X X  X\nXX XX XX X\nX   X X  X\nXX XX X XX\nX \u221eTX X TX\nX   X Xm X\nX   X X  X\nXX XX X XX\nX   X X  X\nX   X XX X\nX XXX X  X\nX    eH  X\nXXXXXXXXXX\n", "Health: 7 X: 5 Y: 18\nXXXXXXXXXX\nX     tTTX\nXXXXX XXXX\nXX       X\nXX XX XX X\nX  \u221eX X  X\nX   X X  X\nX \u221e X X  X\nXX XX XX X\nX   X X  X\nXX XX X XX\nX \u221eTX X TX\nX   X X  X\nX   X Xm X\nXX XX X XX\nX   X X  X\nX   X XX X\nX XXX X  X\nX    e   X\nXXXXXXXXXX\n"], "map_number": 100}, {"mechanics": [{"timestep": 1, "mechanic": "BlobHit"}, {"timestep": 9, "mechanic": "GoblinMeleeHit"}, {"timestep": 14, "mechanic": "GoblinMeleeHit"}, {"timestep": 20, "mechanic": "CollectTreasure"}, {"timestep": 21, "mechanic": "MinitaurHit"}, {"timestep": 22, "mechanic": "MinitaurHit"}, {"timestep": 24, "mechanic": "MinitaurHit"}, {"timestep": 25, "mechanic": "CollectPotion"}, {"timestep": 27, "mechanic": "OgreHit"}, {"timestep": 27, "mechanic": "OgreHit"}, {"timestep": 31, "mechanic": "CollectPotion"}, {"timestep": 37, "mechanic": "TriggerTrap"}, {"timestep": 39, "mechanic": "CollectTreasure"}, {"timestep": 40, "mechanic": "CollectTreasure"}, {"timestep": 41, "mechanic": "CollectTreasure"}, {"timestep": 42, "mechanic": "CollectTreasure"}, {"timestep": 45, "mechanic": "MinitaurHit"}, {"timestep": 46, "mechanic": "MinitaurHit"}, {"timestep": 47, "mechanic": "TriggerTrap"}, {"timestep": 54, "mechanic": "CollectTreasure"}, {"timestep": 62, "mechanic": "CollectTreasure"}, {"timestep": 62, "mechanic": "GoblinRangedHit"}, {"timestep": 63, "mechanic": "CollectTreasure"}, {"timestep": 63, "mechanic": "GoblinRangedHit"}, {"timestep": 65, "mechanic": "ReachStairs"}], "frequencies": {"BlobHit": 1, "GoblinMeleeHit": 2, "CollectTreasure": 8, "MinitaurHit": 5, "CollectPotion": 2, "OgreHit": 2, "TriggerTrap": 2, "GoblinRangedHit": 2, "ReachStairs": 1}, "levelReport": {"utilityGained": 0.0, "exitUtility": 1.0, "runnerUtility": 0.33999999999999997, "loitererUtility": 66.0, "completionistUtility": 0.922222222222222, "monsterKillerUtility": 0.7666666666666666, "treasureCollectorUtility": 1.0, "turnsTaken": 66, "health": 2, "healthLost": 12, "alive": true, "javelinsThrown": 0, "monsterKills": 4, "minitaurKnockouts": 4, "treasuresCollected": 8, "potionsTaken": 2, "totalMonsters": 7, "totalTreasures": 8, "totalPotions": 2, "timeTaken": 0.0}, "positions": [{"X": 7, "Y": 3}, {"X": 6, "Y": 3}, {"X": 5, "Y": 3}, {"X": 4, "Y": 3}, {"X": 3, "Y": 3}, {"X": 2, "Y": 3}, {"X": 1, "Y": 3}, {"X": 1, "Y": 4}, {"X": 1, "Y": 5}, {"X": 1, "Y": 6}, {"X": 2, "Y": 6}, {"X": 1, "Y": 6}, {"X": 1, "Y": 7}, {"X": 1, "Y": 8}, {"X": 1, "Y": 9}, {"X": 2, "Y": 9}, {"X": 1, "Y": 9}, {"X": 1, "Y": 10}, {"X": 1, "Y": 11}, {"X": 1, "Y": 12}, {"X": 1, "Y": 13}, {"X": 1, "Y": 12}, {"X": 1, "Y": 11}, {"X": 1, "Y": 10}, {"X": 1, "Y": 11}, {"X": 2, "Y": 11}, {"X": 3, "Y": 11}, {"X": 3, "Y": 11}, {"X": 4, "Y": 11}, {"X": 5, "Y": 11}, {"X": 6, "Y": 11}, {"X": 7, "Y": 11}, {"X": 8, "Y": 11}, {"X": 8, "Y": 10}, {"X": 8, "Y": 9}, {"X": 8, "Y": 8}, {"X": 8, "Y": 7}, {"X": 8, "Y": 6}, {"X": 7, "Y": 6}, {"X": 6, "Y": 6}, {"X": 6, "Y": 7}, {"X": 6, "Y": 8}, {"X": 6, "Y": 9}, {"X": 6, "Y": 8}, {"X": 6, "Y": 7}, {"X": 6, "Y": 6}, {"X": 7, "Y": 6}, {"X": 8, "Y": 6}, {"X": 8, "Y": 7}, {"X": 8, "Y": 8}, {"X": 8, "Y": 9}, {"X": 8, "Y": 10}, {"X": 8, "Y": 11}, {"X": 8, "Y": 12}, {"X": 8, "Y": 13}, {"X": 8, "Y": 14}, {"X": 8, "Y": 15}, {"X": 8, "Y": 16}, {"X": 8, "Y": 17}, {"X": 8, "Y": 16}, {"X": 7, "Y": 16}, {"X": 6, "Y": 16}, {"X": 5, "Y": 16}, {"X": 4, "Y": 16}, {"X": 4, "Y": 17}, {"X": 5, "Y": 17}], "levelStates": ["Health: 10 X: 7 Y: 3\nXXXXXXXXXX\nXXXT m   X\nXXXXXXXX X\nX     bH X\nX XX XXXXX\nX XX XXXXX\nX MX XT tX\nX XX XTX X\nX XX XTX X\nX MX XTX X\nX XX XXX X\nX P o  P X\nX XXXXXX X\nXTX RR XTX\nX X    X X\nX XX  XX X\nX   TT   X\nXT   e   X\nXXXXXXXXXX\n", "Health: 10 X: 6 Y: 3\nXXXXXXXXXX\nXXXT  m  X\nXXXXXXXX X\nX     \u221e  X\nX XX XXXXX\nX XX XXXXX\nX MX XT tX\nX XX XTX X\nX XX XTX X\nX MX XTX X\nX XX XXX X\nX P o  P X\nX XXXXXX X\nXTX RR XTX\nX X    X X\nX XX  XX X\nX   TT   X\nXT   e   X\nXXXXXXXXXX\n", "Health: 10 X: 5 Y: 3\nXXXXXXXXXX\nXXXT   m X\nXXXXXXXX X\nX    H\u221e  X\nX XX XXXXX\nX XX XXXXX\nX MX XT tX\nX XX XTX X\nX XX XTX X\nX MX XTX X\nX XX XXX X\nX P o  P X\nX XXXXXX X\nXTX RR XTX\nX X    X X\nX XX  XX X\nX   TT   X\nXT   e   X\nXXXXXXXXXX\n", "Health: 10 X: 4 Y: 3\nXXXXXXXXXX\nXXXT    mX\nXXXXXXXX X\nX   H \u221e  X\nX XX XXXXX\nX XX XXXXX\nX MX XT tX\nX XX XTX X\nX XX XTX X\nX MX XTX X\nX XXoXXX X\nX P    P X\nX XXXXXX X\nXTX RR XTX\nX X    X X\nX XX  XX X\nX   TT   X\nXT   e   X\nXXXXXXXXXX\n", "Health: 10 X: 3 Y: 3\nXXXXXXXXXX\nXXXT     X\nXXXXXXXXmX\nX  H  \u221e  X\nX XX XXXXX\nX XX XXXXX\nX MX XT tX\nX XX XTX X\nX XX XTX X\nX MX XTX X\nX XXoXXX X\nX P    P X\nX XXXXXX X\nXTX RR XTX\nX X    X X\nX XX  XX X\nX   TT   X\nXT   e   X\nXXXXXXXXXX\n", "Health: 10 X: 2 Y: 3\nXXXXXXXXXX\nXXXT     X\nXXXXXXXX X\nX H   \u221e mX\nX XX XXXXX\nX XX XXXXX\nX MX XT tX\nX XX XTX X\nX XX XTX X\nX MX XTX X\nX XXoXXX X\nX P    P X\nX XXXXXX X\nXTX RR XTX\nX X    X X\nX XX  XX X\nX   TT   X\nXT   e   X\nXXXXXXXXXX\n", "Health: 10 X: 1 Y: 3\nXXXXXXXXXX\nXXXT     X\nXXXXXXXX X\nXH    \u221em X\nX XX XXXXX\nX XX XXXXX\nX MX XT tX\nX XX XTX X\nX XX XTX X\nX MX XTX X\nX XXoXXX X\nX P    P X\nX XXXXXX X\nXTX RR XTX\nX X    X X\nX XX  XX X\nX   TT   X\nXT   e   X\nXXXXXXXXXX\n", "Health: 10 X: 1 Y: 4\nXXXXXXXXXX\nXXXT     X\nXXXXXXXX X\nX     \u221e  X\nXHXX XXXXX\nX XX XXXXX\nX MX XT tX\nX XX XTX X\nX XX XTX X\nX MX XTX X\nX XXoXXX X\nX P    P X\nX XXXXXX X\nXTX RR XTX\nX X    X X\nX XX  XX X\nX   TT   X\nXT   e   X\nXXXXXXXXXX\n", "Health: 10 X: 1 Y: 5\nXXXXXXXXXX\nXXXT     X\nXXXXXXXX X\nX    m\u221e  X\nX XX XXXXX\nXHXX XXXXX\nX MX XT tX\nX XX XTX X\nX XX XTX X\nX MX XTX X\nX XXoXXX X\nX P    P X\nX XXXXXX X\nXTX RR XTX\nX X    X X\nX XX  XX X\nX   TT   X\nXT   e   X\nXXXXXXXXXX\n", "Health: 9 X: 1 Y: 6\nXXXXXXXXXX\nXXXT     X\nXXXXXXXX X\nX   m \u221e  X\nX XX XXXXX\nX XX XXXXX\nXH\u221eX XT tX\nX XX XTX X\nX XX XTX X\nX MX XTX X\nX XXoXXX X\nX P    P X\nX XXXXXX X\nXTX RR XTX\nX X    X X\nX XX  XX X\nX   TT   X\nXT   e   X\nXXXXXXXXXX\n", "Health: 9 X: 2 Y: 6\nXXXXXXXXXX\nXXXT     X\nXXXXXXXX X\nX  m  \u221e  X\nX XX XXXXX\nX XX XXXXX\nX \u221eX XT tX\nX XX XTX X\nX XX XTX X\nX MX XTX X\nX XXoXXX X\nX P    P X\nX XXXXXX X\nXTX RR XTX\nX X    X X\nX XX  XX X\nX   TT   X\nXT   e   X\nXXXXXXXXXX\n", "Health: 9 X: 1 Y: 6\nXXXXXXXXXX\nXXXT     X\nXXXXXXXX X\nX m   \u221e  X\nX XX XXXXX\nX XX XXXXX\nXH\u221eX XT tX\nX XX XTX X\nX XX XTX X\nX MX XTX X\nX XXoXXX X\nX P    P X\nX XXXXXX X\nXTX RR XTX\nX X    X X\nX XX  XX X\nX   TT   X\nXT   e   X\nXXXXXXXXXX\n", "Health: 9 X: 1 Y: 7\nXXXXXXXXXX\nXXXT     X\nXXXXXXXX X\nXm    \u221e  X\nX XX XXXXX\nX XX XXXXX\nX \u221eX XT tX\nXHXX XTX X\nX XX XTX X\nX MX XTX X\nX XXoXXX X\nX P    P X\nX XXXXXX X\nXTX RR XTX\nX X    X X\nX XX  XX X\nX   TT   X\nXT   e   X\nXXXXXXXXXX\n", "Health: 9 X: 1 Y: 8\nXXXXXXXXXX\nXXXT     X\nXXXXXXXX X\nX     \u221e  X\nXmXX XXXXX\nX XX XXXXX\nX \u221eX XT tX\nX XX XTX X\nXHXX XTX X\nX MX XTX X\nX XXoXXX X\nX P    P X\nX XXXXXX X\nXTX RR XTX\nX X    X X\nX XX  XX X\nX   TT   X\nXT   e   X\nXXXXXXXXXX\n", "Health: 8 X: 1 Y: 9\nXXXXXXXXXX\nXXXT     X\nXXXXXXXX X\nX     \u221e  X\nX XX XXXXX\nXmXX XXXXX\nX \u221eX XT tX\nX XX XTX X\nX XX XTX X\nXH\u221eX XTX X\nX XXoXXX X\nX P    P X\nX XXXXXX X\nXTX RR XTX\nX X    X X\nX XX  XX X\nX   TT   X\nXT   e   X\nXXXXXXXXXX\n", "Health: 8 X: 2 Y: 9\nXXXXXXXXXX\nXXXT     X\nXXXXXXXX X\nX     \u221e  X\nX XX XXXXX\nX XX XXXXX\nXm\u221eX XT tX\nX XX XTX X\nX XX XTX X\nX \u221eX XTX X\nX XXoXXX X\nX P    P X\nX XXXXXX X\nXTX RR XTX\nX X    X X\nX XX  XX X\nX   TT   X\nXT   e   X\nXXXXXXXXXX\n", "Health: 8 X: 1 Y: 9\nXXXXXXXXXX\nXXXT     X\nXXXXXXXX X\nX     \u221e  X\nX XX XXXXX\nX XX XXXXX\nX \u221eX XT tX\nXmXX XTX X\nX XX XTX X\nXH\u221eX XTX X\nX XXoXXX X\nX P    P X\nX XXXXXX X\nXTX RR XTX\nX X    X X\nX XX  XX X\nX   TT   X\nXT   e   X\nXXXXXXXXXX\n", "Health: 8 X: 1 Y: 10\nXXXXXXXXXX\nXXXT     X\nXXXXXXXX X\nX     \u221e  X\nX XX XXXXX\nX XX XXXXX\nX \u221eX XT tX\nX XX XTX X\nXmXX XTX X\nX \u221eX XTX X\nXHXXoXXX X\nX P    P X\nX XXXXXX X\nXTX RR XTX\nX X    X X\nX XX  XX X\nX   TT   X\nXT   e   X\nXXXXXXXXXX\n", "Health: 8 X: 1 Y: 11\nXXXXXXXXXX\nXXXT     X\nXXXXXXXX X\nX     \u221e  X\nX XX XXXXX\nX XX XXXXX\nX \u221eX XT tX\nX XX XTX X\nX XX XTX X\nXm\u221eX XTX X\nX XXoXXX X\nXHP    P X\nX XXXXXX X\nXTX RR XTX\nX X    X X\nX XX  XX X\nX   TT   X\nXT   e   X\nXXXXXXXXXX\n", "Health: 8 X: 1 Y: 12\nXXXXXXXXXX\nXXXT     X\nXXXXXXXX X\nX     \u221e  X\nX XX XXXXX\nX XX XXXXX\nX \u221eX XT tX\nX XX XTX X\nX XX XTX X\nX \u221eX XTX X\nXmXXoXXX X\nX P    P X\nXHXXXXXX X\nXTX RR XTX\nX X    X X\nX XX  XX X\nX   TT   X\nXT   e   X\nXXXXXXXXXX\n", "Health: 8 X: 1 Y: 13\nXXXXXXXXXX\nXXXT     X\nXXXXXXXX X\nX     \u221e  X\nX XX XXXXX\nX XX XXXXX\nX \u221eX XT tX\nX XX XTX X\nX XX XTX X\nX \u221eX XTX X\nX XXoXXX X\nXmP    P X\nX XXXXXX X\nX X RR XTX\nX X    X X\nX XX  XX X\nX   TT   X\nXT   e   X\nXXXXXXXXXX\n", "Health: 7 X: 1 Y: 12\nXXXXXXXXXX\nXXXT     X\nXXXXXXXX X\nX     \u221e  X\nX XX XXXXX\nX XX XXXXX\nX \u221eX XT tX\nX XX XTX X\nX XX XTX X\nX \u221eX XTX X\nX XXoXXX X\nXmP    P X\nXHXXXXXX X\nX X RR XTX\nX X    X X\nX XX  XX X\nX   TT   X\nXT   e   X\nXXXXXXXXXX\n", "Health: 7 X: 1 Y: 11\nXXXXXXXXXX\nXXXT     X\nXXXXXXXX X\nX     \u221e  X\nX XX XXXXX\nX XX XXXXX\nX \u221eX XT tX\nX XX XTX X\nX XX XTX X\nX \u221eX XTX X\nX XXoXXX X\nXmP    P X\nX XXXXXX X\nX X RR XTX\nX X    X X\nX XX  XX X\nX   TT   X\nXT   e   X\nXXXXXXXXXX\n", "Health: 7 X: 1 Y: 10\nXXXXXXXXXX\nXXXT     X\nXXXXXXXX X\nX     \u221e  X\nX XX XXXXX\nX XX XXXXX\nX \u221eX XT tX\nX XX XTX X\nX XX XTX X\nX \u221eX XTX X\nXHXXoXXX X\nXmP    P X\nX XXXXXX X\nX X RR XTX\nX X    X X\nX XX  XX X\nX   TT   X\nXT   e   X\nXXXXXXXXXX\n", "Health: 7 X: 1 Y: 11\nXXXXXXXXXX\nXXXT     X\nXXXXXXXX X\nX     \u221e  X\nX XX XXXXX\nX XX XXXXX\nX \u221eX XT tX\nX XX XTX X\nX XX XTX X\nX \u221eX XTX X\nX XXoXXX X\nXmP    P X\nX XXXXXX X\nX X RR XTX\nX X    X X\nX XX  XX X\nX   TT   X\nXT   e   X\nXXXXXXXXXX\n", "Health: 9 X: 2 Y: 11\nXXXXXXXXXX\nXXXT     X\nXXXXXXXX X\nX     \u221e  X\nX XX XXXXX\nX XX XXXXX\nX \u221eX XT tX\nX XX XTX X\nX XX XTX X\nX \u221eX XTX X\nX XXoXXX X\nXm     P X\nX XXXXXX X\nX X RR XTX\nX X    X X\nX XX  XX X\nX   TT   X\nXT   e   X\nXXXXXXXXXX\n", "Health: 9 X: 3 Y: 11\nXXXXXXXXXX\nXXXT     X\nXXXXXXXX X\nX     \u221e  X\nX XX XXXXX\nX XX XXXXX\nX \u221eX XT tX\nX XX XTX X\nX XX XTX X\nX \u221eX XTX X\nX XX XXX X\nXm Ho  P X\nX XXXXXX X\nX X RR XTX\nX X    X X\nX XX  XX X\nX   TT   X\nXT   e   X\nXXXXXXXXXX\n", "Health: 5 X: 3 Y: 11\nXXXXXXXXXX\nXXXT     X\nXXXXXXXX X\nX     \u221e  X\nX XX XXXXX\nX XX XXXXX\nX \u221eX XT tX\nX XX XTX X\nX XX XTX X\nX \u221eX XTX X\nX XX XXX X\nX  H\u221e  P X\nX XXXXXX X\nX X RR XTX\nX X    X X\nX XX  XX X\nX   TT   X\nXT   e   X\nXXXXXXXXXX\n", "Health: 5 X: 4 Y: 11\nXXXXXXXXXX\nXXXT     X\nXXXXXXXX X\nX     \u221e  X\nX XX XXXXX\nX XX XXXXX\nX \u221eX XT tX\nX XX XTX X\nX XX XTX X\nX \u221eX XTX X\nX XX XXX X\nX  m\u221e  P X\nX XXXXXX X\nX X RR XTX\nX X    X X\nX XX  XX X\nX   TT   X\nXT   e   X\nXXXXXXXXXX\n", "Health: 5 X: 5 Y: 11\nXXXXXXXXXX\nXXXT     X\nXXXXXXXX X\nX     \u221e  X\nX XX XXXXX\nX XX XXXXX\nX \u221eX XT tX\nX XX XTX X\nX XX XTX X\nX \u221eX XTX X\nX XX XXX X\nX   \u221eH P X\nX XXXXXX X\nX X RR XTX\nX X    X X\nX XX  XX X\nX   TT   X\nXT   e   X\nXXXXXXXXXX\n", "Health: 5 X: 6 Y: 11\nXXXXXXXXXX\nXXXT     X\nXXXXXXXX X\nX     \u221e  X\nX XX XXXXX\nX XX XXXXX\nX \u221eX XT tX\nX XX XTX X\nX XX XTX X\nX \u221eX XTX X\nX XX XXX X\nX   \u221emHP X\nX XXXXXX X\nX X RR XTX\nX X    X X\nX XX  XX X\nX   TT   X\nXT   e   X\nXXXXXXXXXX\n", "Health: 7 X: 7 Y: 11\nXXXXXXXXXX\nXXXT     X\nXXXXXXXX X\nX     \u221e  X\nX XX XXXXX\nX XX XXXXX\nX \u221eX XT tX\nX XX XTX X\nX XX XTX X\nX \u221eX XTX X\nX XX XXX X\nX   \u221e m  X\nX XXXXXX X\nX X RR XTX\nX X    X X\nX XX  XX X\nX   TT   X\nXT   e   X\nXXXXXXXXXX\n", "Health: 7 X: 8 Y: 11\nXXXXXXXXXX\nXXXT     X\nXXXXXXXX X\nX     \u221e  X\nX XX XXXXX\nX XX XXXXX\nX \u221eX XT tX\nX XX XTX X\nX XX XTX X\nX \u221eX XTX X\nX XX XXX X\nX   \u221e   HX\nX XXXXXX X\nX X RR XTX\nX X    X X\nX XX  XX X\nX   TT   X\nXT   e   X\nXXXXXXXXXX\n", "Health: 7 X: 8 Y: 10\nXXXXXXXXXX\nXXXT     X\nXXXXXXXX X\nX     \u221e  X\nX XX XXXXX\nX XX XXXXX\nX \u221eX XT tX\nX XX XTX X\nX XX XTX X\nX \u221eX XTX X\nX XX XXXHX\nX   \u221e   mX\nX XXXXXX X\nX X RR XTX\nX X    X X\nX XX  XX X\nX   TT   X\nXT   e   X\nXXXXXXXXXX\n", "Health: 7 X: 8 Y: 9\nXXXXXXXXXX\nXXXT     X\nXXXXXXXX X\nX     \u221e  X\nX XX XXXXX\nX XX XXXXX\nX \u221eX XT tX\nX XX XTX X\nX XX XTX X\nX \u221eX XTXHX\nX XX XXXmX\nX   \u221e    X\nX XXXXXX X\nX X RR XTX\nX X    X X\nX XX  XX X\nX   TT   X\nXT   e   X\nXXXXXXXXXX\n", "Health: 7 X: 8 Y: 8\nXXXXXXXXXX\nXXXT     X\nXXXXXXXX X\nX     \u221e  X\nX XX XXXXX\nX XX XXXXX\nX \u221eX XT tX\nX XX XTX X\nX XX XTXHX\nX \u221eX XTXmX\nX XX XXX X\nX   \u221e    X\nX XXXXXX X\nX X RR XTX\nX X    X X\nX XX  XX X\nX   TT   X\nXT   e   X\nXXXXXXXXXX\n", "Health: 7 X: 8 Y: 7\nXXXXXXXXXX\nXXXT     X\nXXXXXXXX X\nX     \u221e  X\nX XX XXXXX\nX XX XXXXX\nX \u221eX XT tX\nX XX XTXHX\nX XX XTXmX\nX \u221eX XTX X\nX XX XXX X\nX   \u221e    X\nX XXXXXX X\nX X RR XTX\nX X    X X\nX XX  XX X\nX   TT   X\nXT   e   X\nXXXXXXXXXX\n", "Health: 6 X: 8 Y: 6\nXXXXXXXXXX\nXXXT     X\nXXXXXXXX X\nX     \u221e  X\nX XX XXXXX\nX XX XXXXX\nX \u221eX XT tX\nX XX XTXmX\nX XX XTX X\nX \u221eX XTX X\nX XX XXX X\nX   \u221e    X\nX XXXXXX X\nX X RR XTX\nX X    X X\nX XX  XX X\nX   TT   X\nXT   e   X\nXXXXXXXXXX\n", "Health: 6 X: 7 Y: 6\nXXXXXXXXXX\nXXXT     X\nXXXXXXXX X\nX     \u221e  X\nX XX XXXXX\nX XX XXXXX\nX \u221eX XTHtX\nX XX XTX X\nX XX XTX X\nX \u221eX XTX X\nX XX XXX X\nX   \u221e    X\nX XXXXXX X\nX X RR XTX\nX X    X X\nX XX  XX X\nX   TT   X\nXT   e   X\nXXXXXXXXXX\n", "Health: 6 X: 6 Y: 6\nXXXXXXXXXX\nXXXT     X\nXXXXXXXX X\nX     \u221e  X\nX XX XXXXX\nX XX XXXXX\nX \u221eX X  tX\nX XX XTX X\nX XX XTX X\nX \u221eX XTX X\nX XX XXX X\nX   \u221e    X\nX XXXXXX X\nX X RR XTX\nX X    X X\nX XX  XX X\nX   TT   X\nXT   e   X\nXXXXXXXXXX\n", "Health: 6 X: 6 Y: 7\nXXXXXXXXXX\nXXXT     X\nXXXXXXXX X\nX     \u221e  X\nX XX XXXXX\nX XX XXXXX\nX \u221eX X  tX\nX XX X X X\nX XX XTX X\nX \u221eX XTX X\nX XX XXX X\nX   \u221e    X\nX XXXXXX X\nX X RR XTX\nX X    X X\nX XX  XX X\nX   TT   X\nXT   e   X\nXXXXXXXXXX\n", "Health: 6 X: 6 Y: 8\nXXXXXXXXXX\nXXXT     X\nXXXXXXXX X\nX     \u221e  X\nX XX XXXXX\nX XX XXXXX\nX \u221eX X  tX\nX XX X X X\nX XX X X X\nX \u221eX XTX X\nX XX XXX X\nX   \u221e    X\nX XXXXXX X\nX X RR XTX\nX X    X X\nX XX  XX X\nX   TT   X\nXT   e   X\nXXXXXXXXXX\n", "Health: 6 X: 6 Y: 9\nXXXXXXXXXX\nXXXT     X\nXXXXXXXX X\nX     \u221e  X\nX XX XXXXX\nX XX XXXXX\nX \u221eX X  tX\nX XX X X X\nX XX X X X\nX \u221eX X X X\nX XX XXX X\nX   \u221e    X\nX XXXXXX X\nX X RR XTX\nX X    X X\nX XX  XX X\nX   TT   X\nXT   e   X\nXXXXXXXXXX\n", "Health: 6 X: 6 Y: 8\nXXXXXXXXXX\nXXXT     X\nXXXXXXXX X\nX     \u221e  X\nX XX XXXXX\nX XX XXXXX\nX \u221eX X  tX\nX XX X X X\nX XX X X X\nX \u221eX X X X\nX XX XXX X\nX   \u221e    X\nX XXXXXX X\nX X RR XTX\nX X    X X\nX XX  XX X\nX   TT   X\nXT   e   X\nXXXXXXXXXX\n", "Health: 6 X: 6 Y: 7\nXXXXXXXXXX\nXXXT     X\nXXXXXXXX X\nX     \u221e  X\nX XX XXXXX\nX XX XXXXX\nX \u221eX X mtX\nX XX X X X\nX XX X X X\nX \u221eX X X X\nX XX XXX X\nX   \u221e    X\nX XXXXXX X\nX X RR XTX\nX X    X X\nX XX  XX X\nX   TT   X\nXT   e   X\nXXXXXXXXXX\n", "Health: 5 X: 6 Y: 6\nXXXXXXXXXX\nXXXT     X\nXXXXXXXX X\nX     \u221e  X\nX XX XXXXX\nX XX XXXXX\nX \u221eX X mtX\nX XX X X X\nX XX X X X\nX \u221eX X X X\nX XX XXX X\nX   \u221e    X\nX XXXXXX X\nX X RR XTX\nX X    X X\nX XX  XX X\nX   TT   X\nXT   e   X\nXXXXXXXXXX\n", "Health: 5 X: 7 Y: 6\nXXXXXXXXXX\nXXXT     X\nXXXXXXXX X\nX     \u221e  X\nX XX XXXXX\nX XX XXXXX\nX \u221eX X mtX\nX XX X X X\nX XX X X X\nX \u221eX X X X\nX XX XXX X\nX   \u221e    X\nX XXXXXX X\nX X RR XTX\nX X    X X\nX XX  XX X\nX   TT   X\nXT   e   X\nXXXXXXXXXX\n", "Health: 4 X: 8 Y: 6\nXXXXXXXXXX\nXXXT     X\nXXXXXXXX X\nX     \u221e  X\nX XX XXXXX\nX XX XXXXX\nX \u221eX X mtX\nX XX X X X\nX XX X X X\nX \u221eX X X X\nX XX XXX X\nX   \u221e    X\nX XXXXXX X\nX X RR XTX\nX X    X X\nX XX  XX X\nX   TT   X\nXT   e   X\nXXXXXXXXXX\n", "Health: 4 X: 8 Y: 7\nXXXXXXXXXX\nXXXT     X\nXXXXXXXX X\nX     \u221e  X\nX XX XXXXX\nX XX XXXXX\nX \u221eX X mtX\nX XX X XHX\nX XX X X X\nX \u221eX X X X\nX XX XXX X\nX   \u221e    X\nX XXXXXX X\nX X RR XTX\nX X    X X\nX XX  XX X\nX   TT   X\nXT   e   X\nXXXXXXXXXX\n", "Health: 4 X: 8 Y: 8\nXXXXXXXXXX\nXXXT     X\nXXXXXXXX X\nX     \u221e  X\nX XX XXXXX\nX XX XXXXX\nX \u221eX X mtX\nX XX X X X\nX XX X XHX\nX \u221eX X X X\nX XX XXX X\nX   \u221e    X\nX XXXXXX X\nX X RR XTX\nX X    X X\nX XX  XX X\nX   TT   X\nXT   e   X\nXXXXXXXXXX\n", "Health: 4 X: 8 Y: 9\nXXXXXXXXXX\nXXXT     X\nXXXXXXXX X\nX     \u221e  X\nX XX XXXXX\nX XX XXXXX\nX \u221eX X mtX\nX XX X X X\nX XX X X X\nX \u221eX X XHX\nX XX XXX X\nX   \u221e    X\nX XXXXXX X\nX X RR XTX\nX X    X X\nX XX  XX X\nX   TT   X\nXT   e   X\nXXXXXXXXXX\n", "Health: 4 X: 8 Y: 10\nXXXXXXXXXX\nXXXT     X\nXXXXXXXX X\nX     \u221e  X\nX XX XXXXX\nX XX XXXXX\nX \u221eX X  tX\nX XX X X X\nX XX X X X\nX \u221eX X X X\nX XX XXXHX\nX   \u221e    X\nX XXXXXX X\nX X RR XTX\nX X    X X\nX XX  XX X\nX   TT   X\nXT   e   X\nXXXXXXXXXX\n", "Health: 4 X: 8 Y: 11\nXXXXXXXXXX\nXXXT     X\nXXXXXXXX X\nX     \u221e  X\nX XX XXXXX\nX XX XXXXX\nX \u221eX X  tX\nX XX X X X\nX XX X X X\nX \u221eX X X X\nX XX XXX X\nX   \u221e   HX\nX XXXXXX X\nX X RR XTX\nX X    X X\nX XX  XX X\nX   TT   X\nXT   e   X\nXXXXXXXXXX\n", "Health: 4 X: 8 Y: 12\nXXXXXXXXXX\nXXXT     X\nXXXXXXXX X\nX     \u221e  X\nX XX XXXXX\nX XX XXXXX\nX \u221eX X  tX\nX XX X X X\nX XX X X X\nX \u221eX X X X\nX XX XXX X\nX   \u221e    X\nX XXXXXXHX\nX X RR XTX\nX X    X X\nX XX  XX X\nX   TT   X\nXT   e   X\nXXXXXXXXXX\n", "Health: 4 X: 8 Y: 13\nXXXXXXXXXX\nXXXT     X\nXXXXXXXX X\nX     \u221e  X\nX XX XXXXX\nX XX XXXXX\nX \u221eX X  tX\nX XX X X X\nX XX X X X\nX \u221eX X X X\nX XX XXX X\nX   \u221e    X\nX XXXXXX X\nX X RR X X\nX X    X X\nX XX  XX X\nX   TT   X\nXT   e   X\nXXXXXXXXXX\n", "Health: 4 X: 8 Y: 14\nXXXXXXXXXX\nXXXT     X\nXXXXXXXX X\nX     \u221e  X\nX XX XXXXX\nX XX XXXXX\nX \u221eX X  tX\nX XX X X X\nX XX X X X\nX \u221eX X X X\nX XX XXX X\nX   \u221e    X\nX XXXXXX X\nX X RR X X\nX X    XHX\nX XX  XX X\nX   TT   X\nXT   e   X\nXXXXXXXXXX\n", "Health: 4 X: 8 Y: 15\nXXXXXXXXXX\nXXXT     X\nXXXXXXXX X\nX     \u221e  X\nX XX XXXXX\nX XX XXXXX\nX \u221eX X  tX\nX XX X X X\nX XX X X X\nX \u221eX X X X\nX XX XXX X\nX   \u221e    X\nX XXXXXX X\nX X RR X X\nX X    X X\nX XX  XXHX\nX   TT   X\nXT   e   X\nXXXXXXXXXX\n", "Health: 4 X: 8 Y: 16\nXXXXXXXXXX\nXXXT     X\nXXXXXXXX X\nX     \u221e  X\nX XX XXXXX\nX XX XXXXX\nX \u221eX X  tX\nX XX X XmX\nX XX X X X\nX \u221eX X X X\nX XX XXX X\nX   \u221e    X\nX XXXXXX X\nX X RR X X\nX X    X X\nX XX  XX X\nX   TT  HX\nXT   e   X\nXXXXXXXXXX\n", "Health: 4 X: 8 Y: 17\nXXXXXXXXXX\nXXXT     X\nXXXXXXXX X\nX     \u221e  X\nX XX XXXXX\nX XX XXXXX\nX \u221eX X  tX\nX XX X X X\nX XX X XmX\nX \u221eX X X X\nX XX XXX X\nX   \u221e    X\nX XXXXXX X\nX X RR X X\nX X    X X\nX XX  XX X\nX   TT   X\nXT   e  HX\nXXXXXXXXXX\n", "Health: 4 X: 8 Y: 16\nXXXXXXXXXX\nXXXT     X\nXXXXXXXX X\nX     \u221e  X\nX XX XXXXX\nX XX XXXXX\nX \u221eX X  tX\nX XX X X X\nX XX X X X\nX \u221eX X XmX\nX XX XXX X\nX   \u221e    X\nX XXXXXX X\nX X RR X X\nX X    X X\nX XX  XX X\nX   TT  HX\nXT   e   X\nXXXXXXXXXX\n", "Health: 4 X: 7 Y: 16\nXXXXXXXXXX\nXXXT     X\nXXXXXXXX X\nX     \u221e  X\nX XX XXXXX\nX XX XXXXX\nX \u221eX X  tX\nX XX X X X\nX XX X X X\nX \u221eX X X X\nX XX XXXmX\nX   \u221e    X\nX XXXXXX X\nX X RR X X\nX X    X X\nX XX  XX X\nX   TT H X\nXT   e   X\nXXXXXXXXXX\n", "Health: 4 X: 6 Y: 16\nXXXXXXXXXX\nXXXT     X\nXXXXXXXX X\nX     \u221e  X\nX XX XXXXX\nX XX XXXXX\nX \u221eX X  tX\nX XX X X X\nX XX X X X\nX \u221eX X X X\nX XX XXX X\nX   \u221e   mX\nX XXXXXX X\nX X RR X X\nX X    X X\nX XX  XX X\nX   TTH  X\nXT   e   X\nXXXXXXXXXX\n", "Health: 3 X: 5 Y: 16\nXXXXXXXXXX\nXXXT     X\nXXXXXXXX X\nX     \u221e  X\nX XX XXXXX\nX XX XXXXX\nX \u221eX X  tX\nX XX X X X\nX XX X X X\nX \u221eX X X X\nX XX XXX X\nX   \u221e    X\nX XXXXXXmX\nX X RR X X\nX X    X X\nX XX  XX X\nX   T    X\nXT   e   X\nXXXXXXXXXX\n", "Health: 2 X: 4 Y: 16\nXXXXXXXXXX\nXXXT     X\nXXXXXXXX X\nX     \u221e  X\nX XX XXXXX\nX XX XXXXX\nX \u221eX X  tX\nX XX X X X\nX XX X X X\nX \u221eX X X X\nX XX XXX X\nX   \u221e    X\nX XXXXXX X\nX X RR X X\nX X    X X\nX XX  XX X\nX        X\nXT   e   X\nXXXXXXXXXX\n", "Health: 2 X: 4 Y: 17\nXXXXXXXXXX\nXXXT     X\nXXXXXXXX X\nX     \u221e  X\nX XX XXXXX\nX XX XXXXX\nX \u221eX X  tX\nX XX X X X\nX XX X X X\nX \u221eX X X X\nX XX XXX X\nX   \u221e    X\nX XXXXXX X\nX X R  X X\nX X R  XmX\nX XX  XX X\nX        X\nXT  He   X\nXXXXXXXXXX\n", "Health: 2 X: 5 Y: 17\nXXXXXXXXXX\nXXXT     X\nXXXXXXXX X\nX     \u221e  X\nX XX XXXXX\nX XX XXXXX\nX \u221eX X  tX\nX XX X X X\nX XX X X X\nX \u221eX X X X\nX XX XXX X\nX   \u221e    X\nX XXXXXX X\nX X  R X X\nX X  R X X\nX XX  XXmX\nX        X\nXT   e   X\nXXXXXXXXXX\n"], "map_number": 201}, {"mechanics": [{"timestep": 1, "mechanic": "OgreHit"}, {"timestep": 2, "mechanic": "OgreHit"}, {"timestep": 2, "mechanic": "BlobPotion"}, {"timestep": 2, "mechanic": "BlobPotion"}, {"timestep": 5, "mechanic": "BlobHit"}, {"timestep": 7, "mechanic": "CollectPotion"}, {"timestep": 19, "mechanic": "CollectPotion"}, {"timestep": 22, "mechanic": "CollectTreasure"}, {"timestep": 37, "mechanic": "UsePortal"}, {"timestep": 40, "mechanic": "BlobCombine"}, {"timestep": 41, "mechanic": "CollectTreasure"}, {"timestep": 43, "mechanic": "CollectTreasure"}, {"timestep": 46, "mechanic": "BlobHit"}, {"timestep": 47, "mechanic": "BlobHit"}, {"timestep": 47, "mechanic": "BlobHit"}, {"timestep": 52, "mechanic": "CollectTreasure"}, {"timestep": 54, "mechanic": "CollectTreasure"}, {"timestep": 61, "mechanic": "MinitaurHit"}, {"timestep": 66, "mechanic": "UsePortal"}, {"timestep": 67, "mechanic": "GoblinMeleeHit"}, {"timestep": 77, "mechanic": "CollectTreasure"}, {"timestep": 83, "mechanic": "ReachStairs"}], "frequencies": {"OgreHit": 2, "BlobPotion": 2, "BlobHit": 4, "CollectPotion": 2, "CollectTreasure": 6, "UsePortal": 2, "BlobCombine": 1, "MinitaurHit": 1, "GoblinMeleeHit": 1, "ReachStairs": 1}, "levelReport": {"utilityGained": 0.0, "exitUtility": 1.0, "runnerUtility": 0.16000000000000003, "loitererUtility": 84.0, "completionistUtility": 0.8833333333333333, "monsterKillerUtility": 1.0, "treasureCollectorUtility": 1.0, "turnsTaken": 84, "health": 3, "healthLost": 11, "alive": true, "javelinsThrown": 0, "monsterKills": 5, "minitaurKnockouts": 1, "treasuresCollected": 6, "potionsTaken": 2, "totalMonsters": 6, "totalTreasures": 6, "totalPotions": 4, "timeTaken": 0.0}, "positions": [{"X": 5, "Y": 10}, {"X": 5, "Y": 9}, {"X": 6, "Y": 9}, {"X": 7, "Y": 9}, {"X": 8, "Y": 9}, {"X": 8, "Y": 8}, {"X": 8, "Y": 9}, {"X": 8, "Y": 10}, {"X": 8, "Y": 9}, {"X": 8, "Y": 8}, {"X": 8, "Y": 7}, {"X": 8, "Y": 6}, {"X": 8, "Y": 5}, {"X": 7, "Y": 5}, {"X": 6, "Y": 5}, {"X": 6, "Y": 6}, {"X": 5, "Y": 6}, {"X": 4, "Y": 6}, {"X": 3, "Y": 6}, {"X": 2, "Y": 6}, {"X": 1, "Y": 6}, {"X": 1, "Y": 7}, {"X": 1, "Y": 8}, {"X": 2, "Y": 8}, {"X": 3, "Y": 8}, {"X": 4, "Y": 8}, {"X": 5, "Y": 8}, {"X": 6, "Y": 8}, {"X": 7, "Y": 8}, {"X": 8, "Y": 8}, {"X": 8, "Y": 7}, {"X": 8, "Y": 6}, {"X": 8, "Y": 5}, {"X": 8, "Y": 4}, {"X": 7, "Y": 4}, {"X": 6, "Y": 4}, {"X": 5, "Y": 4}, {"X": 4, "Y": 15}, {"X": 4, "Y": 16}, {"X": 4, "Y": 17}, {"X": 5, "Y": 17}, {"X": 5, "Y": 18}, {"X": 6, "Y": 18}, {"X": 7, "Y": 18}, {"X": 6, "Y": 18}, {"X": 5, "Y": 18}, {"X": 5, "Y": 17}, {"X": 5, "Y": 17}, {"X": 4, "Y": 17}, {"X": 3, "Y": 17}, {"X": 2, "Y": 17}, {"X": 2, "Y": 18}, {"X": 1, "Y": 18}, {"X": 2, "Y": 18}, {"X": 3, "Y": 18}, {"X": 3, "Y": 17}, {"X": 4, "Y": 17}, {"X": 5, "Y": 17}, {"X": 6, "Y": 17}, {"X": 7, "Y": 17}, {"X": 8, "Y": 17}, {"X": 7, "Y": 17}, {"X": 6, "Y": 17}, {"X": 5, "Y": 17}, {"X": 4, "Y": 17}, {"X": 4, "Y": 16}, {"X": 4, "Y": 4}, {"X": 3, "Y": 4}, {"X": 2, "Y": 4}, {"X": 2, "Y": 3}, {"X": 2, "Y": 2}, {"X": 3, "Y": 2}, {"X": 4, "Y": 2}, {"X": 5, "Y": 2}, {"X": 6, "Y": 2}, {"X": 7, "Y": 2}, {"X": 8, "Y": 2}, {"X": 8, "Y": 1}, {"X": 7, "Y": 1}, {"X": 7, "Y": 2}, {"X": 6, "Y": 2}, {"X": 5, "Y": 2}, {"X": 4, "Y": 2}, {"X": 4, "Y": 1}], "levelStates": ["Health: 10 X: 5 Y: 10\nXXXXXXXXXX\nXMX e X TX\nX        X\nX   X   XX\nX   T    X\nXX  XX   X\nX P     bX\nX X X  X X\nXT       X\nX     o  X\nX  X H XPX\nX        X\nXX      XX\nX        X\nXb      bX\nX X T  X X\nXP   m  PX\nX        X\nXT TXT TXX\nXXXXXXXXXX\n", "Health: 8 X: 5 Y: 9\nXXXXXXXXXX\nXMX e X TX\nX        X\nX   X   XX\nX   T    X\nXX  XX   X\nX P      X\nX X X  XbX\nXT       X\nX    Ho  X\nX  X   XPX\nX        X\nXX      XX\nX        X\nX        X\nXbX Tm XbX\nXP      PX\nX        X\nXT TXT TXX\nXXXXXXXXXX\n", "Health: 6 X: 6 Y: 9\nXXXXXXXXXX\nXMX e X TX\nX        X\nX   X   XX\nX   T    X\nXX  XX   X\nX P      X\nX X X  X X\nXT      bX\nX     \u221e  X\nX  X   XPX\nX        X\nXX      XX\nX        X\nX    m   X\nX X T  X X\nX        X\nX        X\nXT TXT TXX\nXXXXXXXXXX\n", "Health: 6 X: 7 Y: 9\nXXXXXXXXXX\nXMX e X TX\nX        X\nX   X   XX\nX   T    X\nXX  XX   X\nX P      X\nX X X  X X\nXT     b X\nX     \u221eH X\nX  X   XPX\nX        X\nXX      XX\nX    m   X\nX        X\nX X T  X X\nX        X\nX        X\nXT TXT TXX\nXXXXXXXXXX\n", "Health: 6 X: 8 Y: 9\nXXXXXXXXXX\nXMX e X TX\nX        X\nX   X   XX\nX   T    X\nXX  XX   X\nX P      X\nX X X  X X\nXT      bX\nX     \u221e HX\nX  X   XPX\nX        X\nXX   m  XX\nX        X\nX        X\nX X T  X X\nX        X\nX        X\nXT TXT TXX\nXXXXXXXXXX\n", "Health: 6 X: 8 Y: 8\nXXXXXXXXXX\nXMX e X TX\nX        X\nX   X   XX\nX   T    X\nXX  XX   X\nX P      X\nX X X  X X\nXT      \u221eX\nX     \u221e  X\nX  X   XPX\nX    m   X\nXX      XX\nX        X\nX        X\nX X T  X X\nX        X\nX        X\nXT TXT TXX\nXXXXXXXXXX\n", "Health: 6 X: 8 Y: 9\nXXXXXXXXXX\nXMX e X TX\nX        X\nX   X   XX\nX   T    X\nXX  XX   X\nX P      X\nX X X  X X\nXT      \u221eX\nX     \u221e HX\nX  X m XPX\nX        X\nXX      XX\nX        X\nX        X\nX X T  X X\nX        X\nX        X\nXT TXT TXX\nXXXXXXXXXX\n", "Health: 8 X: 8 Y: 10\nXXXXXXXXXX\nXMX e X TX\nX        X\nX   X   XX\nX   T    X\nXX  XX   X\nX P      X\nX X X  X X\nXT      \u221eX\nX     \u221e  X\nX  X  mX X\nX        X\nXX      XX\nX        X\nX        X\nX X T  X X\nX        X\nX        X\nXT TXT TXX\nXXXXXXXXXX\n", "Health: 8 X: 8 Y: 9\nXXXXXXXXXX\nXMX e X TX\nX        X\nX   X   XX\nX   T    X\nXX  XX   X\nX P      X\nX X X  X X\nXT      \u221eX\nX     m HX\nX  X   X X\nX        X\nXX      XX\nX        X\nX        X\nX X T  X X\nX        X\nX        X\nXT TXT TXX\nXXXXXXXXXX\n", "Health: 8 X: 8 Y: 8\nXXXXXXXXXX\nXMX e X TX\nX        X\nX   X   XX\nX   T    X\nXX  XX   X\nX P      X\nX X X  X X\nXT    m \u221eX\nX     \u221e  X\nX  X   X X\nX        X\nXX      XX\nX        X\nX        X\nX X T  X X\nX        X\nX        X\nXT TXT TXX\nXXXXXXXXXX\n", "Health: 8 X: 8 Y: 7\nXXXXXXXXXX\nXMX e X TX\nX        X\nX   X   XX\nX   T    X\nXX  XX   X\nX P      X\nX X X  XHX\nXT     m\u221eX\nX     \u221e  X\nX  X   X X\nX        X\nXX      XX\nX        X\nX        X\nX X T  X X\nX        X\nX        X\nXT TXT TXX\nXXXXXXXXXX\n", "Health: 8 X: 8 Y: 6\nXXXXXXXXXX\nXMX e X TX\nX        X\nX   X   XX\nX   T    X\nXX  XX   X\nX P     HX\nX X X  X X\nXT      mX\nX     \u221e  X\nX  X   X X\nX        X\nXX      XX\nX        X\nX        X\nX X T  X X\nX        X\nX        X\nXT TXT TXX\nXXXXXXXXXX\n", "Health: 8 X: 8 Y: 5\nXXXXXXXXXX\nXMX e X TX\nX        X\nX   X   XX\nX   T    X\nXX  XX  HX\nX P      X\nX X X  XmX\nXT      \u221eX\nX     \u221e  X\nX  X   X X\nX        X\nXX      XX\nX        X\nX        X\nX X T  X X\nX        X\nX        X\nXT TXT TXX\nXXXXXXXXXX\n", "Health: 8 X: 7 Y: 5\nXXXXXXXXXX\nXMX e X TX\nX        X\nX   X   XX\nX   T    X\nXX  XX H X\nX P     mX\nX X X  X X\nXT      \u221eX\nX     \u221e  X\nX  X   X X\nX        X\nXX      XX\nX        X\nX        X\nX X T  X X\nX        X\nX        X\nXT TXT TXX\nXXXXXXXXXX\n", "Health: 8 X: 6 Y: 5\nXXXXXXXXXX\nXMX e X TX\nX        X\nX   X   XX\nX   T    X\nXX  XXH mX\nX P      X\nX X X  X X\nXT      \u221eX\nX     \u221e  X\nX  X   X X\nX        X\nXX      XX\nX        X\nX        X\nX X T  X X\nX        X\nX        X\nXT TXT TXX\nXXXXXXXXXX\n", "Health: 8 X: 6 Y: 6\nXXXXXXXXXX\nXMX e X TX\nX        X\nX   X   XX\nX   T    X\nXX  XX m X\nX P   H  X\nX X X  X X\nXT      \u221eX\nX     \u221e  X\nX  X   X X\nX        X\nXX      XX\nX        X\nX        X\nX X T  X X\nX        X\nX        X\nXT TXT TXX\nXXXXXXXXXX\n", "Health: 8 X: 5 Y: 6\nXXXXXXXXXX\nXMX e X TX\nX        X\nX   X   XX\nX   T    X\nXX  XXm  X\nX P  H   X\nX X X  X X\nXT      \u221eX\nX     \u221e  X\nX  X   X X\nX        X\nXX      XX\nX        X\nX        X\nX X T  XbX\nX        X\nX        X\nXT TXT TXX\nXXXXXXXXXX\n", "Health: 8 X: 4 Y: 6\nXXXXXXXXXX\nXMX e X TX\nX        X\nX   X   XX\nX   T    X\nXX  XX   X\nX P H m  X\nX X X  X X\nXT      \u221eX\nX     \u221e  X\nX  X   X X\nX        X\nXX      XX\nX        X\nX        X\nX X T  XbX\nX        X\nX        X\nXT TXT TXX\nXXXXXXXXXX\n", "Health: 8 X: 3 Y: 6\nXXXXXXXXXX\nX X e X TX\nXM       X\nX   X   XX\nX   T    X\nXX  XX   X\nX PH m   X\nX X X  X X\nXT      \u221eX\nX     \u221e  X\nX  X   X X\nX        X\nXX      XX\nX        X\nX        X\nXbX T  XbX\nX        X\nX        X\nXT TXT TXX\nXXXXXXXXXX\n", "Health: 10 X: 2 Y: 6\nXXXXXXXXXX\nX X e X TX\nX M      X\nX   X   XX\nX   T    X\nXX  XX   X\nX   m    X\nX X X  X X\nXT      \u221eX\nX     \u221e  X\nX  X   X X\nX        X\nXX      XX\nX        X\nX        X\nXbX T  XbX\nX        X\nX        X\nXT TXT TXX\nXXXXXXXXXX\n", "Health: 10 X: 1 Y: 6\nXXXXXXXXXX\nX X e X TX\nX M      X\nX   X   XX\nX   T    X\nXX  XX   X\nXH m     X\nX X X  X X\nXT      \u221eX\nX     \u221e  X\nX  X   X X\nX        X\nXX      XX\nX        X\nX        X\nXbX T  XbX\nX        X\nX        X\nXT TXT TXX\nXXXXXXXXXX\n", "Health: 10 X: 1 Y: 7\nXXXXXXXXXX\nX X e X TX\nX M      X\nX   X   XX\nX   T    X\nXX  XX   X\nX m      X\nXHX X  X X\nXT      \u221eX\nX     \u221e  X\nX  X   X X\nX        X\nXX      XX\nX        X\nX        X\nXbX T  XbX\nX        X\nX        X\nXT TXT TXX\nXXXXXXXXXX\n", "Health: 10 X: 1 Y: 8\nXXXXXXXXXX\nX X e X TX\nX M      X\nX   X   XX\nX   T    X\nXX  XX   X\nXm       X\nX X X  X X\nX       \u221eX\nX     \u221e  X\nX  X   X X\nX        X\nXX      XX\nX        X\nX        X\nXbX T  XbX\nX        X\nX        X\nXT TXT TXX\nXXXXXXXXXX\n", "Health: 10 X: 2 Y: 8\nXXXXXXXXXX\nX X e X TX\nX M      X\nX   X   XX\nX   T    X\nXX  XX   X\nX        X\nXmX X  X X\nX H     \u221eX\nX     \u221e  X\nX  X   X X\nX        X\nXX      XX\nX        X\nX        X\nXbX T  XbX\nX        X\nX        X\nXT TXT TXX\nXXXXXXXXXX\n", "Health: 10 X: 3 Y: 8\nXXXXXXXXXX\nX X e X TX\nX  M     X\nX   X   XX\nX   T    X\nXX  XX   X\nX        X\nX X X  X X\nXm H    \u221eX\nX     \u221e  X\nX  X   X X\nX        X\nXX      XX\nX        X\nX       bX\nXbX T  X X\nX        X\nX        X\nXT TXT TXX\nXXXXXXXXXX\n", "Health: 10 X: 4 Y: 8\nXXXXXXXXXX\nX X e X TX\nX  M     X\nX   X   XX\nX   T    X\nXX  XX   X\nX        X\nX X X  X X\nX m H   \u221eX\nX     \u221e  X\nX  X   X X\nX        X\nXX      XX\nX       bX\nX        X\nXbX T  X X\nX        X\nX        X\nXT TXT TXX\nXXXXXXXXXX\n", "Health: 10 X: 5 Y: 8\nXXXXXXXXXX\nX X e X TX\nX  M     X\nX   X   XX\nX   T    X\nXX  XX   X\nX        X\nX X X  X X\nX  m H  \u221eX\nX     \u221e  X\nX  X   X X\nX        X\nXX      XX\nX       bX\nXb       X\nX X T  X X\nX        X\nX        X\nXT TXT TXX\nXXXXXXXXXX\n", "Health: 10 X: 6 Y: 8\nXXXXXXXXXX\nX X e X TX\nX  M     X\nX   X   XX\nX   T    X\nXX  XX   X\nX        X\nX X X  X X\nX   m H \u221eX\nX     \u221e  X\nX  X   X X\nX        X\nXX      XX\nXb      bX\nX        X\nX X T  X X\nX        X\nX        X\nXT TXT TXX\nXXXXXXXXXX\n", "Health: 10 X: 7 Y: 8\nXXXXXXXXXX\nX X e X TX\nX  M     X\nX   X   XX\nX   T    X\nXX  XX   X\nX        X\nX X X  X X\nX    m H\u221eX\nX     \u221e  X\nX  X   X X\nX        X\nXX      XX\nX b     bX\nX        X\nX X T  X X\nX        X\nX        X\nXT TXT TXX\nXXXXXXXXXX\n", "Health: 10 X: 8 Y: 8\nXXXXXXXXXX\nX X e X TX\nX  M     X\nX   X   XX\nX   T    X\nXX  XX   X\nX        X\nX X X  X X\nX     m \u221eX\nX     \u221e  X\nX  X   X X\nX        X\nXXb     XX\nX       bX\nX        X\nX X T  X X\nX        X\nX        X\nXT TXT TXX\nXXXXXXXXXX\n", "Health: 10 X: 8 Y: 7\nXXXXXXXXXX\nX X e X TX\nX  M     X\nX   X   XX\nX   T    X\nXX  XX   X\nX        X\nX X X  XHX\nX      m\u221eX\nX     \u221e  X\nX  X   X X\nX        X\nXXb     XX\nX       bX\nX        X\nX X T  X X\nX        X\nX        X\nXT TXT TXX\nXXXXXXXXXX\n", "Health: 10 X: 8 Y: 6\nXXXXXXXXXX\nX X e X TX\nX  M     X\nX   X   XX\nX   T    X\nXX  XX   X\nX       HX\nX X X  X X\nX       mX\nX     \u221e  X\nX  X   X X\nX        X\nXXb     XX\nX       bX\nX        X\nX X T  X X\nX        X\nX        X\nXT TXT TXX\nXXXXXXXXXX\n", "Health: 10 X: 8 Y: 5\nXXXXXXXXXX\nX X e X TX\nX  M     X\nX   X   XX\nX   T    X\nXX  XX  HX\nX        X\nX X X  XmX\nX       \u221eX\nX     \u221e  X\nX  X   X X\nX        X\nXXb     XX\nX       bX\nX        X\nX X T  X X\nX        X\nX        X\nXT TXT TXX\nXXXXXXXXXX\n", "Health: 10 X: 8 Y: 4\nXXXXXXXXXX\nX X e X TX\nX  M     X\nX   X   XX\nX   T   HX\nXX  XX   X\nX       mX\nX X X  X X\nX       \u221eX\nX     \u221e  X\nX  X   X X\nX        X\nXXb     XX\nX       bX\nX        X\nX X T  X X\nX        X\nX        X\nXT TXT TXX\nXXXXXXXXXX\n", "Health: 10 X: 7 Y: 4\nXXXXXXXXXX\nX X e X TX\nX  M     X\nX   X   XX\nX   T  H X\nXX  XX  mX\nX        X\nX X X  X X\nX       \u221eX\nX     \u221e  X\nX  X   X X\nX        X\nXXb     XX\nX       bX\nX        X\nX X T  X X\nX        X\nX        X\nXT TXT TXX\nXXXXXXXXXX\n", "Health: 10 X: 6 Y: 4\nXXXXXXXXXX\nX X e X TX\nX  M     X\nX   X   XX\nX   T H mX\nXX  XX   X\nX        X\nX X X  X X\nX       \u221eX\nX     \u221e  X\nX  X   X X\nX        X\nXXb     XX\nX       bX\nX        X\nX X T  X X\nX        X\nX        X\nXT TXT TXX\nXXXXXXXXXX\n", "Health: 10 X: 5 Y: 4\nXXXXXXXXXX\nX X e X TX\nX  M     X\nX   X   XX\nX   TH m X\nXX  XX   X\nX        X\nX X X  X X\nX       \u221eX\nX     \u221e  X\nX  X   X X\nX        X\nXXb     XX\nX       bX\nX        X\nX X T  X X\nX        X\nX        X\nXT TXT TXX\nXXXXXXXXXX\n", "Health: 10 X: 4 Y: 15\nXXXXXXXXXX\nX X e X TX\nX        X\nX  MX   XX\nX   T    X\nXX  XX m X\nX        X\nX X X  X X\nX       \u221eX\nX     \u221e  X\nX  X   X X\nX        X\nXX b    XX\nX      b X\nX        X\nX X T  X X\nX        X\nX        X\nXT TXT TXX\nXXXXXXXXXX\n", "Health: 10 X: 4 Y: 16\nXXXXXXXXXX\nX X e X TX\nX        X\nX  MX   XX\nX   T    X\nXX  XXm  X\nX        X\nX X X  X X\nX       \u221eX\nX     \u221e  X\nX  X   X X\nX        X\nXX  b   XX\nX     b  X\nX        X\nX X T  X X\nX   H    X\nX        X\nXT TXT TXX\nXXXXXXXXXX\n", "Health: 10 X: 4 Y: 17\nXXXXXXXXXX\nX X e X TX\nX        X\nX  MX   XX\nX   T    X\nXX  XX   X\nX     m  X\nX X X  X X\nX       \u221eX\nX     \u221e  X\nX  X   X X\nX        X\nXX      XX\nX   bb   X\nX        X\nX X T  X X\nX        X\nX   H    X\nXT TXT TXX\nXXXXXXXXXX\n", "Health: 10 X: 5 Y: 17\nXXXXXXXXXX\nX X e X TX\nX        X\nX  MX   XX\nX   T    X\nXX  XX   X\nX    m   X\nX X X  X X\nX       \u221eX\nX     \u221e  X\nX  X   X X\nX        X\nXX      XX\nX    \u221e   X\nX        X\nX X T  X X\nX        X\nX    H   X\nXT TXT TXX\nXXXXXXXXXX\n", "Health: 10 X: 5 Y: 18\nXXXXXXXXXX\nX X e X TX\nX        X\nX  MX   XX\nX   T    X\nXX  XX   X\nX        X\nX X Xm X X\nX       \u221eX\nX     \u221e  X\nX  X   X X\nX        X\nXX      XX\nX    \u221e   X\nX    b   X\nX X T  X X\nX        X\nX        X\nXT TX  TXX\nXXXXXXXXXX\n", "Health: 10 X: 6 Y: 18\nXXXXXXXXXX\nX X e X TX\nX        X\nX  MX   XX\nX   T    X\nXX  XX   X\nX        X\nX X X mX X\nX       \u221eX\nX     \u221e  X\nX  X   X X\nX        X\nXX      XX\nX    \u221e   X\nX     b  X\nX X T  X X\nX        X\nX        X\nXT TX HTXX\nXXXXXXXXXX\n", "Health: 10 X: 7 Y: 18\nXXXXXXXXXX\nX X e X TX\nX        X\nX  MX   XX\nX   T    X\nXX  XX   X\nX        X\nX X X  X X\nX     m \u221eX\nX     \u221e  X\nX  X   X X\nX        X\nXX      XX\nX    \u221e   X\nX        X\nX X T bX X\nX        X\nX        X\nXT TX   XX\nXXXXXXXXXX\n", "Health: 10 X: 6 Y: 18\nXXXXXXXXXX\nX X e X TX\nX        X\nX  MX   XX\nX   T    X\nXX  XX   X\nX        X\nX X X  X X\nX       \u221eX\nX     m  X\nX  X   X X\nX        X\nXX      XX\nX    \u221e   X\nX        X\nX X T  X X\nX     b  X\nX        X\nXT TX H XX\nXXXXXXXXXX\n", "Health: 10 X: 5 Y: 18\nXXXXXXXXXX\nX X e X TX\nX        X\nX  MX   XX\nX   T    X\nXX  XX   X\nX        X\nX X X  X X\nX       \u221eX\nX    m\u221e  X\nX  X   X X\nX        X\nXX      XX\nX    \u221e   X\nX        X\nX X T  X X\nX    b   X\nX        X\nXT TX   XX\nXXXXXXXXXX\n", "Health: 7 X: 5 Y: 17\nXXXXXXXXXX\nX X e X TX\nX        X\nX  MX   XX\nX   T    X\nXX  XX   X\nX        X\nX X X  X X\nX       \u221eX\nX     \u221e  X\nX  X m X X\nX        X\nXX      XX\nX    \u221e   X\nX        X\nX X T  X X\nX    b   X\nX    H   X\nXT TX   XX\nXXXXXXXXXX\n", "Health: 5 X: 5 Y: 17\nXXXXXXXXXX\nX X e X TX\nX        X\nX  MX   XX\nX   T    X\nXX  XX   X\nX        X\nX X X  X X\nX       \u221eX\nX     \u221e  X\nX  X   X X\nX    m   X\nXX      XX\nX    \u221e   X\nX        X\nX X T  X X\nX    \u221e   X\nX    H   X\nXT TX   XX\nXXXXXXXXXX\n", "Health: 5 X: 4 Y: 17\nXXXXXXXXXX\nX X e X TX\nX        X\nX  MX   XX\nX   T    X\nXX  XX   X\nX        X\nX X X  X X\nX       \u221eX\nX     \u221e  X\nX  X   X X\nX   m    X\nXX      XX\nX    \u221e   X\nX        X\nX X T  X X\nX    \u221e   X\nX   H    X\nXT TX   XX\nXXXXXXXXXX\n", "Health: 5 X: 3 Y: 17\nXXXXXXXXXX\nX X e X TX\nX        X\nX  MX   XX\nX   T    X\nXX  XX   X\nX        X\nX X X  X X\nX       \u221eX\nX     \u221e  X\nX  X   X X\nX  m     X\nXX      XX\nX    \u221e   X\nX        X\nX X T  X X\nX    \u221e   X\nX  H     X\nXT TX   XX\nXXXXXXXXXX\n", "Health: 5 X: 2 Y: 17\nXXXXXXXXXX\nX X e X TX\nX        X\nX  MX   XX\nX   T    X\nXX  XX   X\nX        X\nX X X  X X\nX       \u221eX\nX     \u221e  X\nX  X   X X\nX        X\nXX m    XX\nX    \u221e   X\nX        X\nX X T  X X\nX    \u221e   X\nX H      X\nXT TX   XX\nXXXXXXXXXX\n", "Health: 5 X: 2 Y: 18\nXXXXXXXXXX\nX X e X TX\nX        X\nX  MX   XX\nX   T    X\nXX  XX   X\nX        X\nX X X  X X\nX       \u221eX\nX     \u221e  X\nX  X   X X\nX        X\nXX      XX\nX  m \u221e   X\nX        X\nX X T  X X\nX    \u221e   X\nX        X\nXTHTX   XX\nXXXXXXXXXX\n", "Health: 5 X: 1 Y: 18\nXXXXXXXXXX\nX X e X TX\nX        X\nX  MX   XX\nX   T    X\nXX  XX   X\nX        X\nX X X  X X\nX       \u221eX\nX     \u221e  X\nX  X   X X\nX        X\nXX      XX\nX m  \u221e   X\nX        X\nX X T  X X\nX    \u221e   X\nX        X\nX  TX   XX\nXXXXXXXXXX\n", "Health: 5 X: 2 Y: 18\nXXXXXXXXXX\nX X e X TX\nX        X\nX  MX   XX\nX   T    X\nXX  XX   X\nX        X\nX X X  X X\nX       \u221eX\nX     \u221e  X\nX  X   X X\nX        X\nXX      XX\nX    \u221e   X\nX m      X\nX X T  X X\nX    \u221e   X\nX        X\nX HTX   XX\nXXXXXXXXXX\n", "Health: 5 X: 3 Y: 18\nXXXXXXXXXX\nX X e X TX\nX        X\nX  MX   XX\nX   T    X\nXX  XX   X\nX        X\nX X X  X X\nX       \u221eX\nX     \u221e  X\nX  X   X X\nX        X\nXX      XX\nX    \u221e   X\nX  m     X\nX X T  X X\nX    \u221e   X\nX        X\nX   X   XX\nXXXXXXXXXX\n", "Health: 5 X: 3 Y: 17\nXXXXXXXXXX\nX X e X TX\nX        X\nX  MX   XX\nX   T    X\nXX  XX   X\nX        X\nX X X  X X\nX       \u221eX\nX     \u221e  X\nX  X   X X\nX        X\nXX      XX\nX    \u221e   X\nX        X\nX XmT  X X\nX    \u221e   X\nX  H     X\nX   X   XX\nXXXXXXXXXX\n", "Health: 5 X: 4 Y: 17\nXXXXXXXXXX\nX X e X TX\nX        X\nX  MX   XX\nX   T    X\nXX  XX   X\nX        X\nX X X  X X\nX       \u221eX\nX     \u221e  X\nX  X   X X\nX        X\nXX      XX\nX    \u221e   X\nX        X\nX X m  X X\nX    \u221e   X\nX   H    X\nX   X   XX\nXXXXXXXXXX\n", "Health: 5 X: 5 Y: 17\nXXXXXXXXXX\nX X e X TX\nX        X\nX  MX   XX\nX   T    X\nXX  XX   X\nX        X\nX X X  X X\nX       \u221eX\nX     \u221e  X\nX  X   X X\nX        X\nXX      XX\nX    \u221e   X\nX        X\nX X Tm X X\nX    \u221e   X\nX    H   X\nX   X   XX\nXXXXXXXXXX\n", "Health: 5 X: 6 Y: 17\nXXXXXXXXXX\nX X e X TX\nX        X\nX  MX   XX\nX   T    X\nXX  XX   X\nX        X\nX X X  X X\nX       \u221eX\nX     \u221e  X\nX  X   X X\nX        X\nXX      XX\nX    \u221e   X\nX        X\nX X T mX X\nX    \u221e   X\nX     H  X\nX   X   XX\nXXXXXXXXXX\n", "Health: 5 X: 7 Y: 17\nXXXXXXXXXX\nX X e X TX\nX        X\nX  MX   XX\nX   T    X\nXX  XX   X\nX        X\nX X X  X X\nX       \u221eX\nX     \u221e  X\nX  X   X X\nX        X\nXX      XX\nX    \u221e   X\nX        X\nX X T  X X\nX    \u221em  X\nX      H X\nX   X   XX\nXXXXXXXXXX\n", "Health: 5 X: 8 Y: 17\nXXXXXXXXXX\nX X e X TX\nX        X\nX  MX   XX\nX   T    X\nXX  XX   X\nX        X\nX X X  X X\nX       \u221eX\nX     \u221e  X\nX  X   X X\nX        X\nXX      XX\nX    \u221e   X\nX        X\nX X T  X X\nX    \u221e m X\nX       HX\nX   X   XX\nXXXXXXXXXX\n", "Health: 4 X: 7 Y: 17\nXXXXXXXXXX\nX X e X TX\nX        X\nX  MX   XX\nX   T    X\nXX  XX   X\nX        X\nX X X  X X\nX       \u221eX\nX     \u221e  X\nX  X   X X\nX        X\nXX      XX\nX    \u221e   X\nX        X\nX X T  X X\nX    \u221e m X\nX      H X\nX   X   XX\nXXXXXXXXXX\n", "Health: 4 X: 6 Y: 17\nXXXXXXXXXX\nX X e X TX\nX        X\nX  MX   XX\nX   T    X\nXX  XX   X\nX        X\nX X X  X X\nX       \u221eX\nX     \u221e  X\nX  X   X X\nX        X\nXX      XX\nX    \u221e   X\nX        X\nX X T  X X\nX    \u221e m X\nX     H  X\nX   X   XX\nXXXXXXXXXX\n", "Health: 4 X: 5 Y: 17\nXXXXXXXXXX\nX X e X TX\nX        X\nX  MX   XX\nX   T    X\nXX  XX   X\nX        X\nX X X  X X\nX       \u221eX\nX     \u221e  X\nX  X   X X\nX        X\nXX      XX\nX    \u221e   X\nX        X\nX X T  X X\nX    \u221e m X\nX    H   X\nX   X   XX\nXXXXXXXXXX\n", "Health: 4 X: 4 Y: 17\nXXXXXXXXXX\nX X e X TX\nX        X\nX  MX   XX\nX   T    X\nXX  XX   X\nX        X\nX X X  X X\nX       \u221eX\nX     \u221e  X\nX  X   X X\nX        X\nXX      XX\nX    \u221e   X\nX        X\nX X T  X X\nX    \u221e m X\nX   H    X\nX   X   XX\nXXXXXXXXXX\n", "Health: 4 X: 4 Y: 16\nXXXXXXXXXX\nX X e X TX\nX        X\nX  MX   XX\nX   T    X\nXX  XX   X\nX        X\nX X X  X X\nX       \u221eX\nX     \u221e  X\nX  X   X X\nX        X\nXX      XX\nX    \u221e   X\nX        X\nX X T  X X\nX   H\u221e m X\nX        X\nX   X   XX\nXXXXXXXXXX\n", "Health: 4 X: 4 Y: 4\nXXXXXXXXXX\nX X e X TX\nX        X\nX   X   XX\nX  MT    X\nXX  XX   X\nX        X\nX X X  X X\nX       \u221eX\nX     \u221e  X\nX  X   X X\nX        X\nXX      XX\nX    \u221e   X\nX        X\nX X T  X X\nX    \u221e m X\nX        X\nX   X   XX\nXXXXXXXXXX\n", "Health: 3 X: 3 Y: 4\nXXXXXXXXXX\nX X e X TX\nX        X\nX   X   XX\nX  \u221eT    X\nXX  XX   X\nX        X\nX X X  X X\nX       \u221eX\nX     \u221e  X\nX  X   X X\nX        X\nXX      XX\nX    \u221e   X\nX        X\nX X T  X X\nX    \u221em  X\nX        X\nX   X   XX\nXXXXXXXXXX\n", "Health: 3 X: 2 Y: 4\nXXXXXXXXXX\nX X e X TX\nX        X\nX   X   XX\nX H\u221eT    X\nXX  XX   X\nX        X\nX X X  X X\nX       \u221eX\nX     \u221e  X\nX  X   X X\nX        X\nXX      XX\nX    \u221e   X\nX        X\nX X T mX X\nX    \u221e   X\nX        X\nX   X   XX\nXXXXXXXXXX\n", "Health: 3 X: 2 Y: 3\nXXXXXXXXXX\nX X e X TX\nX        X\nX H X   XX\nX  \u221eT    X\nXX  XX   X\nX        X\nX X X  X X\nX       \u221eX\nX     \u221e  X\nX  X   X X\nX        X\nXX      XX\nX    \u221e   X\nX     m  X\nX X T  X X\nX    \u221e   X\nX        X\nX   X   XX\nXXXXXXXXXX\n", "Health: 3 X: 2 Y: 2\nXXXXXXXXXX\nX X e X TX\nX H      X\nX   X   XX\nX  \u221eT    X\nXX  XX   X\nX        X\nX X X  X X\nX       \u221eX\nX     \u221e  X\nX  X   X X\nX        X\nXX      XX\nX    \u221em  X\nX        X\nX X T  X X\nX    \u221e   X\nX        X\nX   X   XX\nXXXXXXXXXX\n", "Health: 3 X: 3 Y: 2\nXXXXXXXXXX\nX X e X TX\nX  H     X\nX   X   XX\nX  \u221eT    X\nXX  XX   X\nX        X\nX X X  X X\nX       \u221eX\nX     \u221e  X\nX  X   X X\nX        X\nXX    m XX\nX    \u221e   X\nX        X\nX X T  X X\nX    \u221e   X\nX        X\nX   X   XX\nXXXXXXXXXX\n", "Health: 3 X: 4 Y: 2\nXXXXXXXXXX\nX X e X TX\nX   H    X\nX   X   XX\nX  \u221eT    X\nXX  XX   X\nX        X\nX X X  X X\nX       \u221eX\nX     \u221e  X\nX  X   X X\nX     m  X\nXX      XX\nX    \u221e   X\nX        X\nX X T  X X\nX    \u221e   X\nX        X\nX   X   XX\nXXXXXXXXXX\n", "Health: 3 X: 5 Y: 2\nXXXXXXXXXX\nX X e X TX\nX    H   X\nX   X   XX\nX  \u221eT    X\nXX  XX   X\nX        X\nX X X  X X\nX       \u221eX\nX     \u221e  X\nX  X  mX X\nX        X\nXX      XX\nX    \u221e   X\nX        X\nX X T  X X\nX    \u221e   X\nX        X\nX   X   XX\nXXXXXXXXXX\n", "Health: 3 X: 6 Y: 2\nXXXXXXXXXX\nX X e X TX\nX     H  X\nX   X   XX\nX  \u221eT    X\nXX  XX   X\nX        X\nX X X  X X\nX       \u221eX\nX     m  X\nX  X   X X\nX        X\nXX      XX\nX    \u221e   X\nX        X\nX X T  X X\nX    \u221e   X\nX        X\nX   X   XX\nXXXXXXXXXX\n", "Health: 3 X: 7 Y: 2\nXXXXXXXXXX\nX X e X TX\nX      H X\nX   X   XX\nX  \u221eT    X\nXX  XX   X\nX        X\nX X X  X X\nX     m \u221eX\nX     \u221e  X\nX  X   X X\nX        X\nXX      XX\nX    \u221e   X\nX        X\nX X T  X X\nX    \u221e   X\nX        X\nX   X   XX\nXXXXXXXXXX\n", "Health: 3 X: 8 Y: 2\nXXXXXXXXXX\nX X e X TX\nX       HX\nX   X   XX\nX  \u221eT    X\nXX  XX   X\nX        X\nX X X mX X\nX       \u221eX\nX     \u221e  X\nX  X   X X\nX        X\nXX      XX\nX    \u221e   X\nX        X\nX X T  X X\nX    \u221e   X\nX        X\nX   X   XX\nXXXXXXXXXX\n", "Health: 3 X: 8 Y: 1\nXXXXXXXXXX\nX X e X  X\nX        X\nX   X   XX\nX  \u221eT    X\nXX  XX   X\nX     m  X\nX X X  X X\nX       \u221eX\nX     \u221e  X\nX  X   X X\nX        X\nXX      XX\nX    \u221e   X\nX        X\nX X T  X X\nX    \u221e   X\nX        X\nX   X   XX\nXXXXXXXXXX\n", "Health: 3 X: 7 Y: 1\nXXXXXXXXXX\nX X e XH X\nX        X\nX   X   XX\nX  \u221eT    X\nXX  XXm  X\nX        X\nX X X  X X\nX       \u221eX\nX     \u221e  X\nX  X   X X\nX        X\nXX      XX\nX    \u221e   X\nX        X\nX X T  X X\nX    \u221e   X\nX        X\nX   X   XX\nXXXXXXXXXX\n", "Health: 3 X: 7 Y: 2\nXXXXXXXXXX\nX X e X  X\nX      H X\nX   X   XX\nX  \u221eT m  X\nXX  XX   X\nX        X\nX X X  X X\nX       \u221eX\nX     \u221e  X\nX  X   X X\nX        X\nXX      XX\nX    \u221e   X\nX        X\nX X T  X X\nX    \u221e   X\nX        X\nX   X   XX\nXXXXXXXXXX\n", "Health: 3 X: 6 Y: 2\nXXXXXXXXXX\nX X e X  X\nX     H  X\nX   X m XX\nX  \u221eT    X\nXX  XX   X\nX        X\nX X X  X X\nX       \u221eX\nX     \u221e  X\nX  X   X X\nX        X\nXX      XX\nX    \u221e   X\nX        X\nX X T  X X\nX    \u221e   X\nX        X\nX   X   XX\nXXXXXXXXXX\n", "Health: 3 X: 5 Y: 2\nXXXXXXXXXX\nX X e X  X\nX    Hm  X\nX   X   XX\nX  \u221eT    X\nXX  XX   X\nX        X\nX X X  X X\nX       \u221eX\nX     \u221e  X\nX  X   X X\nX        X\nXX      XX\nX    \u221e   X\nX        X\nX X T  X X\nX    \u221e   X\nX        X\nX   X   XX\nXXXXXXXXXX\n", "Health: 3 X: 4 Y: 2\nXXXXXXXXXX\nX X e X  X\nX   Hm   X\nX   X   XX\nX  \u221eT    X\nXX  XX   X\nX        X\nX X X  X X\nX       \u221eX\nX     \u221e  X\nX  X   X X\nX        X\nXX      XX\nX    \u221e   X\nX        X\nX X T  X X\nX    \u221e   X\nX        X\nX   X   XX\nXXXXXXXXXX\n", "Health: 3 X: 4 Y: 1\nXXXXXXXXXX\nX X emX  X\nX        X\nX   X   XX\nX  \u221eT    X\nXX  XX   X\nX        X\nX X X  X X\nX       \u221eX\nX     \u221e  X\nX  X   X X\nX        X\nXX      XX\nX    \u221e   X\nX        X\nX X T  X X\nX    \u221e   X\nX        X\nX   X   XX\nXXXXXXXXXX\n"], "map_number": 202}], "timestamp": "11-Aug-2021 00:49:07.212984", "ip": "98.171.109.228"}