{"Q1": "Never", "Q2": "Never", "Q3": "Never", "Q4": "Never", "Q5": "Rarely", "Q6": "Rarely", "Q7": "Never", "Q8": "Rarely", "Q9": "Often", "Q10": "Never", "results": [{"mechanics": [{"timestep": 2, "mechanic": "OgreTreasure"}, {"timestep": 2, "mechanic": "BlobPotion"}, {"timestep": 3, "mechanic": "OgreTreasure"}, {"timestep": 3, "mechanic": "BlobHit"}, {"timestep": 4, "mechanic": "BlobHit"}, {"timestep": 12, "mechanic": "ReachStairs"}], "frequencies": {"OgreTreasure": 2, "BlobPotion": 1, "BlobHit": 2, "ReachStairs": 1}, "levelReport": {"utilityGained": 0.0, "exitUtility": 1.0, "runnerUtility": 0.87, "loitererUtility": 13.0, "completionistUtility": 0.3466666666666667, "monsterKillerUtility": 0.43999999999999995, "treasureCollectorUtility": 0.3, "turnsTaken": 13, "health": 8, "healthLost": 2, "alive": true, "javelinsThrown": 0, "monsterKills": 1, "minitaurKnockouts": 0, "treasuresCollected": 0, "potionsTaken": 0, "totalMonsters": 6, "totalTreasures": 9, "totalPotions": 2, "timeTaken": 0.0}, "positions": [{"X": 8, "Y": 3}, {"X": 7, "Y": 3}, {"X": 7, "Y": 4}, {"X": 7, "Y": 5}, {"X": 7, "Y": 6}, {"X": 7, "Y": 7}, {"X": 7, "Y": 8}, {"X": 6, "Y": 8}, {"X": 5, "Y": 8}, {"X": 4, "Y": 8}, {"X": 3, "Y": 8}, {"X": 2, "Y": 8}, {"X": 1, "Y": 8}], "levelStates": ["Health: 10 X: 8 Y: 3\nXXXXXXXXXX\nXT TX m  X\nX   XXX  X\nX       HX\nX   XX   X\nXX XXXX XX\nX TTXXPP X\nX   XX   X\nXeo    b X\nX   XX   X\nXX XXXX XX\nX   XX   X\nX   XX   X\nX      T X\nX   XX   X\nXX XXXX XX\nX   XX   X\nXb bXXT TX\nX M XXT TX\nXXXXXXXXXX\n", "Health: 10 X: 7 Y: 3\nXXXXXXXXXX\nXT TX  m X\nX   XXX  X\nX      H X\nX   XX   X\nXX XXXX XX\nX TTXXPP X\nX o XX b X\nXe       X\nX   XX   X\nXX XXXX XX\nX   XX   X\nX   XX   X\nX      T X\nX   XX   X\nXX XXXX XX\nX   XX   X\nXb bXXT TX\nX M XXT TX\nXXXXXXXXXX\n", "Health: 10 X: 7 Y: 4\nXXXXXXXXXX\nXT TX    X\nX   XXXm X\nX        X\nX   XX H X\nXX XXXX XX\nX oTXXPb X\nX   XX   X\nXe       X\nX   XX   X\nXX XXXX XX\nX   XX   X\nX   XX   X\nX      T X\nX   XX   X\nXX XXXX XX\nX   XX   X\nXb bXXT TX\nX M XXT TX\nXXXXXXXXXX\n", "Health: 8 X: 7 Y: 5\nXXXXXXXXXX\nXT TX    X\nX   XXX  X\nX      m X\nX   XX   X\nXX XXXXHXX\nX  oXXPb X\nX   XX   X\nXe       X\nX   XX   X\nXX XXXX XX\nX   XX   X\nX   XX   X\nX      T X\nX   XX   X\nXX XXXX XX\nX   XX   X\nXb bXXT TX\nX M XXT TX\nXXXXXXXXXX\n", "Health: 8 X: 7 Y: 6\nXXXXXXXXXX\nXT TX    X\nX   XXX  X\nX        X\nX   XX m X\nXX XXXX XX\nX  oXXP\u221e X\nX   XX   X\nXe       X\nX   XX   X\nXX XXXX XX\nX   XX   X\nX   XX   X\nX      T X\nX   XX   X\nXX XXXX XX\nX   XX   X\nXb bXXT TX\nX M XXT TX\nXXXXXXXXXX\n", "Health: 8 X: 7 Y: 7\nXXXXXXXXXX\nXT TX    X\nX   XXX  X\nX        X\nX   XX   X\nXX XXXXmXX\nX  oXXP\u221e X\nX   XX H X\nXe       X\nX   XX   X\nXX XXXX XX\nX   XX   X\nX   XX   X\nX      T X\nX   XX   X\nXX XXXX XX\nX   XX   X\nXb bXXT TX\nX M XXT TX\nXXXXXXXXXX\n", "Health: 8 X: 7 Y: 8\nXXXXXXXXXX\nXT TX    X\nX   XXX  X\nX        X\nX   XX   X\nXX XXXX XX\nX  oXXP\u221e X\nX   XX   X\nXe     H X\nX   XX   X\nXX XXXX XX\nX   XX   X\nX   XX   X\nX      T X\nX   XX   X\nXX XXXX XX\nX   XX   X\nXb bXXT TX\nX M XXT TX\nXXXXXXXXXX\n", "Health: 8 X: 6 Y: 8\nXXXXXXXXXX\nXT TX    X\nX   XXX  X\nX        X\nX   XX   X\nXX XXXX XX\nX  oXXP\u221e X\nX   XX   X\nXe    H  X\nX   XX   X\nXX XXXX XX\nX   XX   X\nX   XX   X\nX      T X\nX   XX   X\nXX XXXX XX\nX   XX   X\nXb bXXT TX\nX M XXT TX\nXXXXXXXXXX\n", "Health: 8 X: 5 Y: 8\nXXXXXXXXXX\nXT TX    X\nX   XXX  X\nX        X\nX   XX   X\nXX XXXX XX\nX  oXXP\u221e X\nX   XXm  X\nXe   H   X\nX   XX   X\nXX XXXX XX\nX   XX   X\nX   XX   X\nX      T X\nX   XX   X\nXX XXXX XX\nX   XX   X\nXb bXXT TX\nX M XXT TX\nXXXXXXXXXX\n", "Health: 8 X: 4 Y: 8\nXXXXXXXXXX\nXT TX    X\nX   XXX  X\nX        X\nX   XX   X\nXX XXXX XX\nX  oXXP\u221e X\nX   XX   X\nXe  H m  X\nX   XX   X\nXX XXXX XX\nX   XX   X\nX   XX   X\nX      T X\nX   XX   X\nXX XXXX XX\nX   XX   X\nXb bXXT TX\nX M XXT TX\nXXXXXXXXXX\n", "Health: 8 X: 3 Y: 8\nXXXXXXXXXX\nXT TX    X\nX   XXX  X\nX        X\nX   XX   X\nXX XXXX XX\nX   XXP\u221e X\nX  oXX   X\nXe H m   X\nX   XX   X\nXX XXXX XX\nX   XX   X\nX   XX   X\nX      T X\nX   XX   X\nXX XXXX XX\nX   XX   X\nXb bXXT TX\nX M XXT TX\nXXXXXXXXXX\n", "Health: 8 X: 2 Y: 8\nXXXXXXXXXX\nXT TX    X\nX   XXX  X\nX        X\nX   XX   X\nXX XXXX XX\nX   XXP\u221e X\nX o XX   X\nXeH m    X\nX   XX   X\nXX XXXX XX\nX   XX   X\nX   XX   X\nX      T X\nX   XX   X\nXX XXXX XX\nX   XX   X\nXbMbXXT TX\nX   XXT TX\nXXXXXXXXXX\n", "Health: 8 X: 1 Y: 8\nXXXXXXXXXX\nXT TX    X\nX   XXX  X\nX        X\nX   XX   X\nXX XXXX XX\nX   XXP\u221e X\nXo  XX   X\nXe m     X\nX   XX   X\nXX XXXX XX\nX   XX   X\nX   XX   X\nX      T X\nX   XX   X\nXX XXXX XX\nX   XX   X\nXbMbXXT TX\nX   XXT TX\nXXXXXXXXXX\n"], "map_number": 101}, {"mechanics": [{"timestep": 2, "mechanic": "GoblinMeleeHit"}, {"timestep": 8, "mechanic": "MinitaurHit"}, {"timestep": 10, "mechanic": "MinitaurHit"}, {"timestep": 10, "mechanic": "GoblinRangedHit"}, {"timestep": 12, "mechanic": "MinitaurHit"}, {"timestep": 12, "mechanic": "GoblinRangedHit"}, {"timestep": 13, "mechanic": "MinitaurHit"}, {"timestep": 14, "mechanic": "MinitaurHit"}, {"timestep": 14, "mechanic": "GoblinRangedHit"}, {"timestep": 16, "mechanic": "MinitaurHit"}, {"timestep": 16, "mechanic": "GoblinRangedHit"}, {"timestep": 18, "mechanic": "MinitaurHit"}, {"timestep": 18, "mechanic": "GoblinRangedHit"}, {"timestep": 19, "mechanic": "MinitaurHit"}, {"timestep": 20, "mechanic": "MinitaurHit"}, {"timestep": 20, "mechanic": "Die"}, {"timestep": 20, "mechanic": "GoblinRangedHit"}], "frequencies": {}, "levelReport": {"utilityGained": 0.0, "exitUtility": 0.0, "runnerUtility": 0.8275862068965517, "loitererUtility": 0.0, "completionistUtility": 0.2482758620689655, "monsterKillerUtility": 0.2482758620689655, "treasureCollectorUtility": 0.2482758620689655, "turnsTaken": 0, "health": 10, "healthLost": 0, "alive": true, "javelinsThrown": 0, "monsterKills": 0, "minitaurKnockouts": 0, "treasuresCollected": 0, "potionsTaken": 0, "totalMonsters": 8, "totalTreasures": 7, "totalPotions": 2, "timeTaken": 0.0}, "positions": [{"X": 4, "Y": 11}, {"X": 4, "Y": 10}, {"X": 4, "Y": 9}, {"X": 4, "Y": 8}, {"X": 3, "Y": 8}, {"X": 3, "Y": 7}, {"X": 3, "Y": 6}, {"X": 3, "Y": 5}, {"X": 3, "Y": 4}, {"X": 3, "Y": 3}, {"X": 3, "Y": 4}, {"X": 4, "Y": 15}, {"X": 4, "Y": 14}, {"X": 4, "Y": 13}, {"X": 4, "Y": 12}, {"X": 4, "Y": 11}, {"X": 4, "Y": 10}, {"X": 4, "Y": 9}, {"X": 4, "Y": 8}, {"X": 4, "Y": 9}, {"X": 4, "Y": 10}, {"X": 4, "Y": 11}, {"X": 4, "Y": 12}, {"X": 4, "Y": 12}], "levelStates": ["Health: 10 X: 4 Y: 11\nXXXXXXXXXX\nX X e X TX\nXM       X\nX   X   XX\nX   T    X\nXX  XX   X\nX P     bX\nX X X  X X\nXT       X\nX     o  X\nX  X   XPX\nX   H    X\nXX      XX\nX        X\nXb      bX\nX X T  X X\nXP   m  PX\nX        X\nXT TXT TXX\nXXXXXXXXXX\n", "Health: 10 X: 4 Y: 10\nXXXXXXXXXX\nX X e X TX\nX M      X\nX   X   XX\nX   T    X\nXX  XX   X\nX P      X\nX X X  XbX\nXT       X\nX    o   X\nX  XH  XPX\nX        X\nXX      XX\nX        X\nX        X\nXbX Tm XbX\nXP      PX\nX        X\nXT TXT TXX\nXXXXXXXXXX\n", "Health: 8 X: 4 Y: 9\nXXXXXXXXXX\nX X e X TX\nX M      X\nX   X   XX\nX   T    X\nXX  XX   X\nX P      X\nX X X  X X\nXT      bX\nX   Ho   X\nX  X   XPX\nX        X\nXX      XX\nX        X\nX    m   X\nX X T  X X\nX        X\nX        X\nXT TXT TXX\nXXXXXXXXXX\n", "Health: 8 X: 4 Y: 8\nXXXXXXXXXX\nX X e X TX\nX M      X\nX   X   XX\nX   T    X\nXX  XX   X\nX P      X\nX X X  X X\nXT  Ho   X\nX       bX\nX  X   XPX\nX        X\nXX      XX\nX    m   X\nX        X\nX X T  X X\nX        X\nX        X\nXT TXT TXX\nXXXXXXXXXX\n", "Health: 8 X: 3 Y: 8\nXXXXXXXXXX\nX X e X TX\nX  M     X\nX   X   XX\nX   T    X\nXX  XX   X\nX P      X\nX X X  X X\nXT Ho    X\nX        X\nX  X   X X\nX        X\nXX   m  XX\nX        X\nX        X\nX X T  X X\nX        X\nX        X\nXT TXT TXX\nXXXXXXXXXX\n", "Health: 8 X: 3 Y: 7\nXXXXXXXXXX\nX X e X TX\nX        X\nX  MX   XX\nX   T    X\nXX  XX   X\nX P      X\nX XHX  X X\nXT o     X\nX        X\nX  X   X X\nX    m   X\nXX      XX\nX        X\nX        X\nXbX T  X X\nX        X\nX        X\nXT TXT TXX\nXXXXXXXXXX\n", "Health: 8 X: 3 Y: 6\nXXXXXXXXXX\nX X e X TX\nX        X\nX   X   XX\nX  MT    X\nXX  XX   X\nX PH     X\nX XoX  X X\nXT       X\nX        X\nX  X m X X\nX        X\nXX      XX\nX        X\nXb       X\nX X T  X X\nX        X\nX        X\nXT TXT TXX\nXXXXXXXXXX\n", "Health: 7 X: 3 Y: 5\nXXXXXXXXXX\nX X e X TX\nX        X\nX   X   XX\nX  \u221eT    X\nXX HXX   X\nX Po     X\nX X X  X X\nXT       X\nX    m   X\nX  X   X X\nX        X\nXX      XX\nX        X\nXb       X\nX X T  X X\nX        X\nX        X\nXT TXT TXX\nXXXXXXXXXX\n", "Health: 7 X: 3 Y: 4\nXXXXXXXXXX\nX X e X TX\nX        X\nX   X   XX\nX  \u221eT    X\nXX oXX   X\nX P      X\nX X X  X X\nXT   m   X\nX        X\nX  X   X X\nX        X\nXX      XX\nX        X\nXb       X\nX X T  X X\nX        X\nX        X\nXT TXT TXX\nXXXXXXXXXX\n", "Health: 7 X: 3 Y: 3\nXXXXXXXXXX\nX X e X TX\nX        X\nX  HX   XX\nX  oT    X\nXX  XX   X\nX P      X\nX X Xm X X\nXT       X\nX        X\nX  X   X X\nX        X\nXX      XX\nX        X\nXb       X\nX X T  X X\nX        X\nX        X\nXT TXT TXX\nXXXXXXXXXX\n", "Health: 5 X: 3 Y: 4\nXXXXXXXXXX\nX X e X TX\nX        X\nX   X   XX\nX  \u221eT    X\nXX  XX   X\nX P  m   X\nX X X  X X\nXT       X\nX        X\nX  X   X X\nX        X\nXX      XX\nX        X\nXb       X\nX X T  X X\nX        X\nX        X\nXT TXT TXX\nXXXXXXXXXX\n", "Health: 5 X: 4 Y: 15\nXXXXXXXXXX\nX X e X TX\nX        X\nX   X   XX\nX  \u221eT    X\nXX  XX   X\nX P      X\nX X Xm X X\nXT       X\nX        X\nX  X   X X\nX       bX\nXX      XX\nX        X\nXb       X\nX X T  X X\nX      b X\nX        X\nXT TXT TXX\nXXXXXXXXXX\n", "Health: 5 X: 4 Y: 14\nXXXXXXXXXX\nX X e X TX\nX        X\nX   X   XX\nX  \u221eT    X\nXX  XX   X\nX P      X\nX X X  X X\nXT   m   X\nX        X\nX  X   X X\nX      b X\nXX      XX\nX        X\nX b H    X\nX X T  X X\nX     b  X\nX        X\nXT TXT TXX\nXXXXXXXXXX\n", "Health: 5 X: 4 Y: 13\nXXXXXXXXXX\nX X e X TX\nX        X\nX   X   XX\nX  \u221eT    X\nXX  XX   X\nX P      X\nX X X  X X\nXT  m    X\nX        X\nX  X   X X\nX     b  X\nXX      XX\nX b H    X\nX        X\nX X T bX X\nX        X\nX        X\nXT TXT TXX\nXXXXXXXXXX\n", "Health: 5 X: 4 Y: 12\nXXXXXXXXXX\nX X e X TX\nX        X\nX   X   XX\nX  \u221eT    X\nXX  XX   X\nX P      X\nX X X  X X\nXT       X\nX   m    X\nX  X   X X\nX    b   X\nXXb H   XX\nX        X\nX     b  X\nX X T  X X\nX        X\nX        X\nXT TXT TXX\nXXXXXXXXXX\n", "Health: 3 X: 4 Y: 11\nXXXXXXXXXX\nX X e X TX\nX        X\nX   X   XX\nX  \u221eT    X\nXX  XX   X\nX P      X\nX X X  X X\nXT       X\nX        X\nX  Xm  X X\nX b Hb   X\nXX      XX\nX     b  X\nX        X\nX X T  X X\nX        X\nX        X\nXT TXT TXX\nXXXXXXXXXX\n", "Health: 2 X: 4 Y: 10\nXXXXXXXXXX\nX X e X TX\nX        X\nX   X   XX\nX  \u221eT    X\nXX  XX   X\nX P      X\nX X X  X X\nXT       X\nX        X\nX  Xmb X X\nX b      X\nXX    b XX\nX        X\nX        X\nX X T  X X\nX        X\nX        X\nXT TXT TXX\nXXXXXXXXXX\n", "Health: 2 X: 4 Y: 9\nXXXXXXXXXX\nX X e X TX\nX        X\nX   X   XX\nX  \u221eT    X\nXX  XX   X\nX P      X\nX X X  X X\nXT       X\nX   Hb   X\nX  Xm  X X\nX b   b  X\nXX      XX\nX        X\nX        X\nX X T  X X\nX        X\nX        X\nXT TXT TXX\nXXXXXXXXXX\n", "Health: 2 X: 4 Y: 8\nXXXXXXXXXX\nX X e X TX\nX        X\nX   X   XX\nX  \u221eT    X\nXX  XX   X\nX P      X\nX X X  X X\nXT  Hb   X\nX        X\nX  Xm bX X\nX b      X\nXX      XX\nX        X\nX        X\nX X T  X X\nX        X\nX        X\nXT TXT TXX\nXXXXXXXXXX\n", "Health: 2 X: 4 Y: 9\nXXXXXXXXXX\nX X e X TX\nX        X\nX   X   XX\nX  \u221eT    X\nXX  XX   X\nX P      X\nX X X  X X\nXT  b    X\nX   H b  X\nX  Xm  X X\nX b      X\nXX      XX\nX        X\nX        X\nX X T  X X\nX        X\nX        X\nXT TXT TXX\nXXXXXXXXXX\n", "Health: 2 X: 4 Y: 10\nXXXXXXXXXX\nX X e X TX\nX        X\nX   X   XX\nX  \u221eT    X\nXX  XX   X\nX P      X\nX X X  X X\nXT       X\nX   bb   X\nX  Xm  X X\nX b      X\nXX      XX\nX        X\nX        X\nX X T  X X\nX        X\nX        X\nXT TXT TXX\nXXXXXXXXXX\n", "Health: 2 X: 4 Y: 11\nXXXXXXXXXX\nX X e X TX\nX        X\nX   X   XX\nX  \u221eT    X\nXX  XX   X\nX P      X\nX X X  X X\nXT       X\nX   b    X\nX  Xm  X X\nX  bH    X\nXX      XX\nX        X\nX        X\nX X T  X X\nX        X\nX        X\nXT TXT TXX\nXXXXXXXXXX\n", "Health: 2 X: 4 Y: 12\nXXXXXXXXXX\nX X e X TX\nX        X\nX   X   XX\nX  \u221eT    X\nXX  XX   X\nX P      X\nX X X  X X\nXT       X\nX        X\nX  Xm  X X\nX   b    X\nXX  H   XX\nX        X\nX        X\nX X T  X X\nX        X\nX        X\nXT TXT TXX\nXXXXXXXXXX\n", "Health: 0 X: 4 Y: 12\nXXXXXXXXXX\nX X e X TX\nX        X\nX   X   XX\nX  \u221eT    X\nXX  XX   X\nX P      X\nX X X  X X\nXT       X\nX        X\nX  Xm  X X\nX   b    X\nXX  \u221e   XX\nX        X\nX        X\nX X T  X X\nX        X\nX        X\nXT TXT TXX\nXXXXXXXXXX\n"], "map_number": 202}, {"mechanics": [{"timestep": 2, "mechanic": "GoblinMeleeHit"}, {"timestep": 8, "mechanic": "MinitaurHit"}, {"timestep": 10, "mechanic": "MinitaurHit"}, {"timestep": 10, "mechanic": "GoblinRangedHit"}, {"timestep": 12, "mechanic": "MinitaurHit"}, {"timestep": 12, "mechanic": "GoblinRangedHit"}, {"timestep": 13, "mechanic": "MinitaurHit"}, {"timestep": 14, "mechanic": "MinitaurHit"}, {"timestep": 14, "mechanic": "GoblinRangedHit"}, {"timestep": 16, "mechanic": "MinitaurHit"}, {"timestep": 16, "mechanic": "GoblinRangedHit"}, {"timestep": 18, "mechanic": "MinitaurHit"}, {"timestep": 18, "mechanic": "GoblinRangedHit"}, {"timestep": 19, "mechanic": "MinitaurHit"}, {"timestep": 20, "mechanic": "MinitaurHit"}, {"timestep": 20, "mechanic": "Die"}, {"timestep": 20, "mechanic": "GoblinRangedHit"}], "frequencies": {"GoblinMeleeHit": 1, "MinitaurHit": 9, "GoblinRangedHit": 6, "Die": 1}, "levelReport": {"utilityGained": 0.0, "exitUtility": 0.0, "runnerUtility": -4.554827586206897, "loitererUtility": 16.0, "completionistUtility": -4.670114942528736, "monsterKillerUtility": -4.403448275862069, "treasureCollectorUtility": -4.803448275862069, "turnsTaken": 21, "health": 0, "healthLost": 10, "alive": false, "javelinsThrown": 0, "monsterKills": 4, "minitaurKnockouts": 3, "treasuresCollected": 0, "potionsTaken": 0, "totalMonsters": 8, "totalTreasures": 7, "totalPotions": 2, "timeTaken": 0.0}, "positions": [{"X": 5, "Y": 9}, {"X": 5, "Y": 8}, {"X": 5, "Y": 7}, {"X": 5, "Y": 6}, {"X": 5, "Y": 5}, {"X": 5, "Y": 4}, {"X": 5, "Y": 5}, {"X": 5, "Y": 4}, {"X": 5, "Y": 3}, {"X": 5, "Y": 4}, {"X": 5, "Y": 3}, {"X": 5, "Y": 4}, {"X": 5, "Y": 3}, {"X": 5, "Y": 4}, {"X": 5, "Y": 3}, {"X": 5, "Y": 4}, {"X": 5, "Y": 3}, {"X": 5, "Y": 4}, {"X": 5, "Y": 3}, {"X": 5, "Y": 4}, {"X": 5, "Y": 3}], "levelStates": ["Health: 10 X: 5 Y: 9\nXXXXXXXXXX\nX   b m  X\nX XXXXXX X\nXR      RX\nXXXX  XXXX\nX     M  X\nX  M     X\nX      M X\nXXX    XXX\nXe   H  PX\nX       PX\nXXXXX XXXX\nX     X TX\nX XXXXX XX\nX        X\nXXXXXX XXX\nXTTX   XTX\nXTTXX XXTX\nX    b   X\nXXXXXXXXXX\n", "Health: 10 X: 5 Y: 8\nXXXXXXXXXX\nX   b  m X\nX XXXXXX X\nXR      RX\nXXXX  XXXX\nX    M   X\nX   M    X\nX     M  X\nXXX  H XXX\nXe      PX\nX       PX\nXXXXX XXXX\nX     X TX\nX XXXXX XX\nX        X\nXXXXXX XXX\nXTTX   XTX\nXTTXX XXTX\nX    b   X\nXXXXXXXXXX\n", "Health: 9 X: 5 Y: 7\nXXXXXXXXXX\nX   b   mX\nX XXXXXX X\nXR      RX\nXXXX  XXXX\nX        X\nX    \u221e   X\nX    H\u221e  X\nXXX    XXX\nXe      PX\nX       PX\nXXXXX XXXX\nX     X TX\nX XXXXX XX\nX        X\nXXXXXX XXX\nXTTX   XTX\nXTTXX XXTX\nX    b   X\nXXXXXXXXXX\n", "Health: 9 X: 5 Y: 6\nXXXXXXXXXX\nX   b    X\nX XXXXXXmX\nXR      RX\nXXXX  XXXX\nX        X\nX    \u221e   X\nX     \u221e  X\nXXX    XXX\nXe      PX\nX       PX\nXXXXX XXXX\nX     X TX\nX XXXXX XX\nX        X\nXXXXXX XXX\nXTTX   XTX\nXTTXX XXTX\nX    b   X\nXXXXXXXXXX\n", "Health: 9 X: 5 Y: 5\nXXXXXXXXXX\nX   b    X\nX XXXXXX X\nXR      \u221eX\nXXXX  XXXX\nX    H   X\nX    \u221e   X\nX     \u221e  X\nXXX    XXX\nXe      PX\nX       PX\nXXXXX XXXX\nX     X TX\nX XXXXX XX\nX        X\nXXXXXX XXX\nXTTX   XTX\nXTTXX XXTX\nX    b   X\nXXXXXXXXXX\n", "Health: 9 X: 5 Y: 4\nXXXXXXXXXX\nX   b    X\nX XXXXXX X\nXR     m\u221eX\nXXXX HXXXX\nX        X\nX    \u221e   X\nX     \u221e  X\nXXX    XXX\nXe      PX\nX       PX\nXXXXX XXXX\nX     X TX\nX XXXXX XX\nX        X\nXXXXXX XXX\nXTTX   XTX\nXTTXX XXTX\nX    b   X\nXXXXXXXXXX\n", "Health: 9 X: 5 Y: 5\nXXXXXXXXXX\nX   b    X\nX XXXXXX X\nXR    m \u221eX\nXXXX  XXXX\nX    H   X\nX    \u221e   X\nX     \u221e  X\nXXX    XXX\nXe      PX\nX       PX\nXXXXX XXXX\nX     X TX\nX XXXXX XX\nX        X\nXXXXXX XXX\nXTTX   XTX\nXTTXX XXTX\nX    b   X\nXXXXXXXXXX\n", "Health: 9 X: 5 Y: 4\nXXXXXXXXXX\nX   b    X\nX XXXXXX X\nXR   m  \u221eX\nXXXX HXXXX\nX        X\nX    \u221e   X\nX     \u221e  X\nXXX    XXX\nXe      PX\nX       PX\nXXXXX XXXX\nX     X TX\nX XXXXX XX\nX        X\nXXXXXX XXX\nXTTX   XTX\nXTTXX XXTX\nX    b   X\nXXXXXXXXXX\n", "Health: 8 X: 5 Y: 3\nXXXXXXXXXX\nX   b    X\nX XXXXXX X\nX R  m  \u221eX\nXXXX  XXXX\nX        X\nX    \u221e   X\nX     \u221e  X\nXXX    XXX\nXe      PX\nX       PX\nXXXXX XXXX\nX     X TX\nX XXXXX XX\nX        X\nXXXXXX XXX\nXTTX   XTX\nXTTXX XXTX\nX    b   X\nXXXXXXXXXX\n", "Health: 8 X: 5 Y: 4\nXXXXXXXXXX\nX   b    X\nX XXXXXX X\nX R  m  \u221eX\nXXXX HXXXX\nX        X\nX    \u221e   X\nX     \u221e  X\nXXX    XXX\nXe      PX\nX       PX\nXXXXX XXXX\nX     X TX\nX XXXXX XX\nX        X\nXXXXXX XXX\nXTTX   XTX\nXTTXX XXTX\nX    b   X\nXXXXXXXXXX\n", "Health: 7 X: 5 Y: 3\nXXXXXXXXXX\nX   b    X\nX XXXXXX X\nX R  m  \u221eX\nXXXX  XXXX\nX        X\nX    \u221e   X\nX     \u221e  X\nXXX    XXX\nXe      PX\nX       PX\nXXXXX XXXX\nX     X TX\nX XXXXX XX\nX        X\nXXXXXX XXX\nXTTX   XTX\nXTTXX XXTX\nX    b   X\nXXXXXXXXXX\n", "Health: 7 X: 5 Y: 4\nXXXXXXXXXX\nX   b    X\nX XXXXXX X\nX R  m  \u221eX\nXXXX HXXXX\nX        X\nX    \u221e   X\nX     \u221e  X\nXXX    XXX\nXe      PX\nX       PX\nXXXXX XXXX\nX     X TX\nX XXXXX XX\nX        X\nXXXXXX XXX\nXTTX   XTX\nXTTXX XXTX\nX    b   X\nXXXXXXXXXX\n", "Health: 6 X: 5 Y: 3\nXXXXXXXXXX\nX   b    X\nX XXXXXX X\nX R  m  \u221eX\nXXXX  XXXX\nX        X\nX    \u221e   X\nX     \u221e  X\nXXX    XXX\nXe      PX\nX       PX\nXXXXX XXXX\nX     X TX\nX XXXXX XX\nX        X\nXXXXXX XXX\nXTTX   XTX\nXTTXX XXTX\nX    b   X\nXXXXXXXXXX\n", "Health: 5 X: 5 Y: 4\nXXXXXXXXXX\nX   b    X\nX XXXXXX X\nX R  m  \u221eX\nXXXX HXXXX\nX        X\nX    \u221e   X\nX     \u221e  X\nXXX    XXX\nXe      PX\nX       PX\nXXXXX XXXX\nX     X TX\nX XXXXX XX\nX        X\nXXXXXX XXX\nXTTX   XTX\nXTTXX XXTX\nX    b   X\nXXXXXXXXXX\n", "Health: 4 X: 5 Y: 3\nXXXXXXXXXX\nX   b    X\nX XXXXXX X\nX R  m  \u221eX\nXXXX  XXXX\nX        X\nX    \u221e   X\nX     \u221e  X\nXXX    XXX\nXe      PX\nX       PX\nXXXXX XXXX\nX     X TX\nX XXXXX XX\nX        X\nXXXXXX XXX\nXTTX   XTX\nXTTXX XXTX\nX    b   X\nXXXXXXXXXX\n", "Health: 4 X: 5 Y: 4\nXXXXXXXXXX\nX   b    X\nX XXXXXX X\nX R  m  \u221eX\nXXXX HXXXX\nX        X\nX    \u221e   X\nX     \u221e  X\nXXX    XXX\nXe      PX\nX       PX\nXXXXX XXXX\nX     X TX\nX XXXXX XX\nX        X\nXXXXXX XXX\nXTTX   XTX\nXTTXX XXTX\nX    b   X\nXXXXXXXXXX\n", "Health: 3 X: 5 Y: 3\nXXXXXXXXXX\nX   b    X\nX XXXXXX X\nX R  m  \u221eX\nXXXX  XXXX\nX        X\nX    \u221e   X\nX     \u221e  X\nXXX    XXX\nXe      PX\nX       PX\nXXXXX XXXX\nX     X TX\nX XXXXX XX\nX        X\nXXXXXX XXX\nXTTX   XTX\nXTTXX XXTX\nX    b   X\nXXXXXXXXXX\n", "Health: 3 X: 5 Y: 4\nXXXXXXXXXX\nX   b    X\nX XXXXXX X\nX R  m  \u221eX\nXXXX HXXXX\nX        X\nX    \u221e   X\nX     \u221e  X\nXXX    XXX\nXe      PX\nX       PX\nXXXXX XXXX\nX     X TX\nX XXXXX XX\nX        X\nXXXXXX XXX\nXTTX   XTX\nXTTXX XXTX\nX    b   X\nXXXXXXXXXX\n", "Health: 2 X: 5 Y: 3\nXXXXXXXXXX\nX   b    X\nX XXXXXX X\nX R  m  \u221eX\nXXXX  XXXX\nX        X\nX    \u221e   X\nX     \u221e  X\nXXX    XXX\nXe      PX\nX       PX\nXXXXX XXXX\nX     X TX\nX XXXXX XX\nX        X\nXXXXXX XXX\nXTTX   XTX\nXTTXX XXTX\nX    b   X\nXXXXXXXXXX\n", "Health: 1 X: 5 Y: 4\nXXXXXXXXXX\nX   b    X\nX XXXXXX X\nX R  m  \u221eX\nXXXX HXXXX\nX        X\nX    \u221e   X\nX     \u221e  X\nXXX    XXX\nXe      PX\nX       PX\nXXXXX XXXX\nX     X TX\nX XXXXX XX\nX        X\nXXXXXX XXX\nXTTX   XTX\nXTTXX XXTX\nX    b   X\nXXXXXXXXXX\n", "Health: 0 X: 5 Y: 3\nXXXXXXXXXX\nX   b    X\nX XXXXXX X\nX R  m  \u221eX\nXXXX  XXXX\nX        X\nX    \u221e   X\nX     \u221e  X\nXXX    XXX\nXe      PX\nX       PX\nXXXXX XXXX\nX     X TX\nX XXXXX XX\nX        X\nXXXXXX XXX\nXTTX   XTX\nXTTXX XXTX\nX    b   X\nXXXXXXXXXX\n"], "map_number": 202}], "timestamp": "10-Aug-2021 22:47:42.980063", "ip": "73.131.124.112"}