{"Q1": "Once a week", "Q2": "Sometimes", "Q3": "Often", "Q4": "Always", "Q5": "Rarely", "Q6": "Sometimes", "Q7": "Sometimes", "Q8": "Rarely", "Q9": "Sometimes", "Q10": "Often", "results": [{"mechanics": [{"timestep": 2, "mechanic": "GoblinMeleeHit"}, {"timestep": 8, "mechanic": "MinitaurHit"}, {"timestep": 9, "mechanic": "GoblinRangedHit"}, {"timestep": 10, "mechanic": "GoblinRangedHit"}, {"timestep": 11, "mechanic": "GoblinRangedHit"}, {"timestep": 15, "mechanic": "BlobHit"}, {"timestep": 35, "mechanic": "CollectPotion"}, {"timestep": 36, "mechanic": "CollectPotion"}, {"timestep": 38, "mechanic": "MinitaurHit"}, {"timestep": 60, "mechanic": "CollectTreasure"}, {"timestep": 61, "mechanic": "MinitaurHit"}, {"timestep": 62, "mechanic": "MinitaurHit"}, {"timestep": 66, "mechanic": "BlobHit"}, {"timestep": 73, "mechanic": "CollectTreasure"}, {"timestep": 74, "mechanic": "CollectTreasure"}, {"timestep": 76, "mechanic": "MinitaurHit"}, {"timestep": 77, "mechanic": "MinitaurHit"}, {"timestep": 83, "mechanic": "CollectTreasure"}, {"timestep": 84, "mechanic": "CollectTreasure"}, {"timestep": 85, "mechanic": "CollectTreasure"}, {"timestep": 86, "mechanic": "CollectTreasure"}, {"timestep": 87, "mechanic": "MinitaurHit"}, {"timestep": 88, "mechanic": "MinitaurHit"}, {"timestep": 114, "mechanic": "ReachStairs"}], "frequencies": {"GoblinMeleeHit": 1, "MinitaurHit": 8, "GoblinRangedHit": 3, "BlobHit": 2, "CollectPotion": 2, "CollectTreasure": 7, "ReachStairs": 1}, "levelReport": {"utilityGained": 0.0, "exitUtility": 1.0, "runnerUtility": -0.1499999999999999, "loitererUtility": 115.0, "completionistUtility": 0.9999999999999998, "monsterKillerUtility": 1.0, "treasureCollectorUtility": 1.0, "turnsTaken": 115, "health": 4, "healthLost": 10, "alive": true, "javelinsThrown": 0, "monsterKills": 7, "minitaurKnockouts": 5, "treasuresCollected": 7, "potionsTaken": 2, "totalMonsters": 8, "totalTreasures": 7, "totalPotions": 2, "timeTaken": 0.0}, "positions": [{"X": 5, "Y": 9}, {"X": 5, "Y": 8}, {"X": 5, "Y": 7}, {"X": 6, "Y": 7}, {"X": 5, "Y": 7}, {"X": 5, "Y": 6}, {"X": 5, "Y": 5}, {"X": 5, "Y": 4}, {"X": 5, "Y": 3}, {"X": 4, "Y": 3}, {"X": 3, "Y": 3}, {"X": 2, "Y": 3}, {"X": 1, "Y": 3}, {"X": 1, "Y": 2}, {"X": 1, "Y": 1}, {"X": 2, "Y": 1}, {"X": 3, "Y": 1}, {"X": 4, "Y": 1}, {"X": 5, "Y": 1}, {"X": 6, "Y": 1}, {"X": 7, "Y": 1}, {"X": 8, "Y": 1}, {"X": 8, "Y": 2}, {"X": 8, "Y": 3}, {"X": 7, "Y": 3}, {"X": 6, "Y": 3}, {"X": 5, "Y": 3}, {"X": 5, "Y": 4}, {"X": 5, "Y": 5}, {"X": 5, "Y": 6}, {"X": 5, "Y": 7}, {"X": 5, "Y": 8}, {"X": 5, "Y": 9}, {"X": 6, "Y": 9}, {"X": 7, "Y": 9}, {"X": 8, "Y": 9}, {"X": 8, "Y": 10}, {"X": 7, "Y": 10}, {"X": 6, "Y": 10}, {"X": 5, "Y": 10}, {"X": 4, "Y": 10}, {"X": 5, "Y": 10}, {"X": 5, "Y": 11}, {"X": 5, "Y": 12}, {"X": 4, "Y": 12}, {"X": 3, "Y": 12}, {"X": 2, "Y": 12}, {"X": 1, "Y": 12}, {"X": 1, "Y": 13}, {"X": 1, "Y": 14}, {"X": 2, "Y": 14}, {"X": 3, "Y": 14}, {"X": 4, "Y": 14}, {"X": 5, "Y": 14}, {"X": 6, "Y": 14}, {"X": 7, "Y": 14}, {"X": 8, "Y": 14}, {"X": 7, "Y": 14}, {"X": 7, "Y": 13}, {"X": 7, "Y": 12}, {"X": 8, "Y": 12}, {"X": 7, "Y": 12}, {"X": 7, "Y": 13}, {"X": 7, "Y": 14}, {"X": 6, "Y": 14}, {"X": 6, "Y": 15}, {"X": 6, "Y": 16}, {"X": 5, "Y": 16}, {"X": 5, "Y": 17}, {"X": 5, "Y": 18}, {"X": 6, "Y": 18}, {"X": 7, "Y": 18}, {"X": 8, "Y": 18}, {"X": 8, "Y": 17}, {"X": 8, "Y": 16}, {"X": 8, "Y": 17}, {"X": 8, "Y": 18}, {"X": 7, "Y": 18}, {"X": 6, "Y": 18}, {"X": 5, "Y": 18}, {"X": 4, "Y": 18}, {"X": 3, "Y": 18}, {"X": 2, "Y": 18}, {"X": 2, "Y": 17}, {"X": 2, "Y": 16}, {"X": 1, "Y": 16}, {"X": 1, "Y": 17}, {"X": 1, "Y": 18}, {"X": 2, "Y": 18}, {"X": 3, "Y": 18}, {"X": 4, "Y": 18}, {"X": 5, "Y": 18}, {"X": 5, "Y": 17}, {"X": 5, "Y": 16}, {"X": 6, "Y": 16}, {"X": 6, "Y": 15}, {"X": 6, "Y": 14}, {"X": 5, "Y": 14}, {"X": 4, "Y": 14}, {"X": 3, "Y": 14}, {"X": 2, "Y": 14}, {"X": 1, "Y": 14}, {"X": 1, "Y": 13}, {"X": 1, "Y": 12}, {"X": 2, "Y": 12}, {"X": 3, "Y": 12}, {"X": 4, "Y": 12}, {"X": 5, "Y": 12}, {"X": 5, "Y": 11}, {"X": 5, "Y": 10}, {"X": 4, "Y": 10}, {"X": 3, "Y": 10}, {"X": 2, "Y": 10}, {"X": 1, "Y": 10}, {"X": 1, "Y": 9}], "levelStates": ["Health: 10 X: 5 Y: 9\nXXXXXXXXXX\nX   b m  X\nX XXXXXX X\nXR      RX\nXXXX  XXXX\nX     M  X\nX  M     X\nX      M X\nXXX    XXX\nXe   H  PX\nX       PX\nXXXXX XXXX\nX     X TX\nX XXXXX XX\nX        X\nXXXXXX XXX\nXTTX   XTX\nXTTXX XXTX\nX    b   X\nXXXXXXXXXX\n", "Health: 10 X: 5 Y: 8\nXXXXXXXXXX\nX   b  m X\nX XXXXXX X\nXR      RX\nXXXX  XXXX\nX    M   X\nX   M    X\nX     M  X\nXXX  H XXX\nXe      PX\nX       PX\nXXXXX XXXX\nX     X TX\nX XXXXX XX\nX        X\nXXXXXX XXX\nXTTX   XTX\nXTTXX XXTX\nX    b   X\nXXXXXXXXXX\n", "Health: 9 X: 5 Y: 7\nXXXXXXXXXX\nX   b   mX\nX XXXXXX X\nXR      RX\nXXXX  XXXX\nX        X\nX    \u221e   X\nX    H\u221e  X\nXXX    XXX\nXe      PX\nX       PX\nXXXXX XXXX\nX     X TX\nX XXXXX XX\nX        X\nXXXXXX XXX\nXTTX   XTX\nXTTXX XXTX\nX    b   X\nXXXXXXXXXX\n", "Health: 9 X: 6 Y: 7\nXXXXXXXXXX\nX   b    X\nX XXXXXXmX\nXR      RX\nXXXX  XXXX\nX        X\nX    \u221e   X\nX     \u221e  X\nXXX    XXX\nXe      PX\nX       PX\nXXXXX XXXX\nX     X TX\nX XXXXX XX\nX        X\nXXXXXX XXX\nXTTX   XTX\nXTTXX XXTX\nX    b   X\nXXXXXXXXXX\n", "Health: 9 X: 5 Y: 7\nXXXXXXXXXX\nX   b    X\nX XXXXXX X\nXR      \u221eX\nXXXX  XXXX\nX        X\nX    \u221e   X\nX    H\u221e  X\nXXX    XXX\nXe      PX\nX       PX\nXXXXX XXXX\nX     X TX\nX XXXXX XX\nX        X\nXXXXXX XXX\nXTTX   XTX\nXTTXX XXTX\nX    b   X\nXXXXXXXXXX\n", "Health: 9 X: 5 Y: 6\nXXXXXXXXXX\nX   b    X\nX XXXXXX X\nXR     m\u221eX\nXXXX  XXXX\nX        X\nX    \u221e   X\nX     \u221e  X\nXXX    XXX\nXe      PX\nX       PX\nXXXXX XXXX\nX     X TX\nX XXXXX XX\nX        X\nXXXXXX XXX\nXTTX   XTX\nXTTXX XXTX\nX    b   X\nXXXXXXXXXX\n", "Health: 9 X: 5 Y: 5\nXXXXXXXXXX\nX   b    X\nX XXXXXX X\nXR    m \u221eX\nXXXX  XXXX\nX    H   X\nX    \u221e   X\nX     \u221e  X\nXXX    XXX\nXe      PX\nX       PX\nXXXXX XXXX\nX     X TX\nX XXXXX XX\nX        X\nXXXXXX XXX\nXTTX   XTX\nXTTXX XXTX\nX    b   X\nXXXXXXXXXX\n", "Health: 9 X: 5 Y: 4\nXXXXXXXXXX\nX   b    X\nX XXXXXX X\nXR   m  \u221eX\nXXXX HXXXX\nX        X\nX    \u221e   X\nX     \u221e  X\nXXX    XXX\nXe      PX\nX       PX\nXXXXX XXXX\nX     X TX\nX XXXXX XX\nX        X\nXXXXXX XXX\nXTTX   XTX\nXTTXX XXTX\nX    b   X\nXXXXXXXXXX\n", "Health: 8 X: 5 Y: 3\nXXXXXXXXXX\nX   b    X\nX XXXXXX X\nX R  m  \u221eX\nXXXX  XXXX\nX        X\nX    \u221e   X\nX     \u221e  X\nXXX    XXX\nXe      PX\nX       PX\nXXXXX XXXX\nX     X TX\nX XXXXX XX\nX        X\nXXXXXX XXX\nXTTX   XTX\nXTTXX XXTX\nX    b   X\nXXXXXXXXXX\n", "Health: 7 X: 4 Y: 3\nXXXXXXXXXX\nX   b    X\nX XXXXXX X\nX R Hm  \u221eX\nXXXX  XXXX\nX        X\nX    \u221e   X\nX     \u221e  X\nXXX    XXX\nXe      PX\nX       PX\nXXXXX XXXX\nX     X TX\nX XXXXX XX\nX        X\nXXXXXX XXX\nXTTX   XTX\nXTTXX XXTX\nX    b   X\nXXXXXXXXXX\n", "Health: 6 X: 3 Y: 3\nXXXXXXXXXX\nX   b    X\nX XXXXXX X\nX RH m  \u221eX\nXXXX  XXXX\nX        X\nX    \u221e   X\nX     \u221e  X\nXXX    XXX\nXe      PX\nX       PX\nXXXXX XXXX\nX     X TX\nX XXXXX XX\nX        X\nXXXXXX XXX\nXTTX   XTX\nXTTXX XXTX\nX    b   X\nXXXXXXXXXX\n", "Health: 6 X: 2 Y: 3\nXXXXXXXXXX\nX   b    X\nX XXXXXX X\nX \u221e  m  \u221eX\nXXXX  XXXX\nX        X\nX    \u221e   X\nX     \u221e  X\nXXX    XXX\nXe      PX\nX       PX\nXXXXX XXXX\nX     X TX\nX XXXXX XX\nX        X\nXXXXXX XXX\nXTTX   XTX\nXTTXX XXTX\nX    b   X\nXXXXXXXXXX\n", "Health: 6 X: 1 Y: 3\nXXXXXXXXXX\nX   b    X\nX XXXXXX X\nXH\u221e  m  \u221eX\nXXXX  XXXX\nX        X\nX    \u221e   X\nX     \u221e  X\nXXX    XXX\nXe      PX\nX       PX\nXXXXX XXXX\nX     X TX\nX XXXXX XX\nX        X\nXXXXXX XXX\nXTTX   XTX\nXTTXX XXTX\nX    b   X\nXXXXXXXXXX\n", "Health: 6 X: 1 Y: 2\nXXXXXXXXXX\nX   b    X\nXHXXXXXX X\nX \u221e m   \u221eX\nXXXX  XXXX\nX        X\nX    \u221e   X\nX     \u221e  X\nXXX    XXX\nXe      PX\nX       PX\nXXXXX XXXX\nX     X TX\nX XXXXX XX\nX        X\nXXXXXX XXX\nXTTX   XTX\nXTTXX XXTX\nX    b   X\nXXXXXXXXXX\n", "Health: 6 X: 1 Y: 1\nXXXXXXXXXX\nXH b     X\nX XXXXXX X\nX \u221em    \u221eX\nXXXX  XXXX\nX        X\nX    \u221e   X\nX     \u221e  X\nXXX    XXX\nXe      PX\nX       PX\nXXXXX XXXX\nX     X TX\nX XXXXX XX\nX        X\nXXXXXX XXX\nXTTX   XTX\nXTTXX XXTX\nX    b   X\nXXXXXXXXXX\n", "Health: 5 X: 2 Y: 1\nXXXXXXXXXX\nX H\u221e     X\nX XXXXXX X\nX \u221e     \u221eX\nXXXX  XXXX\nX        X\nX    \u221e   X\nX     \u221e  X\nXXX    XXX\nXe      PX\nX       PX\nXXXXX XXXX\nX     X TX\nX XXXXX XX\nX        X\nXXXXXX XXX\nXTTX   XTX\nXTTXX XXTX\nX    b   X\nXXXXXXXXXX\n", "Health: 5 X: 3 Y: 1\nXXXXXXXXXX\nX  \u221e     X\nX XXXXXX X\nXm\u221e     \u221eX\nXXXX  XXXX\nX        X\nX    \u221e   X\nX     \u221e  X\nXXX    XXX\nXe      PX\nX       PX\nXXXXX XXXX\nX     X TX\nX XXXXX XX\nX        X\nXXXXXX XXX\nXTTX   XTX\nXTTXX XXTX\nX    b   X\nXXXXXXXXXX\n", "Health: 5 X: 4 Y: 1\nXXXXXXXXXX\nX  \u221eH    X\nXmXXXXXX X\nX \u221e     \u221eX\nXXXX  XXXX\nX        X\nX    \u221e   X\nX     \u221e  X\nXXX    XXX\nXe      PX\nX       PX\nXXXXX XXXX\nX     X TX\nX XXXXX XX\nX        X\nXXXXXX XXX\nXTTX   XTX\nXTTXX XXTX\nX    b   X\nXXXXXXXXXX\n", "Health: 5 X: 5 Y: 1\nXXXXXXXXXX\nXm \u221e H   X\nX XXXXXX X\nX \u221e     \u221eX\nXXXX  XXXX\nX        X\nX    \u221e   X\nX     \u221e  X\nXXX    XXX\nXe      PX\nX       PX\nXXXXX XXXX\nX     X TX\nX XXXXX XX\nX        X\nXXXXXX XXX\nXTTX   XTX\nXTTXX XXTX\nX    b   X\nXXXXXXXXXX\n", "Health: 5 X: 6 Y: 1\nXXXXXXXXXX\nX m\u221e  H  X\nX XXXXXX X\nX \u221e     \u221eX\nXXXX  XXXX\nX        X\nX    \u221e   X\nX     \u221e  X\nXXX    XXX\nXe      PX\nX       PX\nXXXXX XXXX\nX     X TX\nX XXXXX XX\nX        X\nXXXXXX XXX\nXTTX   XTX\nXTTXX XXTX\nX    b   X\nXXXXXXXXXX\n", "Health: 5 X: 7 Y: 1\nXXXXXXXXXX\nX  m   H X\nX XXXXXX X\nX \u221e     \u221eX\nXXXX  XXXX\nX        X\nX    \u221e   X\nX     \u221e  X\nXXX    XXX\nXe      PX\nX       PX\nXXXXX XXXX\nX     X TX\nX XXXXX XX\nX        X\nXXXXXX XXX\nXTTX   XTX\nXTTXX XXTX\nX    b   X\nXXXXXXXXXX\n", "Health: 5 X: 8 Y: 1\nXXXXXXXXXX\nX  \u221em   HX\nX XXXXXX X\nX \u221e     \u221eX\nXXXX  XXXX\nX        X\nX    \u221e   X\nX     \u221e  X\nXXX    XXX\nXe      PX\nX       PX\nXXXXX XXXX\nX     X TX\nX XXXXX XX\nX        X\nXXXXXX XXX\nXTTX   XTX\nXTTXX XXTX\nX    b   X\nXXXXXXXXXX\n", "Health: 5 X: 8 Y: 2\nXXXXXXXXXX\nX  \u221e m   X\nX XXXXXXHX\nX \u221e     \u221eX\nXXXX  XXXX\nX        X\nX    \u221e   X\nX     \u221e  X\nXXX    XXX\nXe      PX\nX       PX\nXXXXX XXXX\nX     X TX\nX XXXXX XX\nX        X\nXXXXXX XXX\nXTTX   XTX\nXTTXX XXTX\nX    b   X\nXXXXXXXXXX\n", "Health: 5 X: 8 Y: 3\nXXXXXXXXXX\nX  \u221e  m  X\nX XXXXXX X\nX \u221e     \u221eX\nXXXX  XXXX\nX        X\nX    \u221e   X\nX     \u221e  X\nXXX    XXX\nXe      PX\nX       PX\nXXXXX XXXX\nX     X TX\nX XXXXX XX\nX        X\nXXXXXX XXX\nXTTX   XTX\nXTTXX XXTX\nX    b   X\nXXXXXXXXXX\n", "Health: 5 X: 7 Y: 3\nXXXXXXXXXX\nX  \u221e   m X\nX XXXXXX X\nX \u221e    H\u221eX\nXXXX  XXXX\nX        X\nX    \u221e   X\nX     \u221e  X\nXXX    XXX\nXe      PX\nX       PX\nXXXXX XXXX\nX     X TX\nX XXXXX XX\nX        X\nXXXXXX XXX\nXTTX   XTX\nXTTXX XXTX\nX    b   X\nXXXXXXXXXX\n", "Health: 5 X: 6 Y: 3\nXXXXXXXXXX\nX  \u221e    mX\nX XXXXXX X\nX \u221e   H \u221eX\nXXXX  XXXX\nX        X\nX    \u221e   X\nX     \u221e  X\nXXX    XXX\nXe      PX\nX       PX\nXXXXX XXXX\nX     X TX\nX XXXXX XX\nX        X\nXXXXXX XXX\nXTTX   XTX\nXTTXX XXTX\nX    b   X\nXXXXXXXXXX\n", "Health: 5 X: 5 Y: 3\nXXXXXXXXXX\nX  \u221e     X\nX XXXXXXmX\nX \u221e  H  \u221eX\nXXXX  XXXX\nX        X\nX    \u221e   X\nX     \u221e  X\nXXX    XXX\nXe      PX\nX       PX\nXXXXX XXXX\nX     X TX\nX XXXXX XX\nX        X\nXXXXXX XXX\nXTTX   XTX\nXTTXX XXTX\nX    b   X\nXXXXXXXXXX\n", "Health: 5 X: 5 Y: 4\nXXXXXXXXXX\nX  \u221e     X\nX XXXXXX X\nX \u221e     \u221eX\nXXXX HXXXX\nX        X\nX    \u221e   X\nX     \u221e  X\nXXX    XXX\nXe      PX\nX       PX\nXXXXX XXXX\nX     X TX\nX XXXXX XX\nX        X\nXXXXXX XXX\nXTTX   XTX\nXTTXX XXTX\nX    b   X\nXXXXXXXXXX\n", "Health: 5 X: 5 Y: 5\nXXXXXXXXXX\nX  \u221e     X\nX XXXXXX X\nX \u221e    m\u221eX\nXXXX  XXXX\nX    H   X\nX    \u221e   X\nX     \u221e  X\nXXX    XXX\nXe      PX\nX       PX\nXXXXX XXXX\nX     X TX\nX XXXXX XX\nX        X\nXXXXXX XXX\nXTTX   XTX\nXTTXX XXTX\nX    b   X\nXXXXXXXXXX\n", "Health: 5 X: 5 Y: 6\nXXXXXXXXXX\nX  \u221e     X\nX XXXXXX X\nX \u221e   m \u221eX\nXXXX  XXXX\nX        X\nX    \u221e   X\nX     \u221e  X\nXXX    XXX\nXe      PX\nX       PX\nXXXXX XXXX\nX     X TX\nX XXXXX XX\nX        X\nXXXXXX XXX\nXTTX   XTX\nXTTXX XXTX\nX    b   X\nXXXXXXXXXX\n", "Health: 5 X: 5 Y: 7\nXXXXXXXXXX\nX  \u221e     X\nX XXXXXX X\nX \u221e  m  \u221eX\nXXXX  XXXX\nX        X\nX    \u221e   X\nX    H\u221e  X\nXXX    XXX\nXe      PX\nX       PX\nXXXXX XXXX\nX     X TX\nX XXXXX XX\nX        X\nXXXXXX XXX\nXTTX   XTX\nXTTXX XXTX\nX    b   X\nXXXXXXXXXX\n", "Health: 5 X: 5 Y: 8\nXXXXXXXXXX\nX  \u221e     X\nX XXXXXX X\nX \u221e     \u221eX\nXXXX mXXXX\nX        X\nX    \u221e   X\nX     \u221e  X\nXXX  H XXX\nXe      PX\nX       PX\nXXXXX XXXX\nX     X TX\nX XXXXX XX\nX        X\nXXXXXX XXX\nXTTX   XTX\nXTTXX XXTX\nX    b   X\nXXXXXXXXXX\n", "Health: 5 X: 5 Y: 9\nXXXXXXXXXX\nX  \u221e     X\nX XXXXXX X\nX \u221e     \u221eX\nXXXX  XXXX\nX    m   X\nX    \u221e   X\nX     \u221e  X\nXXX    XXX\nXe   H  PX\nX       PX\nXXXXX XXXX\nX     X TX\nX XXXXX XX\nX        X\nXXXXXX XXX\nXTTX   XTX\nXTTXX XXTX\nX    b   X\nXXXXXXXXXX\n", "Health: 5 X: 6 Y: 9\nXXXXXXXXXX\nX  \u221e     X\nX XXXXXX X\nX \u221e     \u221eX\nXXXX  XXXX\nX     m  X\nX    \u221e   X\nX     \u221e  X\nXXX    XXX\nXe    H PX\nX       PX\nXXXXX XXXX\nX     X TX\nX XXXXX XX\nX        X\nXXXXXX XXX\nXTTX   XTX\nXTTXX XXTX\nX    b   X\nXXXXXXXXXX\n", "Health: 5 X: 7 Y: 9\nXXXXXXXXXX\nX  \u221e     X\nX XXXXXX X\nX \u221e     \u221eX\nXXXX  XXXX\nX        X\nX    \u221em  X\nX     \u221e  X\nXXX    XXX\nXe     HPX\nX       PX\nXXXXX XXXX\nX     X TX\nX XXXXX XX\nX        X\nXXXXXX XXX\nXTTX   XTX\nXTTXX XXTX\nX    b   X\nXXXXXXXXXX\n", "Health: 7 X: 8 Y: 9\nXXXXXXXXXX\nX  \u221e     X\nX XXXXXX X\nX \u221e     \u221eX\nXXXX  XXXX\nX        X\nX    \u221e   X\nX     \u221e  X\nXXX    XXX\nXe       X\nX       PX\nXXXXX XXXX\nX     X TX\nX XXXXX XX\nX        X\nXXXXXX XXX\nXTTX   XTX\nXTTXX XXTX\nX    b   X\nXXXXXXXXXX\n", "Health: 9 X: 8 Y: 10\nXXXXXXXXXX\nX  \u221e     X\nX XXXXXX X\nX \u221e     \u221eX\nXXXX  XXXX\nX        X\nX    \u221e   X\nX     \u221e  X\nXXX   mXXX\nXe       X\nX        X\nXXXXX XXXX\nX     X TX\nX XXXXX XX\nX        X\nXXXXXX XXX\nXTTX   XTX\nXTTXX XXTX\nX    b   X\nXXXXXXXXXX\n", "Health: 9 X: 7 Y: 10\nXXXXXXXXXX\nX  \u221e     X\nX XXXXXX X\nX \u221e     \u221eX\nXXXX  XXXX\nX        X\nX    \u221e   X\nX     \u221e  X\nXXX    XXX\nXe    m  X\nX      H X\nXXXXX XXXX\nX     X TX\nX XXXXX XX\nX        X\nXXXXXX XXX\nXTTX   XTX\nXTTXX XXTX\nX    b   X\nXXXXXXXXXX\n", "Health: 8 X: 6 Y: 10\nXXXXXXXXXX\nX  \u221e     X\nX XXXXXX X\nX \u221e     \u221eX\nXXXX  XXXX\nX        X\nX    \u221e   X\nX     \u221e  X\nXXX    XXX\nXe    m  X\nX     H  X\nXXXXX XXXX\nX     X TX\nX XXXXX XX\nX        X\nXXXXXX XXX\nXTTX   XTX\nXTTXX XXTX\nX    b   X\nXXXXXXXXXX\n", "Health: 8 X: 5 Y: 10\nXXXXXXXXXX\nX  \u221e     X\nX XXXXXX X\nX \u221e     \u221eX\nXXXX  XXXX\nX        X\nX    \u221e   X\nX     \u221e  X\nXXX    XXX\nXe    m  X\nX    H   X\nXXXXX XXXX\nX     X TX\nX XXXXX XX\nX        X\nXXXXXX XXX\nXTTX   XTX\nXTTXX XXTX\nX    b   X\nXXXXXXXXXX\n", "Health: 8 X: 4 Y: 10\nXXXXXXXXXX\nX  \u221e     X\nX XXXXXX X\nX \u221e     \u221eX\nXXXX  XXXX\nX        X\nX    \u221e   X\nX     \u221e  X\nXXX    XXX\nXe    m  X\nX   H    X\nXXXXX XXXX\nX     X TX\nX XXXXX XX\nX        X\nXXXXXX XXX\nXTTX   XTX\nXTTXX XXTX\nX    b   X\nXXXXXXXXXX\n", "Health: 8 X: 5 Y: 10\nXXXXXXXXXX\nX  \u221e     X\nX XXXXXX X\nX \u221e     \u221eX\nXXXX  XXXX\nX        X\nX    \u221e   X\nX     \u221e  X\nXXX    XXX\nXe    m  X\nX    H   X\nXXXXX XXXX\nX     X TX\nX XXXXX XX\nX        X\nXXXXXX XXX\nXTTX   XTX\nXTTXX XXTX\nX    b   X\nXXXXXXXXXX\n", "Health: 8 X: 5 Y: 11\nXXXXXXXXXX\nX  \u221e     X\nX XXXXXX X\nX \u221e     \u221eX\nXXXX  XXXX\nX        X\nX    \u221e   X\nX     \u221e  X\nXXX    XXX\nXe    m  X\nX        X\nXXXXXHXXXX\nX     X TX\nX XXXXX XX\nX        X\nXXXXXX XXX\nXTTX   XTX\nXTTXX XXTX\nX    b   X\nXXXXXXXXXX\n", "Health: 8 X: 5 Y: 12\nXXXXXXXXXX\nX  \u221e     X\nX XXXXXX X\nX \u221e     \u221eX\nXXXX  XXXX\nX        X\nX    \u221e   X\nX     \u221e  X\nXXX    XXX\nXe    m  X\nX        X\nXXXXX XXXX\nX    HX TX\nX XXXXX XX\nX        X\nXXXXXX XXX\nXTTX   XTX\nXTTXX XXTX\nX    b   X\nXXXXXXXXXX\n", "Health: 8 X: 4 Y: 12\nXXXXXXXXXX\nX  \u221e     X\nX XXXXXX X\nX \u221e     \u221eX\nXXXX  XXXX\nX        X\nX    \u221e   X\nX     \u221e  X\nXXX    XXX\nXe   m   X\nX        X\nXXXXX XXXX\nX   H X TX\nX XXXXX XX\nX        X\nXXXXXX XXX\nXTTX   XTX\nXTTXX XXTX\nX    b   X\nXXXXXXXXXX\n", "Health: 8 X: 3 Y: 12\nXXXXXXXXXX\nX  \u221e     X\nX XXXXXX X\nX \u221e     \u221eX\nXXXX  XXXX\nX        X\nX    \u221e   X\nX     \u221e  X\nXXX    XXX\nXe       X\nX    m   X\nXXXXX XXXX\nX  H  X TX\nX XXXXX XX\nX        X\nXXXXXX XXX\nXTTX   XTX\nXTTXX XXTX\nX    b   X\nXXXXXXXXXX\n", "Health: 8 X: 2 Y: 12\nXXXXXXXXXX\nX  \u221e     X\nX XXXXXX X\nX \u221e     \u221eX\nXXXX  XXXX\nX        X\nX    \u221e   X\nX     \u221e  X\nXXX    XXX\nXe       X\nX        X\nXXXXXmXXXX\nX H   X TX\nX XXXXX XX\nX        X\nXXXXXX XXX\nXTTX   XTX\nXTTXX XXTX\nX    b   X\nXXXXXXXXXX\n", "Health: 8 X: 1 Y: 12\nXXXXXXXXXX\nX  \u221e     X\nX XXXXXX X\nX \u221e     \u221eX\nXXXX  XXXX\nX        X\nX    \u221e   X\nX     \u221e  X\nXXX    XXX\nXe       X\nX        X\nXXXXX XXXX\nXH   mX TX\nX XXXXX XX\nX        X\nXXXXXX XXX\nXTTX   XTX\nXTTXX XXTX\nX    b   X\nXXXXXXXXXX\n", "Health: 8 X: 1 Y: 13\nXXXXXXXXXX\nX  \u221e     X\nX XXXXXX X\nX \u221e     \u221eX\nXXXX  XXXX\nX        X\nX    \u221e   X\nX     \u221e  X\nXXX    XXX\nXe       X\nX        X\nXXXXX XXXX\nX   m X TX\nXHXXXXX XX\nX        X\nXXXXXX XXX\nXTTX   XTX\nXTTXX XXTX\nX    b   X\nXXXXXXXXXX\n", "Health: 8 X: 1 Y: 14\nXXXXXXXXXX\nX  \u221e     X\nX XXXXXX X\nX \u221e     \u221eX\nXXXX  XXXX\nX        X\nX    \u221e   X\nX     \u221e  X\nXXX    XXX\nXe       X\nX        X\nXXXXX XXXX\nX  m  X TX\nX XXXXX XX\nXH       X\nXXXXXX XXX\nXTTX   XTX\nXTTXX XXTX\nX    b   X\nXXXXXXXXXX\n", "Health: 8 X: 2 Y: 14\nXXXXXXXXXX\nX  \u221e     X\nX XXXXXX X\nX \u221e     \u221eX\nXXXX  XXXX\nX        X\nX    \u221e   X\nX     \u221e  X\nXXX    XXX\nXe       X\nX        X\nXXXXX XXXX\nX m   X TX\nX XXXXX XX\nX H      X\nXXXXXX XXX\nXTTX   XTX\nXTTXX XXTX\nX    b   X\nXXXXXXXXXX\n", "Health: 8 X: 3 Y: 14\nXXXXXXXXXX\nX  \u221e     X\nX XXXXXX X\nX \u221e     \u221eX\nXXXX  XXXX\nX        X\nX    \u221e   X\nX     \u221e  X\nXXX    XXX\nXe       X\nX        X\nXXXXX XXXX\nXm    X TX\nX XXXXX XX\nX  H     X\nXXXXXX XXX\nXTTX   XTX\nXTTXX XXTX\nX    b   X\nXXXXXXXXXX\n", "Health: 8 X: 4 Y: 14\nXXXXXXXXXX\nX  \u221e     X\nX XXXXXX X\nX \u221e     \u221eX\nXXXX  XXXX\nX        X\nX    \u221e   X\nX     \u221e  X\nXXX    XXX\nXe       X\nX        X\nXXXXX XXXX\nX     X TX\nXmXXXXX XX\nX   H    X\nXXXXXX XXX\nXTTX   XTX\nXTTXX XXTX\nX    b   X\nXXXXXXXXXX\n", "Health: 8 X: 5 Y: 14\nXXXXXXXXXX\nX  \u221e     X\nX XXXXXX X\nX \u221e     \u221eX\nXXXX  XXXX\nX        X\nX    \u221e   X\nX     \u221e  X\nXXX    XXX\nXe       X\nX        X\nXXXXX XXXX\nX     X TX\nX XXXXX XX\nXm   H   X\nXXXXXX XXX\nXTTX   XTX\nXTTXX XXTX\nX    b   X\nXXXXXXXXXX\n", "Health: 8 X: 6 Y: 14\nXXXXXXXXXX\nX  \u221e     X\nX XXXXXX X\nX \u221e     \u221eX\nXXXX  XXXX\nX        X\nX    \u221e   X\nX     \u221e  X\nXXX    XXX\nXe       X\nX        X\nXXXXX XXXX\nX     X TX\nX XXXXX XX\nX m   H  X\nXXXXXX XXX\nXTTX   XTX\nXTTXXbXXTX\nX        X\nXXXXXXXXXX\n", "Health: 8 X: 7 Y: 14\nXXXXXXXXXX\nX  \u221e     X\nX XXXXXX X\nX \u221e     \u221eX\nXXXX  XXXX\nX        X\nX    \u221e   X\nX     \u221e  X\nXXX    XXX\nXe       X\nX        X\nXXXXX XXXX\nX     X TX\nX XXXXX XX\nX  m   H X\nXXXXXX XXX\nXTTX   XTX\nXTTXXbXXTX\nX        X\nXXXXXXXXXX\n", "Health: 8 X: 8 Y: 14\nXXXXXXXXXX\nX  \u221e     X\nX XXXXXX X\nX \u221e     \u221eX\nXXXX  XXXX\nX        X\nX    \u221e   X\nX     \u221e  X\nXXX    XXX\nXe       X\nX        X\nXXXXX XXXX\nX     X TX\nX XXXXX XX\nX   m   HX\nXXXXXX XXX\nXTTX   XTX\nXTTXXbXXTX\nX        X\nXXXXXXXXXX\n", "Health: 8 X: 7 Y: 14\nXXXXXXXXXX\nX  \u221e     X\nX XXXXXX X\nX \u221e     \u221eX\nXXXX  XXXX\nX        X\nX    \u221e   X\nX     \u221e  X\nXXX    XXX\nXe       X\nX        X\nXXXXX XXXX\nX     X TX\nX XXXXX XX\nX    m H X\nXXXXXX XXX\nXTTX   XTX\nXTTXXbXXTX\nX        X\nXXXXXXXXXX\n", "Health: 8 X: 7 Y: 13\nXXXXXXXXXX\nX  \u221e     X\nX XXXXXX X\nX \u221e     \u221eX\nXXXX  XXXX\nX        X\nX    \u221e   X\nX     \u221e  X\nXXX    XXX\nXe       X\nX        X\nXXXXX XXXX\nX     X TX\nX XXXXXHXX\nX     m  X\nXXXXXX XXX\nXTTX b XTX\nXTTXX XXTX\nX        X\nXXXXXXXXXX\n", "Health: 8 X: 7 Y: 12\nXXXXXXXXXX\nX  \u221e     X\nX XXXXXX X\nX \u221e     \u221eX\nXXXX  XXXX\nX        X\nX    \u221e   X\nX     \u221e  X\nXXX    XXX\nXe       X\nX        X\nXXXXX XXXX\nX     XHTX\nX XXXXX XX\nX      m X\nXXXXXX XXX\nXTTX b XTX\nXTTXX XXTX\nX        X\nXXXXXXXXXX\n", "Health: 8 X: 8 Y: 12\nXXXXXXXXXX\nX  \u221e     X\nX XXXXXX X\nX \u221e     \u221eX\nXXXX  XXXX\nX        X\nX    \u221e   X\nX     \u221e  X\nXXX    XXX\nXe       X\nX        X\nXXXXX XXXX\nX     X  X\nX XXXXXmXX\nX        X\nXXXXXX XXX\nXTTX b XTX\nXTTXX XXTX\nX        X\nXXXXXXXXXX\n", "Health: 7 X: 7 Y: 12\nXXXXXXXXXX\nX  \u221e     X\nX XXXXXX X\nX \u221e     \u221eX\nXXXX  XXXX\nX        X\nX    \u221e   X\nX     \u221e  X\nXXX    XXX\nXe       X\nX        X\nXXXXX XXXX\nX     XH X\nX XXXXXmXX\nX        X\nXXXXXX XXX\nXTTX b XTX\nXTTXX XXTX\nX        X\nXXXXXXXXXX\n", "Health: 7 X: 7 Y: 13\nXXXXXXXXXX\nX  \u221e     X\nX XXXXXX X\nX \u221e     \u221eX\nXXXX  XXXX\nX        X\nX    \u221e   X\nX     \u221e  X\nXXX    XXX\nXe       X\nX        X\nXXXXX XXXX\nX     X  X\nX XXXXXmXX\nX        X\nXXXXXX XXX\nXTTX b XTX\nXTTXX XXTX\nX        X\nXXXXXXXXXX\n", "Health: 7 X: 7 Y: 14\nXXXXXXXXXX\nX  \u221e     X\nX XXXXXX X\nX \u221e     \u221eX\nXXXX  XXXX\nX        X\nX    \u221e   X\nX     \u221e  X\nXXX    XXX\nXe       X\nX        X\nXXXXX XXXX\nX     X  X\nX XXXXXmXX\nX      H X\nXXXXXX XXX\nXTTX b XTX\nXTTXX XXTX\nX        X\nXXXXXXXXXX\n", "Health: 7 X: 6 Y: 14\nXXXXXXXXXX\nX  \u221e     X\nX XXXXXX X\nX \u221e     \u221eX\nXXXX  XXXX\nX        X\nX    \u221e   X\nX     \u221e  X\nXXX    XXX\nXe       X\nX        X\nXXXXX XXXX\nX     X  X\nX XXXXXmXX\nX     H  X\nXXXXXX XXX\nXTTX b XTX\nXTTXX XXTX\nX        X\nXXXXXXXXXX\n", "Health: 7 X: 6 Y: 15\nXXXXXXXXXX\nX  \u221e     X\nX XXXXXX X\nX \u221e     \u221eX\nXXXX  XXXX\nX        X\nX    \u221e   X\nX     \u221e  X\nXXX    XXX\nXe       X\nX        X\nXXXXX XXXX\nX     X  X\nX XXXXXmXX\nX        X\nXXXXXXHXXX\nXTTX b XTX\nXTTXX XXTX\nX        X\nXXXXXXXXXX\n", "Health: 6 X: 6 Y: 16\nXXXXXXXXXX\nX  \u221e     X\nX XXXXXX X\nX \u221e     \u221eX\nXXXX  XXXX\nX        X\nX    \u221e   X\nX     \u221e  X\nXXX    XXX\nXe       X\nX        X\nXXXXX XXXX\nX     X  X\nX XXXXXmXX\nX        X\nXXXXXX XXX\nXTTX \u221eHXTX\nXTTXX XXTX\nX        X\nXXXXXXXXXX\n", "Health: 6 X: 5 Y: 16\nXXXXXXXXXX\nX  \u221e     X\nX XXXXXX X\nX \u221e     \u221eX\nXXXX  XXXX\nX        X\nX    \u221e   X\nX     \u221e  X\nXXX    XXX\nXe       X\nX        X\nXXXXX XXXX\nX     X  X\nX XXXXX XX\nX      m X\nXXXXXX XXX\nXTTX \u221e XTX\nXTTXX XXTX\nX        X\nXXXXXXXXXX\n", "Health: 6 X: 5 Y: 17\nXXXXXXXXXX\nX  \u221e     X\nX XXXXXX X\nX \u221e     \u221eX\nXXXX  XXXX\nX        X\nX    \u221e   X\nX     \u221e  X\nXXX    XXX\nXe       X\nX        X\nXXXXX XXXX\nX     X  X\nX XXXXX XX\nX     m  X\nXXXXXX XXX\nXTTX \u221e XTX\nXTTXXHXXTX\nX        X\nXXXXXXXXXX\n", "Health: 6 X: 5 Y: 18\nXXXXXXXXXX\nX  \u221e     X\nX XXXXXX X\nX \u221e     \u221eX\nXXXX  XXXX\nX        X\nX    \u221e   X\nX     \u221e  X\nXXX    XXX\nXe       X\nX        X\nXXXXX XXXX\nX     X  X\nX XXXXX XX\nX        X\nXXXXXXmXXX\nXTTX \u221e XTX\nXTTXX XXTX\nX    H   X\nXXXXXXXXXX\n", "Health: 6 X: 6 Y: 18\nXXXXXXXXXX\nX  \u221e     X\nX XXXXXX X\nX \u221e     \u221eX\nXXXX  XXXX\nX        X\nX    \u221e   X\nX     \u221e  X\nXXX    XXX\nXe       X\nX        X\nXXXXX XXXX\nX     X  X\nX XXXXX XX\nX        X\nXXXXXX XXX\nXTTX \u221emXTX\nXTTXX XXTX\nX     H  X\nXXXXXXXXXX\n", "Health: 6 X: 7 Y: 18\nXXXXXXXXXX\nX  \u221e     X\nX XXXXXX X\nX \u221e     \u221eX\nXXXX  XXXX\nX        X\nX    \u221e   X\nX     \u221e  X\nXXX    XXX\nXe       X\nX        X\nXXXXX XXXX\nX     X  X\nX XXXXX XX\nX        X\nXXXXXX XXX\nXTTX \u221e XTX\nXTTXX XXTX\nX      H X\nXXXXXXXXXX\n", "Health: 6 X: 8 Y: 18\nXXXXXXXXXX\nX  \u221e     X\nX XXXXXX X\nX \u221e     \u221eX\nXXXX  XXXX\nX        X\nX    \u221e   X\nX     \u221e  X\nXXX    XXX\nXe       X\nX        X\nXXXXX XXXX\nX     X  X\nX XXXXX XX\nX        X\nXXXXXX XXX\nXTTX \u221e XTX\nXTTXXmXXTX\nX       HX\nXXXXXXXXXX\n", "Health: 6 X: 8 Y: 17\nXXXXXXXXXX\nX  \u221e     X\nX XXXXXX X\nX \u221e     \u221eX\nXXXX  XXXX\nX        X\nX    \u221e   X\nX     \u221e  X\nXXX    XXX\nXe       X\nX        X\nXXXXX XXXX\nX     X  X\nX XXXXX XX\nX        X\nXXXXXX XXX\nXTTX \u221e XTX\nXTTXX XX X\nX    m   X\nXXXXXXXXXX\n", "Health: 6 X: 8 Y: 16\nXXXXXXXXXX\nX  \u221e     X\nX XXXXXX X\nX \u221e     \u221eX\nXXXX  XXXX\nX        X\nX    \u221e   X\nX     \u221e  X\nXXX    XXX\nXe       X\nX        X\nXXXXX XXXX\nX     X  X\nX XXXXX XX\nX        X\nXXXXXX XXX\nXTTX \u221e X X\nXTTXX XX X\nX     m  X\nXXXXXXXXXX\n", "Health: 6 X: 8 Y: 17\nXXXXXXXXXX\nX  \u221e     X\nX XXXXXX X\nX \u221e     \u221eX\nXXXX  XXXX\nX        X\nX    \u221e   X\nX     \u221e  X\nXXX    XXX\nXe       X\nX        X\nXXXXX XXXX\nX     X  X\nX XXXXX XX\nX        X\nXXXXXX XXX\nXTTX \u221e X X\nXTTXX XX X\nX      m X\nXXXXXXXXXX\n", "Health: 5 X: 8 Y: 18\nXXXXXXXXXX\nX  \u221e     X\nX XXXXXX X\nX \u221e     \u221eX\nXXXX  XXXX\nX        X\nX    \u221e   X\nX     \u221e  X\nXXX    XXX\nXe       X\nX        X\nXXXXX XXXX\nX     X  X\nX XXXXX XX\nX        X\nXXXXXX XXX\nXTTX \u221e X X\nXTTXX XX X\nX      mHX\nXXXXXXXXXX\n", "Health: 5 X: 7 Y: 18\nXXXXXXXXXX\nX  \u221e     X\nX XXXXXX X\nX \u221e     \u221eX\nXXXX  XXXX\nX        X\nX    \u221e   X\nX     \u221e  X\nXXX    XXX\nXe       X\nX        X\nXXXXX XXXX\nX     X  X\nX XXXXX XX\nX        X\nXXXXXX XXX\nXTTX \u221e X X\nXTTXX XX X\nX      m X\nXXXXXXXXXX\n", "Health: 5 X: 6 Y: 18\nXXXXXXXXXX\nX  \u221e     X\nX XXXXXX X\nX \u221e     \u221eX\nXXXX  XXXX\nX        X\nX    \u221e   X\nX     \u221e  X\nXXX    XXX\nXe       X\nX        X\nXXXXX XXXX\nX     X  X\nX XXXXX XX\nX        X\nXXXXXX XXX\nXTTX \u221e X X\nXTTXX XX X\nX     Hm X\nXXXXXXXXXX\n", "Health: 5 X: 5 Y: 18\nXXXXXXXXXX\nX  \u221e     X\nX XXXXXX X\nX \u221e     \u221eX\nXXXX  XXXX\nX        X\nX    \u221e   X\nX     \u221e  X\nXXX    XXX\nXe       X\nX        X\nXXXXX XXXX\nX     X  X\nX XXXXX XX\nX        X\nXXXXXX XXX\nXTTX \u221e X X\nXTTXX XX X\nX    H m X\nXXXXXXXXXX\n", "Health: 5 X: 4 Y: 18\nXXXXXXXXXX\nX  \u221e     X\nX XXXXXX X\nX \u221e     \u221eX\nXXXX  XXXX\nX        X\nX    \u221e   X\nX     \u221e  X\nXXX    XXX\nXe       X\nX        X\nXXXXX XXXX\nX     X  X\nX XXXXX XX\nX        X\nXXXXXX XXX\nXTTX \u221e X X\nXTTXX XX X\nX   H  m X\nXXXXXXXXXX\n", "Health: 5 X: 3 Y: 18\nXXXXXXXXXX\nX  \u221e     X\nX XXXXXX X\nX \u221e     \u221eX\nXXXX  XXXX\nX        X\nX    \u221e   X\nX     \u221e  X\nXXX    XXX\nXe       X\nX        X\nXXXXX XXXX\nX     X  X\nX XXXXX XX\nX        X\nXXXXXX XXX\nXTTX \u221e X X\nXTTXX XX X\nX  H   m X\nXXXXXXXXXX\n", "Health: 5 X: 2 Y: 18\nXXXXXXXXXX\nX  \u221e     X\nX XXXXXX X\nX \u221e     \u221eX\nXXXX  XXXX\nX        X\nX    \u221e   X\nX     \u221e  X\nXXX    XXX\nXe       X\nX        X\nXXXXX XXXX\nX     X  X\nX XXXXX XX\nX        X\nXXXXXX XXX\nXTTX \u221e X X\nXTTXX XX X\nX H   m  X\nXXXXXXXXXX\n", "Health: 5 X: 2 Y: 17\nXXXXXXXXXX\nX  \u221e     X\nX XXXXXX X\nX \u221e     \u221eX\nXXXX  XXXX\nX        X\nX    \u221e   X\nX     \u221e  X\nXXX    XXX\nXe       X\nX        X\nXXXXX XXXX\nX     X  X\nX XXXXX XX\nX        X\nXXXXXX XXX\nXTTX \u221e X X\nXT XX XX X\nX    m   X\nXXXXXXXXXX\n", "Health: 5 X: 2 Y: 16\nXXXXXXXXXX\nX  \u221e     X\nX XXXXXX X\nX \u221e     \u221eX\nXXXX  XXXX\nX        X\nX    \u221e   X\nX     \u221e  X\nXXX    XXX\nXe       X\nX        X\nXXXXX XXXX\nX     X  X\nX XXXXX XX\nX        X\nXXXXXX XXX\nXT X \u221e X X\nXT XX XX X\nX   m    X\nXXXXXXXXXX\n", "Health: 5 X: 1 Y: 16\nXXXXXXXXXX\nX  \u221e     X\nX XXXXXX X\nX \u221e     \u221eX\nXXXX  XXXX\nX        X\nX    \u221e   X\nX     \u221e  X\nXXX    XXX\nXe       X\nX        X\nXXXXX XXXX\nX     X  X\nX XXXXX XX\nX        X\nXXXXXX XXX\nX  X \u221e X X\nXT XX XX X\nX  m     X\nXXXXXXXXXX\n", "Health: 5 X: 1 Y: 17\nXXXXXXXXXX\nX  \u221e     X\nX XXXXXX X\nX \u221e     \u221eX\nXXXX  XXXX\nX        X\nX    \u221e   X\nX     \u221e  X\nXXX    XXX\nXe       X\nX        X\nXXXXX XXXX\nX     X  X\nX XXXXX XX\nX        X\nXXXXXX XXX\nX  X \u221e X X\nX  XX XX X\nX m      X\nXXXXXXXXXX\n", "Health: 4 X: 1 Y: 18\nXXXXXXXXXX\nX  \u221e     X\nX XXXXXX X\nX \u221e     \u221eX\nXXXX  XXXX\nX        X\nX    \u221e   X\nX     \u221e  X\nXXX    XXX\nXe       X\nX        X\nXXXXX XXXX\nX     X  X\nX XXXXX XX\nX        X\nXXXXXX XXX\nX  X \u221e X X\nX  XX XX X\nXHm      X\nXXXXXXXXXX\n", "Health: 4 X: 2 Y: 18\nXXXXXXXXXX\nX  \u221e     X\nX XXXXXX X\nX \u221e     \u221eX\nXXXX  XXXX\nX        X\nX    \u221e   X\nX     \u221e  X\nXXX    XXX\nXe       X\nX        X\nXXXXX XXXX\nX     X  X\nX XXXXX XX\nX        X\nXXXXXX XXX\nX  X \u221e X X\nX  XX XX X\nX m      X\nXXXXXXXXXX\n", "Health: 4 X: 3 Y: 18\nXXXXXXXXXX\nX  \u221e     X\nX XXXXXX X\nX \u221e     \u221eX\nXXXX  XXXX\nX        X\nX    \u221e   X\nX     \u221e  X\nXXX    XXX\nXe       X\nX        X\nXXXXX XXXX\nX     X  X\nX XXXXX XX\nX        X\nXXXXXX XXX\nX  X \u221e X X\nX  XX XX X\nX mH     X\nXXXXXXXXXX\n", "Health: 4 X: 4 Y: 18\nXXXXXXXXXX\nX  \u221e     X\nX XXXXXX X\nX \u221e     \u221eX\nXXXX  XXXX\nX        X\nX    \u221e   X\nX     \u221e  X\nXXX    XXX\nXe       X\nX        X\nXXXXX XXXX\nX     X  X\nX XXXXX XX\nX        X\nXXXXXX XXX\nX  X \u221e X X\nX  XX XX X\nX m H    X\nXXXXXXXXXX\n", "Health: 4 X: 5 Y: 18\nXXXXXXXXXX\nX  \u221e     X\nX XXXXXX X\nX \u221e     \u221eX\nXXXX  XXXX\nX        X\nX    \u221e   X\nX     \u221e  X\nXXX    XXX\nXe       X\nX        X\nXXXXX XXXX\nX     X  X\nX XXXXX XX\nX        X\nXXXXXX XXX\nX  X \u221e X X\nX  XX XX X\nX m  H   X\nXXXXXXXXXX\n", "Health: 4 X: 5 Y: 17\nXXXXXXXXXX\nX  \u221e     X\nX XXXXXX X\nX \u221e     \u221eX\nXXXX  XXXX\nX        X\nX    \u221e   X\nX     \u221e  X\nXXX    XXX\nXe       X\nX        X\nXXXXX XXXX\nX     X  X\nX XXXXX XX\nX        X\nXXXXXX XXX\nX  X \u221e X X\nX  XXHXX X\nX m      X\nXXXXXXXXXX\n", "Health: 4 X: 5 Y: 16\nXXXXXXXXXX\nX  \u221e     X\nX XXXXXX X\nX \u221e     \u221eX\nXXXX  XXXX\nX        X\nX    \u221e   X\nX     \u221e  X\nXXX    XXX\nXe       X\nX        X\nXXXXX XXXX\nX     X  X\nX XXXXX XX\nX        X\nXXXXXX XXX\nX  X \u221e X X\nX  XX XX X\nX  m     X\nXXXXXXXXXX\n", "Health: 4 X: 6 Y: 16\nXXXXXXXXXX\nX  \u221e     X\nX XXXXXX X\nX \u221e     \u221eX\nXXXX  XXXX\nX        X\nX    \u221e   X\nX     \u221e  X\nXXX    XXX\nXe       X\nX        X\nXXXXX XXXX\nX     X  X\nX XXXXX XX\nX        X\nXXXXXX XXX\nX  X \u221eHX X\nX  XX XX X\nX   m    X\nXXXXXXXXXX\n", "Health: 4 X: 6 Y: 15\nXXXXXXXXXX\nX  \u221e     X\nX XXXXXX X\nX \u221e     \u221eX\nXXXX  XXXX\nX        X\nX    \u221e   X\nX     \u221e  X\nXXX    XXX\nXe       X\nX        X\nXXXXX XXXX\nX     X  X\nX XXXXX XX\nX        X\nXXXXXXHXXX\nX  X \u221e X X\nX  XX XX X\nX    m   X\nXXXXXXXXXX\n", "Health: 4 X: 6 Y: 14\nXXXXXXXXXX\nX  \u221e     X\nX XXXXXX X\nX \u221e     \u221eX\nXXXX  XXXX\nX        X\nX    \u221e   X\nX     \u221e  X\nXXX    XXX\nXe       X\nX        X\nXXXXX XXXX\nX     X  X\nX XXXXX XX\nX     H  X\nXXXXXX XXX\nX  X \u221e X X\nX  XXmXX X\nX        X\nXXXXXXXXXX\n", "Health: 4 X: 5 Y: 14\nXXXXXXXXXX\nX  \u221e     X\nX XXXXXX X\nX \u221e     \u221eX\nXXXX  XXXX\nX        X\nX    \u221e   X\nX     \u221e  X\nXXX    XXX\nXe       X\nX        X\nXXXXX XXXX\nX     X  X\nX XXXXX XX\nX    H   X\nXXXXXX XXX\nX  X \u221e X X\nX  XX XX X\nX        X\nXXXXXXXXXX\n", "Health: 4 X: 4 Y: 14\nXXXXXXXXXX\nX  \u221e     X\nX XXXXXX X\nX \u221e     \u221eX\nXXXX  XXXX\nX        X\nX    \u221e   X\nX     \u221e  X\nXXX    XXX\nXe       X\nX        X\nXXXXX XXXX\nX     X  X\nX XXXXX XX\nX   H    X\nXXXXXX XXX\nX  X \u221emX X\nX  XX XX X\nX        X\nXXXXXXXXXX\n", "Health: 4 X: 3 Y: 14\nXXXXXXXXXX\nX  \u221e     X\nX XXXXXX X\nX \u221e     \u221eX\nXXXX  XXXX\nX        X\nX    \u221e   X\nX     \u221e  X\nXXX    XXX\nXe       X\nX        X\nXXXXX XXXX\nX     X  X\nX XXXXX XX\nX  H     X\nXXXXXXmXXX\nX  X \u221e X X\nX  XX XX X\nX        X\nXXXXXXXXXX\n", "Health: 4 X: 2 Y: 14\nXXXXXXXXXX\nX  \u221e     X\nX XXXXXX X\nX \u221e     \u221eX\nXXXX  XXXX\nX        X\nX    \u221e   X\nX     \u221e  X\nXXX    XXX\nXe       X\nX        X\nXXXXX XXXX\nX     X  X\nX XXXXX XX\nX H   m  X\nXXXXXX XXX\nX  X \u221e X X\nX  XX XX X\nX        X\nXXXXXXXXXX\n", "Health: 4 X: 1 Y: 14\nXXXXXXXXXX\nX  \u221e     X\nX XXXXXX X\nX \u221e     \u221eX\nXXXX  XXXX\nX        X\nX    \u221e   X\nX     \u221e  X\nXXX    XXX\nXe       X\nX        X\nXXXXX XXXX\nX     X  X\nX XXXXX XX\nXH   m   X\nXXXXXX XXX\nX  X \u221e X X\nX  XX XX X\nX        X\nXXXXXXXXXX\n", "Health: 4 X: 1 Y: 13\nXXXXXXXXXX\nX  \u221e     X\nX XXXXXX X\nX \u221e     \u221eX\nXXXX  XXXX\nX        X\nX    \u221e   X\nX     \u221e  X\nXXX    XXX\nXe       X\nX        X\nXXXXX XXXX\nX     X  X\nXHXXXXX XX\nX   m    X\nXXXXXX XXX\nX  X \u221e X X\nX  XX XX X\nX        X\nXXXXXXXXXX\n", "Health: 4 X: 1 Y: 12\nXXXXXXXXXX\nX  \u221e     X\nX XXXXXX X\nX \u221e     \u221eX\nXXXX  XXXX\nX        X\nX    \u221e   X\nX     \u221e  X\nXXX    XXX\nXe       X\nX        X\nXXXXX XXXX\nXH    X  X\nX XXXXX XX\nX  m     X\nXXXXXX XXX\nX  X \u221e X X\nX  XX XX X\nX        X\nXXXXXXXXXX\n", "Health: 4 X: 2 Y: 12\nXXXXXXXXXX\nX  \u221e     X\nX XXXXXX X\nX \u221e     \u221eX\nXXXX  XXXX\nX        X\nX    \u221e   X\nX     \u221e  X\nXXX    XXX\nXe       X\nX        X\nXXXXX XXXX\nX H   X  X\nX XXXXX XX\nX m      X\nXXXXXX XXX\nX  X \u221e X X\nX  XX XX X\nX        X\nXXXXXXXXXX\n", "Health: 4 X: 3 Y: 12\nXXXXXXXXXX\nX  \u221e     X\nX XXXXXX X\nX \u221e     \u221eX\nXXXX  XXXX\nX        X\nX    \u221e   X\nX     \u221e  X\nXXX    XXX\nXe       X\nX        X\nXXXXX XXXX\nX  H  X  X\nX XXXXX XX\nXm       X\nXXXXXX XXX\nX  X \u221e X X\nX  XX XX X\nX        X\nXXXXXXXXXX\n", "Health: 4 X: 4 Y: 12\nXXXXXXXXXX\nX  \u221e     X\nX XXXXXX X\nX \u221e     \u221eX\nXXXX  XXXX\nX        X\nX    \u221e   X\nX     \u221e  X\nXXX    XXX\nXe       X\nX        X\nXXXXX XXXX\nX   H X  X\nXmXXXXX XX\nX        X\nXXXXXX XXX\nX  X \u221e X X\nX  XX XX X\nX        X\nXXXXXXXXXX\n", "Health: 4 X: 5 Y: 12\nXXXXXXXXXX\nX  \u221e     X\nX XXXXXX X\nX \u221e     \u221eX\nXXXX  XXXX\nX        X\nX    \u221e   X\nX     \u221e  X\nXXX    XXX\nXe       X\nX        X\nXXXXX XXXX\nXm   HX  X\nX XXXXX XX\nX        X\nXXXXXX XXX\nX  X \u221e X X\nX  XX XX X\nX        X\nXXXXXXXXXX\n", "Health: 4 X: 5 Y: 11\nXXXXXXXXXX\nX  \u221e     X\nX XXXXXX X\nX \u221e     \u221eX\nXXXX  XXXX\nX        X\nX    \u221e   X\nX     \u221e  X\nXXX    XXX\nXe       X\nX        X\nXXXXXHXXXX\nX m   X  X\nX XXXXX XX\nX        X\nXXXXXX XXX\nX  X \u221e X X\nX  XX XX X\nX        X\nXXXXXXXXXX\n", "Health: 4 X: 5 Y: 10\nXXXXXXXXXX\nX  \u221e     X\nX XXXXXX X\nX \u221e     \u221eX\nXXXX  XXXX\nX        X\nX    \u221e   X\nX     \u221e  X\nXXX    XXX\nXe       X\nX    H   X\nXXXXX XXXX\nX  m  X  X\nX XXXXX XX\nX        X\nXXXXXX XXX\nX  X \u221e X X\nX  XX XX X\nX        X\nXXXXXXXXXX\n", "Health: 4 X: 4 Y: 10\nXXXXXXXXXX\nX  \u221e     X\nX XXXXXX X\nX \u221e     \u221eX\nXXXX  XXXX\nX        X\nX    \u221e   X\nX     \u221e  X\nXXX    XXX\nXe       X\nX   H    X\nXXXXX XXXX\nX   m X  X\nX XXXXX XX\nX        X\nXXXXXX XXX\nX  X \u221e X X\nX  XX XX X\nX        X\nXXXXXXXXXX\n", "Health: 4 X: 3 Y: 10\nXXXXXXXXXX\nX  \u221e     X\nX XXXXXX X\nX \u221e     \u221eX\nXXXX  XXXX\nX        X\nX    \u221e   X\nX     \u221e  X\nXXX    XXX\nXe       X\nX  H     X\nXXXXX XXXX\nX    mX  X\nX XXXXX XX\nX        X\nXXXXXX XXX\nX  X \u221e X X\nX  XX XX X\nX        X\nXXXXXXXXXX\n", "Health: 4 X: 2 Y: 10\nXXXXXXXXXX\nX  \u221e     X\nX XXXXXX X\nX \u221e     \u221eX\nXXXX  XXXX\nX        X\nX    \u221e   X\nX     \u221e  X\nXXX    XXX\nXe       X\nX H      X\nXXXXXmXXXX\nX     X  X\nX XXXXX XX\nX        X\nXXXXXX XXX\nX  X \u221e X X\nX  XX XX X\nX        X\nXXXXXXXXXX\n", "Health: 4 X: 1 Y: 10\nXXXXXXXXXX\nX  \u221e     X\nX XXXXXX X\nX \u221e     \u221eX\nXXXX  XXXX\nX        X\nX    \u221e   X\nX     \u221e  X\nXXX    XXX\nXe       X\nXH   m   X\nXXXXX XXXX\nX     X  X\nX XXXXX XX\nX        X\nXXXXXX XXX\nX  X \u221e X X\nX  XX XX X\nX        X\nXXXXXXXXXX\n", "Health: 4 X: 1 Y: 9\nXXXXXXXXXX\nX  \u221e     X\nX XXXXXX X\nX \u221e     \u221eX\nXXXX  XXXX\nX        X\nX    \u221e   X\nX     \u221e  X\nXXX    XXX\nXe   m   X\nX        X\nXXXXX XXXX\nX     X  X\nX XXXXX XX\nX        X\nXXXXXX XXX\nX  X \u221e X X\nX  XX XX X\nX        X\nXXXXXXXXXX\n"], "map_number": 102}, {"mechanics": [{"timestep": 1, "mechanic": "OgreHit"}, {"timestep": 2, "mechanic": "OgreHit"}, {"timestep": 2, "mechanic": "BlobPotion"}, {"timestep": 2, "mechanic": "BlobPotion"}, {"timestep": 5, "mechanic": "CollectPotion"}, {"timestep": 7, "mechanic": "BlobHit"}, {"timestep": 18, "mechanic": "MinitaurHit"}, {"timestep": 21, "mechanic": "CollectPotion"}, {"timestep": 23, "mechanic": "GoblinMeleeHit"}, {"timestep": 27, "mechanic": "MinitaurHit"}, {"timestep": 30, "mechanic": "CollectTreasure"}, {"timestep": 37, "mechanic": "BlobHit"}, {"timestep": 38, "mechanic": "BlobHit"}, {"timestep": 44, "mechanic": "CollectTreasure"}, {"timestep": 46, "mechanic": "CollectTreasure"}, {"timestep": 50, "mechanic": "CollectTreasure"}, {"timestep": 52, "mechanic": "CollectTreasure"}, {"timestep": 53, "mechanic": "BlobHit"}, {"timestep": 53, "mechanic": "BlobHit"}, {"timestep": 55, "mechanic": "MinitaurHit"}, {"timestep": 74, "mechanic": "MinitaurHit"}, {"timestep": 79, "mechanic": "ReachStairs"}], "frequencies": {"OgreHit": 2, "BlobPotion": 2, "CollectPotion": 2, "BlobHit": 5, "MinitaurHit": 4, "GoblinMeleeHit": 1, "CollectTreasure": 5, "ReachStairs": 1}, "levelReport": {"utilityGained": 0.0, "exitUtility": 1.0, "runnerUtility": 0.19999999999999996, "loitererUtility": 80.0, "completionistUtility": 0.8444444444444443, "monsterKillerUtility": 1.0, "treasureCollectorUtility": 0.8833333333333333, "turnsTaken": 80, "health": 1, "healthLost": 13, "alive": true, "javelinsThrown": 0, "monsterKills": 5, "minitaurKnockouts": 4, "treasuresCollected": 5, "potionsTaken": 2, "totalMonsters": 6, "totalTreasures": 6, "totalPotions": 4, "timeTaken": 0.0}, "positions": [{"X": 5, "Y": 10}, {"X": 5, "Y": 9}, {"X": 6, "Y": 9}, {"X": 7, "Y": 9}, {"X": 8, "Y": 9}, {"X": 8, "Y": 10}, {"X": 8, "Y": 11}, {"X": 8, "Y": 10}, {"X": 8, "Y": 9}, {"X": 8, "Y": 8}, {"X": 8, "Y": 7}, {"X": 8, "Y": 6}, {"X": 8, "Y": 5}, {"X": 7, "Y": 5}, {"X": 6, "Y": 5}, {"X": 6, "Y": 6}, {"X": 6, "Y": 7}, {"X": 5, "Y": 7}, {"X": 5, "Y": 6}, {"X": 4, "Y": 6}, {"X": 3, "Y": 6}, {"X": 2, "Y": 6}, {"X": 2, "Y": 5}, {"X": 2, "Y": 4}, {"X": 2, "Y": 3}, {"X": 2, "Y": 4}, {"X": 2, "Y": 5}, {"X": 2, "Y": 6}, {"X": 1, "Y": 6}, {"X": 1, "Y": 7}, {"X": 1, "Y": 8}, {"X": 1, "Y": 9}, {"X": 1, "Y": 10}, {"X": 1, "Y": 11}, {"X": 2, "Y": 11}, {"X": 3, "Y": 11}, {"X": 3, "Y": 12}, {"X": 3, "Y": 13}, {"X": 2, "Y": 13}, {"X": 2, "Y": 14}, {"X": 1, "Y": 14}, {"X": 1, "Y": 15}, {"X": 1, "Y": 16}, {"X": 1, "Y": 17}, {"X": 1, "Y": 18}, {"X": 2, "Y": 18}, {"X": 3, "Y": 18}, {"X": 3, "Y": 17}, {"X": 4, "Y": 17}, {"X": 5, "Y": 17}, {"X": 5, "Y": 18}, {"X": 6, "Y": 18}, {"X": 7, "Y": 18}, {"X": 7, "Y": 18}, {"X": 6, "Y": 18}, {"X": 6, "Y": 17}, {"X": 5, "Y": 17}, {"X": 5, "Y": 16}, {"X": 5, "Y": 15}, {"X": 5, "Y": 14}, {"X": 5, "Y": 13}, {"X": 5, "Y": 12}, {"X": 5, "Y": 11}, {"X": 5, "Y": 10}, {"X": 5, "Y": 9}, {"X": 5, "Y": 8}, {"X": 5, "Y": 7}, {"X": 5, "Y": 6}, {"X": 6, "Y": 6}, {"X": 7, "Y": 6}, {"X": 7, "Y": 5}, {"X": 7, "Y": 4}, {"X": 7, "Y": 3}, {"X": 7, "Y": 2}, {"X": 6, "Y": 2}, {"X": 5, "Y": 2}, {"X": 4, "Y": 2}, {"X": 3, "Y": 2}, {"X": 3, "Y": 1}, {"X": 4, "Y": 1}], "levelStates": ["Health: 10 X: 5 Y: 10\nXXXXXXXXXX\nXMX e X TX\nX        X\nX   X   XX\nX   T    X\nXX  XX   X\nX P     bX\nX X X  X X\nXT       X\nX     o  X\nX  X H XPX\nX        X\nXX      XX\nX        X\nXb      bX\nX X T  X X\nXP   m  PX\nX        X\nXT TXT TXX\nXXXXXXXXXX\n", "Health: 8 X: 5 Y: 9\nXXXXXXXXXX\nXMX e X TX\nX        X\nX   X   XX\nX   T    X\nXX  XX   X\nX P      X\nX X X  XbX\nXT       X\nX    Ho  X\nX  X   XPX\nX        X\nXX      XX\nX        X\nX        X\nXbX Tm XbX\nXP      PX\nX        X\nXT TXT TXX\nXXXXXXXXXX\n", "Health: 6 X: 6 Y: 9\nXXXXXXXXXX\nXMX e X TX\nX        X\nX   X   XX\nX   T    X\nXX  XX   X\nX P      X\nX X X  X X\nXT      bX\nX     \u221e  X\nX  X   XPX\nX        X\nXX      XX\nX        X\nX    m   X\nX X T  X X\nX        X\nX        X\nXT TXT TXX\nXXXXXXXXXX\n", "Health: 6 X: 7 Y: 9\nXXXXXXXXXX\nXMX e X TX\nX        X\nX   X   XX\nX   T    X\nXX  XX   X\nX P      X\nX X X  X X\nXT     b X\nX     \u221eH X\nX  X   XPX\nX        X\nXX      XX\nX    m   X\nX        X\nX X T  X X\nX        X\nX        X\nXT TXT TXX\nXXXXXXXXXX\n", "Health: 6 X: 8 Y: 9\nXXXXXXXXXX\nXMX e X TX\nX        X\nX   X   XX\nX   T    X\nXX  XX   X\nX P      X\nX X X  X X\nXT      bX\nX     \u221e HX\nX  X   XPX\nX        X\nXX   m  XX\nX        X\nX        X\nX X T  X X\nX        X\nX        X\nXT TXT TXX\nXXXXXXXXXX\n", "Health: 8 X: 8 Y: 10\nXXXXXXXXXX\nXMX e X TX\nX        X\nX   X   XX\nX   T    X\nXX  XX   X\nX P      X\nX X X  X X\nXT       X\nX     \u221e bX\nX  X   X X\nX    m   X\nXX      XX\nX        X\nX        X\nX X T  X X\nX        X\nX        X\nXT TXT TXX\nXXXXXXXXXX\n", "Health: 8 X: 8 Y: 11\nXXXXXXXXXX\nXMX e X TX\nX        X\nX   X   XX\nX   T    X\nXX  XX   X\nX P      X\nX X X  X X\nXT       X\nX     \u221e  X\nX  X   X X\nX     m HX\nXX      XX\nX        X\nX        X\nX X T  X X\nX        X\nX        X\nXT TXT TXX\nXXXXXXXXXX\n", "Health: 8 X: 8 Y: 10\nXXXXXXXXXX\nXMX e X TX\nX        X\nX   X   XX\nX   T    X\nXX  XX   X\nX P      X\nX X X  X X\nXT       X\nX     \u221e  X\nX  X   X X\nX      m X\nXX      XX\nX        X\nX        X\nX X T  X X\nX        X\nX        X\nXT TXT TXX\nXXXXXXXXXX\n", "Health: 8 X: 8 Y: 9\nXXXXXXXXXX\nXMX e X TX\nX        X\nX   X   XX\nX   T    X\nXX  XX   X\nX P      X\nX X X  X X\nXT       X\nX     \u221e HX\nX  X   X X\nX       mX\nXX      XX\nX        X\nX        X\nX X T  X X\nX        X\nX        X\nXT TXT TXX\nXXXXXXXXXX\n", "Health: 8 X: 8 Y: 8\nXXXXXXXXXX\nXMX e X TX\nX        X\nX   X   XX\nX   T    X\nXX  XX   X\nX P      X\nX X X  X X\nXT      HX\nX     \u221e  X\nX  X   XmX\nX        X\nXX      XX\nX        X\nX        X\nX X T  X X\nX        X\nX        X\nXT TXT TXX\nXXXXXXXXXX\n", "Health: 8 X: 8 Y: 7\nXXXXXXXXXX\nXMX e X TX\nX        X\nX   X   XX\nX   T    X\nXX  XX   X\nX P      X\nX X X  XHX\nXT       X\nX     \u221e mX\nX  X   X X\nX        X\nXX      XX\nX        X\nX        X\nX X T  X X\nX        X\nX        X\nXT TXT TXX\nXXXXXXXXXX\n", "Health: 8 X: 8 Y: 6\nXXXXXXXXXX\nXMX e X TX\nX        X\nX   X   XX\nX   T    X\nXX  XX   X\nX P     HX\nX X X  X X\nXT      mX\nX     \u221e  X\nX  X   X X\nX        X\nXX      XX\nX        X\nX        X\nX X T  X X\nX        X\nX        X\nXT TXT TXX\nXXXXXXXXXX\n", "Health: 8 X: 8 Y: 5\nXXXXXXXXXX\nXMX e X TX\nX        X\nX   X   XX\nX   T    X\nXX  XX  HX\nX P      X\nX X X  XmX\nXT       X\nX     \u221e  X\nX  X   X X\nX        X\nXX      XX\nX        X\nX        X\nX X T  X X\nX        X\nX        X\nXT TXT TXX\nXXXXXXXXXX\n", "Health: 8 X: 7 Y: 5\nXXXXXXXXXX\nXMX e X TX\nX        X\nX   X   XX\nX   T    X\nXX  XX H X\nX P     mX\nX X X  X X\nXT       X\nX     \u221e  X\nX  X   X X\nX        X\nXX      XX\nX        X\nX        X\nX X T  X X\nX        X\nX        X\nXT TXT TXX\nXXXXXXXXXX\n", "Health: 8 X: 6 Y: 5\nXXXXXXXXXX\nXMX e X TX\nX        X\nX   X   XX\nX   T    X\nXX  XXH mX\nX P      X\nX X X  X X\nXT       X\nX     \u221e  X\nX  X   X X\nX        X\nXX      XX\nX        X\nX        X\nX X T  X X\nX        X\nX        X\nXT TXT TXX\nXXXXXXXXXX\n", "Health: 8 X: 6 Y: 6\nXXXXXXXXXX\nXMX e X TX\nX        X\nX   X   XX\nX   T    X\nXX  XX m X\nX P   H  X\nX X X  X X\nXT       X\nX     \u221e  X\nX  X   X X\nX        X\nXX      XX\nX        X\nX        X\nX X T  X X\nX        X\nX        X\nXT TXT TXX\nXXXXXXXXXX\n", "Health: 8 X: 6 Y: 7\nXXXXXXXXXX\nXMX e X TX\nX        X\nX   X   XX\nX   T    X\nXX  XXm  X\nX P      X\nX X X HX X\nXT       X\nX     \u221e  X\nX  X   X X\nX        X\nXX      XX\nX        X\nX        X\nX X T  X X\nX        X\nX        X\nXT TXT TXX\nXXXXXXXXXX\n", "Health: 8 X: 5 Y: 7\nXXXXXXXXXX\nXMX e X TX\nX        X\nX   X   XX\nX   T    X\nXX  XX   X\nX P   m  X\nX X XH X X\nXT       X\nX     \u221e  X\nX  X   X X\nX        X\nXX      XX\nX        X\nX        X\nX X T  XbX\nX        X\nX        X\nXT TXT TXX\nXXXXXXXXXX\n", "Health: 7 X: 5 Y: 6\nXXXXXXXXXX\nXMX e X TX\nX        X\nX   X   XX\nX   T    X\nXX  XX   X\nX P  Hm  X\nX X X  X X\nXT       X\nX     \u221e  X\nX  X   X X\nX        X\nXX      XX\nX        X\nX        X\nX X T  XbX\nX        X\nX        X\nXT TXT TXX\nXXXXXXXXXX\n", "Health: 7 X: 4 Y: 6\nXXXXXXXXXX\nXMX e X TX\nX        X\nX   X   XX\nX   T    X\nXX  XX   X\nX P H m  X\nX X X  X X\nXT       X\nX     \u221e  X\nX  X   X X\nX        X\nXX      XX\nX        X\nX        X\nX X T  XbX\nX        X\nX        X\nXT TXT TXX\nXXXXXXXXXX\n", "Health: 7 X: 3 Y: 6\nXXXXXXXXXX\nX X e X TX\nXM       X\nX   X   XX\nX   T    X\nXX  XX   X\nX PH  m  X\nX X X  X X\nXT       X\nX     \u221e  X\nX  X   X X\nX        X\nXX      XX\nX        X\nX        X\nXbX T  XbX\nX        X\nX        X\nXT TXT TXX\nXXXXXXXXXX\n", "Health: 9 X: 2 Y: 6\nXXXXXXXXXX\nX X e X TX\nX M      X\nX   X   XX\nX   T    X\nXX  XX   X\nX     m  X\nX X X  X X\nXT       X\nX     \u221e  X\nX  X   X X\nX        X\nXX      XX\nX        X\nX        X\nXbX T  XbX\nX        X\nX        X\nXT TXT TXX\nXXXXXXXXXX\n", "Health: 9 X: 2 Y: 5\nXXXXXXXXXX\nX X e X TX\nX        X\nX M X   XX\nX   T    X\nXXH XX   X\nX     m  X\nX X X  X X\nXT       X\nX     \u221e  X\nX  X   X X\nX        X\nXX      XX\nX        X\nX        X\nXbX T  XbX\nX        X\nX        X\nXT TXT TXX\nXXXXXXXXXX\n", "Health: 8 X: 2 Y: 4\nXXXXXXXXXX\nX X e X TX\nX        X\nX \u221e X   XX\nX H T    X\nXX  XX   X\nX     m  X\nX X X  X X\nXT       X\nX     \u221e  X\nX  X   X X\nX        X\nXX      XX\nX        X\nX        X\nXbX T  XbX\nX        X\nX        X\nXT TXT TXX\nXXXXXXXXXX\n", "Health: 8 X: 2 Y: 3\nXXXXXXXXXX\nX X e X TX\nX        X\nX \u221e X   XX\nX   T    X\nXX  XX   X\nX    m   X\nX X X  X X\nXT       X\nX     \u221e  X\nX  X   X X\nX        X\nXX      XX\nX        X\nX        X\nXbX T  XbX\nX        X\nX        X\nXT TXT TXX\nXXXXXXXXXX\n", "Health: 8 X: 2 Y: 4\nXXXXXXXXXX\nX X e X TX\nX        X\nX \u221e X   XX\nX H T    X\nXX  XX   X\nX   m    X\nX X X  X X\nXT       X\nX     \u221e  X\nX  X   X X\nX        X\nXX      XX\nX        X\nX        X\nXbX T  XbX\nX        X\nX        X\nXT TXT TXX\nXXXXXXXXXX\n", "Health: 8 X: 2 Y: 5\nXXXXXXXXXX\nX X e X TX\nX        X\nX \u221e X   XX\nX   T    X\nXXH XX   X\nX  m     X\nX X X  X X\nXT       X\nX     \u221e  X\nX  X   X X\nX        X\nXX      XX\nX        X\nX        X\nXbX T  XbX\nX        X\nX        X\nXT TXT TXX\nXXXXXXXXXX\n", "Health: 7 X: 2 Y: 6\nXXXXXXXXXX\nX X e X TX\nX        X\nX \u221e X   XX\nX   T    X\nXX  XX   X\nX  m     X\nX X X  X X\nXT       X\nX     \u221e  X\nX  X   X X\nX        X\nXX      XX\nX        X\nX        X\nXbX T  XbX\nX        X\nX        X\nXT TXT TXX\nXXXXXXXXXX\n", "Health: 7 X: 1 Y: 6\nXXXXXXXXXX\nX X e X TX\nX        X\nX \u221e X   XX\nX   T    X\nXX  XX   X\nXH m     X\nX X X  X X\nXT       X\nX     \u221e  X\nX  X   X X\nX        X\nXX      XX\nX        X\nX        X\nXbX T  XbX\nX        X\nX        X\nXT TXT TXX\nXXXXXXXXXX\n", "Health: 7 X: 1 Y: 7\nXXXXXXXXXX\nX X e X TX\nX        X\nX \u221e X   XX\nX   T    X\nXX  XX   X\nX  m     X\nXHX X  X X\nXT       X\nX     \u221e  X\nX  X   X X\nX        X\nXX      XX\nX        X\nX        X\nXbX T  XbX\nX        X\nX        X\nXT TXT TXX\nXXXXXXXXXX\n", "Health: 7 X: 1 Y: 8\nXXXXXXXXXX\nX X e X TX\nX        X\nX \u221e X   XX\nX   T    X\nXX  XX   X\nX  m     X\nX X X  X X\nX        X\nX     \u221e  X\nX  X   X X\nX        X\nXX      XX\nX        X\nX        X\nXbX T  XbX\nX        X\nX        X\nXT TXT TXX\nXXXXXXXXXX\n", "Health: 7 X: 1 Y: 9\nXXXXXXXXXX\nX X e X TX\nX        X\nX \u221e X   XX\nX   T    X\nXX  XX   X\nX  m     X\nX X X  X X\nX        X\nXH    \u221e  X\nX  X   X X\nX        X\nXX      XX\nX        X\nX        X\nXbX T  XbX\nX        X\nX        X\nXT TXT TXX\nXXXXXXXXXX\n", "Health: 7 X: 1 Y: 10\nXXXXXXXXXX\nX X e X TX\nX        X\nX \u221e X   XX\nX   T    X\nXX  XX   X\nX  m     X\nX X X  X X\nX        X\nX     \u221e  X\nXH X   X X\nX        X\nXX      XX\nX        X\nX        X\nXbX T  XbX\nX        X\nX        X\nXT TXT TXX\nXXXXXXXXXX\n", "Health: 7 X: 1 Y: 11\nXXXXXXXXXX\nX X e X TX\nX        X\nX \u221e X   XX\nX   T    X\nXX  XX   X\nX m      X\nX X X  X X\nX        X\nX     \u221e  X\nX  X   X X\nXH       X\nXX      XX\nX        X\nX        X\nXbX T  XbX\nX        X\nX        X\nXT TXT TXX\nXXXXXXXXXX\n", "Health: 7 X: 2 Y: 11\nXXXXXXXXXX\nX X e X TX\nX        X\nX \u221e X   XX\nX   T    X\nXX  XX   X\nX  m     X\nX X X  X X\nX        X\nX     \u221e  X\nX  X   X X\nX H      X\nXX      XX\nX        X\nXb       X\nX X T  XbX\nX        X\nX        X\nXT TXT TXX\nXXXXXXXXXX\n", "Health: 7 X: 3 Y: 11\nXXXXXXXXXX\nX X e X TX\nX        X\nX \u221e X   XX\nX   T    X\nXX  XX   X\nX        X\nX XmX  X X\nX        X\nX     \u221e  X\nX  X   X X\nX  H     X\nXX      XX\nXb       X\nX        X\nX X T  XbX\nX        X\nX        X\nXT TXT TXX\nXXXXXXXXXX\n", "Health: 7 X: 3 Y: 12\nXXXXXXXXXX\nX X e X TX\nX        X\nX \u221e X   XX\nX   T    X\nXX  XX   X\nX        X\nX X X  X X\nX  m     X\nX     \u221e  X\nX  X   X X\nX        X\nXX H    XX\nX b      X\nX        X\nX X T  XbX\nX        X\nX        X\nXT TXT TXX\nXXXXXXXXXX\n", "Health: 5 X: 3 Y: 13\nXXXXXXXXXX\nX X e X TX\nX        X\nX \u221e X   XX\nX   T    X\nXX  XX   X\nX        X\nX X X  X X\nX        X\nX  m  \u221e  X\nX  X   X X\nX        X\nXX      XX\nX bH     X\nX        X\nX X T  XbX\nX        X\nX        X\nXT TXT TXX\nXXXXXXXXXX\n", "Health: 5 X: 2 Y: 13\nXXXXXXXXXX\nX X e X TX\nX        X\nX \u221e X   XX\nX   T    X\nXX  XX   X\nX        X\nX X X  X X\nX        X\nX m   \u221e  X\nX  X   X X\nX        X\nXX      XX\nX \u221e      X\nX        X\nX X T  XbX\nX        X\nX        X\nXT TXT TXX\nXXXXXXXXXX\n", "Health: 5 X: 2 Y: 14\nXXXXXXXXXX\nX X e X TX\nX        X\nX \u221e X   XX\nX   T    X\nXX  XX   X\nX        X\nX X X  X X\nX        X\nX     \u221e  X\nX mX   X X\nX        X\nXX      XX\nX \u221e      X\nX H      X\nX X T  XbX\nX        X\nX        X\nXT TXT TXX\nXXXXXXXXXX\n", "Health: 5 X: 1 Y: 14\nXXXXXXXXXX\nX X e X TX\nX        X\nX \u221e X   XX\nX   T    X\nXX  XX   X\nX        X\nX X X  X X\nX        X\nX     \u221e  X\nX  X   X X\nX m      X\nXX      XX\nX \u221e      X\nXH       X\nX X T  XbX\nX        X\nX        X\nXT TXT TXX\nXXXXXXXXXX\n", "Health: 5 X: 1 Y: 15\nXXXXXXXXXX\nX X e X TX\nX        X\nX \u221e X   XX\nX   T    X\nXX  XX   X\nX        X\nX X X  X X\nX        X\nX     \u221e  X\nX  X   X X\nX        X\nXXm     XX\nX \u221e      X\nX        X\nXHX T  XbX\nX        X\nX        X\nXT TXT TXX\nXXXXXXXXXX\n", "Health: 5 X: 1 Y: 16\nXXXXXXXXXX\nX X e X TX\nX        X\nX \u221e X   XX\nX   T    X\nXX  XX   X\nX        X\nX X X  X X\nX        X\nX     \u221e  X\nX  X   X X\nX        X\nXX      XX\nX m      X\nX        X\nX X T  XbX\nX        X\nX        X\nXT TXT TXX\nXXXXXXXXXX\n", "Health: 5 X: 1 Y: 17\nXXXXXXXXXX\nX X e X TX\nX        X\nX \u221e X   XX\nX   T    X\nXX  XX   X\nX        X\nX X X  X X\nX        X\nX     \u221e  X\nX  X   X X\nX        X\nXX      XX\nXm\u221e      X\nX        X\nX X T  XbX\nX        X\nXH       X\nXT TXT TXX\nXXXXXXXXXX\n", "Health: 5 X: 1 Y: 18\nXXXXXXXXXX\nX X e X TX\nX        X\nX \u221e X   XX\nX   T    X\nXX  XX   X\nX        X\nX X X  X X\nX        X\nX     \u221e  X\nX  X   X X\nX        X\nXX      XX\nX \u221e      X\nXm       X\nX X T  XbX\nX        X\nX        X\nX  TXT TXX\nXXXXXXXXXX\n", "Health: 5 X: 2 Y: 18\nXXXXXXXXXX\nX X e X TX\nX        X\nX \u221e X   XX\nX   T    X\nXX  XX   X\nX        X\nX X X  X X\nX        X\nX     \u221e  X\nX  X   X X\nX        X\nXX      XX\nX \u221e      X\nX        X\nXmX T  XbX\nX        X\nX        X\nX HTXT TXX\nXXXXXXXXXX\n", "Health: 5 X: 3 Y: 18\nXXXXXXXXXX\nX X e X TX\nX        X\nX \u221e X   XX\nX   T    X\nXX  XX   X\nX        X\nX X X  X X\nX        X\nX     \u221e  X\nX  X   X X\nX        X\nXX      XX\nX \u221e      X\nX        X\nX X T  XbX\nXm       X\nX        X\nX   XT TXX\nXXXXXXXXXX\n", "Health: 5 X: 3 Y: 17\nXXXXXXXXXX\nX X e X TX\nX        X\nX \u221e X   XX\nX   T    X\nXX  XX   X\nX        X\nX X X  X X\nX        X\nX     \u221e  X\nX  X   X X\nX        X\nXX      XX\nX \u221e      X\nX        X\nX X T  XbX\nX m      X\nX  H     X\nX   XT TXX\nXXXXXXXXXX\n", "Health: 5 X: 4 Y: 17\nXXXXXXXXXX\nX X e X TX\nX        X\nX \u221e X   XX\nX   T    X\nXX  XX   X\nX        X\nX X X  X X\nX        X\nX     \u221e  X\nX  X   X X\nX        X\nXX      XX\nX \u221e      X\nX        X\nX X T  XbX\nX  m     X\nX   H    X\nX   XT TXX\nXXXXXXXXXX\n", "Health: 5 X: 5 Y: 17\nXXXXXXXXXX\nX X e X TX\nX        X\nX \u221e X   XX\nX   T    X\nXX  XX   X\nX        X\nX X X  X X\nX        X\nX     \u221e  X\nX  X   X X\nX        X\nXX      XX\nX \u221e      X\nX        X\nX X T  XbX\nX   m    X\nX    H   X\nX   XT TXX\nXXXXXXXXXX\n", "Health: 5 X: 5 Y: 18\nXXXXXXXXXX\nX X e X TX\nX        X\nX \u221e X   XX\nX   T    X\nXX  XX   X\nX        X\nX X X  X X\nX        X\nX     \u221e  X\nX  X   X X\nX        X\nXX      XX\nX \u221e      X\nX        X\nX X T  X X\nX    m   X\nX        X\nX   X  TXX\nXXXXXXXXXX\n", "Health: 5 X: 6 Y: 18\nXXXXXXXXXX\nX X e X TX\nX        X\nX \u221e X   XX\nX   T    X\nXX  XX   X\nX        X\nX X X  X X\nX        X\nX     \u221e  X\nX  X   X X\nX        X\nXX      XX\nX \u221e      X\nX        X\nX X T  X X\nX     mb X\nX        X\nX   X HTXX\nXXXXXXXXXX\n", "Health: 5 X: 7 Y: 18\nXXXXXXXXXX\nX X e X TX\nX        X\nX \u221e X   XX\nX   T    X\nXX  XX   X\nX        X\nX X X  X X\nX        X\nX     \u221e  X\nX  X   X X\nX        X\nXX      XX\nX \u221e      X\nX        X\nX X T  X X\nX      m X\nX      b X\nX   X   XX\nXXXXXXXXXX\n", "Health: 3 X: 7 Y: 18\nXXXXXXXXXX\nX X e X TX\nX        X\nX \u221e X   XX\nX   T    X\nXX  XX   X\nX        X\nX X X  X X\nX        X\nX     \u221e  X\nX  X   X X\nX        X\nXX      XX\nX \u221e      X\nX        X\nX X T  X X\nX        X\nX      m X\nX   X   XX\nXXXXXXXXXX\n", "Health: 3 X: 6 Y: 18\nXXXXXXXXXX\nX X e X TX\nX        X\nX \u221e X   XX\nX   T    X\nXX  XX   X\nX        X\nX X X  X X\nX        X\nX     \u221e  X\nX  X   X X\nX        X\nXX      XX\nX \u221e      X\nX        X\nX X T  X X\nX        X\nX     m\u221e X\nX   X H XX\nXXXXXXXXXX\n", "Health: 2 X: 6 Y: 17\nXXXXXXXXXX\nX X e X TX\nX        X\nX \u221e X   XX\nX   T    X\nXX  XX   X\nX        X\nX X X  X X\nX        X\nX     \u221e  X\nX  X   X X\nX        X\nXX      XX\nX \u221e      X\nX        X\nX X T  X X\nX        X\nX     m\u221e X\nX   X   XX\nXXXXXXXXXX\n", "Health: 2 X: 5 Y: 17\nXXXXXXXXXX\nX X e X TX\nX        X\nX \u221e X   XX\nX   T    X\nXX  XX   X\nX        X\nX X X  X X\nX        X\nX     \u221e  X\nX  X   X X\nX        X\nXX      XX\nX \u221e      X\nX        X\nX X T  X X\nX        X\nX    Hm\u221e X\nX   X   XX\nXXXXXXXXXX\n", "Health: 2 X: 5 Y: 16\nXXXXXXXXXX\nX X e X TX\nX        X\nX \u221e X   XX\nX   T    X\nXX  XX   X\nX        X\nX X X  X X\nX        X\nX     \u221e  X\nX  X   X X\nX        X\nXX      XX\nX \u221e      X\nX        X\nX X T  X X\nX    H   X\nX     m\u221e X\nX   X   XX\nXXXXXXXXXX\n", "Health: 2 X: 5 Y: 15\nXXXXXXXXXX\nX X e X TX\nX        X\nX \u221e X   XX\nX   T    X\nXX  XX   X\nX        X\nX X X  X X\nX        X\nX     \u221e  X\nX  X   X X\nX        X\nXX      XX\nX \u221e      X\nX        X\nX X TH X X\nX        X\nX     m\u221e X\nX   X   XX\nXXXXXXXXXX\n", "Health: 2 X: 5 Y: 14\nXXXXXXXXXX\nX X e X TX\nX        X\nX \u221e X   XX\nX   T    X\nXX  XX   X\nX        X\nX X X  X X\nX        X\nX     \u221e  X\nX  X   X X\nX        X\nXX      XX\nX \u221e      X\nX    H   X\nX X T  X X\nX        X\nX     m\u221e X\nX   X   XX\nXXXXXXXXXX\n", "Health: 2 X: 5 Y: 13\nXXXXXXXXXX\nX X e X TX\nX        X\nX \u221e X   XX\nX   T    X\nXX  XX   X\nX        X\nX X X  X X\nX        X\nX     \u221e  X\nX  X   X X\nX        X\nXX      XX\nX \u221e  H   X\nX        X\nX X T  X X\nX     m  X\nX      \u221e X\nX   X   XX\nXXXXXXXXXX\n", "Health: 2 X: 5 Y: 12\nXXXXXXXXXX\nX X e X TX\nX        X\nX \u221e X   XX\nX   T    X\nXX  XX   X\nX        X\nX X X  X X\nX        X\nX     \u221e  X\nX  X   X X\nX        X\nXX   H  XX\nX \u221e      X\nX        X\nX X T mX X\nX        X\nX      \u221e X\nX   X   XX\nXXXXXXXXXX\n", "Health: 2 X: 5 Y: 11\nXXXXXXXXXX\nX X e X TX\nX        X\nX \u221e X   XX\nX   T    X\nXX  XX   X\nX        X\nX X X  X X\nX        X\nX     \u221e  X\nX  X   X X\nX    H   X\nXX      XX\nX \u221e      X\nX     m  X\nX X T  X X\nX        X\nX      \u221e X\nX   X   XX\nXXXXXXXXXX\n", "Health: 2 X: 5 Y: 10\nXXXXXXXXXX\nX X e X TX\nX        X\nX \u221e X   XX\nX   T    X\nXX  XX   X\nX        X\nX X X  X X\nX        X\nX     \u221e  X\nX  X H X X\nX        X\nXX      XX\nX \u221e   m  X\nX        X\nX X T  X X\nX        X\nX      \u221e X\nX   X   XX\nXXXXXXXXXX\n", "Health: 2 X: 5 Y: 9\nXXXXXXXXXX\nX X e X TX\nX        X\nX \u221e X   XX\nX   T    X\nXX  XX   X\nX        X\nX X X  X X\nX        X\nX    H\u221e  X\nX  X   X X\nX        X\nXX    m XX\nX \u221e      X\nX        X\nX X T  X X\nX        X\nX      \u221e X\nX   X   XX\nXXXXXXXXXX\n", "Health: 2 X: 5 Y: 8\nXXXXXXXXXX\nX X e X TX\nX        X\nX \u221e X   XX\nX   T    X\nXX  XX   X\nX        X\nX X X  X X\nX    H   X\nX     \u221e  X\nX  X   X X\nX     m  X\nXX      XX\nX \u221e      X\nX        X\nX X T  X X\nX        X\nX      \u221e X\nX   X   XX\nXXXXXXXXXX\n", "Health: 2 X: 5 Y: 7\nXXXXXXXXXX\nX X e X TX\nX        X\nX \u221e X   XX\nX   T    X\nXX  XX   X\nX        X\nX X XH X X\nX        X\nX     \u221e  X\nX  X  mX X\nX        X\nXX      XX\nX \u221e      X\nX        X\nX X T  X X\nX        X\nX      \u221e X\nX   X   XX\nXXXXXXXXXX\n", "Health: 2 X: 5 Y: 6\nXXXXXXXXXX\nX X e X TX\nX        X\nX \u221e X   XX\nX   T    X\nXX  XX   X\nX    H   X\nX X X  X X\nX        X\nX     m  X\nX  X   X X\nX        X\nXX      XX\nX \u221e      X\nX        X\nX X T  X X\nX        X\nX      \u221e X\nX   X   XX\nXXXXXXXXXX\n", "Health: 2 X: 6 Y: 6\nXXXXXXXXXX\nX X e X TX\nX        X\nX \u221e X   XX\nX   T    X\nXX  XX   X\nX     H  X\nX X X  X X\nX     m  X\nX     \u221e  X\nX  X   X X\nX        X\nXX      XX\nX \u221e      X\nX        X\nX X T  X X\nX        X\nX      \u221e X\nX   X   XX\nXXXXXXXXXX\n", "Health: 2 X: 7 Y: 6\nXXXXXXXXXX\nX X e X TX\nX        X\nX \u221e X   XX\nX   T    X\nXX  XX   X\nX      H X\nX X X mX X\nX        X\nX     \u221e  X\nX  X   X X\nX        X\nXX      XX\nX \u221e      X\nX        X\nX X T  X X\nX        X\nX      \u221e X\nX   X   XX\nXXXXXXXXXX\n", "Health: 2 X: 7 Y: 5\nXXXXXXXXXX\nX X e X TX\nX        X\nX \u221e X   XX\nX   T    X\nXX  XX H X\nX     m  X\nX X X  X X\nX        X\nX     \u221e  X\nX  X   X X\nX        X\nXX      XX\nX \u221e      X\nX        X\nX X T  X X\nX        X\nX      \u221e X\nX   X   XX\nXXXXXXXXXX\n", "Health: 2 X: 7 Y: 4\nXXXXXXXXXX\nX X e X TX\nX        X\nX \u221e X   XX\nX   T  H X\nXX  XXm  X\nX        X\nX X X  X X\nX        X\nX     \u221e  X\nX  X   X X\nX        X\nXX      XX\nX \u221e      X\nX        X\nX X T  X X\nX        X\nX      \u221e X\nX   X   XX\nXXXXXXXXXX\n", "Health: 2 X: 7 Y: 3\nXXXXXXXXXX\nX X e X TX\nX        X\nX \u221e X  HXX\nX   T m  X\nXX  XX   X\nX        X\nX X X  X X\nX        X\nX     \u221e  X\nX  X   X X\nX        X\nXX      XX\nX \u221e      X\nX        X\nX X T  X X\nX        X\nX      \u221e X\nX   X   XX\nXXXXXXXXXX\n", "Health: 2 X: 7 Y: 2\nXXXXXXXXXX\nX X e X TX\nX      H X\nX \u221e X m XX\nX   T    X\nXX  XX   X\nX        X\nX X X  X X\nX        X\nX     \u221e  X\nX  X   X X\nX        X\nXX      XX\nX \u221e      X\nX        X\nX X T  X X\nX        X\nX      \u221e X\nX   X   XX\nXXXXXXXXXX\n", "Health: 1 X: 6 Y: 2\nXXXXXXXXXX\nX X e X TX\nX     H  X\nX \u221e X m XX\nX   T    X\nXX  XX   X\nX        X\nX X X  X X\nX        X\nX     \u221e  X\nX  X   X X\nX        X\nXX      XX\nX \u221e      X\nX        X\nX X T  X X\nX        X\nX      \u221e X\nX   X   XX\nXXXXXXXXXX\n", "Health: 1 X: 5 Y: 2\nXXXXXXXXXX\nX X e X TX\nX    H   X\nX \u221e X m XX\nX   T    X\nXX  XX   X\nX        X\nX X X  X X\nX        X\nX     \u221e  X\nX  X   X X\nX        X\nXX      XX\nX \u221e      X\nX        X\nX X T  X X\nX        X\nX      \u221e X\nX   X   XX\nXXXXXXXXXX\n", "Health: 1 X: 4 Y: 2\nXXXXXXXXXX\nX X e X TX\nX   H    X\nX \u221e X m XX\nX   T    X\nXX  XX   X\nX        X\nX X X  X X\nX        X\nX     \u221e  X\nX  X   X X\nX        X\nXX      XX\nX \u221e      X\nX        X\nX X T  X X\nX        X\nX      \u221e X\nX   X   XX\nXXXXXXXXXX\n", "Health: 1 X: 3 Y: 2\nXXXXXXXXXX\nX X e X TX\nX  H     X\nX \u221e X m XX\nX   T    X\nXX  XX   X\nX        X\nX X X  X X\nX        X\nX     \u221e  X\nX  X   X X\nX        X\nXX      XX\nX \u221e      X\nX        X\nX X T  X X\nX        X\nX      \u221e X\nX   X   XX\nXXXXXXXXXX\n", "Health: 1 X: 3 Y: 1\nXXXXXXXXXX\nX XHe X TX\nX        X\nX \u221e X m XX\nX   T    X\nXX  XX   X\nX        X\nX X X  X X\nX        X\nX     \u221e  X\nX  X   X X\nX        X\nXX      XX\nX \u221e      X\nX        X\nX X T  X X\nX        X\nX      \u221e X\nX   X   XX\nXXXXXXXXXX\n", "Health: 1 X: 4 Y: 1\nXXXXXXXXXX\nX X e X TX\nX        X\nX \u221e X m XX\nX   T    X\nXX  XX   X\nX        X\nX X X  X X\nX        X\nX     \u221e  X\nX  X   X X\nX        X\nXX      XX\nX \u221e      X\nX        X\nX X T  X X\nX        X\nX      \u221e X\nX   X   XX\nXXXXXXXXXX\n"], "map_number": 202}, {"mechanics": [{"timestep": 0, "mechanic": "CollectTreasure"}, {"timestep": 3, "mechanic": "OgreTreasure"}, {"timestep": 5, "mechanic": "OgreHit"}, {"timestep": 6, "mechanic": "OgreHit"}, {"timestep": 9, "mechanic": "CollectTreasure"}, {"timestep": 12, "mechanic": "CollectTreasure"}, {"timestep": 15, "mechanic": "CollectTreasure"}, {"timestep": 18, "mechanic": "CollectTreasure"}, {"timestep": 21, "mechanic": "CollectTreasure"}, {"timestep": 26, "mechanic": "ReachStairs"}], "frequencies": {"CollectTreasure": 6, "OgreTreasure": 1, "OgreHit": 2, "ReachStairs": 1}, "levelReport": {"utilityGained": 0.0, "exitUtility": 1.0, "runnerUtility": 0.73, "loitererUtility": 27.0, "completionistUtility": 0.4983333333333333, "monsterKillerUtility": 0.475, "treasureCollectorUtility": 0.72, "turnsTaken": 27, "health": 6, "healthLost": 4, "alive": true, "javelinsThrown": 0, "monsterKills": 1, "minitaurKnockouts": 0, "treasuresCollected": 6, "potionsTaken": 0, "totalMonsters": 5, "totalTreasures": 10, "totalPotions": 1, "timeTaken": 0.0}, "positions": [{"X": 6, "Y": 3}, {"X": 7, "Y": 3}, {"X": 8, "Y": 3}, {"X": 8, "Y": 4}, {"X": 8, "Y": 5}, {"X": 8, "Y": 6}, {"X": 7, "Y": 6}, {"X": 7, "Y": 7}, {"X": 8, "Y": 7}, {"X": 8, "Y": 8}, {"X": 8, "Y": 9}, {"X": 7, "Y": 9}, {"X": 7, "Y": 10}, {"X": 7, "Y": 11}, {"X": 7, "Y": 12}, {"X": 8, "Y": 12}, {"X": 8, "Y": 13}, {"X": 7, "Y": 13}, {"X": 7, "Y": 14}, {"X": 7, "Y": 15}, {"X": 8, "Y": 15}, {"X": 8, "Y": 16}, {"X": 8, "Y": 17}, {"X": 8, "Y": 18}, {"X": 7, "Y": 18}, {"X": 6, "Y": 18}, {"X": 5, "Y": 18}], "levelStates": ["Health: 10 X: 6 Y: 3\nXXXXXXXXXX\nX m   tTTX\nXXXXX XXXX\nXX T     X\nXX XX XX X\nX   X X oX\nX   X X  X\nX  bX XT X\nXX XX XXTX\nX P X X  X\nXX XX XTXX\nX  TX X TX\nX M X X TX\nX   X X  X\nXX XX XTXX\nX R X X  X\nX   X XXTX\nX XXX X  X\nX    e   X\nXXXXXXXXXX\n", "Health: 10 X: 7 Y: 3\nXXXXXXXXXX\nX  m  tTTX\nXXXXX XXXX\nXX T   H X\nXX XX XX X\nX   X Xo X\nX   X X  X\nX  bX XT X\nXX XX XXTX\nX P X X  X\nXX XX XTXX\nX  TX X TX\nX M X X TX\nX   X X  X\nXX XX XTXX\nX R X X  X\nX   X XXTX\nX XXX X  X\nX    e   X\nXXXXXXXXXX\n", "Health: 10 X: 8 Y: 3\nXXXXXXXXXX\nX   m tTTX\nXXXXX XXXX\nXX T    HX\nXX XX XX X\nX   X X  X\nX   X Xo X\nX  bX XT X\nXX XX XXTX\nX P X X  X\nXX XX XTXX\nX  TX X TX\nX M X X TX\nX   X X  X\nXX XX XTXX\nX R X X  X\nX   X XXTX\nX XXX X  X\nX    e   X\nXXXXXXXXXX\n", "Health: 10 X: 8 Y: 4\nXXXXXXXXXX\nX    mtTTX\nXXXXX XXXX\nXX T     X\nXX XX XXHX\nX   X X  X\nX   X X  X\nX  bX X  X\nXX XX XXTX\nX P X X  X\nXX XX XTXX\nX  TX X TX\nX M X X TX\nX   X X  X\nXX XX XTXX\nX R X X  X\nX   X XXTX\nX XXX X  X\nX    e   X\nXXXXXXXXXX\n", "Health: 10 X: 8 Y: 5\nXXXXXXXXXX\nX     tTTX\nXXXXXmXXXX\nXX T     X\nXX XX XX X\nX   X X HX\nX   X Xo X\nX  bX X  X\nXX XX XXTX\nX P X X  X\nXX XX XTXX\nX  TX X TX\nX M X X TX\nX   X X  X\nXX XX XTXX\nX R X X  X\nX   X XXTX\nX XXX X  X\nX    e   X\nXXXXXXXXXX\n", "Health: 8 X: 8 Y: 6\nXXXXXXXXXX\nX     tTTX\nXXXXX XXXX\nXX T m   X\nXX XX XX X\nX   X X  X\nX   X XoHX\nX  bX X  X\nXX XX XXTX\nX P X X  X\nXX XX XTXX\nX  TX X TX\nX M X X TX\nX   X X  X\nXX XX XTXX\nX R X X  X\nX   X XXTX\nX XXX X  X\nX    e   X\nXXXXXXXXXX\n", "Health: 6 X: 7 Y: 6\nXXXXXXXXXX\nX     tTTX\nXXXXX XXXX\nXX T     X\nXX XX XX X\nX   X X  X\nX   X X\u221e X\nX  bX X  X\nXX XX XXTX\nX P X X  X\nXX XX XTXX\nX  TX X TX\nX M X X TX\nX   X X  X\nXX XX XTXX\nX R X X  X\nX   X XXTX\nX XXX X  X\nX    e   X\nXXXXXXXXXX\n", "Health: 6 X: 7 Y: 7\nXXXXXXXXXX\nX     tTTX\nXXXXX XXXX\nXX T   m X\nXX XX XX X\nX   X X  X\nX   X X\u221e X\nX  bX X  X\nXX XX XXTX\nX P X X  X\nXX XX XTXX\nX  TX X TX\nX M X X TX\nX   X X  X\nXX XX XTXX\nX R X X  X\nX   X XXTX\nX XXX X  X\nX    e   X\nXXXXXXXXXX\n", "Health: 6 X: 8 Y: 7\nXXXXXXXXXX\nX     tTTX\nXXXXX XXXX\nXX T    mX\nXX XX XX X\nX   X X  X\nX   X X\u221e X\nX  bX X HX\nXX XX XXTX\nX P X X  X\nXX XX XTXX\nX  TX X TX\nX M X X TX\nX   X X  X\nXX XX XTXX\nX R X X  X\nX   X XXTX\nX XXX X  X\nX    e   X\nXXXXXXXXXX\n", "Health: 6 X: 8 Y: 8\nXXXXXXXXXX\nX     tTTX\nXXXXX XXXX\nXX T     X\nXX XX XXmX\nX   X X  X\nX   X X\u221e X\nX  bX X  X\nXX XX XX X\nX P X X  X\nXX XX XTXX\nX  TX X TX\nX M X X TX\nX   X X  X\nXX XX XTXX\nX R X X  X\nX   X XXTX\nX XXX X  X\nX    e   X\nXXXXXXXXXX\n", "Health: 6 X: 8 Y: 9\nXXXXXXXXXX\nX     tTTX\nXXXXX XXXX\nXX T     X\nXX XX XX X\nX   X X mX\nX   X X\u221e X\nX  bX X  X\nXX XX XX X\nX P X X HX\nXX XX XTXX\nX  TX X TX\nX M X X TX\nX   X X  X\nXX XX XTXX\nX R X X  X\nX   X XXTX\nX XXX X  X\nX    e   X\nXXXXXXXXXX\n", "Health: 6 X: 7 Y: 9\nXXXXXXXXXX\nX     tTTX\nXXXXX XXXX\nXX T     X\nXX XX XX X\nX   X X  X\nX   X X\u221emX\nX  bX X  X\nXX XX XX X\nX P X XH X\nXX XX XTXX\nX  TX X TX\nX M X X TX\nX   X X  X\nXX XX XTXX\nX R X X  X\nX   X XXTX\nX XXX X  X\nX    e   X\nXXXXXXXXXX\n", "Health: 6 X: 7 Y: 10\nXXXXXXXXXX\nX     tTTX\nXXXXX XXXX\nXX T     X\nXX XX XX X\nX   X X  X\nX   X X\u221e X\nX  bX X mX\nXX XX XX X\nX P X X  X\nXX XX X XX\nX  TX X TX\nX M X X TX\nX   X X  X\nXX XX XTXX\nX R X X  X\nX   X XXTX\nX XXX X  X\nX    e   X\nXXXXXXXXXX\n", "Health: 6 X: 7 Y: 11\nXXXXXXXXXX\nX     tTTX\nXXXXX XXXX\nXX T     X\nXX XX XX X\nX   X X  X\nX   X X\u221e X\nX  bX X  X\nXX XX XX X\nX P X X  X\nXX XX X XX\nX  TX XHTX\nX M X X TX\nX   X X  X\nXX XX XTXX\nX R X X  X\nX   X XXTX\nX XXX X  X\nX    e   X\nXXXXXXXXXX\n", "Health: 6 X: 7 Y: 12\nXXXXXXXXXX\nX     tTTX\nXXXXX XXXX\nXX T     X\nXX XX XX X\nX   X X  X\nX   X X\u221e X\nX  bX X  X\nXX XX XX X\nX P X X mX\nXX XX X XX\nX  TX X TX\nX M X XHTX\nX   X X  X\nXX XX XTXX\nX R X X  X\nX   X XXTX\nX XXX X  X\nX    e   X\nXXXXXXXXXX\n", "Health: 6 X: 8 Y: 12\nXXXXXXXXXX\nX     tTTX\nXXXXX XXXX\nXX T     X\nXX XX XX X\nX   X X  X\nX   X X\u221e X\nX  bX X  X\nXX XX XX X\nX P X Xm X\nXX XX X XX\nX  TX X TX\nX M X X  X\nX   X X  X\nXX XX XTXX\nX R X X  X\nX   X XXTX\nX XXX X  X\nX    e   X\nXXXXXXXXXX\n", "Health: 6 X: 8 Y: 13\nXXXXXXXXXX\nX     tTTX\nXXXXX XXXX\nXX T     X\nXX XX XX X\nX   X X  X\nX   X X\u221e X\nX  bX X  X\nXX XX XX X\nX P X X  X\nXX XX X XX\nX  TX X TX\nX M X X  X\nX   X X HX\nXX XX XTXX\nX R X X  X\nX   X XXTX\nX XXX X  X\nX    e   X\nXXXXXXXXXX\n", "Health: 6 X: 7 Y: 13\nXXXXXXXXXX\nX     tTTX\nXXXXX XXXX\nXX T     X\nXX XX XX X\nX   X X  X\nX   X X\u221e X\nX  bX X  X\nXX XX XX X\nX P X X  X\nXX XX X XX\nX  TX XmTX\nX M X X  X\nX   X XH X\nXX XX XTXX\nX R X X  X\nX   X XXTX\nX XXX X  X\nX    e   X\nXXXXXXXXXX\n", "Health: 6 X: 7 Y: 14\nXXXXXXXXXX\nX     tTTX\nXXXXX XXXX\nXX T     X\nXX XX XX X\nX   X X  X\nX   X X\u221e X\nX  bX X  X\nXX XX XX X\nX P X X  X\nXX XX X XX\nX  TX X TX\nX M X Xm X\nX   X X  X\nXX XX X XX\nX R X X  X\nX   X XXTX\nX XXX X  X\nX    e   X\nXXXXXXXXXX\n", "Health: 6 X: 7 Y: 15\nXXXXXXXXXX\nX     tTTX\nXXXXX XXXX\nXX T     X\nXX XX XX X\nX   X X  X\nX   X X\u221e X\nX  bX X  X\nXX XX XX X\nX P X X  X\nXX XX X XX\nX  TX X TX\nX M X X  X\nX   X Xm X\nXX XX X XX\nX R X XH X\nX   X XXTX\nX XXX X  X\nX    e   X\nXXXXXXXXXX\n", "Health: 6 X: 8 Y: 15\nXXXXXXXXXX\nX     tTTX\nXXXXX XXXX\nXX T     X\nXX XX XX X\nX   X X  X\nX   X X\u221e X\nX  bX X  X\nXX XX XX X\nX P X X  X\nXX XX X XX\nX  TX X TX\nX M X X  X\nX   X X  X\nXX XX X XX\nX R X X HX\nX   X XXTX\nX XXX X  X\nX    e   X\nXXXXXXXXXX\n", "Health: 6 X: 8 Y: 16\nXXXXXXXXXX\nX     tTTX\nXXXXX XXXX\nXX T     X\nXX XX XX X\nX   X X  X\nX   X X\u221e X\nX  bX X  X\nXX XX XX X\nX P X X  X\nXX XX X XX\nX  TX X TX\nX M X X  X\nX   X X  X\nXX XX X XX\nX R X Xm X\nX   X XX X\nX XXX X  X\nX    e   X\nXXXXXXXXXX\n", "Health: 6 X: 8 Y: 17\nXXXXXXXXXX\nX     tTTX\nXXXXX XXXX\nXX T     X\nXX XX XX X\nX   X X  X\nX   X X\u221e X\nX  bX X  X\nXX XX XX X\nX P X X  X\nXX XX X XX\nX  TX X TX\nX M X X  X\nX   X X  X\nXX XX X XX\nX R X X mX\nX   X XX X\nX XXX X HX\nX    e   X\nXXXXXXXXXX\n", "Health: 6 X: 8 Y: 18\nXXXXXXXXXX\nX     tTTX\nXXXXX XXXX\nXX T     X\nXX XX XX X\nX   X X  X\nX   X X\u221e X\nX  bX X  X\nXX XX XX X\nX P X X  X\nXX XX X XX\nX  TX X TX\nX M X X  X\nX   X X  X\nXX XX X XX\nX R X X  X\nX   X XX X\nX XXX X  X\nX    e  HX\nXXXXXXXXXX\n", "Health: 6 X: 7 Y: 18\nXXXXXXXXXX\nX     tTTX\nXXXXX XXXX\nXX T     X\nXX XX XX X\nX   X X  X\nX   X X\u221e X\nX  bX X  X\nXX XX XX X\nX P X X  X\nXX XX X XX\nX  TX X TX\nX M X X  X\nX   X X  X\nXX XX X XX\nX R X X  X\nX   X XX X\nX XXX X mX\nX    e H X\nXXXXXXXXXX\n", "Health: 6 X: 6 Y: 18\nXXXXXXXXXX\nX     tTTX\nXXXXX XXXX\nXX T     X\nXX XX XX X\nX   X X  X\nX   X X\u221e X\nX  bX X  X\nXX XX XX X\nX P X X  X\nXX XX X XX\nX  TX X TX\nX M X X  X\nX   X X  X\nXX XX X XX\nX R X X  X\nX   X XX X\nX XXX Xm X\nX    eH  X\nXXXXXXXXXX\n", "Health: 6 X: 5 Y: 18\nXXXXXXXXXX\nX     tTTX\nXXXXX XXXX\nXX T     X\nXX XX XX X\nX   X X  X\nX   X X\u221e X\nX  bX X  X\nXX XX XX X\nX P X X  X\nXX XX X XX\nX  TX X TX\nX M X X  X\nX   X X  X\nXX XX X XX\nX R X X  X\nX   X XX X\nX XXX X  X\nX    e m X\nXXXXXXXXXX\n"], "map_number": 100}], "timestamp": "10-Aug-2021 20:53:17.024808", "ip": "104.52.73.55"}