{"Q1": "Every day", "Q2": "Always", "Q3": "Always", "Q4": "Sometimes", "Q5": "Always", "Q6": "Always", "Q7": "Always", "Q8": "Always", "Q9": "Always", "Q10": "Always", "results": [{"mechanics": [{"timestep": 1, "mechanic": "BlobHit"}, {"timestep": 9, "mechanic": "GoblinMeleeHit"}, {"timestep": 14, "mechanic": "GoblinMeleeHit"}, {"timestep": 20, "mechanic": "CollectTreasure"}, {"timestep": 21, "mechanic": "MinitaurHit"}, {"timestep": 22, "mechanic": "MinitaurHit"}, {"timestep": 23, "mechanic": "CollectPotion"}, {"timestep": 25, "mechanic": "OgreHit"}, {"timestep": 25, "mechanic": "OgreHit"}, {"timestep": 29, "mechanic": "CollectPotion"}, {"timestep": 35, "mechanic": "TriggerTrap"}, {"timestep": 37, "mechanic": "CollectTreasure"}, {"timestep": 38, "mechanic": "CollectTreasure"}, {"timestep": 39, "mechanic": "CollectTreasure"}, {"timestep": 40, "mechanic": "CollectTreasure"}, {"timestep": 44, "mechanic": "MinitaurHit"}, {"timestep": 45, "mechanic": "MinitaurHit"}, {"timestep": 45, "mechanic": "TriggerTrap"}, {"timestep": 52, "mechanic": "CollectTreasure"}, {"timestep": 60, "mechanic": "CollectTreasure"}, {"timestep": 60, "mechanic": "GoblinRangedHit"}, {"timestep": 61, "mechanic": "CollectTreasure"}, {"timestep": 61, "mechanic": "GoblinRangedHit"}, {"timestep": 63, "mechanic": "ReachStairs"}, {"timestep": 63, "mechanic": "MinitaurHit"}], "frequencies": {"BlobHit": 1, "GoblinMeleeHit": 2, "CollectTreasure": 8, "MinitaurHit": 5, "CollectPotion": 2, "OgreHit": 2, "TriggerTrap": 2, "GoblinRangedHit": 2, "ReachStairs": 1}, "levelReport": {"utilityGained": 0.0, "exitUtility": 1.0, "runnerUtility": 0.36, "loitererUtility": 64.0, "completionistUtility": 0.922222222222222, "monsterKillerUtility": 0.7666666666666666, "treasureCollectorUtility": 1.0, "turnsTaken": 64, "health": 1, "healthLost": 13, "alive": true, "javelinsThrown": 0, "monsterKills": 4, "minitaurKnockouts": 4, "treasuresCollected": 8, "potionsTaken": 2, "totalMonsters": 7, "totalTreasures": 8, "totalPotions": 2, "timeTaken": 0.0}, "positions": [{"X": 7, "Y": 3}, {"X": 6, "Y": 3}, {"X": 5, "Y": 3}, {"X": 4, "Y": 3}, {"X": 3, "Y": 3}, {"X": 2, "Y": 3}, {"X": 1, "Y": 3}, {"X": 1, "Y": 4}, {"X": 1, "Y": 5}, {"X": 1, "Y": 6}, {"X": 2, "Y": 6}, {"X": 1, "Y": 6}, {"X": 1, "Y": 7}, {"X": 1, "Y": 8}, {"X": 1, "Y": 9}, {"X": 2, "Y": 9}, {"X": 1, "Y": 9}, {"X": 1, "Y": 10}, {"X": 1, "Y": 11}, {"X": 1, "Y": 12}, {"X": 1, "Y": 13}, {"X": 1, "Y": 12}, {"X": 1, "Y": 11}, {"X": 2, "Y": 11}, {"X": 3, "Y": 11}, {"X": 3, "Y": 11}, {"X": 4, "Y": 11}, {"X": 5, "Y": 11}, {"X": 6, "Y": 11}, {"X": 7, "Y": 11}, {"X": 8, "Y": 11}, {"X": 8, "Y": 10}, {"X": 8, "Y": 9}, {"X": 8, "Y": 8}, {"X": 8, "Y": 7}, {"X": 8, "Y": 6}, {"X": 7, "Y": 6}, {"X": 6, "Y": 6}, {"X": 6, "Y": 7}, {"X": 6, "Y": 8}, {"X": 6, "Y": 9}, {"X": 6, "Y": 8}, {"X": 6, "Y": 7}, {"X": 6, "Y": 6}, {"X": 7, "Y": 6}, {"X": 8, "Y": 6}, {"X": 8, "Y": 7}, {"X": 8, "Y": 8}, {"X": 8, "Y": 9}, {"X": 8, "Y": 10}, {"X": 8, "Y": 11}, {"X": 8, "Y": 12}, {"X": 8, "Y": 13}, {"X": 8, "Y": 14}, {"X": 8, "Y": 15}, {"X": 8, "Y": 16}, {"X": 8, "Y": 17}, {"X": 8, "Y": 16}, {"X": 7, "Y": 16}, {"X": 6, "Y": 16}, {"X": 5, "Y": 16}, {"X": 4, "Y": 16}, {"X": 4, "Y": 17}, {"X": 5, "Y": 17}], "levelStates": ["Health: 10 X: 7 Y: 3\nXXXXXXXXXX\nXXXT m   X\nXXXXXXXX X\nX     bH X\nX XX XXXXX\nX XX XXXXX\nX MX XT tX\nX XX XTX X\nX XX XTX X\nX MX XTX X\nX XX XXX X\nX P o  P X\nX XXXXXX X\nXTX RR XTX\nX X    X X\nX XX  XX X\nX   TT   X\nXT   e   X\nXXXXXXXXXX\n", "Health: 10 X: 6 Y: 3\nXXXXXXXXXX\nXXXT  m  X\nXXXXXXXX X\nX     \u221e  X\nX XX XXXXX\nX XX XXXXX\nX MX XT tX\nX XX XTX X\nX XX XTX X\nX MX XTX X\nX XX XXX X\nX P o  P X\nX XXXXXX X\nXTX RR XTX\nX X    X X\nX XX  XX X\nX   TT   X\nXT   e   X\nXXXXXXXXXX\n", "Health: 10 X: 5 Y: 3\nXXXXXXXXXX\nXXXT   m X\nXXXXXXXX X\nX    H\u221e  X\nX XX XXXXX\nX XX XXXXX\nX MX XT tX\nX XX XTX X\nX XX XTX X\nX MX XTX X\nX XX XXX X\nX P o  P X\nX XXXXXX X\nXTX RR XTX\nX X    X X\nX XX  XX X\nX   TT   X\nXT   e   X\nXXXXXXXXXX\n", "Health: 10 X: 4 Y: 3\nXXXXXXXXXX\nXXXT    mX\nXXXXXXXX X\nX   H \u221e  X\nX XX XXXXX\nX XX XXXXX\nX MX XT tX\nX XX XTX X\nX XX XTX X\nX MX XTX X\nX XXoXXX X\nX P    P X\nX XXXXXX X\nXTX RR XTX\nX X    X X\nX XX  XX X\nX   TT   X\nXT   e   X\nXXXXXXXXXX\n", "Health: 10 X: 3 Y: 3\nXXXXXXXXXX\nXXXT     X\nXXXXXXXXmX\nX  H  \u221e  X\nX XX XXXXX\nX XX XXXXX\nX MX XT tX\nX XX XTX X\nX XX XTX X\nX MX XTX X\nX XXoXXX X\nX P    P X\nX XXXXXX X\nXTX RR XTX\nX X    X X\nX XX  XX X\nX   TT   X\nXT   e   X\nXXXXXXXXXX\n", "Health: 10 X: 2 Y: 3\nXXXXXXXXXX\nXXXT     X\nXXXXXXXX X\nX H   \u221e mX\nX XX XXXXX\nX XX XXXXX\nX MX XT tX\nX XX XTX X\nX XX XTX X\nX MX XTX X\nX XXoXXX X\nX P    P X\nX XXXXXX X\nXTX RR XTX\nX X    X X\nX XX  XX X\nX   TT   X\nXT   e   X\nXXXXXXXXXX\n", "Health: 10 X: 1 Y: 3\nXXXXXXXXXX\nXXXT     X\nXXXXXXXX X\nXH    \u221em X\nX XX XXXXX\nX XX XXXXX\nX MX XT tX\nX XX XTX X\nX XX XTX X\nX MX XTX X\nX XXoXXX X\nX P    P X\nX XXXXXX X\nXTX RR XTX\nX X    X X\nX XX  XX X\nX   TT   X\nXT   e   X\nXXXXXXXXXX\n", "Health: 10 X: 1 Y: 4\nXXXXXXXXXX\nXXXT     X\nXXXXXXXX X\nX     \u221e  X\nXHXX XXXXX\nX XX XXXXX\nX MX XT tX\nX XX XTX X\nX XX XTX X\nX MX XTX X\nX XXoXXX X\nX P    P X\nX XXXXXX X\nXTX RR XTX\nX X    X X\nX XX  XX X\nX   TT   X\nXT   e   X\nXXXXXXXXXX\n", "Health: 10 X: 1 Y: 5\nXXXXXXXXXX\nXXXT     X\nXXXXXXXX X\nX    m\u221e  X\nX XX XXXXX\nXHXX XXXXX\nX MX XT tX\nX XX XTX X\nX XX XTX X\nX MX XTX X\nX XXoXXX X\nX P    P X\nX XXXXXX X\nXTX RR XTX\nX X    X X\nX XX  XX X\nX   TT   X\nXT   e   X\nXXXXXXXXXX\n", "Health: 9 X: 1 Y: 6\nXXXXXXXXXX\nXXXT     X\nXXXXXXXX X\nX   m \u221e  X\nX XX XXXXX\nX XX XXXXX\nXH\u221eX XT tX\nX XX XTX X\nX XX XTX X\nX MX XTX X\nX XXoXXX X\nX P    P X\nX XXXXXX X\nXTX RR XTX\nX X    X X\nX XX  XX X\nX   TT   X\nXT   e   X\nXXXXXXXXXX\n", "Health: 9 X: 2 Y: 6\nXXXXXXXXXX\nXXXT     X\nXXXXXXXX X\nX  m  \u221e  X\nX XX XXXXX\nX XX XXXXX\nX \u221eX XT tX\nX XX XTX X\nX XX XTX X\nX MX XTX X\nX XXoXXX X\nX P    P X\nX XXXXXX X\nXTX RR XTX\nX X    X X\nX XX  XX X\nX   TT   X\nXT   e   X\nXXXXXXXXXX\n", "Health: 9 X: 1 Y: 6\nXXXXXXXXXX\nXXXT     X\nXXXXXXXX X\nX m   \u221e  X\nX XX XXXXX\nX XX XXXXX\nXH\u221eX XT tX\nX XX XTX X\nX XX XTX X\nX MX XTX X\nX XXoXXX X\nX P    P X\nX XXXXXX X\nXTX RR XTX\nX X    X X\nX XX  XX X\nX   TT   X\nXT   e   X\nXXXXXXXXXX\n", "Health: 9 X: 1 Y: 7\nXXXXXXXXXX\nXXXT     X\nXXXXXXXX X\nXm    \u221e  X\nX XX XXXXX\nX XX XXXXX\nX \u221eX XT tX\nXHXX XTX X\nX XX XTX X\nX MX XTX X\nX XXoXXX X\nX P    P X\nX XXXXXX X\nXTX RR XTX\nX X    X X\nX XX  XX X\nX   TT   X\nXT   e   X\nXXXXXXXXXX\n", "Health: 9 X: 1 Y: 8\nXXXXXXXXXX\nXXXT     X\nXXXXXXXX X\nX     \u221e  X\nXmXX XXXXX\nX XX XXXXX\nX \u221eX XT tX\nX XX XTX X\nXHXX XTX X\nX MX XTX X\nX XXoXXX X\nX P    P X\nX XXXXXX X\nXTX RR XTX\nX X    X X\nX XX  XX X\nX   TT   X\nXT   e   X\nXXXXXXXXXX\n", "Health: 8 X: 1 Y: 9\nXXXXXXXXXX\nXXXT     X\nXXXXXXXX X\nX     \u221e  X\nX XX XXXXX\nXmXX XXXXX\nX \u221eX XT tX\nX XX XTX X\nX XX XTX X\nXH\u221eX XTX X\nX XXoXXX X\nX P    P X\nX XXXXXX X\nXTX RR XTX\nX X    X X\nX XX  XX X\nX   TT   X\nXT   e   X\nXXXXXXXXXX\n", "Health: 8 X: 2 Y: 9\nXXXXXXXXXX\nXXXT     X\nXXXXXXXX X\nX     \u221e  X\nX XX XXXXX\nX XX XXXXX\nXm\u221eX XT tX\nX XX XTX X\nX XX XTX X\nX \u221eX XTX X\nX XXoXXX X\nX P    P X\nX XXXXXX X\nXTX RR XTX\nX X    X X\nX XX  XX X\nX   TT   X\nXT   e   X\nXXXXXXXXXX\n", "Health: 8 X: 1 Y: 9\nXXXXXXXXXX\nXXXT     X\nXXXXXXXX X\nX     \u221e  X\nX XX XXXXX\nX XX XXXXX\nX \u221eX XT tX\nXmXX XTX X\nX XX XTX X\nXH\u221eX XTX X\nX XXoXXX X\nX P    P X\nX XXXXXX X\nXTX RR XTX\nX X    X X\nX XX  XX X\nX   TT   X\nXT   e   X\nXXXXXXXXXX\n", "Health: 8 X: 1 Y: 10\nXXXXXXXXXX\nXXXT     X\nXXXXXXXX X\nX     \u221e  X\nX XX XXXXX\nX XX XXXXX\nX \u221eX XT tX\nX XX XTX X\nXmXX XTX X\nX \u221eX XTX X\nXHXXoXXX X\nX P    P X\nX XXXXXX X\nXTX RR XTX\nX X    X X\nX XX  XX X\nX   TT   X\nXT   e   X\nXXXXXXXXXX\n", "Health: 8 X: 1 Y: 11\nXXXXXXXXXX\nXXXT     X\nXXXXXXXX X\nX     \u221e  X\nX XX XXXXX\nX XX XXXXX\nX \u221eX XT tX\nX XX XTX X\nX XX XTX X\nXm\u221eX XTX X\nX XXoXXX X\nXHP    P X\nX XXXXXX X\nXTX RR XTX\nX X    X X\nX XX  XX X\nX   TT   X\nXT   e   X\nXXXXXXXXXX\n", "Health: 8 X: 1 Y: 12\nXXXXXXXXXX\nXXXT     X\nXXXXXXXX X\nX     \u221e  X\nX XX XXXXX\nX XX XXXXX\nX \u221eX XT tX\nX XX XTX X\nX XX XTX X\nX \u221eX XTX X\nXmXXoXXX X\nX P    P X\nXHXXXXXX X\nXTX RR XTX\nX X    X X\nX XX  XX X\nX   TT   X\nXT   e   X\nXXXXXXXXXX\n", "Health: 8 X: 1 Y: 13\nXXXXXXXXXX\nXXXT     X\nXXXXXXXX X\nX     \u221e  X\nX XX XXXXX\nX XX XXXXX\nX \u221eX XT tX\nX XX XTX X\nX XX XTX X\nX \u221eX XTX X\nX XXoXXX X\nXmP    P X\nX XXXXXX X\nX X RR XTX\nX X    X X\nX XX  XX X\nX   TT   X\nXT   e   X\nXXXXXXXXXX\n", "Health: 7 X: 1 Y: 12\nXXXXXXXXXX\nXXXT     X\nXXXXXXXX X\nX     \u221e  X\nX XX XXXXX\nX XX XXXXX\nX \u221eX XT tX\nX XX XTX X\nX XX XTX X\nX \u221eX XTX X\nX XXoXXX X\nXmP    P X\nXHXXXXXX X\nX X RR XTX\nX X    X X\nX XX  XX X\nX   TT   X\nXT   e   X\nXXXXXXXXXX\n", "Health: 7 X: 1 Y: 11\nXXXXXXXXXX\nXXXT     X\nXXXXXXXX X\nX     \u221e  X\nX XX XXXXX\nX XX XXXXX\nX \u221eX XT tX\nX XX XTX X\nX XX XTX X\nX \u221eX XTX X\nX XXoXXX X\nXmP    P X\nX XXXXXX X\nX X RR XTX\nX X    X X\nX XX  XX X\nX   TT   X\nXT   e   X\nXXXXXXXXXX\n", "Health: 9 X: 2 Y: 11\nXXXXXXXXXX\nXXXT     X\nXXXXXXXX X\nX     \u221e  X\nX XX XXXXX\nX XX XXXXX\nX \u221eX XT tX\nX XX XTX X\nX XX XTX X\nX \u221eX XTX X\nX XXoXXX X\nXm     P X\nX XXXXXX X\nX X RR XTX\nX X    X X\nX XX  XX X\nX   TT   X\nXT   e   X\nXXXXXXXXXX\n", "Health: 9 X: 3 Y: 11\nXXXXXXXXXX\nXXXT     X\nXXXXXXXX X\nX     \u221e  X\nX XX XXXXX\nX XX XXXXX\nX \u221eX XT tX\nX XX XTX X\nX XX XTX X\nX \u221eX XTX X\nX XX XXX X\nXm Ho  P X\nX XXXXXX X\nX X RR XTX\nX X    X X\nX XX  XX X\nX   TT   X\nXT   e   X\nXXXXXXXXXX\n", "Health: 5 X: 3 Y: 11\nXXXXXXXXXX\nXXXT     X\nXXXXXXXX X\nX     \u221e  X\nX XX XXXXX\nX XX XXXXX\nX \u221eX XT tX\nX XX XTX X\nX XX XTX X\nX \u221eX XTX X\nX XX XXX X\nXm H\u221e  P X\nX XXXXXX X\nX X RR XTX\nX X    X X\nX XX  XX X\nX   TT   X\nXT   e   X\nXXXXXXXXXX\n", "Health: 5 X: 4 Y: 11\nXXXXXXXXXX\nXXXT     X\nXXXXXXXX X\nX     \u221e  X\nX XX XXXXX\nX XX XXXXX\nX \u221eX XT tX\nX XX XTX X\nX XX XTX X\nX \u221eX XTX X\nX XX XXX X\nXm  \u221e  P X\nX XXXXXX X\nX X RR XTX\nX X    X X\nX XX  XX X\nX   TT   X\nXT   e   X\nXXXXXXXXXX\n", "Health: 5 X: 5 Y: 11\nXXXXXXXXXX\nXXXT     X\nXXXXXXXX X\nX     \u221e  X\nX XX XXXXX\nX XX XXXXX\nX \u221eX XT tX\nX XX XTX X\nX XX XTX X\nX \u221eX XTX X\nX XX XXX X\nX   \u221eH P X\nX XXXXXX X\nX X RR XTX\nX X    X X\nX XX  XX X\nX   TT   X\nXT   e   X\nXXXXXXXXXX\n", "Health: 5 X: 6 Y: 11\nXXXXXXXXXX\nXXXT     X\nXXXXXXXX X\nX     \u221e  X\nX XX XXXXX\nX XX XXXXX\nX \u221eX XT tX\nX XX XTX X\nX XX XTX X\nX \u221eX XTX X\nX XX XXX X\nX  m\u221e HP X\nX XXXXXX X\nX X RR XTX\nX X    X X\nX XX  XX X\nX   TT   X\nXT   e   X\nXXXXXXXXXX\n", "Health: 7 X: 7 Y: 11\nXXXXXXXXXX\nXXXT     X\nXXXXXXXX X\nX     \u221e  X\nX XX XXXXX\nX XX XXXXX\nX \u221eX XT tX\nX XX XTX X\nX XX XTX X\nX \u221eX XTX X\nX XX XXX X\nX   \u221e    X\nX XXXXXX X\nX X RR XTX\nX X    X X\nX XX  XX X\nX   TT   X\nXT   e   X\nXXXXXXXXXX\n", "Health: 7 X: 8 Y: 11\nXXXXXXXXXX\nXXXT     X\nXXXXXXXX X\nX     \u221e  X\nX XX XXXXX\nX XX XXXXX\nX \u221eX XT tX\nX XX XTX X\nX XX XTX X\nX \u221eX XTX X\nX XX XXX X\nX   \u221em  HX\nX XXXXXX X\nX X RR XTX\nX X    X X\nX XX  XX X\nX   TT   X\nXT   e   X\nXXXXXXXXXX\n", "Health: 7 X: 8 Y: 10\nXXXXXXXXXX\nXXXT     X\nXXXXXXXX X\nX     \u221e  X\nX XX XXXXX\nX XX XXXXX\nX \u221eX XT tX\nX XX XTX X\nX XX XTX X\nX \u221eX XTX X\nX XX XXXHX\nX   \u221e m  X\nX XXXXXX X\nX X RR XTX\nX X    X X\nX XX  XX X\nX   TT   X\nXT   e   X\nXXXXXXXXXX\n", "Health: 7 X: 8 Y: 9\nXXXXXXXXXX\nXXXT     X\nXXXXXXXX X\nX     \u221e  X\nX XX XXXXX\nX XX XXXXX\nX \u221eX XT tX\nX XX XTX X\nX XX XTX X\nX \u221eX XTXHX\nX XX XXX X\nX   \u221e    X\nX XXXXXX X\nX X RR XTX\nX X    X X\nX XX  XX X\nX   TT   X\nXT   e   X\nXXXXXXXXXX\n", "Health: 7 X: 8 Y: 8\nXXXXXXXXXX\nXXXT     X\nXXXXXXXX X\nX     \u221e  X\nX XX XXXXX\nX XX XXXXX\nX \u221eX XT tX\nX XX XTX X\nX XX XTXHX\nX \u221eX XTX X\nX XX XXX X\nX   \u221e   mX\nX XXXXXX X\nX X RR XTX\nX X    X X\nX XX  XX X\nX   TT   X\nXT   e   X\nXXXXXXXXXX\n", "Health: 7 X: 8 Y: 7\nXXXXXXXXXX\nXXXT     X\nXXXXXXXX X\nX     \u221e  X\nX XX XXXXX\nX XX XXXXX\nX \u221eX XT tX\nX XX XTXHX\nX XX XTX X\nX \u221eX XTX X\nX XX XXXmX\nX   \u221e    X\nX XXXXXX X\nX X RR XTX\nX X    X X\nX XX  XX X\nX   TT   X\nXT   e   X\nXXXXXXXXXX\n", "Health: 6 X: 8 Y: 6\nXXXXXXXXXX\nXXXT     X\nXXXXXXXX X\nX     \u221e  X\nX XX XXXXX\nX XX XXXXX\nX \u221eX XT tX\nX XX XTX X\nX XX XTX X\nX \u221eX XTXmX\nX XX XXX X\nX   \u221e    X\nX XXXXXX X\nX X RR XTX\nX X    X X\nX XX  XX X\nX   TT   X\nXT   e   X\nXXXXXXXXXX\n", "Health: 6 X: 7 Y: 6\nXXXXXXXXXX\nXXXT     X\nXXXXXXXX X\nX     \u221e  X\nX XX XXXXX\nX XX XXXXX\nX \u221eX XTHtX\nX XX XTX X\nX XX XTXmX\nX \u221eX XTX X\nX XX XXX X\nX   \u221e    X\nX XXXXXX X\nX X RR XTX\nX X    X X\nX XX  XX X\nX   TT   X\nXT   e   X\nXXXXXXXXXX\n", "Health: 6 X: 6 Y: 6\nXXXXXXXXXX\nXXXT     X\nXXXXXXXX X\nX     \u221e  X\nX XX XXXXX\nX XX XXXXX\nX \u221eX X  tX\nX XX XTXmX\nX XX XTX X\nX \u221eX XTX X\nX XX XXX X\nX   \u221e    X\nX XXXXXX X\nX X RR XTX\nX X    X X\nX XX  XX X\nX   TT   X\nXT   e   X\nXXXXXXXXXX\n", "Health: 6 X: 6 Y: 7\nXXXXXXXXXX\nXXXT     X\nXXXXXXXX X\nX     \u221e  X\nX XX XXXXX\nX XX XXXXX\nX \u221eX X  tX\nX XX X X X\nX XX XTX X\nX \u221eX XTX X\nX XX XXX X\nX   \u221e    X\nX XXXXXX X\nX X RR XTX\nX X    X X\nX XX  XX X\nX   TT   X\nXT   e   X\nXXXXXXXXXX\n", "Health: 6 X: 6 Y: 8\nXXXXXXXXXX\nXXXT     X\nXXXXXXXX X\nX     \u221e  X\nX XX XXXXX\nX XX XXXXX\nX \u221eX X  tX\nX XX X X X\nX XX X X X\nX \u221eX XTX X\nX XX XXX X\nX   \u221e    X\nX XXXXXX X\nX X RR XTX\nX X    X X\nX XX  XX X\nX   TT   X\nXT   e   X\nXXXXXXXXXX\n", "Health: 6 X: 6 Y: 9\nXXXXXXXXXX\nXXXT     X\nXXXXXXXX X\nX     \u221e  X\nX XX XXXXX\nX XX XXXXX\nX \u221eX X  tX\nX XX X X X\nX XX X X X\nX \u221eX X X X\nX XX XXX X\nX   \u221e    X\nX XXXXXX X\nX X RR XTX\nX X    X X\nX XX  XX X\nX   TT   X\nXT   e   X\nXXXXXXXXXX\n", "Health: 6 X: 6 Y: 8\nXXXXXXXXXX\nXXXT     X\nXXXXXXXX X\nX     \u221e  X\nX XX XXXXX\nX XX XXXXX\nX \u221eX X  tX\nX XX X X X\nX XX X X X\nX \u221eX X X X\nX XX XXX X\nX   \u221e    X\nX XXXXXX X\nX X RR XTX\nX X    X X\nX XX  XX X\nX   TT   X\nXT   e   X\nXXXXXXXXXX\n", "Health: 6 X: 6 Y: 7\nXXXXXXXXXX\nXXXT     X\nXXXXXXXX X\nX     \u221e  X\nX XX XXXXX\nX XX XXXXX\nX \u221eX X  tX\nX XX X X X\nX XX X X X\nX \u221eX X X X\nX XX XXX X\nX   \u221e    X\nX XXXXXX X\nX X RR XTX\nX X    X X\nX XX  XX X\nX   TT   X\nXT   e   X\nXXXXXXXXXX\n", "Health: 6 X: 6 Y: 6\nXXXXXXXXXX\nXXXT     X\nXXXXXXXX X\nX     \u221e  X\nX XX XXXXX\nX XX XXXXX\nX \u221eX X  tX\nX XX X X X\nX XX X X X\nX \u221eX X X X\nX XX XXX X\nX   \u221e    X\nX XXXXXX X\nX X RR XTX\nX X    X X\nX XX  XX X\nX   TT   X\nXT   e   X\nXXXXXXXXXX\n", "Health: 5 X: 7 Y: 6\nXXXXXXXXXX\nXXXT     X\nXXXXXXXX X\nX     \u221e  X\nX XX XXXXX\nX XX XXXXX\nX \u221eX X HtX\nX XX X X X\nX XX X X X\nX \u221eX X X X\nX XX XXX X\nX   \u221e    X\nX XXXXXX X\nX X RR XTX\nX X    X X\nX XX  XX X\nX   TT   X\nXT   e   X\nXXXXXXXXXX\n", "Health: 4 X: 8 Y: 6\nXXXXXXXXXX\nXXXT     X\nXXXXXXXX X\nX     \u221e  X\nX XX XXXXX\nX XX XXXXX\nX \u221eX X  tX\nX XX X X X\nX XX X X X\nX \u221eX X X X\nX XX XXX X\nX   \u221e    X\nX XXXXXX X\nX X RR XTX\nX X    X X\nX XX  XX X\nX   TT   X\nXT   e   X\nXXXXXXXXXX\n", "Health: 4 X: 8 Y: 7\nXXXXXXXXXX\nXXXT     X\nXXXXXXXX X\nX     \u221e  X\nX XX XXXXX\nX XX XXXXX\nX \u221eX X  tX\nX XX X XHX\nX XX X X X\nX \u221eX X X X\nX XX XXX X\nX   \u221e    X\nX XXXXXX X\nX X RR XTX\nX X    X X\nX XX  XX X\nX   TT   X\nXT   e   X\nXXXXXXXXXX\n", "Health: 4 X: 8 Y: 8\nXXXXXXXXXX\nXXXT     X\nXXXXXXXX X\nX     \u221e  X\nX XX XXXXX\nX XX XXXXX\nX \u221eX X  tX\nX XX X X X\nX XX X XHX\nX \u221eX X X X\nX XX XXX X\nX   \u221e    X\nX XXXXXX X\nX X RR XTX\nX X    X X\nX XX  XX X\nX   TT   X\nXT   e   X\nXXXXXXXXXX\n", "Health: 4 X: 8 Y: 9\nXXXXXXXXXX\nXXXT     X\nXXXXXXXX X\nX     \u221e  X\nX XX XXXXX\nX XX XXXXX\nX \u221eX X  tX\nX XX X X X\nX XX X X X\nX \u221eX X XHX\nX XX XXX X\nX   \u221e    X\nX XXXXXX X\nX X RR XTX\nX X    X X\nX XX  XX X\nX   TT   X\nXT   e   X\nXXXXXXXXXX\n", "Health: 4 X: 8 Y: 10\nXXXXXXXXXX\nXXXT     X\nXXXXXXXX X\nX     \u221e  X\nX XX XXXXX\nX XX XXXXX\nX \u221eX X  tX\nX XX X X X\nX XX X X X\nX \u221eX X X X\nX XX XXXHX\nX   \u221e    X\nX XXXXXX X\nX X RR XTX\nX X    X X\nX XX  XX X\nX   TT   X\nXT   e   X\nXXXXXXXXXX\n", "Health: 4 X: 8 Y: 11\nXXXXXXXXXX\nXXXT     X\nXXXXXXXX X\nX     \u221e  X\nX XX XXXXX\nX XX XXXXX\nX \u221eX X  tX\nX XX X XmX\nX XX X X X\nX \u221eX X X X\nX XX XXX X\nX   \u221e   HX\nX XXXXXX X\nX X RR XTX\nX X    X X\nX XX  XX X\nX   TT   X\nXT   e   X\nXXXXXXXXXX\n", "Health: 4 X: 8 Y: 12\nXXXXXXXXXX\nXXXT     X\nXXXXXXXX X\nX     \u221e  X\nX XX XXXXX\nX XX XXXXX\nX \u221eX X  tX\nX XX X X X\nX XX X XmX\nX \u221eX X X X\nX XX XXX X\nX   \u221e    X\nX XXXXXXHX\nX X RR XTX\nX X    X X\nX XX  XX X\nX   TT   X\nXT   e   X\nXXXXXXXXXX\n", "Health: 4 X: 8 Y: 13\nXXXXXXXXXX\nXXXT     X\nXXXXXXXX X\nX     \u221e  X\nX XX XXXXX\nX XX XXXXX\nX \u221eX X  tX\nX XX X X X\nX XX X X X\nX \u221eX X XmX\nX XX XXX X\nX   \u221e    X\nX XXXXXX X\nX X RR X X\nX X    X X\nX XX  XX X\nX   TT   X\nXT   e   X\nXXXXXXXXXX\n", "Health: 4 X: 8 Y: 14\nXXXXXXXXXX\nXXXT     X\nXXXXXXXX X\nX     \u221e  X\nX XX XXXXX\nX XX XXXXX\nX \u221eX X  tX\nX XX X X X\nX XX X X X\nX \u221eX X X X\nX XX XXXmX\nX   \u221e    X\nX XXXXXX X\nX X RR X X\nX X    XHX\nX XX  XX X\nX   TT   X\nXT   e   X\nXXXXXXXXXX\n", "Health: 4 X: 8 Y: 15\nXXXXXXXXXX\nXXXT     X\nXXXXXXXX X\nX     \u221e  X\nX XX XXXXX\nX XX XXXXX\nX \u221eX X  tX\nX XX X X X\nX XX X X X\nX \u221eX X X X\nX XX XXX X\nX   \u221e   mX\nX XXXXXX X\nX X RR X X\nX X    X X\nX XX  XXHX\nX   TT   X\nXT   e   X\nXXXXXXXXXX\n", "Health: 4 X: 8 Y: 16\nXXXXXXXXXX\nXXXT     X\nXXXXXXXX X\nX     \u221e  X\nX XX XXXXX\nX XX XXXXX\nX \u221eX X  tX\nX XX X X X\nX XX X X X\nX \u221eX X X X\nX XX XXX X\nX   \u221e    X\nX XXXXXXmX\nX X RR X X\nX X    X X\nX XX  XX X\nX   TT  HX\nXT   e   X\nXXXXXXXXXX\n", "Health: 4 X: 8 Y: 17\nXXXXXXXXXX\nXXXT     X\nXXXXXXXX X\nX     \u221e  X\nX XX XXXXX\nX XX XXXXX\nX \u221eX X  tX\nX XX X X X\nX XX X X X\nX \u221eX X X X\nX XX XXX X\nX   \u221e    X\nX XXXXXX X\nX X RR X X\nX X    X X\nX XX  XX X\nX   TT   X\nXT   e  HX\nXXXXXXXXXX\n", "Health: 4 X: 8 Y: 16\nXXXXXXXXXX\nXXXT     X\nXXXXXXXX X\nX     \u221e  X\nX XX XXXXX\nX XX XXXXX\nX \u221eX X  tX\nX XX X X X\nX XX X X X\nX \u221eX X X X\nX XX XXX X\nX   \u221e    X\nX XXXXXX X\nX X RR X X\nX X    XmX\nX XX  XX X\nX   TT  HX\nXT   e   X\nXXXXXXXXXX\n", "Health: 4 X: 7 Y: 16\nXXXXXXXXXX\nXXXT     X\nXXXXXXXX X\nX     \u221e  X\nX XX XXXXX\nX XX XXXXX\nX \u221eX X  tX\nX XX X X X\nX XX X X X\nX \u221eX X X X\nX XX XXX X\nX   \u221e    X\nX XXXXXX X\nX X RR X X\nX X    X X\nX XX  XXmX\nX   TT H X\nXT   e   X\nXXXXXXXXXX\n", "Health: 4 X: 6 Y: 16\nXXXXXXXXXX\nXXXT     X\nXXXXXXXX X\nX     \u221e  X\nX XX XXXXX\nX XX XXXXX\nX \u221eX X  tX\nX XX X X X\nX XX X X X\nX \u221eX X X X\nX XX XXX X\nX   \u221e    X\nX XXXXXX X\nX X RR X X\nX X    X X\nX XX  XX X\nX   TTH mX\nXT   e   X\nXXXXXXXXXX\n", "Health: 3 X: 5 Y: 16\nXXXXXXXXXX\nXXXT     X\nXXXXXXXX X\nX     \u221e  X\nX XX XXXXX\nX XX XXXXX\nX \u221eX X  tX\nX XX X X X\nX XX X X X\nX \u221eX X X X\nX XX XXX X\nX   \u221e    X\nX XXXXXX X\nX X RR X X\nX X    X X\nX XX  XX X\nX   T  m X\nXT   e   X\nXXXXXXXXXX\n", "Health: 2 X: 4 Y: 16\nXXXXXXXXXX\nXXXT     X\nXXXXXXXX X\nX     \u221e  X\nX XX XXXXX\nX XX XXXXX\nX \u221eX X  tX\nX XX X X X\nX XX X X X\nX \u221eX X X X\nX XX XXX X\nX   \u221e    X\nX XXXXXX X\nX X RR X X\nX X    X X\nX XX  XX X\nX     m  X\nXT   e   X\nXXXXXXXXXX\n", "Health: 2 X: 4 Y: 17\nXXXXXXXXXX\nXXXT     X\nXXXXXXXX X\nX     \u221e  X\nX XX XXXXX\nX XX XXXXX\nX \u221eX X  tX\nX XX X X X\nX XX X X X\nX \u221eX X X X\nX XX XXX X\nX   \u221e    X\nX XXXXXX X\nX X R  X X\nX X R  X X\nX XX  XX X\nX        X\nXT  He   X\nXXXXXXXXXX\n", "Health: 1 X: 5 Y: 17\nXXXXXXXXXX\nXXXT     X\nXXXXXXXX X\nX     \u221e  X\nX XX XXXXX\nX XX XXXXX\nX \u221eX X  tX\nX XX X X X\nX XX X X X\nX \u221eX X X X\nX XX XXX X\nX   \u221e    X\nX XXXXXX X\nX X  R X X\nX X  R X X\nX XX  XX X\nX        X\nXT   e   X\nXXXXXXXXXX\n"], "map_number": 201}, {"mechanics": [{"timestep": 0, "mechanic": "CollectTreasure"}, {"timestep": 3, "mechanic": "CollectTreasure"}, {"timestep": 3, "mechanic": "OgreTreasure"}, {"timestep": 6, "mechanic": "BlobHit"}, {"timestep": 9, "mechanic": "GoblinMeleeHit"}, {"timestep": 10, "mechanic": "GoblinRangedHit"}, {"timestep": 11, "mechanic": "GoblinRangedHit"}, {"timestep": 12, "mechanic": "CollectPotion"}, {"timestep": 12, "mechanic": "GoblinRangedHit"}, {"timestep": 13, "mechanic": "GoblinRangedHit"}, {"timestep": 17, "mechanic": "UsePortal"}, {"timestep": 19, "mechanic": "CollectTreasure"}, {"timestep": 22, "mechanic": "CollectTreasure"}, {"timestep": 28, "mechanic": "CollectTreasure"}, {"timestep": 31, "mechanic": "CollectTreasure"}, {"timestep": 34, "mechanic": "CollectTreasure"}, {"timestep": 39, "mechanic": "ReachStairs"}], "frequencies": {"CollectTreasure": 7, "OgreTreasure": 1, "BlobHit": 1, "GoblinMeleeHit": 1, "GoblinRangedHit": 4, "CollectPotion": 1, "UsePortal": 1, "ReachStairs": 1}, "levelReport": {"utilityGained": 0.0, "exitUtility": 1.0, "runnerUtility": 0.6, "loitererUtility": 40.0, "completionistUtility": 0.8716666666666666, "monsterKillerUtility": 0.825, "treasureCollectorUtility": 0.7899999999999999, "turnsTaken": 40, "health": 7, "healthLost": 5, "alive": true, "javelinsThrown": 0, "monsterKills": 3, "minitaurKnockouts": 0, "treasuresCollected": 7, "potionsTaken": 1, "totalMonsters": 5, "totalTreasures": 10, "totalPotions": 1, "timeTaken": 0.0}, "positions": [{"X": 6, "Y": 3}, {"X": 5, "Y": 3}, {"X": 4, "Y": 3}, {"X": 3, "Y": 3}, {"X": 2, "Y": 3}, {"X": 2, "Y": 4}, {"X": 2, "Y": 5}, {"X": 3, "Y": 5}, {"X": 2, "Y": 5}, {"X": 2, "Y": 6}, {"X": 2, "Y": 7}, {"X": 2, "Y": 8}, {"X": 2, "Y": 9}, {"X": 2, "Y": 10}, {"X": 2, "Y": 11}, {"X": 2, "Y": 12}, {"X": 3, "Y": 12}, {"X": 8, "Y": 11}, {"X": 7, "Y": 11}, {"X": 7, "Y": 10}, {"X": 7, "Y": 9}, {"X": 8, "Y": 9}, {"X": 8, "Y": 8}, {"X": 8, "Y": 9}, {"X": 7, "Y": 9}, {"X": 7, "Y": 10}, {"X": 7, "Y": 11}, {"X": 7, "Y": 12}, {"X": 8, "Y": 12}, {"X": 7, "Y": 12}, {"X": 7, "Y": 13}, {"X": 7, "Y": 14}, {"X": 7, "Y": 15}, {"X": 8, "Y": 15}, {"X": 8, "Y": 16}, {"X": 8, "Y": 17}, {"X": 8, "Y": 18}, {"X": 7, "Y": 18}, {"X": 6, "Y": 18}, {"X": 5, "Y": 18}], "levelStates": ["Health: 10 X: 6 Y: 3\nXXXXXXXXXX\nX m   tTTX\nXXXXX XXXX\nXX T     X\nXX XX XX X\nX   X X oX\nX   X X  X\nX  bX XT X\nXX XX XXTX\nX P X X  X\nXX XX XTXX\nX  TX X TX\nX M X X TX\nX   X X  X\nXX XX XTXX\nX R X X  X\nX   X XXTX\nX XXX X  X\nX    e   X\nXXXXXXXXXX\n", "Health: 10 X: 5 Y: 3\nXXXXXXXXXX\nX  m  tTTX\nXXXXX XXXX\nXX T H   X\nXX XX XX X\nX   X Xo X\nX   X X  X\nX  bX XT X\nXX XX XXTX\nX P X X  X\nXX XX XTXX\nX  TX X TX\nX M X X TX\nX   X X  X\nXX XX XTXX\nX R X X  X\nX   X XXTX\nX XXX X  X\nX    e   X\nXXXXXXXXXX\n", "Health: 10 X: 4 Y: 3\nXXXXXXXXXX\nX   m tTTX\nXXXXX XXXX\nXX TH    X\nXX XX XX X\nX   X X  X\nX   X Xo X\nX  bX XT X\nXX XX XXTX\nX P X X  X\nXX XX XTXX\nX  TX X TX\nX M X X TX\nX   X X  X\nXX XX XTXX\nX R X X  X\nX   X XXTX\nX XXX X  X\nX    e   X\nXXXXXXXXXX\n", "Health: 10 X: 3 Y: 3\nXXXXXXXXXX\nX    mtTTX\nXXXXX XXXX\nXX       X\nXX XX XX X\nX   X X  X\nX   X X  X\nX  bX X  X\nXX XX XXTX\nX P X X  X\nXX XX XTXX\nX  TX X TX\nX M X X TX\nX   X X  X\nXX XX XTXX\nX R X X  X\nX   X XXTX\nX XXX X  X\nX    e   X\nXXXXXXXXXX\n", "Health: 10 X: 2 Y: 3\nXXXXXXXXXX\nX     tTTX\nXXXXXmXXXX\nXXH      X\nXX XX XX X\nX   X X  X\nX  bX X  X\nX   X X  X\nXX XX XXTX\nX P X X  X\nXX XX XTXX\nX MTX X TX\nX   X X TX\nX   X X  X\nXXRXX XTXX\nX   X X  X\nX   X XXTX\nX XXX X  X\nX    e   X\nXXXXXXXXXX\n", "Health: 10 X: 2 Y: 4\nXXXXXXXXXX\nX     tTTX\nXXXXX XXXX\nXX   m   X\nXXHXX XX X\nX  bX X  X\nX   X X  X\nX   X X  X\nXX XX XXTX\nX P X X  X\nXXMXX XTXX\nX  TX X TX\nX   X X TX\nX R X X  X\nXX XX XTXX\nX   X X  X\nX   X XXTX\nX XXX X  X\nX    e   X\nXXXXXXXXXX\n", "Health: 9 X: 2 Y: 5\nXXXXXXXXXX\nX     tTTX\nXXXXX XXXX\nXX  m    X\nXX XX XX X\nX H\u221eX X  X\nX   X X  X\nX   X X  X\nXX XX XXTX\nX M X X  X\nXX XX XTXX\nX  TX X TX\nX R X X TX\nX   X X  X\nXX XX XTXX\nX   X X  X\nX   X XXTX\nX XXX X  X\nX    e   X\nXXXXXXXXXX\n", "Health: 9 X: 3 Y: 5\nXXXXXXXXXX\nX     tTTX\nXXXXX XXXX\nXX       X\nXX XX XX X\nX  \u221eX X  X\nX   X X  X\nX   X X  X\nXXMXX XXTX\nX P X X  X\nXX XX XTXX\nX  TX X TX\nX R X X TX\nX   X X  X\nXX XX XTXX\nX   X X  X\nX   X XXTX\nX XXX X  X\nX    e   X\nXXXXXXXXXX\n", "Health: 9 X: 2 Y: 5\nXXXXXXXXXX\nX     tTTX\nXXXXX XXXX\nXXm      X\nXX XX XX X\nX H\u221eX X  X\nX   X X  X\nX M X X  X\nXX XX XXTX\nX P X X  X\nXX XX XTXX\nX RTX X TX\nX   X X TX\nX   X X  X\nXX XX XTXX\nX   X X  X\nX   X XXTX\nX XXX X  X\nX    e   X\nXXXXXXXXXX\n", "Health: 8 X: 2 Y: 6\nXXXXXXXXXX\nX     tTTX\nXXXXX XXXX\nXX       X\nXXmXX XX X\nX  \u221eX X  X\nX H X X  X\nX \u221e X X  X\nXX XX XXTX\nX P X X  X\nXXRXX XTXX\nX  TX X TX\nX   X X TX\nX   X X  X\nXX XX XTXX\nX   X X  X\nX   X XXTX\nX XXX X  X\nX    e   X\nXXXXXXXXXX\n", "Health: 7 X: 2 Y: 7\nXXXXXXXXXX\nX     tTTX\nXXXXX XXXX\nXX       X\nXX XX XX X\nX m\u221eX X  X\nX   X X  X\nX \u221e X X  X\nXX XX XXTX\nX P X X  X\nXXRXX XTXX\nX  TX X TX\nX   X X TX\nX   X X  X\nXX XX XTXX\nX   X X  X\nX   X XXTX\nX XXX X  X\nX    e   X\nXXXXXXXXXX\n", "Health: 6 X: 2 Y: 8\nXXXXXXXXXX\nX     tTTX\nXXXXX XXXX\nXX       X\nXX XX XX X\nX  \u221eX X  X\nX m X X  X\nX \u221e X X  X\nXXHXX XXTX\nX P X X  X\nXXRXX XTXX\nX  TX X TX\nX   X X TX\nX   X X  X\nXX XX XTXX\nX   X X  X\nX   X XXTX\nX XXX X  X\nX    e   X\nXXXXXXXXXX\n", "Health: 7 X: 2 Y: 9\nXXXXXXXXXX\nX     tTTX\nXXXXX XXXX\nXX       X\nXX XX XX X\nX  \u221eX X  X\nX   X X  X\nX \u221e X X  X\nXX XX XXTX\nX   X X  X\nXXRXX XTXX\nX  TX X TX\nX   X X TX\nX   X X  X\nXX XX XTXX\nX   X X  X\nX   X XXTX\nX XXX X  X\nX    e   X\nXXXXXXXXXX\n", "Health: 7 X: 2 Y: 10\nXXXXXXXXXX\nX     tTTX\nXXXXX XXXX\nXX       X\nXX XX XX X\nX  \u221eX X  X\nX   X X  X\nX \u221e X X  X\nXXmXX XXTX\nX   X X  X\nXX\u221eXX XTXX\nX  TX X TX\nX   X X TX\nX   X X  X\nXX XX XTXX\nX   X X  X\nX   X XXTX\nX XXX X  X\nX    e   X\nXXXXXXXXXX\n", "Health: 7 X: 2 Y: 11\nXXXXXXXXXX\nX     tTTX\nXXXXX XXXX\nXX       X\nXX XX XX X\nX  \u221eX X  X\nX   X X  X\nX \u221e X X  X\nXX XX XXTX\nX   X X  X\nXX\u221eXX XTXX\nX HTX X TX\nX   X X TX\nX   X X  X\nXX XX XTXX\nX   X X  X\nX   X XXTX\nX XXX X  X\nX    e   X\nXXXXXXXXXX\n", "Health: 7 X: 2 Y: 12\nXXXXXXXXXX\nX     tTTX\nXXXXX XXXX\nXX       X\nXX XX XX X\nX  \u221eX X  X\nX   X X  X\nX \u221e X X  X\nXX XX XXTX\nX   X X  X\nXX\u221eXX XTXX\nX  TX X TX\nX H X X TX\nX   X X  X\nXX XX XTXX\nX   X X  X\nX   X XXTX\nX XXX X  X\nX    e   X\nXXXXXXXXXX\n", "Health: 7 X: 3 Y: 12\nXXXXXXXXXX\nX     tTTX\nXXXXX XXXX\nXX       X\nXX XX XX X\nX  \u221eX X  X\nX   X X  X\nX \u221e X X  X\nXX XX XXTX\nX   X X  X\nXX\u221eXX XTXX\nX mTX X TX\nX  HX X TX\nX   X X  X\nXX XX XTXX\nX   X X  X\nX   X XXTX\nX XXX X  X\nX    e   X\nXXXXXXXXXX\n", "Health: 7 X: 8 Y: 11\nXXXXXXXXXX\nX     tTTX\nXXXXX XXXX\nXX       X\nXX XX XX X\nX  \u221eX X  X\nX   X X  X\nX \u221e X X  X\nXX XX XXTX\nX   X X  X\nXX\u221eXX XTXX\nX  TX X TX\nX   X X TX\nX   X X  X\nXX XX XTXX\nX   X X  X\nX   X XXTX\nX XXX X  X\nX    e   X\nXXXXXXXXXX\n", "Health: 7 X: 7 Y: 11\nXXXXXXXXXX\nX     tTTX\nXXXXX XXXX\nXX       X\nXX XX XX X\nX  \u221eX X  X\nX   X X  X\nX \u221e X X  X\nXX XX XXTX\nX   X X  X\nXX\u221eXX XTXX\nX  TX XHTX\nX   X X TX\nX   X X  X\nXX XX XTXX\nX   X X  X\nX   X XXTX\nX XXX X  X\nX    e   X\nXXXXXXXXXX\n", "Health: 7 X: 7 Y: 10\nXXXXXXXXXX\nX     tTTX\nXXXXX XXXX\nXX       X\nXX XX XX X\nX  \u221eX X  X\nX   X X  X\nX \u221e X X  X\nXXmXX XXTX\nX   X X  X\nXX\u221eXX X XX\nX  TX X TX\nX   X X TX\nX   X X  X\nXX XX XTXX\nX   X X  X\nX   X XXTX\nX XXX X  X\nX    e   X\nXXXXXXXXXX\n", "Health: 7 X: 7 Y: 9\nXXXXXXXXXX\nX     tTTX\nXXXXX XXXX\nXX       X\nXX XX XX X\nX  \u221eX X  X\nX   X X  X\nX \u221e X X  X\nXX XX XXTX\nX   X XH X\nXX\u221eXX X XX\nX  TX X TX\nX   X X TX\nX   X X  X\nXX XX XTXX\nX   X X  X\nX   X XXTX\nX XXX X  X\nX    e   X\nXXXXXXXXXX\n", "Health: 7 X: 8 Y: 9\nXXXXXXXXXX\nX     tTTX\nXXXXX XXXX\nXX       X\nXX XX XX X\nX  \u221eX X  X\nX m X X  X\nX \u221e X X  X\nXX XX XXTX\nX   X X HX\nXX\u221eXX X XX\nX  TX X TX\nX   X X TX\nX   X X  X\nXX XX XTXX\nX   X X  X\nX   X XXTX\nX XXX X  X\nX    e   X\nXXXXXXXXXX\n", "Health: 7 X: 8 Y: 8\nXXXXXXXXXX\nX     tTTX\nXXXXX XXXX\nXX       X\nXX XX XX X\nX m\u221eX X  X\nX   X X  X\nX \u221e X X  X\nXX XX XX X\nX   X X  X\nXX\u221eXX X XX\nX  TX X TX\nX   X X TX\nX   X X  X\nXX XX XTXX\nX   X X  X\nX   X XXTX\nX XXX X  X\nX    e   X\nXXXXXXXXXX\n", "Health: 7 X: 8 Y: 9\nXXXXXXXXXX\nX     tTTX\nXXXXX XXXX\nXX       X\nXXmXX XX X\nX  \u221eX X  X\nX   X X  X\nX \u221e X X  X\nXX XX XX X\nX   X X HX\nXX\u221eXX X XX\nX  TX X TX\nX   X X TX\nX   X X  X\nXX XX XTXX\nX   X X  X\nX   X XXTX\nX XXX X  X\nX    e   X\nXXXXXXXXXX\n", "Health: 7 X: 7 Y: 9\nXXXXXXXXXX\nX     tTTX\nXXXXX XXXX\nXXm      X\nXX XX XX X\nX  \u221eX X  X\nX   X X  X\nX \u221e X X  X\nXX XX XX X\nX   X XH X\nXX\u221eXX X XX\nX  TX X TX\nX   X X TX\nX   X X  X\nXX XX XTXX\nX   X X  X\nX   X XXTX\nX XXX X  X\nX    e   X\nXXXXXXXXXX\n", "Health: 7 X: 7 Y: 10\nXXXXXXXXXX\nX     tTTX\nXXXXX XXXX\nXX       X\nXX XX XX X\nX  \u221eX X  X\nX   X X  X\nX \u221e X X  X\nXX XX XX X\nX   X X  X\nXX\u221eXX X XX\nX  TX X TX\nX   X X TX\nX   X X  X\nXX XX XTXX\nX   X X  X\nX   X XXTX\nX XXX X  X\nX    e   X\nXXXXXXXXXX\n", "Health: 7 X: 7 Y: 11\nXXXXXXXXXX\nX     tTTX\nXXXXX XXXX\nXX  m    X\nXX XX XX X\nX  \u221eX X  X\nX   X X  X\nX \u221e X X  X\nXX XX XX X\nX   X X  X\nXX\u221eXX X XX\nX  TX XHTX\nX   X X TX\nX   X X  X\nXX XX XTXX\nX   X X  X\nX   X XXTX\nX XXX X  X\nX    e   X\nXXXXXXXXXX\n", "Health: 7 X: 7 Y: 12\nXXXXXXXXXX\nX     tTTX\nXXXXX XXXX\nXX   m   X\nXX XX XX X\nX  \u221eX X  X\nX   X X  X\nX \u221e X X  X\nXX XX XX X\nX   X X  X\nXX\u221eXX X XX\nX  TX X TX\nX   X XHTX\nX   X X  X\nXX XX XTXX\nX   X X  X\nX   X XXTX\nX XXX X  X\nX    e   X\nXXXXXXXXXX\n", "Health: 7 X: 8 Y: 12\nXXXXXXXXXX\nX     tTTX\nXXXXX XXXX\nXX       X\nXX XX XX X\nX  \u221eX X  X\nX   X X  X\nX \u221e X X  X\nXX XX XX X\nX   X X  X\nXX\u221eXX X XX\nX  TX X TX\nX   X X  X\nX   X X  X\nXX XX XTXX\nX   X X  X\nX   X XXTX\nX XXX X  X\nX    e   X\nXXXXXXXXXX\n", "Health: 7 X: 7 Y: 12\nXXXXXXXXXX\nX     tTTX\nXXXXX XXXX\nXX     m X\nXX XX XX X\nX  \u221eX X  X\nX   X X  X\nX \u221e X X  X\nXX XX XX X\nX   X X  X\nXX\u221eXX X XX\nX  TX X TX\nX   X XH X\nX   X X  X\nXX XX XTXX\nX   X X  X\nX   X XXTX\nX XXX X  X\nX    e   X\nXXXXXXXXXX\n", "Health: 7 X: 7 Y: 13\nXXXXXXXXXX\nX     tTTX\nXXXXX XXXX\nXX      mX\nXX XX XX X\nX  \u221eX X  X\nX   X X  X\nX \u221e X X  X\nXX XX XX X\nX   X X  X\nXX\u221eXX X XX\nX  TX X TX\nX   X X  X\nX   X XH X\nXX XX XTXX\nX   X X  X\nX   X XXTX\nX XXX X  X\nX    e   X\nXXXXXXXXXX\n", "Health: 7 X: 7 Y: 14\nXXXXXXXXXX\nX     tTTX\nXXXXX XXXX\nXX       X\nXX XX XXmX\nX  \u221eX X  X\nX   X X  X\nX \u221e X X  X\nXX XX XX X\nX   X X  X\nXX\u221eXX X XX\nX  TX X TX\nX   X X  X\nX   X X  X\nXX XX X XX\nX   X X  X\nX   X XXTX\nX XXX X  X\nX    e   X\nXXXXXXXXXX\n", "Health: 7 X: 7 Y: 15\nXXXXXXXXXX\nX     tTTX\nXXXXX XXXX\nXX       X\nXX XX XX X\nX  \u221eX X mX\nX   X X  X\nX \u221e X X  X\nXX XX XX X\nX   X X  X\nXX\u221eXX X XX\nX  TX X TX\nX   X X  X\nX   X X  X\nXX XX X XX\nX   X XH X\nX   X XXTX\nX XXX X  X\nX    e   X\nXXXXXXXXXX\n", "Health: 7 X: 8 Y: 15\nXXXXXXXXXX\nX     tTTX\nXXXXX XXXX\nXX       X\nXX XX XX X\nX  \u221eX X  X\nX   X X mX\nX \u221e X X  X\nXX XX XX X\nX   X X  X\nXX\u221eXX X XX\nX  TX X TX\nX   X X  X\nX   X X  X\nXX XX X XX\nX   X X HX\nX   X XXTX\nX XXX X  X\nX    e   X\nXXXXXXXXXX\n", "Health: 7 X: 8 Y: 16\nXXXXXXXXXX\nX     tTTX\nXXXXX XXXX\nXX       X\nXX XX XX X\nX  \u221eX X  X\nX   X X  X\nX \u221e X X mX\nXX XX XX X\nX   X X  X\nXX\u221eXX X XX\nX  TX X TX\nX   X X  X\nX   X X  X\nXX XX X XX\nX   X X  X\nX   X XX X\nX XXX X  X\nX    e   X\nXXXXXXXXXX\n", "Health: 7 X: 8 Y: 17\nXXXXXXXXXX\nX     tTTX\nXXXXX XXXX\nXX       X\nXX XX XX X\nX  \u221eX X  X\nX   X X  X\nX \u221e X X  X\nXX XX XX X\nX   X X  X\nXX\u221eXX X XX\nX  TX X TX\nX   X X  X\nX   X X  X\nXX XX X XX\nX   X X  X\nX   X XX X\nX XXX X HX\nX    e   X\nXXXXXXXXXX\n", "Health: 7 X: 8 Y: 18\nXXXXXXXXXX\nX     tTTX\nXXXXX XXXX\nXX       X\nXX XX XX X\nX  \u221eX X  X\nX   X X  X\nX \u221e X X  X\nXX XX XX X\nX   X X mX\nXX\u221eXX X XX\nX  TX X TX\nX   X X  X\nX   X X  X\nXX XX X XX\nX   X X  X\nX   X XX X\nX XXX X  X\nX    e  HX\nXXXXXXXXXX\n", "Health: 7 X: 7 Y: 18\nXXXXXXXXXX\nX     tTTX\nXXXXX XXXX\nXX       X\nXX XX XX X\nX  \u221eX X  X\nX   X X  X\nX \u221e X X  X\nXX XX XX X\nX   X Xm X\nXX\u221eXX X XX\nX  TX X TX\nX   X X  X\nX   X X  X\nXX XX X XX\nX   X X  X\nX   X XX X\nX XXX X  X\nX    e H X\nXXXXXXXXXX\n", "Health: 7 X: 6 Y: 18\nXXXXXXXXXX\nX     tTTX\nXXXXX XXXX\nXX       X\nXX XX XX X\nX  \u221eX X  X\nX   X X  X\nX \u221e X X  X\nXX XX XX X\nX   X X  X\nXX\u221eXX X XX\nX  TX X TX\nX   X X  X\nX   X X  X\nXX XX X XX\nX   X X  X\nX   X XX X\nX XXX X  X\nX    eH  X\nXXXXXXXXXX\n", "Health: 7 X: 5 Y: 18\nXXXXXXXXXX\nX     tTTX\nXXXXX XXXX\nXX       X\nXX XX XX X\nX  \u221eX X  X\nX   X X  X\nX \u221e X X  X\nXX XX XX X\nX   X X  X\nXX\u221eXX X XX\nX  TX XmTX\nX   X X  X\nX   X X  X\nXX XX X XX\nX   X X  X\nX   X XX X\nX XXX X  X\nX    e   X\nXXXXXXXXXX\n"], "map_number": 100}, {"mechanics": [{"timestep": 2, "mechanic": "GoblinMeleeHit"}, {"timestep": 9, "mechanic": "CollectPotion"}, {"timestep": 30, "mechanic": "CollectTreasure"}, {"timestep": 32, "mechanic": "MinitaurHit"}, {"timestep": 36, "mechanic": "BlobHit"}, {"timestep": 43, "mechanic": "CollectTreasure"}, {"timestep": 44, "mechanic": "CollectTreasure"}, {"timestep": 46, "mechanic": "MinitaurHit"}, {"timestep": 47, "mechanic": "MinitaurHit"}, {"timestep": 53, "mechanic": "CollectTreasure"}, {"timestep": 54, "mechanic": "CollectTreasure"}, {"timestep": 55, "mechanic": "CollectTreasure"}, {"timestep": 56, "mechanic": "CollectTreasure"}, {"timestep": 57, "mechanic": "MinitaurHit"}, {"timestep": 58, "mechanic": "MinitaurHit"}, {"timestep": 82, "mechanic": "CollectPotion"}, {"timestep": 84, "mechanic": "MinitaurHit"}, {"timestep": 93, "mechanic": "GoblinRangedHit"}, {"timestep": 94, "mechanic": "GoblinRangedHit"}, {"timestep": 95, "mechanic": "GoblinRangedHit"}, {"timestep": 96, "mechanic": "GoblinRangedHit"}, {"timestep": 99, "mechanic": "BlobHit"}, {"timestep": 122, "mechanic": "ReachStairs"}], "frequencies": {"GoblinMeleeHit": 1, "CollectPotion": 2, "CollectTreasure": 7, "MinitaurHit": 6, "BlobHit": 2, "GoblinRangedHit": 4, "ReachStairs": 1}, "levelReport": {"utilityGained": 0.0, "exitUtility": 1.0, "runnerUtility": -0.22999999999999998, "loitererUtility": 123.0, "completionistUtility": 0.9999999999999998, "monsterKillerUtility": 1.0, "treasureCollectorUtility": 1.0, "turnsTaken": 123, "health": 4, "healthLost": 10, "alive": true, "javelinsThrown": 0, "monsterKills": 7, "minitaurKnockouts": 4, "treasuresCollected": 7, "potionsTaken": 2, "totalMonsters": 8, "totalTreasures": 7, "totalPotions": 2, "timeTaken": 0.0}, "positions": [{"X": 5, "Y": 9}, {"X": 5, "Y": 8}, {"X": 5, "Y": 7}, {"X": 6, "Y": 7}, {"X": 5, "Y": 7}, {"X": 5, "Y": 8}, {"X": 5, "Y": 9}, {"X": 6, "Y": 9}, {"X": 7, "Y": 9}, {"X": 8, "Y": 9}, {"X": 7, "Y": 9}, {"X": 6, "Y": 9}, {"X": 5, "Y": 9}, {"X": 5, "Y": 10}, {"X": 5, "Y": 11}, {"X": 5, "Y": 12}, {"X": 4, "Y": 12}, {"X": 3, "Y": 12}, {"X": 2, "Y": 12}, {"X": 1, "Y": 12}, {"X": 1, "Y": 13}, {"X": 1, "Y": 14}, {"X": 2, "Y": 14}, {"X": 3, "Y": 14}, {"X": 4, "Y": 14}, {"X": 5, "Y": 14}, {"X": 6, "Y": 14}, {"X": 7, "Y": 14}, {"X": 7, "Y": 13}, {"X": 7, "Y": 12}, {"X": 8, "Y": 12}, {"X": 7, "Y": 12}, {"X": 7, "Y": 13}, {"X": 7, "Y": 14}, {"X": 6, "Y": 14}, {"X": 6, "Y": 15}, {"X": 6, "Y": 16}, {"X": 5, "Y": 16}, {"X": 5, "Y": 17}, {"X": 5, "Y": 18}, {"X": 6, "Y": 18}, {"X": 7, "Y": 18}, {"X": 8, "Y": 18}, {"X": 8, "Y": 17}, {"X": 8, "Y": 16}, {"X": 8, "Y": 17}, {"X": 8, "Y": 18}, {"X": 7, "Y": 18}, {"X": 6, "Y": 18}, {"X": 5, "Y": 18}, {"X": 4, "Y": 18}, {"X": 3, "Y": 18}, {"X": 2, "Y": 18}, {"X": 2, "Y": 17}, {"X": 2, "Y": 16}, {"X": 1, "Y": 16}, {"X": 1, "Y": 17}, {"X": 1, "Y": 18}, {"X": 2, "Y": 18}, {"X": 3, "Y": 18}, {"X": 4, "Y": 18}, {"X": 5, "Y": 18}, {"X": 5, "Y": 17}, {"X": 5, "Y": 16}, {"X": 6, "Y": 16}, {"X": 6, "Y": 15}, {"X": 6, "Y": 14}, {"X": 5, "Y": 14}, {"X": 4, "Y": 14}, {"X": 3, "Y": 14}, {"X": 2, "Y": 14}, {"X": 1, "Y": 14}, {"X": 1, "Y": 13}, {"X": 1, "Y": 12}, {"X": 2, "Y": 12}, {"X": 3, "Y": 12}, {"X": 4, "Y": 12}, {"X": 5, "Y": 12}, {"X": 5, "Y": 11}, {"X": 5, "Y": 10}, {"X": 6, "Y": 10}, {"X": 7, "Y": 10}, {"X": 8, "Y": 10}, {"X": 7, "Y": 10}, {"X": 6, "Y": 10}, {"X": 6, "Y": 9}, {"X": 6, "Y": 8}, {"X": 6, "Y": 7}, {"X": 6, "Y": 6}, {"X": 6, "Y": 5}, {"X": 5, "Y": 5}, {"X": 4, "Y": 5}, {"X": 4, "Y": 4}, {"X": 4, "Y": 3}, {"X": 3, "Y": 3}, {"X": 2, "Y": 3}, {"X": 1, "Y": 3}, {"X": 1, "Y": 2}, {"X": 1, "Y": 1}, {"X": 2, "Y": 1}, {"X": 3, "Y": 1}, {"X": 4, "Y": 1}, {"X": 5, "Y": 1}, {"X": 6, "Y": 1}, {"X": 7, "Y": 1}, {"X": 8, "Y": 1}, {"X": 8, "Y": 2}, {"X": 8, "Y": 3}, {"X": 7, "Y": 3}, {"X": 6, "Y": 3}, {"X": 5, "Y": 3}, {"X": 4, "Y": 3}, {"X": 4, "Y": 4}, {"X": 4, "Y": 5}, {"X": 4, "Y": 6}, {"X": 4, "Y": 7}, {"X": 4, "Y": 8}, {"X": 4, "Y": 9}, {"X": 4, "Y": 10}, {"X": 3, "Y": 10}, {"X": 2, "Y": 10}, {"X": 1, "Y": 10}, {"X": 1, "Y": 9}], "levelStates": ["Health: 10 X: 5 Y: 9\nXXXXXXXXXX\nX   b m  X\nX XXXXXX X\nXR      RX\nXXXX  XXXX\nX     M  X\nX  M     X\nX      M X\nXXX    XXX\nXe   H  PX\nX       PX\nXXXXX XXXX\nX     X TX\nX XXXXX XX\nX        X\nXXXXXX XXX\nXTTX   XTX\nXTTXX XXTX\nX    b   X\nXXXXXXXXXX\n", "Health: 10 X: 5 Y: 8\nXXXXXXXXXX\nX   b  m X\nX XXXXXX X\nXR      RX\nXXXX  XXXX\nX    M   X\nX   M    X\nX     M  X\nXXX  H XXX\nXe      PX\nX       PX\nXXXXX XXXX\nX     X TX\nX XXXXX XX\nX        X\nXXXXXX XXX\nXTTX   XTX\nXTTXX XXTX\nX    b   X\nXXXXXXXXXX\n", "Health: 9 X: 5 Y: 7\nXXXXXXXXXX\nX   b   mX\nX XXXXXX X\nXR      RX\nXXXX  XXXX\nX        X\nX    \u221e   X\nX    H\u221e  X\nXXX    XXX\nXe      PX\nX       PX\nXXXXX XXXX\nX     X TX\nX XXXXX XX\nX        X\nXXXXXX XXX\nXTTX   XTX\nXTTXX XXTX\nX    b   X\nXXXXXXXXXX\n", "Health: 9 X: 6 Y: 7\nXXXXXXXXXX\nX   b    X\nX XXXXXXmX\nXR      RX\nXXXX  XXXX\nX        X\nX    \u221e   X\nX     \u221e  X\nXXX    XXX\nXe      PX\nX       PX\nXXXXX XXXX\nX     X TX\nX XXXXX XX\nX        X\nXXXXXX XXX\nXTTX   XTX\nXTTXX XXTX\nX    b   X\nXXXXXXXXXX\n", "Health: 9 X: 5 Y: 7\nXXXXXXXXXX\nX   b    X\nX XXXXXX X\nXR      \u221eX\nXXXX  XXXX\nX        X\nX    \u221e   X\nX    H\u221e  X\nXXX    XXX\nXe      PX\nX       PX\nXXXXX XXXX\nX     X TX\nX XXXXX XX\nX        X\nXXXXXX XXX\nXTTX   XTX\nXTTXX XXTX\nX    b   X\nXXXXXXXXXX\n", "Health: 9 X: 5 Y: 8\nXXXXXXXXXX\nX   b    X\nX XXXXXX X\nXR     m\u221eX\nXXXX  XXXX\nX        X\nX    \u221e   X\nX     \u221e  X\nXXX  H XXX\nXe      PX\nX       PX\nXXXXX XXXX\nX     X TX\nX XXXXX XX\nX        X\nXXXXXX XXX\nXTTX   XTX\nXTTXX XXTX\nX    b   X\nXXXXXXXXXX\n", "Health: 9 X: 5 Y: 9\nXXXXXXXXXX\nX   b    X\nX XXXXXX X\nXR    m \u221eX\nXXXX  XXXX\nX        X\nX    \u221e   X\nX     \u221e  X\nXXX    XXX\nXe   H  PX\nX       PX\nXXXXX XXXX\nX     X TX\nX XXXXX XX\nX        X\nXXXXXX XXX\nXTTX   XTX\nXTTXX XXTX\nX    b   X\nXXXXXXXXXX\n", "Health: 9 X: 6 Y: 9\nXXXXXXXXXX\nX   b    X\nX XXXXXX X\nXR   m  \u221eX\nXXXX  XXXX\nX        X\nX    \u221e   X\nX     \u221e  X\nXXX    XXX\nXe    H PX\nX       PX\nXXXXX XXXX\nX     X TX\nX XXXXX XX\nX        X\nXXXXXX XXX\nXTTX   XTX\nXTTXX XXTX\nX    b   X\nXXXXXXXXXX\n", "Health: 9 X: 7 Y: 9\nXXXXXXXXXX\nX   b    X\nX XXXXXX X\nXR      \u221eX\nXXXX mXXXX\nX        X\nX    \u221e   X\nX     \u221e  X\nXXX    XXX\nXe     HPX\nX       PX\nXXXXX XXXX\nX     X TX\nX XXXXX XX\nX        X\nXXXXXX XXX\nXTTX   XTX\nXTTXX XXTX\nX    b   X\nXXXXXXXXXX\n", "Health: 11 X: 8 Y: 9\nXXXXXXXXXX\nX   b    X\nX XXXXXX X\nXR      \u221eX\nXXXX  XXXX\nX    m   X\nX    \u221e   X\nX     \u221e  X\nXXX    XXX\nXe       X\nX       PX\nXXXXX XXXX\nX     X TX\nX XXXXX XX\nX        X\nXXXXXX XXX\nXTTX   XTX\nXTTXX XXTX\nX    b   X\nXXXXXXXXXX\n", "Health: 11 X: 7 Y: 9\nXXXXXXXXXX\nX   b    X\nX XXXXXX X\nXR      \u221eX\nXXXX  XXXX\nX     m  X\nX    \u221e   X\nX     \u221e  X\nXXX    XXX\nXe     H X\nX       PX\nXXXXX XXXX\nX     X TX\nX XXXXX XX\nX        X\nXXXXXX XXX\nXTTX   XTX\nXTTXX XXTX\nX    b   X\nXXXXXXXXXX\n", "Health: 11 X: 6 Y: 9\nXXXXXXXXXX\nX   b    X\nX XXXXXX X\nXR      \u221eX\nXXXX  XXXX\nX        X\nX    \u221em  X\nX     \u221e  X\nXXX    XXX\nXe    H  X\nX       PX\nXXXXX XXXX\nX     X TX\nX XXXXX XX\nX        X\nXXXXXX XXX\nXTTX   XTX\nXTTXX XXTX\nX    b   X\nXXXXXXXXXX\n", "Health: 11 X: 5 Y: 9\nXXXXXXXXXX\nX   b    X\nX XXXXXX X\nXR      \u221eX\nXXXX  XXXX\nX        X\nX    \u221e   X\nX     \u221e  X\nXXX    XXX\nXe   H   X\nX       PX\nXXXXX XXXX\nX     X TX\nX XXXXX XX\nX        X\nXXXXXX XXX\nXTTX   XTX\nXTTXX XXTX\nX    b   X\nXXXXXXXXXX\n", "Health: 11 X: 5 Y: 10\nXXXXXXXXXX\nX   b    X\nX XXXXXX X\nXR      \u221eX\nXXXX  XXXX\nX        X\nX    \u221e   X\nX    m\u221e  X\nXXX    XXX\nXe       X\nX    H  PX\nXXXXX XXXX\nX     X TX\nX XXXXX XX\nX        X\nXXXXXX XXX\nXTTX   XTX\nXTTXX XXTX\nX    b   X\nXXXXXXXXXX\n", "Health: 11 X: 5 Y: 11\nXXXXXXXXXX\nX   b    X\nX XXXXXX X\nXR      \u221eX\nXXXX  XXXX\nX        X\nX    \u221e   X\nX     \u221e  X\nXXX  m XXX\nXe       X\nX       PX\nXXXXXHXXXX\nX     X TX\nX XXXXX XX\nX        X\nXXXXXX XXX\nXTTX   XTX\nXTTXX XXTX\nX    b   X\nXXXXXXXXXX\n", "Health: 11 X: 5 Y: 12\nXXXXXXXXXX\nX   b    X\nX XXXXXX X\nXR      \u221eX\nXXXX  XXXX\nX        X\nX    \u221e   X\nX     \u221e  X\nXXX    XXX\nXe   m   X\nX       PX\nXXXXX XXXX\nX    HX TX\nX XXXXX XX\nX        X\nXXXXXX XXX\nXTTX   XTX\nXTTXX XXTX\nX    b   X\nXXXXXXXXXX\n", "Health: 11 X: 4 Y: 12\nXXXXXXXXXX\nX   b    X\nX XXXXXX X\nXR      \u221eX\nXXXX  XXXX\nX        X\nX    \u221e   X\nX     \u221e  X\nXXX    XXX\nXe       X\nX    m  PX\nXXXXX XXXX\nX   H X TX\nX XXXXX XX\nX        X\nXXXXXX XXX\nXTTX   XTX\nXTTXX XXTX\nX    b   X\nXXXXXXXXXX\n", "Health: 11 X: 3 Y: 12\nXXXXXXXXXX\nX   b    X\nX XXXXXX X\nXR      \u221eX\nXXXX  XXXX\nX        X\nX    \u221e   X\nX     \u221e  X\nXXX    XXX\nXe       X\nX       PX\nXXXXXmXXXX\nX  H  X TX\nX XXXXX XX\nX        X\nXXXXXX XXX\nXTTX   XTX\nXTTXX XXTX\nX    b   X\nXXXXXXXXXX\n", "Health: 11 X: 2 Y: 12\nXXXXXXXXXX\nX   b    X\nX XXXXXX X\nXR      \u221eX\nXXXX  XXXX\nX        X\nX    \u221e   X\nX     \u221e  X\nXXX    XXX\nXe       X\nX       PX\nXXXXX XXXX\nX H  mX TX\nX XXXXX XX\nX        X\nXXXXXX XXX\nXTTX   XTX\nXTTXX XXTX\nX    b   X\nXXXXXXXXXX\n", "Health: 11 X: 1 Y: 12\nXXXXXXXXXX\nX   b    X\nX XXXXXX X\nXR      \u221eX\nXXXX  XXXX\nX        X\nX    \u221e   X\nX     \u221e  X\nXXX    XXX\nXe       X\nX       PX\nXXXXX XXXX\nXH  m X TX\nX XXXXX XX\nX        X\nXXXXXX XXX\nXTTX   XTX\nXTTXX XXTX\nX    b   X\nXXXXXXXXXX\n", "Health: 11 X: 1 Y: 13\nXXXXXXXXXX\nX   b    X\nX XXXXXX X\nXR      \u221eX\nXXXX  XXXX\nX        X\nX    \u221e   X\nX     \u221e  X\nXXX    XXX\nXe       X\nX       PX\nXXXXX XXXX\nX  m  X TX\nXHXXXXX XX\nX        X\nXXXXXX XXX\nXTTX   XTX\nXTTXX XXTX\nX    b   X\nXXXXXXXXXX\n", "Health: 11 X: 1 Y: 14\nXXXXXXXXXX\nX   b    X\nX XXXXXX X\nXR      \u221eX\nXXXX  XXXX\nX        X\nX    \u221e   X\nX     \u221e  X\nXXX    XXX\nXe       X\nX       PX\nXXXXX XXXX\nX m   X TX\nX XXXXX XX\nXH       X\nXXXXXX XXX\nXTTX   XTX\nXTTXX XXTX\nX    b   X\nXXXXXXXXXX\n", "Health: 11 X: 2 Y: 14\nXXXXXXXXXX\nX   b    X\nX XXXXXX X\nXR      \u221eX\nXXXX  XXXX\nX        X\nX    \u221e   X\nX     \u221e  X\nXXX    XXX\nXe       X\nX       PX\nXXXXX XXXX\nXm    X TX\nX XXXXX XX\nX H      X\nXXXXXX XXX\nXTTX   XTX\nXTTXX XXTX\nX    b   X\nXXXXXXXXXX\n", "Health: 11 X: 3 Y: 14\nXXXXXXXXXX\nX   b    X\nX XXXXXX X\nXR      \u221eX\nXXXX  XXXX\nX        X\nX    \u221e   X\nX     \u221e  X\nXXX    XXX\nXe       X\nX       PX\nXXXXX XXXX\nX     X TX\nXmXXXXX XX\nX  H     X\nXXXXXX XXX\nXTTX   XTX\nXTTXX XXTX\nX    b   X\nXXXXXXXXXX\n", "Health: 11 X: 4 Y: 14\nXXXXXXXXXX\nX   b    X\nX XXXXXX X\nXR      \u221eX\nXXXX  XXXX\nX        X\nX    \u221e   X\nX     \u221e  X\nXXX    XXX\nXe       X\nX       PX\nXXXXX XXXX\nX     X TX\nX XXXXX XX\nXm  H    X\nXXXXXX XXX\nXTTX   XTX\nXTTXX XXTX\nX    b   X\nXXXXXXXXXX\n", "Health: 11 X: 5 Y: 14\nXXXXXXXXXX\nX   b    X\nX XXXXXX X\nXR      \u221eX\nXXXX  XXXX\nX        X\nX    \u221e   X\nX     \u221e  X\nXXX    XXX\nXe       X\nX       PX\nXXXXX XXXX\nX     X TX\nX XXXXX XX\nX m  H   X\nXXXXXX XXX\nXTTX   XTX\nXTTXX XXTX\nX    b   X\nXXXXXXXXXX\n", "Health: 11 X: 6 Y: 14\nXXXXXXXXXX\nX   b    X\nX XXXXXX X\nXR      \u221eX\nXXXX  XXXX\nX        X\nX    \u221e   X\nX     \u221e  X\nXXX    XXX\nXe       X\nX       PX\nXXXXX XXXX\nX     X TX\nX XXXXX XX\nX  m  H  X\nXXXXXX XXX\nXTTX   XTX\nXTTXXbXXTX\nX        X\nXXXXXXXXXX\n", "Health: 11 X: 7 Y: 14\nXXXXXXXXXX\nX   b    X\nX XXXXXX X\nXR      \u221eX\nXXXX  XXXX\nX        X\nX    \u221e   X\nX     \u221e  X\nXXX    XXX\nXe       X\nX       PX\nXXXXX XXXX\nX     X TX\nX XXXXX XX\nX   m  H X\nXXXXXX XXX\nXTTX   XTX\nXTTXXbXXTX\nX        X\nXXXXXXXXXX\n", "Health: 11 X: 7 Y: 13\nXXXXXXXXXX\nX   b    X\nX XXXXXX X\nXR      \u221eX\nXXXX  XXXX\nX        X\nX    \u221e   X\nX     \u221e  X\nXXX    XXX\nXe       X\nX       PX\nXXXXX XXXX\nX     X TX\nX XXXXXHXX\nX    m   X\nXXXXXX XXX\nXTTX b XTX\nXTTXX XXTX\nX        X\nXXXXXXXXXX\n", "Health: 11 X: 7 Y: 12\nXXXXXXXXXX\nX   b    X\nX XXXXXX X\nXR      \u221eX\nXXXX  XXXX\nX        X\nX    \u221e   X\nX     \u221e  X\nXXX    XXX\nXe       X\nX       PX\nXXXXX XXXX\nX     XHTX\nX XXXXX XX\nX     m  X\nXXXXXX XXX\nXTTX b XTX\nXTTXX XXTX\nX        X\nXXXXXXXXXX\n", "Health: 11 X: 8 Y: 12\nXXXXXXXXXX\nX   b    X\nX XXXXXX X\nXR      \u221eX\nXXXX  XXXX\nX        X\nX    \u221e   X\nX     \u221e  X\nXXX    XXX\nXe       X\nX       PX\nXXXXX XXXX\nX     X  X\nX XXXXX XX\nX      m X\nXXXXXX XXX\nXTTX b XTX\nXTTXX XXTX\nX        X\nXXXXXXXXXX\n", "Health: 11 X: 7 Y: 12\nXXXXXXXXXX\nX   b    X\nX XXXXXX X\nXR      \u221eX\nXXXX  XXXX\nX        X\nX    \u221e   X\nX     \u221e  X\nXXX    XXX\nXe       X\nX       PX\nXXXXX XXXX\nX     XH X\nX XXXXXmXX\nX        X\nXXXXXX XXX\nXTTX b XTX\nXTTXX XXTX\nX        X\nXXXXXXXXXX\n", "Health: 10 X: 7 Y: 13\nXXXXXXXXXX\nX   b    X\nX XXXXXX X\nXR      \u221eX\nXXXX  XXXX\nX        X\nX    \u221e   X\nX     \u221e  X\nXXX    XXX\nXe       X\nX       PX\nXXXXX XXXX\nX     X  X\nX XXXXXmXX\nX        X\nXXXXXX XXX\nXTTX b XTX\nXTTXX XXTX\nX        X\nXXXXXXXXXX\n", "Health: 10 X: 7 Y: 14\nXXXXXXXXXX\nX   b    X\nX XXXXXX X\nXR      \u221eX\nXXXX  XXXX\nX        X\nX    \u221e   X\nX     \u221e  X\nXXX    XXX\nXe       X\nX       PX\nXXXXX XXXX\nX     X  X\nX XXXXXmXX\nX      H X\nXXXXXX XXX\nXTTX b XTX\nXTTXX XXTX\nX        X\nXXXXXXXXXX\n", "Health: 10 X: 6 Y: 14\nXXXXXXXXXX\nX   b    X\nX XXXXXX X\nXR      \u221eX\nXXXX  XXXX\nX        X\nX    \u221e   X\nX     \u221e  X\nXXX    XXX\nXe       X\nX       PX\nXXXXX XXXX\nX     X  X\nX XXXXXmXX\nX     H  X\nXXXXXX XXX\nXTTX b XTX\nXTTXX XXTX\nX        X\nXXXXXXXXXX\n", "Health: 10 X: 6 Y: 15\nXXXXXXXXXX\nX   b    X\nX XXXXXX X\nXR      \u221eX\nXXXX  XXXX\nX        X\nX    \u221e   X\nX     \u221e  X\nXXX    XXX\nXe       X\nX       PX\nXXXXX XXXX\nX     X  X\nX XXXXXmXX\nX        X\nXXXXXXHXXX\nXTTX b XTX\nXTTXX XXTX\nX        X\nXXXXXXXXXX\n", "Health: 9 X: 6 Y: 16\nXXXXXXXXXX\nX   b    X\nX XXXXXX X\nXR      \u221eX\nXXXX  XXXX\nX        X\nX    \u221e   X\nX     \u221e  X\nXXX    XXX\nXe       X\nX       PX\nXXXXX XXXX\nX     X  X\nX XXXXXmXX\nX        X\nXXXXXX XXX\nXTTX \u221eHXTX\nXTTXX XXTX\nX        X\nXXXXXXXXXX\n", "Health: 9 X: 5 Y: 16\nXXXXXXXXXX\nX   b    X\nX XXXXXX X\nXR      \u221eX\nXXXX  XXXX\nX        X\nX    \u221e   X\nX     \u221e  X\nXXX    XXX\nXe       X\nX       PX\nXXXXX XXXX\nX     X  X\nX XXXXX XX\nX      m X\nXXXXXX XXX\nXTTX \u221e XTX\nXTTXX XXTX\nX        X\nXXXXXXXXXX\n", "Health: 9 X: 5 Y: 17\nXXXXXXXXXX\nX   b    X\nX XXXXXX X\nXR      \u221eX\nXXXX  XXXX\nX        X\nX    \u221e   X\nX     \u221e  X\nXXX    XXX\nXe       X\nX       PX\nXXXXX XXXX\nX     X  X\nX XXXXX XX\nX     m  X\nXXXXXX XXX\nXTTX \u221e XTX\nXTTXXHXXTX\nX        X\nXXXXXXXXXX\n", "Health: 9 X: 5 Y: 18\nXXXXXXXXXX\nX   b    X\nX XXXXXX X\nXR      \u221eX\nXXXX  XXXX\nX        X\nX    \u221e   X\nX     \u221e  X\nXXX    XXX\nXe       X\nX       PX\nXXXXX XXXX\nX     X  X\nX XXXXX XX\nX        X\nXXXXXXmXXX\nXTTX \u221e XTX\nXTTXX XXTX\nX    H   X\nXXXXXXXXXX\n", "Health: 9 X: 6 Y: 18\nXXXXXXXXXX\nX   b    X\nX XXXXXX X\nXR      \u221eX\nXXXX  XXXX\nX        X\nX    \u221e   X\nX     \u221e  X\nXXX    XXX\nXe       X\nX       PX\nXXXXX XXXX\nX     X  X\nX XXXXX XX\nX        X\nXXXXXX XXX\nXTTX \u221emXTX\nXTTXX XXTX\nX     H  X\nXXXXXXXXXX\n", "Health: 9 X: 7 Y: 18\nXXXXXXXXXX\nX   b    X\nX XXXXXX X\nXR      \u221eX\nXXXX  XXXX\nX        X\nX    \u221e   X\nX     \u221e  X\nXXX    XXX\nXe       X\nX       PX\nXXXXX XXXX\nX     X  X\nX XXXXX XX\nX        X\nXXXXXX XXX\nXTTX \u221e XTX\nXTTXX XXTX\nX      H X\nXXXXXXXXXX\n", "Health: 9 X: 8 Y: 18\nXXXXXXXXXX\nX   b    X\nX XXXXXX X\nXR      \u221eX\nXXXX  XXXX\nX        X\nX    \u221e   X\nX     \u221e  X\nXXX    XXX\nXe       X\nX       PX\nXXXXX XXXX\nX     X  X\nX XXXXX XX\nX        X\nXXXXXX XXX\nXTTX \u221e XTX\nXTTXXmXXTX\nX       HX\nXXXXXXXXXX\n", "Health: 9 X: 8 Y: 17\nXXXXXXXXXX\nX   b    X\nX XXXXXX X\nXR      \u221eX\nXXXX  XXXX\nX        X\nX    \u221e   X\nX     \u221e  X\nXXX    XXX\nXe       X\nX       PX\nXXXXX XXXX\nX     X  X\nX XXXXX XX\nX        X\nXXXXXX XXX\nXTTX \u221e XTX\nXTTXX XX X\nX    m   X\nXXXXXXXXXX\n", "Health: 9 X: 8 Y: 16\nXXXXXXXXXX\nX   b    X\nX XXXXXX X\nXR      \u221eX\nXXXX  XXXX\nX        X\nX    \u221e   X\nX     \u221e  X\nXXX    XXX\nXe       X\nX       PX\nXXXXX XXXX\nX     X  X\nX XXXXX XX\nX        X\nXXXXXX XXX\nXTTX \u221e X X\nXTTXX XX X\nX     m  X\nXXXXXXXXXX\n", "Health: 9 X: 8 Y: 17\nXXXXXXXXXX\nX   b    X\nX XXXXXX X\nXR      \u221eX\nXXXX  XXXX\nX        X\nX    \u221e   X\nX     \u221e  X\nXXX    XXX\nXe       X\nX       PX\nXXXXX XXXX\nX     X  X\nX XXXXX XX\nX        X\nXXXXXX XXX\nXTTX \u221e X X\nXTTXX XX X\nX      m X\nXXXXXXXXXX\n", "Health: 8 X: 8 Y: 18\nXXXXXXXXXX\nX   b    X\nX XXXXXX X\nXR      \u221eX\nXXXX  XXXX\nX        X\nX    \u221e   X\nX     \u221e  X\nXXX    XXX\nXe       X\nX       PX\nXXXXX XXXX\nX     X  X\nX XXXXX XX\nX        X\nXXXXXX XXX\nXTTX \u221e X X\nXTTXX XX X\nX      mHX\nXXXXXXXXXX\n", "Health: 8 X: 7 Y: 18\nXXXXXXXXXX\nX   b    X\nX XXXXXX X\nXR      \u221eX\nXXXX  XXXX\nX        X\nX    \u221e   X\nX     \u221e  X\nXXX    XXX\nXe       X\nX       PX\nXXXXX XXXX\nX     X  X\nX XXXXX XX\nX        X\nXXXXXX XXX\nXTTX \u221e X X\nXTTXX XX X\nX      m X\nXXXXXXXXXX\n", "Health: 8 X: 6 Y: 18\nXXXXXXXXXX\nX   b    X\nX XXXXXX X\nXR      \u221eX\nXXXX  XXXX\nX        X\nX    \u221e   X\nX     \u221e  X\nXXX    XXX\nXe       X\nX       PX\nXXXXX XXXX\nX     X  X\nX XXXXX XX\nX        X\nXXXXXX XXX\nXTTX \u221e X X\nXTTXX XX X\nX     Hm X\nXXXXXXXXXX\n", "Health: 8 X: 5 Y: 18\nXXXXXXXXXX\nX   b    X\nX XXXXXX X\nXR      \u221eX\nXXXX  XXXX\nX        X\nX    \u221e   X\nX     \u221e  X\nXXX    XXX\nXe       X\nX       PX\nXXXXX XXXX\nX     X  X\nX XXXXX XX\nX        X\nXXXXXX XXX\nXTTX \u221e X X\nXTTXX XX X\nX    H m X\nXXXXXXXXXX\n", "Health: 8 X: 4 Y: 18\nXXXXXXXXXX\nX   b    X\nX XXXXXX X\nXR      \u221eX\nXXXX  XXXX\nX        X\nX    \u221e   X\nX     \u221e  X\nXXX    XXX\nXe       X\nX       PX\nXXXXX XXXX\nX     X  X\nX XXXXX XX\nX        X\nXXXXXX XXX\nXTTX \u221e X X\nXTTXX XX X\nX   H  m X\nXXXXXXXXXX\n", "Health: 8 X: 3 Y: 18\nXXXXXXXXXX\nX   b    X\nX XXXXXX X\nXR      \u221eX\nXXXX  XXXX\nX        X\nX    \u221e   X\nX     \u221e  X\nXXX    XXX\nXe       X\nX       PX\nXXXXX XXXX\nX     X  X\nX XXXXX XX\nX        X\nXXXXXX XXX\nXTTX \u221e X X\nXTTXX XX X\nX  H   m X\nXXXXXXXXXX\n", "Health: 8 X: 2 Y: 18\nXXXXXXXXXX\nX   b    X\nX XXXXXX X\nXR      \u221eX\nXXXX  XXXX\nX        X\nX    \u221e   X\nX     \u221e  X\nXXX    XXX\nXe       X\nX       PX\nXXXXX XXXX\nX     X  X\nX XXXXX XX\nX        X\nXXXXXX XXX\nXTTX \u221e X X\nXTTXX XX X\nX H   m  X\nXXXXXXXXXX\n", "Health: 8 X: 2 Y: 17\nXXXXXXXXXX\nX   b    X\nX XXXXXX X\nXR      \u221eX\nXXXX  XXXX\nX        X\nX    \u221e   X\nX     \u221e  X\nXXX    XXX\nXe       X\nX       PX\nXXXXX XXXX\nX     X  X\nX XXXXX XX\nX        X\nXXXXXX XXX\nXTTX \u221e X X\nXT XX XX X\nX    m   X\nXXXXXXXXXX\n", "Health: 8 X: 2 Y: 16\nXXXXXXXXXX\nX   b    X\nX XXXXXX X\nXR      \u221eX\nXXXX  XXXX\nX        X\nX    \u221e   X\nX     \u221e  X\nXXX    XXX\nXe       X\nX       PX\nXXXXX XXXX\nX     X  X\nX XXXXX XX\nX        X\nXXXXXX XXX\nXT X \u221e X X\nXT XX XX X\nX   m    X\nXXXXXXXXXX\n", "Health: 8 X: 1 Y: 16\nXXXXXXXXXX\nX   b    X\nX XXXXXX X\nXR      \u221eX\nXXXX  XXXX\nX        X\nX    \u221e   X\nX     \u221e  X\nXXX    XXX\nXe       X\nX       PX\nXXXXX XXXX\nX     X  X\nX XXXXX XX\nX        X\nXXXXXX XXX\nX  X \u221e X X\nXT XX XX X\nX  m     X\nXXXXXXXXXX\n", "Health: 8 X: 1 Y: 17\nXXXXXXXXXX\nX   b    X\nX XXXXXX X\nXR      \u221eX\nXXXX  XXXX\nX        X\nX    \u221e   X\nX     \u221e  X\nXXX    XXX\nXe       X\nX       PX\nXXXXX XXXX\nX     X  X\nX XXXXX XX\nX        X\nXXXXXX XXX\nX  X \u221e X X\nX  XX XX X\nX m      X\nXXXXXXXXXX\n", "Health: 7 X: 1 Y: 18\nXXXXXXXXXX\nX   b    X\nX XXXXXX X\nXR      \u221eX\nXXXX  XXXX\nX        X\nX    \u221e   X\nX     \u221e  X\nXXX    XXX\nXe       X\nX       PX\nXXXXX XXXX\nX     X  X\nX XXXXX XX\nX        X\nXXXXXX XXX\nX  X \u221e X X\nX  XX XX X\nXHm      X\nXXXXXXXXXX\n", "Health: 7 X: 2 Y: 18\nXXXXXXXXXX\nX   b    X\nX XXXXXX X\nXR      \u221eX\nXXXX  XXXX\nX        X\nX    \u221e   X\nX     \u221e  X\nXXX    XXX\nXe       X\nX       PX\nXXXXX XXXX\nX     X  X\nX XXXXX XX\nX        X\nXXXXXX XXX\nX  X \u221e X X\nX  XX XX X\nX m      X\nXXXXXXXXXX\n", "Health: 7 X: 3 Y: 18\nXXXXXXXXXX\nX   b    X\nX XXXXXX X\nXR      \u221eX\nXXXX  XXXX\nX        X\nX    \u221e   X\nX     \u221e  X\nXXX    XXX\nXe       X\nX       PX\nXXXXX XXXX\nX     X  X\nX XXXXX XX\nX        X\nXXXXXX XXX\nX  X \u221e X X\nX  XX XX X\nX mH     X\nXXXXXXXXXX\n", "Health: 7 X: 4 Y: 18\nXXXXXXXXXX\nX   b    X\nX XXXXXX X\nXR      \u221eX\nXXXX  XXXX\nX        X\nX    \u221e   X\nX     \u221e  X\nXXX    XXX\nXe       X\nX       PX\nXXXXX XXXX\nX     X  X\nX XXXXX XX\nX        X\nXXXXXX XXX\nX  X \u221e X X\nX  XX XX X\nX m H    X\nXXXXXXXXXX\n", "Health: 7 X: 5 Y: 18\nXXXXXXXXXX\nX   b    X\nX XXXXXX X\nXR      \u221eX\nXXXX  XXXX\nX        X\nX    \u221e   X\nX     \u221e  X\nXXX    XXX\nXe       X\nX       PX\nXXXXX XXXX\nX     X  X\nX XXXXX XX\nX        X\nXXXXXX XXX\nX  X \u221e X X\nX  XX XX X\nX m  H   X\nXXXXXXXXXX\n", "Health: 7 X: 5 Y: 17\nXXXXXXXXXX\nX   b    X\nX XXXXXX X\nXR      \u221eX\nXXXX  XXXX\nX        X\nX    \u221e   X\nX     \u221e  X\nXXX    XXX\nXe       X\nX       PX\nXXXXX XXXX\nX     X  X\nX XXXXX XX\nX        X\nXXXXXX XXX\nX  X \u221e X X\nX  XXHXX X\nX m      X\nXXXXXXXXXX\n", "Health: 7 X: 5 Y: 16\nXXXXXXXXXX\nX   b    X\nX XXXXXX X\nXR      \u221eX\nXXXX  XXXX\nX        X\nX    \u221e   X\nX     \u221e  X\nXXX    XXX\nXe       X\nX       PX\nXXXXX XXXX\nX     X  X\nX XXXXX XX\nX        X\nXXXXXX XXX\nX  X \u221e X X\nX  XX XX X\nX  m     X\nXXXXXXXXXX\n", "Health: 7 X: 6 Y: 16\nXXXXXXXXXX\nX   b    X\nX XXXXXX X\nXR      \u221eX\nXXXX  XXXX\nX        X\nX    \u221e   X\nX     \u221e  X\nXXX    XXX\nXe       X\nX       PX\nXXXXX XXXX\nX     X  X\nX XXXXX XX\nX        X\nXXXXXX XXX\nX  X \u221eHX X\nX  XX XX X\nX   m    X\nXXXXXXXXXX\n", "Health: 7 X: 6 Y: 15\nXXXXXXXXXX\nX   b    X\nX XXXXXX X\nXR      \u221eX\nXXXX  XXXX\nX        X\nX    \u221e   X\nX     \u221e  X\nXXX    XXX\nXe       X\nX       PX\nXXXXX XXXX\nX     X  X\nX XXXXX XX\nX        X\nXXXXXXHXXX\nX  X \u221e X X\nX  XX XX X\nX    m   X\nXXXXXXXXXX\n", "Health: 7 X: 6 Y: 14\nXXXXXXXXXX\nX   b    X\nX XXXXXX X\nXR      \u221eX\nXXXX  XXXX\nX        X\nX    \u221e   X\nX     \u221e  X\nXXX    XXX\nXe       X\nX       PX\nXXXXX XXXX\nX     X  X\nX XXXXX XX\nX     H  X\nXXXXXX XXX\nX  X \u221e X X\nX  XXmXX X\nX        X\nXXXXXXXXXX\n", "Health: 7 X: 5 Y: 14\nXXXXXXXXXX\nX   b    X\nX XXXXXX X\nXR      \u221eX\nXXXX  XXXX\nX        X\nX    \u221e   X\nX     \u221e  X\nXXX    XXX\nXe       X\nX       PX\nXXXXX XXXX\nX     X  X\nX XXXXX XX\nX    H   X\nXXXXXX XXX\nX  X \u221e X X\nX  XX XX X\nX        X\nXXXXXXXXXX\n", "Health: 7 X: 4 Y: 14\nXXXXXXXXXX\nX   b    X\nX XXXXXX X\nXR      \u221eX\nXXXX  XXXX\nX        X\nX    \u221e   X\nX     \u221e  X\nXXX    XXX\nXe       X\nX       PX\nXXXXX XXXX\nX     X  X\nX XXXXX XX\nX   H    X\nXXXXXX XXX\nX  X \u221emX X\nX  XX XX X\nX        X\nXXXXXXXXXX\n", "Health: 7 X: 3 Y: 14\nXXXXXXXXXX\nX   b    X\nX XXXXXX X\nXR      \u221eX\nXXXX  XXXX\nX        X\nX    \u221e   X\nX     \u221e  X\nXXX    XXX\nXe       X\nX       PX\nXXXXX XXXX\nX     X  X\nX XXXXX XX\nX  H     X\nXXXXXXmXXX\nX  X \u221e X X\nX  XX XX X\nX        X\nXXXXXXXXXX\n", "Health: 7 X: 2 Y: 14\nXXXXXXXXXX\nX   b    X\nX XXXXXX X\nXR      \u221eX\nXXXX  XXXX\nX        X\nX    \u221e   X\nX     \u221e  X\nXXX    XXX\nXe       X\nX       PX\nXXXXX XXXX\nX     X  X\nX XXXXX XX\nX H   m  X\nXXXXXX XXX\nX  X \u221e X X\nX  XX XX X\nX        X\nXXXXXXXXXX\n", "Health: 7 X: 1 Y: 14\nXXXXXXXXXX\nX   b    X\nX XXXXXX X\nXR      \u221eX\nXXXX  XXXX\nX        X\nX    \u221e   X\nX     \u221e  X\nXXX    XXX\nXe       X\nX       PX\nXXXXX XXXX\nX     X  X\nX XXXXX XX\nXH   m   X\nXXXXXX XXX\nX  X \u221e X X\nX  XX XX X\nX        X\nXXXXXXXXXX\n", "Health: 7 X: 1 Y: 13\nXXXXXXXXXX\nX   b    X\nX XXXXXX X\nXR      \u221eX\nXXXX  XXXX\nX        X\nX    \u221e   X\nX     \u221e  X\nXXX    XXX\nXe       X\nX       PX\nXXXXX XXXX\nX     X  X\nXHXXXXX XX\nX   m    X\nXXXXXX XXX\nX  X \u221e X X\nX  XX XX X\nX        X\nXXXXXXXXXX\n", "Health: 7 X: 1 Y: 12\nXXXXXXXXXX\nX   b    X\nX XXXXXX X\nXR      \u221eX\nXXXX  XXXX\nX        X\nX    \u221e   X\nX     \u221e  X\nXXX    XXX\nXe       X\nX       PX\nXXXXX XXXX\nXH    X  X\nX XXXXX XX\nX  m     X\nXXXXXX XXX\nX  X \u221e X X\nX  XX XX X\nX        X\nXXXXXXXXXX\n", "Health: 7 X: 2 Y: 12\nXXXXXXXXXX\nX   b    X\nX XXXXXX X\nXR      \u221eX\nXXXX  XXXX\nX        X\nX    \u221e   X\nX     \u221e  X\nXXX    XXX\nXe       X\nX       PX\nXXXXX XXXX\nX H   X  X\nX XXXXX XX\nX m      X\nXXXXXX XXX\nX  X \u221e X X\nX  XX XX X\nX        X\nXXXXXXXXXX\n", "Health: 7 X: 3 Y: 12\nXXXXXXXXXX\nX   b    X\nX XXXXXX X\nXR      \u221eX\nXXXX  XXXX\nX        X\nX    \u221e   X\nX     \u221e  X\nXXX    XXX\nXe       X\nX       PX\nXXXXX XXXX\nX  H  X  X\nX XXXXX XX\nXm       X\nXXXXXX XXX\nX  X \u221e X X\nX  XX XX X\nX        X\nXXXXXXXXXX\n", "Health: 7 X: 4 Y: 12\nXXXXXXXXXX\nX   b    X\nX XXXXXX X\nXR      \u221eX\nXXXX  XXXX\nX        X\nX    \u221e   X\nX     \u221e  X\nXXX    XXX\nXe       X\nX       PX\nXXXXX XXXX\nX   H X  X\nXmXXXXX XX\nX        X\nXXXXXX XXX\nX  X \u221e X X\nX  XX XX X\nX        X\nXXXXXXXXXX\n", "Health: 7 X: 5 Y: 12\nXXXXXXXXXX\nX   b    X\nX XXXXXX X\nXR      \u221eX\nXXXX  XXXX\nX        X\nX    \u221e   X\nX     \u221e  X\nXXX    XXX\nXe       X\nX       PX\nXXXXX XXXX\nXm   HX  X\nX XXXXX XX\nX        X\nXXXXXX XXX\nX  X \u221e X X\nX  XX XX X\nX        X\nXXXXXXXXXX\n", "Health: 7 X: 5 Y: 11\nXXXXXXXXXX\nX   b    X\nX XXXXXX X\nXR      \u221eX\nXXXX  XXXX\nX        X\nX    \u221e   X\nX     \u221e  X\nXXX    XXX\nXe       X\nX       PX\nXXXXXHXXXX\nX m   X  X\nX XXXXX XX\nX        X\nXXXXXX XXX\nX  X \u221e X X\nX  XX XX X\nX        X\nXXXXXXXXXX\n", "Health: 7 X: 5 Y: 10\nXXXXXXXXXX\nX   b    X\nX XXXXXX X\nXR      \u221eX\nXXXX  XXXX\nX        X\nX    \u221e   X\nX     \u221e  X\nXXX    XXX\nXe       X\nX    H  PX\nXXXXX XXXX\nX  m  X  X\nX XXXXX XX\nX        X\nXXXXXX XXX\nX  X \u221e X X\nX  XX XX X\nX        X\nXXXXXXXXXX\n", "Health: 7 X: 6 Y: 10\nXXXXXXXXXX\nX   b    X\nX XXXXXX X\nXR      \u221eX\nXXXX  XXXX\nX        X\nX    \u221e   X\nX     \u221e  X\nXXX    XXX\nXe       X\nX     H PX\nXXXXX XXXX\nX   m X  X\nX XXXXX XX\nX        X\nXXXXXX XXX\nX  X \u221e X X\nX  XX XX X\nX        X\nXXXXXXXXXX\n", "Health: 7 X: 7 Y: 10\nXXXXXXXXXX\nX   b    X\nX XXXXXX X\nXR      \u221eX\nXXXX  XXXX\nX        X\nX    \u221e   X\nX     \u221e  X\nXXX    XXX\nXe       X\nX      HPX\nXXXXX XXXX\nX    mX  X\nX XXXXX XX\nX        X\nXXXXXX XXX\nX  X \u221e X X\nX  XX XX X\nX        X\nXXXXXXXXXX\n", "Health: 9 X: 8 Y: 10\nXXXXXXXXXX\nX   b    X\nX XXXXXX X\nXR      \u221eX\nXXXX  XXXX\nX        X\nX    \u221e   X\nX     \u221e  X\nXXX    XXX\nXe       X\nX        X\nXXXXXmXXXX\nX     X  X\nX XXXXX XX\nX        X\nXXXXXX XXX\nX  X \u221e X X\nX  XX XX X\nX        X\nXXXXXXXXXX\n", "Health: 9 X: 7 Y: 10\nXXXXXXXXXX\nX   b    X\nX XXXXXX X\nXR      \u221eX\nXXXX  XXXX\nX        X\nX    \u221e   X\nX     \u221e  X\nXXX    XXX\nXe       X\nX    m H X\nXXXXX XXXX\nX     X  X\nX XXXXX XX\nX        X\nXXXXXX XXX\nX  X \u221e X X\nX  XX XX X\nX        X\nXXXXXXXXXX\n", "Health: 8 X: 6 Y: 10\nXXXXXXXXXX\nX   b    X\nX XXXXXX X\nXR      \u221eX\nXXXX  XXXX\nX        X\nX    \u221e   X\nX     \u221e  X\nXXX    XXX\nXe       X\nX    mH  X\nXXXXX XXXX\nX     X  X\nX XXXXX XX\nX        X\nXXXXXX XXX\nX  X \u221e X X\nX  XX XX X\nX        X\nXXXXXXXXXX\n", "Health: 8 X: 6 Y: 9\nXXXXXXXXXX\nX   b    X\nX XXXXXX X\nXR      \u221eX\nXXXX  XXXX\nX        X\nX    \u221e   X\nX     \u221e  X\nXXX    XXX\nXe    H  X\nX    m   X\nXXXXX XXXX\nX     X  X\nX XXXXX XX\nX        X\nXXXXXX XXX\nX  X \u221e X X\nX  XX XX X\nX        X\nXXXXXXXXXX\n", "Health: 8 X: 6 Y: 8\nXXXXXXXXXX\nX   b    X\nX XXXXXX X\nXR      \u221eX\nXXXX  XXXX\nX        X\nX    \u221e   X\nX     \u221e  X\nXXX   HXXX\nXe       X\nX    m   X\nXXXXX XXXX\nX     X  X\nX XXXXX XX\nX        X\nXXXXXX XXX\nX  X \u221e X X\nX  XX XX X\nX        X\nXXXXXXXXXX\n", "Health: 8 X: 6 Y: 7\nXXXXXXXXXX\nX   b    X\nX XXXXXX X\nXR      \u221eX\nXXXX  XXXX\nX        X\nX    \u221e   X\nX     \u221e  X\nXXX    XXX\nXe       X\nX    m   X\nXXXXX XXXX\nX     X  X\nX XXXXX XX\nX        X\nXXXXXX XXX\nX  X \u221e X X\nX  XX XX X\nX        X\nXXXXXXXXXX\n", "Health: 8 X: 6 Y: 6\nXXXXXXXXXX\nX   b    X\nX XXXXXX X\nXR      \u221eX\nXXXX  XXXX\nX        X\nX    \u221eH  X\nX     \u221e  X\nXXX    XXX\nXe       X\nX    m   X\nXXXXX XXXX\nX     X  X\nX XXXXX XX\nX        X\nXXXXXX XXX\nX  X \u221e X X\nX  XX XX X\nX        X\nXXXXXXXXXX\n", "Health: 8 X: 6 Y: 5\nXXXXXXXXXX\nX   b    X\nX XXXXXX X\nXR      \u221eX\nXXXX  XXXX\nX     H  X\nX    \u221e   X\nX     \u221e  X\nXXX    XXX\nXe       X\nX    m   X\nXXXXX XXXX\nX     X  X\nX XXXXX XX\nX        X\nXXXXXX XXX\nX  X \u221e X X\nX  XX XX X\nX        X\nXXXXXXXXXX\n", "Health: 8 X: 5 Y: 5\nXXXXXXXXXX\nX   b    X\nX XXXXXX X\nXR      \u221eX\nXXXX  XXXX\nX    H   X\nX    \u221e   X\nX     \u221e  X\nXXX    XXX\nXe   m   X\nX        X\nXXXXX XXXX\nX     X  X\nX XXXXX XX\nX        X\nXXXXXX XXX\nX  X \u221e X X\nX  XX XX X\nX        X\nXXXXXXXXXX\n", "Health: 8 X: 4 Y: 5\nXXXXXXXXXX\nX   b    X\nX XXXXXX X\nXR      \u221eX\nXXXX  XXXX\nX   H    X\nX    \u221e   X\nX     \u221e  X\nXXX  m XXX\nXe       X\nX        X\nXXXXX XXXX\nX     X  X\nX XXXXX XX\nX        X\nXXXXXX XXX\nX  X \u221e X X\nX  XX XX X\nX        X\nXXXXXXXXXX\n", "Health: 8 X: 4 Y: 4\nXXXXXXXXXX\nX   b    X\nX XXXXXX X\nXR      \u221eX\nXXXXH XXXX\nX        X\nX    \u221e   X\nX    m\u221e  X\nXXX    XXX\nXe       X\nX        X\nXXXXX XXXX\nX     X  X\nX XXXXX XX\nX        X\nXXXXXX XXX\nX  X \u221e X X\nX  XX XX X\nX        X\nXXXXXXXXXX\n", "Health: 7 X: 4 Y: 3\nXXXXXXXXXX\nX   b    X\nX XXXXXX X\nXR  H   \u221eX\nXXXX  XXXX\nX        X\nX    \u221e   X\nX     \u221e  X\nXXX    XXX\nXe       X\nX        X\nXXXXX XXXX\nX     X  X\nX XXXXX XX\nX        X\nXXXXXX XXX\nX  X \u221e X X\nX  XX XX X\nX        X\nXXXXXXXXXX\n", "Health: 6 X: 3 Y: 3\nXXXXXXXXXX\nX   b    X\nX XXXXXX X\nXR H    \u221eX\nXXXX  XXXX\nX    m   X\nX    \u221e   X\nX     \u221e  X\nXXX    XXX\nXe       X\nX        X\nXXXXX XXXX\nX     X  X\nX XXXXX XX\nX        X\nXXXXXX XXX\nX  X \u221e X X\nX  XX XX X\nX        X\nXXXXXXXXXX\n", "Health: 5 X: 2 Y: 3\nXXXXXXXXXX\nX   b    X\nX XXXXXX X\nXRH     \u221eX\nXXXX mXXXX\nX        X\nX    \u221e   X\nX     \u221e  X\nXXX    XXX\nXe       X\nX        X\nXXXXX XXXX\nX     X  X\nX XXXXX XX\nX        X\nXXXXXX XXX\nX  X \u221e X X\nX  XX XX X\nX        X\nXXXXXXXXXX\n", "Health: 5 X: 1 Y: 3\nXXXXXXXXXX\nX   b    X\nX XXXXXX X\nX\u221e   m  \u221eX\nXXXX  XXXX\nX        X\nX    \u221e   X\nX     \u221e  X\nXXX    XXX\nXe       X\nX        X\nXXXXX XXXX\nX     X  X\nX XXXXX XX\nX        X\nXXXXXX XXX\nX  X \u221e X X\nX  XX XX X\nX        X\nXXXXXXXXXX\n", "Health: 5 X: 1 Y: 2\nXXXXXXXXXX\nX   b    X\nXHXXXXXX X\nX\u221e  m   \u221eX\nXXXX  XXXX\nX        X\nX    \u221e   X\nX     \u221e  X\nXXX    XXX\nXe       X\nX        X\nXXXXX XXXX\nX     X  X\nX XXXXX XX\nX        X\nXXXXXX XXX\nX  X \u221e X X\nX  XX XX X\nX        X\nXXXXXXXXXX\n", "Health: 5 X: 1 Y: 1\nXXXXXXXXXX\nXH b     X\nX XXXXXX X\nX\u221e m    \u221eX\nXXXX  XXXX\nX        X\nX    \u221e   X\nX     \u221e  X\nXXX    XXX\nXe       X\nX        X\nXXXXX XXXX\nX     X  X\nX XXXXX XX\nX        X\nXXXXXX XXX\nX  X \u221e X X\nX  XX XX X\nX        X\nXXXXXXXXXX\n", "Health: 4 X: 2 Y: 1\nXXXXXXXXXX\nX H\u221e     X\nX XXXXXX X\nX\u221em     \u221eX\nXXXX  XXXX\nX        X\nX    \u221e   X\nX     \u221e  X\nXXX    XXX\nXe       X\nX        X\nXXXXX XXXX\nX     X  X\nX XXXXX XX\nX        X\nXXXXXX XXX\nX  X \u221e X X\nX  XX XX X\nX        X\nXXXXXXXXXX\n", "Health: 4 X: 3 Y: 1\nXXXXXXXXXX\nX  \u221e     X\nX XXXXXX X\nX\u221e      \u221eX\nXXXX  XXXX\nX        X\nX    \u221e   X\nX     \u221e  X\nXXX    XXX\nXe       X\nX        X\nXXXXX XXXX\nX     X  X\nX XXXXX XX\nX        X\nXXXXXX XXX\nX  X \u221e X X\nX  XX XX X\nX        X\nXXXXXXXXXX\n", "Health: 4 X: 4 Y: 1\nXXXXXXXXXX\nX  \u221eH    X\nXmXXXXXX X\nX\u221e      \u221eX\nXXXX  XXXX\nX        X\nX    \u221e   X\nX     \u221e  X\nXXX    XXX\nXe       X\nX        X\nXXXXX XXXX\nX     X  X\nX XXXXX XX\nX        X\nXXXXXX XXX\nX  X \u221e X X\nX  XX XX X\nX        X\nXXXXXXXXXX\n", "Health: 4 X: 5 Y: 1\nXXXXXXXXXX\nXm \u221e H   X\nX XXXXXX X\nX\u221e      \u221eX\nXXXX  XXXX\nX        X\nX    \u221e   X\nX     \u221e  X\nXXX    XXX\nXe       X\nX        X\nXXXXX XXXX\nX     X  X\nX XXXXX XX\nX        X\nXXXXXX XXX\nX  X \u221e X X\nX  XX XX X\nX        X\nXXXXXXXXXX\n", "Health: 4 X: 6 Y: 1\nXXXXXXXXXX\nX m\u221e  H  X\nX XXXXXX X\nX\u221e      \u221eX\nXXXX  XXXX\nX        X\nX    \u221e   X\nX     \u221e  X\nXXX    XXX\nXe       X\nX        X\nXXXXX XXXX\nX     X  X\nX XXXXX XX\nX        X\nXXXXXX XXX\nX  X \u221e X X\nX  XX XX X\nX        X\nXXXXXXXXXX\n", "Health: 4 X: 7 Y: 1\nXXXXXXXXXX\nX  m   H X\nX XXXXXX X\nX\u221e      \u221eX\nXXXX  XXXX\nX        X\nX    \u221e   X\nX     \u221e  X\nXXX    XXX\nXe       X\nX        X\nXXXXX XXXX\nX     X  X\nX XXXXX XX\nX        X\nXXXXXX XXX\nX  X \u221e X X\nX  XX XX X\nX        X\nXXXXXXXXXX\n", "Health: 4 X: 8 Y: 1\nXXXXXXXXXX\nX  \u221em   HX\nX XXXXXX X\nX\u221e      \u221eX\nXXXX  XXXX\nX        X\nX    \u221e   X\nX     \u221e  X\nXXX    XXX\nXe       X\nX        X\nXXXXX XXXX\nX     X  X\nX XXXXX XX\nX        X\nXXXXXX XXX\nX  X \u221e X X\nX  XX XX X\nX        X\nXXXXXXXXXX\n", "Health: 4 X: 8 Y: 2\nXXXXXXXXXX\nX  \u221e m   X\nX XXXXXXHX\nX\u221e      \u221eX\nXXXX  XXXX\nX        X\nX    \u221e   X\nX     \u221e  X\nXXX    XXX\nXe       X\nX        X\nXXXXX XXXX\nX     X  X\nX XXXXX XX\nX        X\nXXXXXX XXX\nX  X \u221e X X\nX  XX XX X\nX        X\nXXXXXXXXXX\n", "Health: 4 X: 8 Y: 3\nXXXXXXXXXX\nX  \u221e  m  X\nX XXXXXX X\nX\u221e      \u221eX\nXXXX  XXXX\nX        X\nX    \u221e   X\nX     \u221e  X\nXXX    XXX\nXe       X\nX        X\nXXXXX XXXX\nX     X  X\nX XXXXX XX\nX        X\nXXXXXX XXX\nX  X \u221e X X\nX  XX XX X\nX        X\nXXXXXXXXXX\n", "Health: 4 X: 7 Y: 3\nXXXXXXXXXX\nX  \u221e   m X\nX XXXXXX X\nX\u221e     H\u221eX\nXXXX  XXXX\nX        X\nX    \u221e   X\nX     \u221e  X\nXXX    XXX\nXe       X\nX        X\nXXXXX XXXX\nX     X  X\nX XXXXX XX\nX        X\nXXXXXX XXX\nX  X \u221e X X\nX  XX XX X\nX        X\nXXXXXXXXXX\n", "Health: 4 X: 6 Y: 3\nXXXXXXXXXX\nX  \u221e    mX\nX XXXXXX X\nX\u221e    H \u221eX\nXXXX  XXXX\nX        X\nX    \u221e   X\nX     \u221e  X\nXXX    XXX\nXe       X\nX        X\nXXXXX XXXX\nX     X  X\nX XXXXX XX\nX        X\nXXXXXX XXX\nX  X \u221e X X\nX  XX XX X\nX        X\nXXXXXXXXXX\n", "Health: 4 X: 5 Y: 3\nXXXXXXXXXX\nX  \u221e     X\nX XXXXXXmX\nX\u221e   H  \u221eX\nXXXX  XXXX\nX        X\nX    \u221e   X\nX     \u221e  X\nXXX    XXX\nXe       X\nX        X\nXXXXX XXXX\nX     X  X\nX XXXXX XX\nX        X\nXXXXXX XXX\nX  X \u221e X X\nX  XX XX X\nX        X\nXXXXXXXXXX\n", "Health: 4 X: 4 Y: 3\nXXXXXXXXXX\nX  \u221e     X\nX XXXXXX X\nX\u221e  H   \u221eX\nXXXX  XXXX\nX        X\nX    \u221e   X\nX     \u221e  X\nXXX    XXX\nXe       X\nX        X\nXXXXX XXXX\nX     X  X\nX XXXXX XX\nX        X\nXXXXXX XXX\nX  X \u221e X X\nX  XX XX X\nX        X\nXXXXXXXXXX\n", "Health: 4 X: 4 Y: 4\nXXXXXXXXXX\nX  \u221e     X\nX XXXXXX X\nX\u221e     m\u221eX\nXXXXH XXXX\nX        X\nX    \u221e   X\nX     \u221e  X\nXXX    XXX\nXe       X\nX        X\nXXXXX XXXX\nX     X  X\nX XXXXX XX\nX        X\nXXXXXX XXX\nX  X \u221e X X\nX  XX XX X\nX        X\nXXXXXXXXXX\n", "Health: 4 X: 4 Y: 5\nXXXXXXXXXX\nX  \u221e     X\nX XXXXXX X\nX\u221e    m \u221eX\nXXXX  XXXX\nX   H    X\nX    \u221e   X\nX     \u221e  X\nXXX    XXX\nXe       X\nX        X\nXXXXX XXXX\nX     X  X\nX XXXXX XX\nX        X\nXXXXXX XXX\nX  X \u221e X X\nX  XX XX X\nX        X\nXXXXXXXXXX\n", "Health: 4 X: 4 Y: 6\nXXXXXXXXXX\nX  \u221e     X\nX XXXXXX X\nX\u221e   m  \u221eX\nXXXX  XXXX\nX        X\nX   H\u221e   X\nX     \u221e  X\nXXX    XXX\nXe       X\nX        X\nXXXXX XXXX\nX     X  X\nX XXXXX XX\nX        X\nXXXXXX XXX\nX  X \u221e X X\nX  XX XX X\nX        X\nXXXXXXXXXX\n", "Health: 4 X: 4 Y: 7\nXXXXXXXXXX\nX  \u221e     X\nX XXXXXX X\nX\u221e  m   \u221eX\nXXXX  XXXX\nX        X\nX    \u221e   X\nX   H \u221e  X\nXXX    XXX\nXe       X\nX        X\nXXXXX XXXX\nX     X  X\nX XXXXX XX\nX        X\nXXXXXX XXX\nX  X \u221e X X\nX  XX XX X\nX        X\nXXXXXXXXXX\n", "Health: 4 X: 4 Y: 8\nXXXXXXXXXX\nX  \u221e     X\nX XXXXXX X\nX\u221e      \u221eX\nXXXXm XXXX\nX        X\nX    \u221e   X\nX     \u221e  X\nXXX H  XXX\nXe       X\nX        X\nXXXXX XXXX\nX     X  X\nX XXXXX XX\nX        X\nXXXXXX XXX\nX  X \u221e X X\nX  XX XX X\nX        X\nXXXXXXXXXX\n", "Health: 4 X: 4 Y: 9\nXXXXXXXXXX\nX  \u221e     X\nX XXXXXX X\nX\u221e      \u221eX\nXXXX  XXXX\nX   m    X\nX    \u221e   X\nX     \u221e  X\nXXX    XXX\nXe  H    X\nX        X\nXXXXX XXXX\nX     X  X\nX XXXXX XX\nX        X\nXXXXXX XXX\nX  X \u221e X X\nX  XX XX X\nX        X\nXXXXXXXXXX\n", "Health: 4 X: 4 Y: 10\nXXXXXXXXXX\nX  \u221e     X\nX XXXXXX X\nX\u221e      \u221eX\nXXXX  XXXX\nX        X\nX   m\u221e   X\nX     \u221e  X\nXXX    XXX\nXe       X\nX   H    X\nXXXXX XXXX\nX     X  X\nX XXXXX XX\nX        X\nXXXXXX XXX\nX  X \u221e X X\nX  XX XX X\nX        X\nXXXXXXXXXX\n", "Health: 4 X: 3 Y: 10\nXXXXXXXXXX\nX  \u221e     X\nX XXXXXX X\nX\u221e      \u221eX\nXXXX  XXXX\nX        X\nX  m \u221e   X\nX     \u221e  X\nXXX    XXX\nXe       X\nX  H     X\nXXXXX XXXX\nX     X  X\nX XXXXX XX\nX        X\nXXXXXX XXX\nX  X \u221e X X\nX  XX XX X\nX        X\nXXXXXXXXXX\n", "Health: 4 X: 2 Y: 10\nXXXXXXXXXX\nX  \u221e     X\nX XXXXXX X\nX\u221e      \u221eX\nXXXX  XXXX\nX        X\nX    \u221e   X\nX  m  \u221e  X\nXXX    XXX\nXe       X\nX H      X\nXXXXX XXXX\nX     X  X\nX XXXXX XX\nX        X\nXXXXXX XXX\nX  X \u221e X X\nX  XX XX X\nX        X\nXXXXXXXXXX\n", "Health: 4 X: 1 Y: 10\nXXXXXXXXXX\nX  \u221e     X\nX XXXXXX X\nX\u221e      \u221eX\nXXXX  XXXX\nX        X\nX    \u221e   X\nX     \u221e  X\nXXXm   XXX\nXe       X\nXH       X\nXXXXX XXXX\nX     X  X\nX XXXXX XX\nX        X\nXXXXXX XXX\nX  X \u221e X X\nX  XX XX X\nX        X\nXXXXXXXXXX\n", "Health: 4 X: 1 Y: 9\nXXXXXXXXXX\nX  \u221e     X\nX XXXXXX X\nX\u221e      \u221eX\nXXXX  XXXX\nX        X\nX    \u221e   X\nX     \u221e  X\nXXX    XXX\nXe m     X\nX        X\nXXXXX XXXX\nX     X  X\nX XXXXX XX\nX        X\nXXXXXX XXX\nX  X \u221e X X\nX  XX XX X\nX        X\nXXXXXXXXXX\n"], "map_number": 102}], "timestamp": "11-Aug-2021 00:35:14.965717", "ip": "108.185.5.120"}