{"Q1": "Every day", "Q2": "Always", "Q3": "Always", "Q4": "Sometimes", "Q5": "Always", "Q6": "Always", "Q7": "Always", "Q8": "Always", "Q9": "Always", "Q10": "Always", "results": [{"mechanics": [{"timestep": 2, "mechanic": "GoblinMeleeHit"}, {"timestep": 32, "mechanic": "CollectTreasure"}, {"timestep": 33, "mechanic": "MinitaurHit"}, {"timestep": 38, "mechanic": "BlobHit"}, {"timestep": 45, "mechanic": "CollectTreasure"}, {"timestep": 46, "mechanic": "CollectTreasure"}, {"timestep": 48, "mechanic": "MinitaurHit"}, {"timestep": 49, "mechanic": "MinitaurHit"}, {"timestep": 55, "mechanic": "CollectTreasure"}, {"timestep": 56, "mechanic": "CollectTreasure"}, {"timestep": 57, "mechanic": "CollectTreasure"}, {"timestep": 58, "mechanic": "CollectTreasure"}, {"timestep": 59, "mechanic": "MinitaurHit"}, {"timestep": 60, "mechanic": "MinitaurHit"}, {"timestep": 86, "mechanic": "CollectPotion"}, {"timestep": 87, "mechanic": "CollectPotion"}, {"timestep": 89, "mechanic": "MinitaurHit"}, {"timestep": 99, "mechanic": "GoblinRangedHit"}, {"timestep": 100, "mechanic": "GoblinRangedHit"}, {"timestep": 101, "mechanic": "GoblinRangedHit"}, {"timestep": 105, "mechanic": "BlobHit"}, {"timestep": 126, "mechanic": "ReachStairs"}], "frequencies": {"GoblinMeleeHit": 1, "CollectTreasure": 7, "MinitaurHit": 6, "BlobHit": 2, "CollectPotion": 2, "GoblinRangedHit": 3, "ReachStairs": 1}, "levelReport": {"utilityGained": 0.0, "exitUtility": 1.0, "runnerUtility": -0.27, "loitererUtility": 127.0, "completionistUtility": 0.9999999999999998, "monsterKillerUtility": 1.0, "treasureCollectorUtility": 1.0, "turnsTaken": 127, "health": 5, "healthLost": 9, "alive": true, "javelinsThrown": 0, "monsterKills": 7, "minitaurKnockouts": 4, "treasuresCollected": 7, "potionsTaken": 2, "totalMonsters": 8, "totalTreasures": 7, "totalPotions": 2, "timeTaken": 0.0}, "positions": [{"X": 5, "Y": 9}, {"X": 5, "Y": 8}, {"X": 6, "Y": 8}, {"X": 6, "Y": 7}, {"X": 6, "Y": 6}, {"X": 6, "Y": 5}, {"X": 5, "Y": 5}, {"X": 5, "Y": 4}, {"X": 4, "Y": 4}, {"X": 4, "Y": 5}, {"X": 4, "Y": 6}, {"X": 4, "Y": 7}, {"X": 4, "Y": 8}, {"X": 4, "Y": 9}, {"X": 4, "Y": 10}, {"X": 5, "Y": 10}, {"X": 5, "Y": 11}, {"X": 5, "Y": 12}, {"X": 4, "Y": 12}, {"X": 3, "Y": 12}, {"X": 2, "Y": 12}, {"X": 1, "Y": 12}, {"X": 1, "Y": 13}, {"X": 1, "Y": 14}, {"X": 2, "Y": 14}, {"X": 3, "Y": 14}, {"X": 4, "Y": 14}, {"X": 5, "Y": 14}, {"X": 6, "Y": 14}, {"X": 7, "Y": 14}, {"X": 7, "Y": 13}, {"X": 7, "Y": 12}, {"X": 8, "Y": 12}, {"X": 7, "Y": 12}, {"X": 7, "Y": 13}, {"X": 7, "Y": 14}, {"X": 6, "Y": 14}, {"X": 6, "Y": 15}, {"X": 6, "Y": 16}, {"X": 5, "Y": 16}, {"X": 5, "Y": 17}, {"X": 5, "Y": 18}, {"X": 6, "Y": 18}, {"X": 7, "Y": 18}, {"X": 8, "Y": 18}, {"X": 8, "Y": 17}, {"X": 8, "Y": 16}, {"X": 8, "Y": 17}, {"X": 8, "Y": 18}, {"X": 7, "Y": 18}, {"X": 6, "Y": 18}, {"X": 5, "Y": 18}, {"X": 4, "Y": 18}, {"X": 3, "Y": 18}, {"X": 2, "Y": 18}, {"X": 2, "Y": 17}, {"X": 2, "Y": 16}, {"X": 1, "Y": 16}, {"X": 1, "Y": 17}, {"X": 1, "Y": 18}, {"X": 2, "Y": 18}, {"X": 3, "Y": 18}, {"X": 4, "Y": 18}, {"X": 5, "Y": 18}, {"X": 6, "Y": 18}, {"X": 5, "Y": 18}, {"X": 5, "Y": 17}, {"X": 5, "Y": 16}, {"X": 6, "Y": 16}, {"X": 6, "Y": 15}, {"X": 6, "Y": 14}, {"X": 5, "Y": 14}, {"X": 4, "Y": 14}, {"X": 3, "Y": 14}, {"X": 2, "Y": 14}, {"X": 1, "Y": 14}, {"X": 1, "Y": 13}, {"X": 1, "Y": 12}, {"X": 2, "Y": 12}, {"X": 3, "Y": 12}, {"X": 4, "Y": 12}, {"X": 5, "Y": 12}, {"X": 5, "Y": 11}, {"X": 5, "Y": 10}, {"X": 6, "Y": 10}, {"X": 7, "Y": 10}, {"X": 8, "Y": 10}, {"X": 8, "Y": 9}, {"X": 8, "Y": 10}, {"X": 7, "Y": 10}, {"X": 6, "Y": 10}, {"X": 5, "Y": 10}, {"X": 5, "Y": 9}, {"X": 5, "Y": 8}, {"X": 5, "Y": 7}, {"X": 5, "Y": 6}, {"X": 5, "Y": 5}, {"X": 5, "Y": 4}, {"X": 5, "Y": 3}, {"X": 4, "Y": 3}, {"X": 3, "Y": 3}, {"X": 2, "Y": 3}, {"X": 1, "Y": 3}, {"X": 1, "Y": 2}, {"X": 1, "Y": 1}, {"X": 2, "Y": 1}, {"X": 3, "Y": 1}, {"X": 4, "Y": 1}, {"X": 5, "Y": 1}, {"X": 6, "Y": 1}, {"X": 7, "Y": 1}, {"X": 8, "Y": 1}, {"X": 8, "Y": 2}, {"X": 8, "Y": 3}, {"X": 7, "Y": 3}, {"X": 6, "Y": 3}, {"X": 5, "Y": 3}, {"X": 5, "Y": 4}, {"X": 5, "Y": 5}, {"X": 5, "Y": 6}, {"X": 5, "Y": 7}, {"X": 5, "Y": 8}, {"X": 5, "Y": 9}, {"X": 4, "Y": 9}, {"X": 3, "Y": 9}, {"X": 2, "Y": 9}, {"X": 1, "Y": 9}], "levelStates": ["Health: 10 X: 5 Y: 9\nXXXXXXXXXX\nX   b m  X\nX XXXXXX X\nXR      RX\nXXXX  XXXX\nX     M  X\nX  M     X\nX      M X\nXXX    XXX\nXe   H  PX\nX       PX\nXXXXX XXXX\nX     X TX\nX XXXXX XX\nX        X\nXXXXXX XXX\nXTTX   XTX\nXTTXX XXTX\nX    b   X\nXXXXXXXXXX\n", "Health: 10 X: 5 Y: 8\nXXXXXXXXXX\nX   b  m X\nX XXXXXX X\nXR      RX\nXXXX  XXXX\nX    M   X\nX   M    X\nX     M  X\nXXX  H XXX\nXe      PX\nX       PX\nXXXXX XXXX\nX     X TX\nX XXXXX XX\nX        X\nXXXXXX XXX\nXTTX   XTX\nXTTXX XXTX\nX    b   X\nXXXXXXXXXX\n", "Health: 9 X: 6 Y: 8\nXXXXXXXXXX\nX   b   mX\nX XXXXXX X\nXR      RX\nXXXX  XXXX\nX     M  X\nX    M   X\nX     \u221e  X\nXXX   HXXX\nXe      PX\nX       PX\nXXXXX XXXX\nX     X TX\nX XXXXX XX\nX        X\nXXXXXX XXX\nXTTX   XTX\nXTTXX XXTX\nX    b   X\nXXXXXXXXXX\n", "Health: 9 X: 6 Y: 7\nXXXXXXXXXX\nX   b    X\nX XXXXXXmX\nXR      RX\nXXXX  XXXX\nX        X\nX     \u221e  X\nX     \u221e  X\nXXX    XXX\nXe      PX\nX       PX\nXXXXX XXXX\nX     X TX\nX XXXXX XX\nX        X\nXXXXXX XXX\nXTTX   XTX\nXTTXX XXTX\nX    b   X\nXXXXXXXXXX\n", "Health: 9 X: 6 Y: 6\nXXXXXXXXXX\nX   b    X\nX XXXXXX X\nXR      \u221eX\nXXXX  XXXX\nX        X\nX     \u221e  X\nX     \u221e  X\nXXX    XXX\nXe      PX\nX       PX\nXXXXX XXXX\nX     X TX\nX XXXXX XX\nX        X\nXXXXXX XXX\nXTTX   XTX\nXTTXX XXTX\nX    b   X\nXXXXXXXXXX\n", "Health: 9 X: 6 Y: 5\nXXXXXXXXXX\nX   b    X\nX XXXXXX X\nXR     m\u221eX\nXXXX  XXXX\nX     H  X\nX     \u221e  X\nX     \u221e  X\nXXX    XXX\nXe      PX\nX       PX\nXXXXX XXXX\nX     X TX\nX XXXXX XX\nX        X\nXXXXXX XXX\nXTTX   XTX\nXTTXX XXTX\nX    b   X\nXXXXXXXXXX\n", "Health: 9 X: 5 Y: 5\nXXXXXXXXXX\nX   b    X\nX XXXXXX X\nXR    m \u221eX\nXXXX  XXXX\nX    H   X\nX     \u221e  X\nX     \u221e  X\nXXX    XXX\nXe      PX\nX       PX\nXXXXX XXXX\nX     X TX\nX XXXXX XX\nX        X\nXXXXXX XXX\nXTTX   XTX\nXTTXX XXTX\nX    b   X\nXXXXXXXXXX\n", "Health: 9 X: 5 Y: 4\nXXXXXXXXXX\nX   b    X\nX XXXXXX X\nXR   m  \u221eX\nXXXX HXXXX\nX        X\nX     \u221e  X\nX     \u221e  X\nXXX    XXX\nXe      PX\nX       PX\nXXXXX XXXX\nX     X TX\nX XXXXX XX\nX        X\nXXXXXX XXX\nXTTX   XTX\nXTTXX XXTX\nX    b   X\nXXXXXXXXXX\n", "Health: 9 X: 4 Y: 4\nXXXXXXXXXX\nX   b    X\nX XXXXXX X\nXR  m   \u221eX\nXXXXH XXXX\nX        X\nX     \u221e  X\nX     \u221e  X\nXXX    XXX\nXe      PX\nX       PX\nXXXXX XXXX\nX     X TX\nX XXXXX XX\nX        X\nXXXXXX XXX\nXTTX   XTX\nXTTXX XXTX\nX    b   X\nXXXXXXXXXX\n", "Health: 9 X: 4 Y: 5\nXXXXXXXXXX\nX   b    X\nX XXXXXX X\nXR      \u221eX\nXXXXm XXXX\nX   H    X\nX     \u221e  X\nX     \u221e  X\nXXX    XXX\nXe      PX\nX       PX\nXXXXX XXXX\nX     X TX\nX XXXXX XX\nX        X\nXXXXXX XXX\nXTTX   XTX\nXTTXX XXTX\nX    b   X\nXXXXXXXXXX\n", "Health: 9 X: 4 Y: 6\nXXXXXXXXXX\nX   b    X\nX XXXXXX X\nXR      \u221eX\nXXXX  XXXX\nX   m    X\nX   H \u221e  X\nX     \u221e  X\nXXX    XXX\nXe      PX\nX       PX\nXXXXX XXXX\nX     X TX\nX XXXXX XX\nX        X\nXXXXXX XXX\nXTTX   XTX\nXTTXX XXTX\nX    b   X\nXXXXXXXXXX\n", "Health: 9 X: 4 Y: 7\nXXXXXXXXXX\nX   b    X\nX XXXXXX X\nXR      \u221eX\nXXXX  XXXX\nX        X\nX   m \u221e  X\nX   H \u221e  X\nXXX    XXX\nXe      PX\nX       PX\nXXXXX XXXX\nX     X TX\nX XXXXX XX\nX        X\nXXXXXX XXX\nXTTX   XTX\nXTTXX XXTX\nX    b   X\nXXXXXXXXXX\n", "Health: 9 X: 4 Y: 8\nXXXXXXXXXX\nX   b    X\nX XXXXXX X\nXR      \u221eX\nXXXX  XXXX\nX        X\nX     \u221e  X\nX   m \u221e  X\nXXX H  XXX\nXe      PX\nX       PX\nXXXXX XXXX\nX     X TX\nX XXXXX XX\nX        X\nXXXXXX XXX\nXTTX   XTX\nXTTXX XXTX\nX    b   X\nXXXXXXXXXX\n", "Health: 9 X: 4 Y: 9\nXXXXXXXXXX\nX   b    X\nX XXXXXX X\nXR      \u221eX\nXXXX  XXXX\nX        X\nX     \u221e  X\nX     \u221e  X\nXXX m  XXX\nXe  H   PX\nX       PX\nXXXXX XXXX\nX     X TX\nX XXXXX XX\nX        X\nXXXXXX XXX\nXTTX   XTX\nXTTXX XXTX\nX    b   X\nXXXXXXXXXX\n", "Health: 9 X: 4 Y: 10\nXXXXXXXXXX\nX   b    X\nX XXXXXX X\nXR      \u221eX\nXXXX  XXXX\nX        X\nX     \u221e  X\nX     \u221e  X\nXXX    XXX\nXe  m   PX\nX   H   PX\nXXXXX XXXX\nX     X TX\nX XXXXX XX\nX        X\nXXXXXX XXX\nXTTX   XTX\nXTTXX XXTX\nX    b   X\nXXXXXXXXXX\n", "Health: 9 X: 5 Y: 10\nXXXXXXXXXX\nX   b    X\nX XXXXXX X\nXR      \u221eX\nXXXX  XXXX\nX        X\nX     \u221e  X\nX     \u221e  X\nXXX    XXX\nXe   m  PX\nX    H  PX\nXXXXX XXXX\nX     X TX\nX XXXXX XX\nX        X\nXXXXXX XXX\nXTTX   XTX\nXTTXX XXTX\nX    b   X\nXXXXXXXXXX\n", "Health: 9 X: 5 Y: 11\nXXXXXXXXXX\nX   b    X\nX XXXXXX X\nXR      \u221eX\nXXXX  XXXX\nX        X\nX     \u221e  X\nX     \u221e  X\nXXX    XXX\nXe      PX\nX    m  PX\nXXXXXHXXXX\nX     X TX\nX XXXXX XX\nX        X\nXXXXXX XXX\nXTTX   XTX\nXTTXX XXTX\nX    b   X\nXXXXXXXXXX\n", "Health: 9 X: 5 Y: 12\nXXXXXXXXXX\nX   b    X\nX XXXXXX X\nXR      \u221eX\nXXXX  XXXX\nX        X\nX     \u221e  X\nX     \u221e  X\nXXX    XXX\nXe      PX\nX       PX\nXXXXXmXXXX\nX    HX TX\nX XXXXX XX\nX        X\nXXXXXX XXX\nXTTX   XTX\nXTTXX XXTX\nX    b   X\nXXXXXXXXXX\n", "Health: 9 X: 4 Y: 12\nXXXXXXXXXX\nX   b    X\nX XXXXXX X\nXR      \u221eX\nXXXX  XXXX\nX        X\nX     \u221e  X\nX     \u221e  X\nXXX    XXX\nXe      PX\nX       PX\nXXXXX XXXX\nX   HmX TX\nX XXXXX XX\nX        X\nXXXXXX XXX\nXTTX   XTX\nXTTXX XXTX\nX    b   X\nXXXXXXXXXX\n", "Health: 9 X: 3 Y: 12\nXXXXXXXXXX\nX   b    X\nX XXXXXX X\nXR      \u221eX\nXXXX  XXXX\nX        X\nX     \u221e  X\nX     \u221e  X\nXXX    XXX\nXe      PX\nX       PX\nXXXXX XXXX\nX  Hm X TX\nX XXXXX XX\nX        X\nXXXXXX XXX\nXTTX   XTX\nXTTXX XXTX\nX    b   X\nXXXXXXXXXX\n", "Health: 9 X: 2 Y: 12\nXXXXXXXXXX\nX   b    X\nX XXXXXX X\nXR      \u221eX\nXXXX  XXXX\nX        X\nX     \u221e  X\nX     \u221e  X\nXXX    XXX\nXe      PX\nX       PX\nXXXXX XXXX\nX Hm  X TX\nX XXXXX XX\nX        X\nXXXXXX XXX\nXTTX   XTX\nXTTXX XXTX\nX    b   X\nXXXXXXXXXX\n", "Health: 9 X: 1 Y: 12\nXXXXXXXXXX\nX   b    X\nX XXXXXX X\nXR      \u221eX\nXXXX  XXXX\nX        X\nX     \u221e  X\nX     \u221e  X\nXXX    XXX\nXe      PX\nX       PX\nXXXXX XXXX\nXHm   X TX\nX XXXXX XX\nX        X\nXXXXXX XXX\nXTTX   XTX\nXTTXX XXTX\nX    b   X\nXXXXXXXXXX\n", "Health: 9 X: 1 Y: 13\nXXXXXXXXXX\nX   b    X\nX XXXXXX X\nXR      \u221eX\nXXXX  XXXX\nX        X\nX     \u221e  X\nX     \u221e  X\nXXX    XXX\nXe      PX\nX       PX\nXXXXX XXXX\nXm    X TX\nXHXXXXX XX\nX        X\nXXXXXX XXX\nXTTX   XTX\nXTTXX XXTX\nX    b   X\nXXXXXXXXXX\n", "Health: 9 X: 1 Y: 14\nXXXXXXXXXX\nX   b    X\nX XXXXXX X\nXR      \u221eX\nXXXX  XXXX\nX        X\nX     \u221e  X\nX     \u221e  X\nXXX    XXX\nXe      PX\nX       PX\nXXXXX XXXX\nX     X TX\nXmXXXXX XX\nXH       X\nXXXXXX XXX\nXTTX   XTX\nXTTXX XXTX\nX    b   X\nXXXXXXXXXX\n", "Health: 9 X: 2 Y: 14\nXXXXXXXXXX\nX   b    X\nX XXXXXX X\nXR      \u221eX\nXXXX  XXXX\nX        X\nX     \u221e  X\nX     \u221e  X\nXXX    XXX\nXe      PX\nX       PX\nXXXXX XXXX\nX     X TX\nX XXXXX XX\nXmH      X\nXXXXXX XXX\nXTTX   XTX\nXTTXX XXTX\nX    b   X\nXXXXXXXXXX\n", "Health: 9 X: 3 Y: 14\nXXXXXXXXXX\nX   b    X\nX XXXXXX X\nXR      \u221eX\nXXXX  XXXX\nX        X\nX     \u221e  X\nX     \u221e  X\nXXX    XXX\nXe      PX\nX       PX\nXXXXX XXXX\nX     X TX\nX XXXXX XX\nX mH     X\nXXXXXX XXX\nXTTX   XTX\nXTTXX XXTX\nX    b   X\nXXXXXXXXXX\n", "Health: 9 X: 4 Y: 14\nXXXXXXXXXX\nX   b    X\nX XXXXXX X\nXR      \u221eX\nXXXX  XXXX\nX        X\nX     \u221e  X\nX     \u221e  X\nXXX    XXX\nXe      PX\nX       PX\nXXXXX XXXX\nX     X TX\nX XXXXX XX\nX  mH    X\nXXXXXX XXX\nXTTX   XTX\nXTTXX XXTX\nX    b   X\nXXXXXXXXXX\n", "Health: 9 X: 5 Y: 14\nXXXXXXXXXX\nX   b    X\nX XXXXXX X\nXR      \u221eX\nXXXX  XXXX\nX        X\nX     \u221e  X\nX     \u221e  X\nXXX    XXX\nXe      PX\nX       PX\nXXXXX XXXX\nX     X TX\nX XXXXX XX\nX   mH   X\nXXXXXX XXX\nXTTX   XTX\nXTTXX XXTX\nX    b   X\nXXXXXXXXXX\n", "Health: 9 X: 6 Y: 14\nXXXXXXXXXX\nX   b    X\nX XXXXXX X\nXR      \u221eX\nXXXX  XXXX\nX        X\nX     \u221e  X\nX     \u221e  X\nXXX    XXX\nXe      PX\nX       PX\nXXXXX XXXX\nX     X TX\nX XXXXX XX\nX    mH  X\nXXXXXX XXX\nXTTX   XTX\nXTTXXbXXTX\nX        X\nXXXXXXXXXX\n", "Health: 9 X: 7 Y: 14\nXXXXXXXXXX\nX   b    X\nX XXXXXX X\nXR      \u221eX\nXXXX  XXXX\nX        X\nX     \u221e  X\nX     \u221e  X\nXXX    XXX\nXe      PX\nX       PX\nXXXXX XXXX\nX     X TX\nX XXXXX XX\nX     mH X\nXXXXXX XXX\nXTTX   XTX\nXTTXXbXXTX\nX        X\nXXXXXXXXXX\n", "Health: 9 X: 7 Y: 13\nXXXXXXXXXX\nX   b    X\nX XXXXXX X\nXR      \u221eX\nXXXX  XXXX\nX        X\nX     \u221e  X\nX     \u221e  X\nXXX    XXX\nXe      PX\nX       PX\nXXXXX XXXX\nX     X TX\nX XXXXXHXX\nX      m X\nXXXXXX XXX\nXTTX b XTX\nXTTXX XXTX\nX        X\nXXXXXXXXXX\n", "Health: 9 X: 7 Y: 12\nXXXXXXXXXX\nX   b    X\nX XXXXXX X\nXR      \u221eX\nXXXX  XXXX\nX        X\nX     \u221e  X\nX     \u221e  X\nXXX    XXX\nXe      PX\nX       PX\nXXXXX XXXX\nX     XHTX\nX XXXXXmXX\nX        X\nXXXXXX XXX\nXTTX b XTX\nXTTXX XXTX\nX        X\nXXXXXXXXXX\n", "Health: 9 X: 8 Y: 12\nXXXXXXXXXX\nX   b    X\nX XXXXXX X\nXR      \u221eX\nXXXX  XXXX\nX        X\nX     \u221e  X\nX     \u221e  X\nXXX    XXX\nXe      PX\nX       PX\nXXXXX XXXX\nX     Xm X\nX XXXXX XX\nX        X\nXXXXXX XXX\nXTTX b XTX\nXTTXX XXTX\nX        X\nXXXXXXXXXX\n", "Health: 8 X: 7 Y: 12\nXXXXXXXXXX\nX   b    X\nX XXXXXX X\nXR      \u221eX\nXXXX  XXXX\nX        X\nX     \u221e  X\nX     \u221e  X\nXXX    XXX\nXe      PX\nX       PX\nXXXXX XXXX\nX     Xm X\nX XXXXX XX\nX        X\nXXXXXX XXX\nXTTX b XTX\nXTTXX XXTX\nX        X\nXXXXXXXXXX\n", "Health: 8 X: 7 Y: 13\nXXXXXXXXXX\nX   b    X\nX XXXXXX X\nXR      \u221eX\nXXXX  XXXX\nX        X\nX     \u221e  X\nX     \u221e  X\nXXX    XXX\nXe      PX\nX       PX\nXXXXX XXXX\nX     Xm X\nX XXXXXHXX\nX        X\nXXXXXX XXX\nXTTX b XTX\nXTTXX XXTX\nX        X\nXXXXXXXXXX\n", "Health: 8 X: 7 Y: 14\nXXXXXXXXXX\nX   b    X\nX XXXXXX X\nXR      \u221eX\nXXXX  XXXX\nX        X\nX     \u221e  X\nX     \u221e  X\nXXX    XXX\nXe      PX\nX       PX\nXXXXX XXXX\nX     Xm X\nX XXXXX XX\nX      H X\nXXXXXX XXX\nXTTX b XTX\nXTTXX XXTX\nX        X\nXXXXXXXXXX\n", "Health: 8 X: 6 Y: 14\nXXXXXXXXXX\nX   b    X\nX XXXXXX X\nXR      \u221eX\nXXXX  XXXX\nX        X\nX     \u221e  X\nX     \u221e  X\nXXX    XXX\nXe      PX\nX       PX\nXXXXX XXXX\nX     Xm X\nX XXXXX XX\nX     H  X\nXXXXXX XXX\nXTTX b XTX\nXTTXX XXTX\nX        X\nXXXXXXXXXX\n", "Health: 8 X: 6 Y: 15\nXXXXXXXXXX\nX   b    X\nX XXXXXX X\nXR      \u221eX\nXXXX  XXXX\nX        X\nX     \u221e  X\nX     \u221e  X\nXXX    XXX\nXe      PX\nX       PX\nXXXXX XXXX\nX     Xm X\nX XXXXX XX\nX        X\nXXXXXXHXXX\nXTTX b XTX\nXTTXX XXTX\nX        X\nXXXXXXXXXX\n", "Health: 7 X: 6 Y: 16\nXXXXXXXXXX\nX   b    X\nX XXXXXX X\nXR      \u221eX\nXXXX  XXXX\nX        X\nX     \u221e  X\nX     \u221e  X\nXXX    XXX\nXe      PX\nX       PX\nXXXXX XXXX\nX     X  X\nX XXXXXmXX\nX        X\nXXXXXX XXX\nXTTX \u221eHXTX\nXTTXX XXTX\nX        X\nXXXXXXXXXX\n", "Health: 7 X: 5 Y: 16\nXXXXXXXXXX\nX   b    X\nX XXXXXX X\nXR      \u221eX\nXXXX  XXXX\nX        X\nX     \u221e  X\nX     \u221e  X\nXXX    XXX\nXe      PX\nX       PX\nXXXXX XXXX\nX     X  X\nX XXXXX XX\nX      m X\nXXXXXX XXX\nXTTX \u221e XTX\nXTTXX XXTX\nX        X\nXXXXXXXXXX\n", "Health: 7 X: 5 Y: 17\nXXXXXXXXXX\nX   b    X\nX XXXXXX X\nXR      \u221eX\nXXXX  XXXX\nX        X\nX     \u221e  X\nX     \u221e  X\nXXX    XXX\nXe      PX\nX       PX\nXXXXX XXXX\nX     X  X\nX XXXXX XX\nX     m  X\nXXXXXX XXX\nXTTX \u221e XTX\nXTTXXHXXTX\nX        X\nXXXXXXXXXX\n", "Health: 7 X: 5 Y: 18\nXXXXXXXXXX\nX   b    X\nX XXXXXX X\nXR      \u221eX\nXXXX  XXXX\nX        X\nX     \u221e  X\nX     \u221e  X\nXXX    XXX\nXe      PX\nX       PX\nXXXXX XXXX\nX     X  X\nX XXXXX XX\nX        X\nXXXXXXmXXX\nXTTX \u221e XTX\nXTTXX XXTX\nX    H   X\nXXXXXXXXXX\n", "Health: 7 X: 6 Y: 18\nXXXXXXXXXX\nX   b    X\nX XXXXXX X\nXR      \u221eX\nXXXX  XXXX\nX        X\nX     \u221e  X\nX     \u221e  X\nXXX    XXX\nXe      PX\nX       PX\nXXXXX XXXX\nX     X  X\nX XXXXX XX\nX        X\nXXXXXX XXX\nXTTX \u221emXTX\nXTTXX XXTX\nX     H  X\nXXXXXXXXXX\n", "Health: 7 X: 7 Y: 18\nXXXXXXXXXX\nX   b    X\nX XXXXXX X\nXR      \u221eX\nXXXX  XXXX\nX        X\nX     \u221e  X\nX     \u221e  X\nXXX    XXX\nXe      PX\nX       PX\nXXXXX XXXX\nX     X  X\nX XXXXX XX\nX        X\nXXXXXX XXX\nXTTX \u221e XTX\nXTTXX XXTX\nX      H X\nXXXXXXXXXX\n", "Health: 7 X: 8 Y: 18\nXXXXXXXXXX\nX   b    X\nX XXXXXX X\nXR      \u221eX\nXXXX  XXXX\nX        X\nX     \u221e  X\nX     \u221e  X\nXXX    XXX\nXe      PX\nX       PX\nXXXXX XXXX\nX     X  X\nX XXXXX XX\nX        X\nXXXXXX XXX\nXTTX \u221e XTX\nXTTXXmXXTX\nX       HX\nXXXXXXXXXX\n", "Health: 7 X: 8 Y: 17\nXXXXXXXXXX\nX   b    X\nX XXXXXX X\nXR      \u221eX\nXXXX  XXXX\nX        X\nX     \u221e  X\nX     \u221e  X\nXXX    XXX\nXe      PX\nX       PX\nXXXXX XXXX\nX     X  X\nX XXXXX XX\nX        X\nXXXXXX XXX\nXTTX \u221e XTX\nXTTXX XX X\nX    m   X\nXXXXXXXXXX\n", "Health: 7 X: 8 Y: 16\nXXXXXXXXXX\nX   b    X\nX XXXXXX X\nXR      \u221eX\nXXXX  XXXX\nX        X\nX     \u221e  X\nX     \u221e  X\nXXX    XXX\nXe      PX\nX       PX\nXXXXX XXXX\nX     X  X\nX XXXXX XX\nX        X\nXXXXXX XXX\nXTTX \u221e X X\nXTTXX XX X\nX     m  X\nXXXXXXXXXX\n", "Health: 7 X: 8 Y: 17\nXXXXXXXXXX\nX   b    X\nX XXXXXX X\nXR      \u221eX\nXXXX  XXXX\nX        X\nX     \u221e  X\nX     \u221e  X\nXXX    XXX\nXe      PX\nX       PX\nXXXXX XXXX\nX     X  X\nX XXXXX XX\nX        X\nXXXXXX XXX\nXTTX \u221e X X\nXTTXX XX X\nX      m X\nXXXXXXXXXX\n", "Health: 6 X: 8 Y: 18\nXXXXXXXXXX\nX   b    X\nX XXXXXX X\nXR      \u221eX\nXXXX  XXXX\nX        X\nX     \u221e  X\nX     \u221e  X\nXXX    XXX\nXe      PX\nX       PX\nXXXXX XXXX\nX     X  X\nX XXXXX XX\nX        X\nXXXXXX XXX\nXTTX \u221e X X\nXTTXX XX X\nX      mHX\nXXXXXXXXXX\n", "Health: 6 X: 7 Y: 18\nXXXXXXXXXX\nX   b    X\nX XXXXXX X\nXR      \u221eX\nXXXX  XXXX\nX        X\nX     \u221e  X\nX     \u221e  X\nXXX    XXX\nXe      PX\nX       PX\nXXXXX XXXX\nX     X  X\nX XXXXX XX\nX        X\nXXXXXX XXX\nXTTX \u221e X X\nXTTXX XX X\nX      m X\nXXXXXXXXXX\n", "Health: 6 X: 6 Y: 18\nXXXXXXXXXX\nX   b    X\nX XXXXXX X\nXR      \u221eX\nXXXX  XXXX\nX        X\nX     \u221e  X\nX     \u221e  X\nXXX    XXX\nXe      PX\nX       PX\nXXXXX XXXX\nX     X  X\nX XXXXX XX\nX        X\nXXXXXX XXX\nXTTX \u221e X X\nXTTXX XX X\nX     Hm X\nXXXXXXXXXX\n", "Health: 6 X: 5 Y: 18\nXXXXXXXXXX\nX   b    X\nX XXXXXX X\nXR      \u221eX\nXXXX  XXXX\nX        X\nX     \u221e  X\nX     \u221e  X\nXXX    XXX\nXe      PX\nX       PX\nXXXXX XXXX\nX     X  X\nX XXXXX XX\nX        X\nXXXXXX XXX\nXTTX \u221e X X\nXTTXX XX X\nX    H m X\nXXXXXXXXXX\n", "Health: 6 X: 4 Y: 18\nXXXXXXXXXX\nX   b    X\nX XXXXXX X\nXR      \u221eX\nXXXX  XXXX\nX        X\nX     \u221e  X\nX     \u221e  X\nXXX    XXX\nXe      PX\nX       PX\nXXXXX XXXX\nX     X  X\nX XXXXX XX\nX        X\nXXXXXX XXX\nXTTX \u221e X X\nXTTXX XX X\nX   H  m X\nXXXXXXXXXX\n", "Health: 6 X: 3 Y: 18\nXXXXXXXXXX\nX   b    X\nX XXXXXX X\nXR      \u221eX\nXXXX  XXXX\nX        X\nX     \u221e  X\nX     \u221e  X\nXXX    XXX\nXe      PX\nX       PX\nXXXXX XXXX\nX     X  X\nX XXXXX XX\nX        X\nXXXXXX XXX\nXTTX \u221e X X\nXTTXX XX X\nX  H   m X\nXXXXXXXXXX\n", "Health: 6 X: 2 Y: 18\nXXXXXXXXXX\nX   b    X\nX XXXXXX X\nXR      \u221eX\nXXXX  XXXX\nX        X\nX     \u221e  X\nX     \u221e  X\nXXX    XXX\nXe      PX\nX       PX\nXXXXX XXXX\nX     X  X\nX XXXXX XX\nX        X\nXXXXXX XXX\nXTTX \u221e X X\nXTTXX XX X\nX H   m  X\nXXXXXXXXXX\n", "Health: 6 X: 2 Y: 17\nXXXXXXXXXX\nX   b    X\nX XXXXXX X\nXR      \u221eX\nXXXX  XXXX\nX        X\nX     \u221e  X\nX     \u221e  X\nXXX    XXX\nXe      PX\nX       PX\nXXXXX XXXX\nX     X  X\nX XXXXX XX\nX        X\nXXXXXX XXX\nXTTX \u221e X X\nXT XX XX X\nX    m   X\nXXXXXXXXXX\n", "Health: 6 X: 2 Y: 16\nXXXXXXXXXX\nX   b    X\nX XXXXXX X\nXR      \u221eX\nXXXX  XXXX\nX        X\nX     \u221e  X\nX     \u221e  X\nXXX    XXX\nXe      PX\nX       PX\nXXXXX XXXX\nX     X  X\nX XXXXX XX\nX        X\nXXXXXX XXX\nXT X \u221e X X\nXT XX XX X\nX   m    X\nXXXXXXXXXX\n", "Health: 6 X: 1 Y: 16\nXXXXXXXXXX\nX   b    X\nX XXXXXX X\nXR      \u221eX\nXXXX  XXXX\nX        X\nX     \u221e  X\nX     \u221e  X\nXXX    XXX\nXe      PX\nX       PX\nXXXXX XXXX\nX     X  X\nX XXXXX XX\nX        X\nXXXXXX XXX\nX  X \u221e X X\nXT XX XX X\nX  m     X\nXXXXXXXXXX\n", "Health: 6 X: 1 Y: 17\nXXXXXXXXXX\nX   b    X\nX XXXXXX X\nXR      \u221eX\nXXXX  XXXX\nX        X\nX     \u221e  X\nX     \u221e  X\nXXX    XXX\nXe      PX\nX       PX\nXXXXX XXXX\nX     X  X\nX XXXXX XX\nX        X\nXXXXXX XXX\nX  X \u221e X X\nX  XX XX X\nX m      X\nXXXXXXXXXX\n", "Health: 5 X: 1 Y: 18\nXXXXXXXXXX\nX   b    X\nX XXXXXX X\nXR      \u221eX\nXXXX  XXXX\nX        X\nX     \u221e  X\nX     \u221e  X\nXXX    XXX\nXe      PX\nX       PX\nXXXXX XXXX\nX     X  X\nX XXXXX XX\nX        X\nXXXXXX XXX\nX  X \u221e X X\nX  XX XX X\nXHm      X\nXXXXXXXXXX\n", "Health: 5 X: 2 Y: 18\nXXXXXXXXXX\nX   b    X\nX XXXXXX X\nXR      \u221eX\nXXXX  XXXX\nX        X\nX     \u221e  X\nX     \u221e  X\nXXX    XXX\nXe      PX\nX       PX\nXXXXX XXXX\nX     X  X\nX XXXXX XX\nX        X\nXXXXXX XXX\nX  X \u221e X X\nX  XX XX X\nX m      X\nXXXXXXXXXX\n", "Health: 5 X: 3 Y: 18\nXXXXXXXXXX\nX   b    X\nX XXXXXX X\nXR      \u221eX\nXXXX  XXXX\nX        X\nX     \u221e  X\nX     \u221e  X\nXXX    XXX\nXe      PX\nX       PX\nXXXXX XXXX\nX     X  X\nX XXXXX XX\nX        X\nXXXXXX XXX\nX  X \u221e X X\nX  XX XX X\nX mH     X\nXXXXXXXXXX\n", "Health: 5 X: 4 Y: 18\nXXXXXXXXXX\nX   b    X\nX XXXXXX X\nXR      \u221eX\nXXXX  XXXX\nX        X\nX     \u221e  X\nX     \u221e  X\nXXX    XXX\nXe      PX\nX       PX\nXXXXX XXXX\nX     X  X\nX XXXXX XX\nX        X\nXXXXXX XXX\nX  X \u221e X X\nX  XX XX X\nX m H    X\nXXXXXXXXXX\n", "Health: 5 X: 5 Y: 18\nXXXXXXXXXX\nX   b    X\nX XXXXXX X\nXR      \u221eX\nXXXX  XXXX\nX        X\nX     \u221e  X\nX     \u221e  X\nXXX    XXX\nXe      PX\nX       PX\nXXXXX XXXX\nX     X  X\nX XXXXX XX\nX        X\nXXXXXX XXX\nX  X \u221e X X\nX  XX XX X\nX m  H   X\nXXXXXXXXXX\n", "Health: 5 X: 6 Y: 18\nXXXXXXXXXX\nX   b    X\nX XXXXXX X\nXR      \u221eX\nXXXX  XXXX\nX        X\nX     \u221e  X\nX     \u221e  X\nXXX    XXX\nXe      PX\nX       PX\nXXXXX XXXX\nX     X  X\nX XXXXX XX\nX        X\nXXXXXX XXX\nX  X \u221e X X\nX  XX XX X\nX m   H  X\nXXXXXXXXXX\n", "Health: 5 X: 5 Y: 18\nXXXXXXXXXX\nX   b    X\nX XXXXXX X\nXR      \u221eX\nXXXX  XXXX\nX        X\nX     \u221e  X\nX     \u221e  X\nXXX    XXX\nXe      PX\nX       PX\nXXXXX XXXX\nX     X  X\nX XXXXX XX\nX        X\nXXXXXX XXX\nX  X \u221e X X\nX  XX XX X\nX  m H   X\nXXXXXXXXXX\n", "Health: 5 X: 5 Y: 17\nXXXXXXXXXX\nX   b    X\nX XXXXXX X\nXR      \u221eX\nXXXX  XXXX\nX        X\nX     \u221e  X\nX     \u221e  X\nXXX    XXX\nXe      PX\nX       PX\nXXXXX XXXX\nX     X  X\nX XXXXX XX\nX        X\nXXXXXX XXX\nX  X \u221e X X\nX  XXHXX X\nX   m    X\nXXXXXXXXXX\n", "Health: 5 X: 5 Y: 16\nXXXXXXXXXX\nX   b    X\nX XXXXXX X\nXR      \u221eX\nXXXX  XXXX\nX        X\nX     \u221e  X\nX     \u221e  X\nXXX    XXX\nXe      PX\nX       PX\nXXXXX XXXX\nX     X  X\nX XXXXX XX\nX        X\nXXXXXX XXX\nX  X \u221e X X\nX  XX XX X\nX    m   X\nXXXXXXXXXX\n", "Health: 5 X: 6 Y: 16\nXXXXXXXXXX\nX   b    X\nX XXXXXX X\nXR      \u221eX\nXXXX  XXXX\nX        X\nX     \u221e  X\nX     \u221e  X\nXXX    XXX\nXe      PX\nX       PX\nXXXXX XXXX\nX     X  X\nX XXXXX XX\nX        X\nXXXXXX XXX\nX  X \u221eHX X\nX  XXmXX X\nX        X\nXXXXXXXXXX\n", "Health: 5 X: 6 Y: 15\nXXXXXXXXXX\nX   b    X\nX XXXXXX X\nXR      \u221eX\nXXXX  XXXX\nX        X\nX     \u221e  X\nX     \u221e  X\nXXX    XXX\nXe      PX\nX       PX\nXXXXX XXXX\nX     X  X\nX XXXXX XX\nX        X\nXXXXXXHXXX\nX  X \u221e X X\nX  XX XX X\nX        X\nXXXXXXXXXX\n", "Health: 5 X: 6 Y: 14\nXXXXXXXXXX\nX   b    X\nX XXXXXX X\nXR      \u221eX\nXXXX  XXXX\nX        X\nX     \u221e  X\nX     \u221e  X\nXXX    XXX\nXe      PX\nX       PX\nXXXXX XXXX\nX     X  X\nX XXXXX XX\nX     H  X\nXXXXXX XXX\nX  X \u221emX X\nX  XX XX X\nX        X\nXXXXXXXXXX\n", "Health: 5 X: 5 Y: 14\nXXXXXXXXXX\nX   b    X\nX XXXXXX X\nXR      \u221eX\nXXXX  XXXX\nX        X\nX     \u221e  X\nX     \u221e  X\nXXX    XXX\nXe      PX\nX       PX\nXXXXX XXXX\nX     X  X\nX XXXXX XX\nX    H   X\nXXXXXXmXXX\nX  X \u221e X X\nX  XX XX X\nX        X\nXXXXXXXXXX\n", "Health: 5 X: 4 Y: 14\nXXXXXXXXXX\nX   b    X\nX XXXXXX X\nXR      \u221eX\nXXXX  XXXX\nX        X\nX     \u221e  X\nX     \u221e  X\nXXX    XXX\nXe      PX\nX       PX\nXXXXX XXXX\nX     X  X\nX XXXXX XX\nX   H m  X\nXXXXXX XXX\nX  X \u221e X X\nX  XX XX X\nX        X\nXXXXXXXXXX\n", "Health: 5 X: 3 Y: 14\nXXXXXXXXXX\nX   b    X\nX XXXXXX X\nXR      \u221eX\nXXXX  XXXX\nX        X\nX     \u221e  X\nX     \u221e  X\nXXX    XXX\nXe      PX\nX       PX\nXXXXX XXXX\nX     X  X\nX XXXXX XX\nX  H m   X\nXXXXXX XXX\nX  X \u221e X X\nX  XX XX X\nX        X\nXXXXXXXXXX\n", "Health: 5 X: 2 Y: 14\nXXXXXXXXXX\nX   b    X\nX XXXXXX X\nXR      \u221eX\nXXXX  XXXX\nX        X\nX     \u221e  X\nX     \u221e  X\nXXX    XXX\nXe      PX\nX       PX\nXXXXX XXXX\nX     X  X\nX XXXXX XX\nX H m    X\nXXXXXX XXX\nX  X \u221e X X\nX  XX XX X\nX        X\nXXXXXXXXXX\n", "Health: 5 X: 1 Y: 14\nXXXXXXXXXX\nX   b    X\nX XXXXXX X\nXR      \u221eX\nXXXX  XXXX\nX        X\nX     \u221e  X\nX     \u221e  X\nXXX    XXX\nXe      PX\nX       PX\nXXXXX XXXX\nX     X  X\nX XXXXX XX\nXH m     X\nXXXXXX XXX\nX  X \u221e X X\nX  XX XX X\nX        X\nXXXXXXXXXX\n", "Health: 5 X: 1 Y: 13\nXXXXXXXXXX\nX   b    X\nX XXXXXX X\nXR      \u221eX\nXXXX  XXXX\nX        X\nX     \u221e  X\nX     \u221e  X\nXXX    XXX\nXe      PX\nX       PX\nXXXXX XXXX\nX     X  X\nXHXXXXX XX\nX m      X\nXXXXXX XXX\nX  X \u221e X X\nX  XX XX X\nX        X\nXXXXXXXXXX\n", "Health: 5 X: 1 Y: 12\nXXXXXXXXXX\nX   b    X\nX XXXXXX X\nXR      \u221eX\nXXXX  XXXX\nX        X\nX     \u221e  X\nX     \u221e  X\nXXX    XXX\nXe      PX\nX       PX\nXXXXX XXXX\nXH    X  X\nX XXXXX XX\nXm       X\nXXXXXX XXX\nX  X \u221e X X\nX  XX XX X\nX        X\nXXXXXXXXXX\n", "Health: 5 X: 2 Y: 12\nXXXXXXXXXX\nX   b    X\nX XXXXXX X\nXR      \u221eX\nXXXX  XXXX\nX        X\nX     \u221e  X\nX     \u221e  X\nXXX    XXX\nXe      PX\nX       PX\nXXXXX XXXX\nX H   X  X\nXmXXXXX XX\nX        X\nXXXXXX XXX\nX  X \u221e X X\nX  XX XX X\nX        X\nXXXXXXXXXX\n", "Health: 5 X: 3 Y: 12\nXXXXXXXXXX\nX   b    X\nX XXXXXX X\nXR      \u221eX\nXXXX  XXXX\nX        X\nX     \u221e  X\nX     \u221e  X\nXXX    XXX\nXe      PX\nX       PX\nXXXXX XXXX\nXm H  X  X\nX XXXXX XX\nX        X\nXXXXXX XXX\nX  X \u221e X X\nX  XX XX X\nX        X\nXXXXXXXXXX\n", "Health: 5 X: 4 Y: 12\nXXXXXXXXXX\nX   b    X\nX XXXXXX X\nXR      \u221eX\nXXXX  XXXX\nX        X\nX     \u221e  X\nX     \u221e  X\nXXX    XXX\nXe      PX\nX       PX\nXXXXX XXXX\nX m H X  X\nX XXXXX XX\nX        X\nXXXXXX XXX\nX  X \u221e X X\nX  XX XX X\nX        X\nXXXXXXXXXX\n", "Health: 5 X: 5 Y: 12\nXXXXXXXXXX\nX   b    X\nX XXXXXX X\nXR      \u221eX\nXXXX  XXXX\nX        X\nX     \u221e  X\nX     \u221e  X\nXXX    XXX\nXe      PX\nX       PX\nXXXXX XXXX\nX  m HX  X\nX XXXXX XX\nX        X\nXXXXXX XXX\nX  X \u221e X X\nX  XX XX X\nX        X\nXXXXXXXXXX\n", "Health: 5 X: 5 Y: 11\nXXXXXXXXXX\nX   b    X\nX XXXXXX X\nXR      \u221eX\nXXXX  XXXX\nX        X\nX     \u221e  X\nX     \u221e  X\nXXX    XXX\nXe      PX\nX       PX\nXXXXXHXXXX\nX   m X  X\nX XXXXX XX\nX        X\nXXXXXX XXX\nX  X \u221e X X\nX  XX XX X\nX        X\nXXXXXXXXXX\n", "Health: 5 X: 5 Y: 10\nXXXXXXXXXX\nX   b    X\nX XXXXXX X\nXR      \u221eX\nXXXX  XXXX\nX        X\nX     \u221e  X\nX     \u221e  X\nXXX    XXX\nXe      PX\nX    H  PX\nXXXXX XXXX\nX    mX  X\nX XXXXX XX\nX        X\nXXXXXX XXX\nX  X \u221e X X\nX  XX XX X\nX        X\nXXXXXXXXXX\n", "Health: 5 X: 6 Y: 10\nXXXXXXXXXX\nX   b    X\nX XXXXXX X\nXR      \u221eX\nXXXX  XXXX\nX        X\nX     \u221e  X\nX     \u221e  X\nXXX    XXX\nXe      PX\nX     H PX\nXXXXXmXXXX\nX     X  X\nX XXXXX XX\nX        X\nXXXXXX XXX\nX  X \u221e X X\nX  XX XX X\nX        X\nXXXXXXXXXX\n", "Health: 5 X: 7 Y: 10\nXXXXXXXXXX\nX   b    X\nX XXXXXX X\nXR      \u221eX\nXXXX  XXXX\nX        X\nX     \u221e  X\nX     \u221e  X\nXXX    XXX\nXe      PX\nX    m HPX\nXXXXX XXXX\nX     X  X\nX XXXXX XX\nX        X\nXXXXXX XXX\nX  X \u221e X X\nX  XX XX X\nX        X\nXXXXXXXXXX\n", "Health: 7 X: 8 Y: 10\nXXXXXXXXXX\nX   b    X\nX XXXXXX X\nXR      \u221eX\nXXXX  XXXX\nX        X\nX     \u221e  X\nX     \u221e  X\nXXX    XXX\nXe      PX\nX     m  X\nXXXXX XXXX\nX     X  X\nX XXXXX XX\nX        X\nXXXXXX XXX\nX  X \u221e X X\nX  XX XX X\nX        X\nXXXXXXXXXX\n", "Health: 9 X: 8 Y: 9\nXXXXXXXXXX\nX   b    X\nX XXXXXX X\nXR      \u221eX\nXXXX  XXXX\nX        X\nX     \u221e  X\nX     \u221e  X\nXXX    XXX\nXe    m  X\nX        X\nXXXXX XXXX\nX     X  X\nX XXXXX XX\nX        X\nXXXXXX XXX\nX  X \u221e X X\nX  XX XX X\nX        X\nXXXXXXXXXX\n", "Health: 9 X: 8 Y: 10\nXXXXXXXXXX\nX   b    X\nX XXXXXX X\nXR      \u221eX\nXXXX  XXXX\nX        X\nX     \u221e  X\nX     \u221e  X\nXXX    XXX\nXe     m X\nX        X\nXXXXX XXXX\nX     X  X\nX XXXXX XX\nX        X\nXXXXXX XXX\nX  X \u221e X X\nX  XX XX X\nX        X\nXXXXXXXXXX\n", "Health: 8 X: 7 Y: 10\nXXXXXXXXXX\nX   b    X\nX XXXXXX X\nXR      \u221eX\nXXXX  XXXX\nX        X\nX     \u221e  X\nX     \u221e  X\nXXX    XXX\nXe     m X\nX      H X\nXXXXX XXXX\nX     X  X\nX XXXXX XX\nX        X\nXXXXXX XXX\nX  X \u221e X X\nX  XX XX X\nX        X\nXXXXXXXXXX\n", "Health: 8 X: 6 Y: 10\nXXXXXXXXXX\nX   b    X\nX XXXXXX X\nXR      \u221eX\nXXXX  XXXX\nX        X\nX     \u221e  X\nX     \u221e  X\nXXX    XXX\nXe     m X\nX     H  X\nXXXXX XXXX\nX     X  X\nX XXXXX XX\nX        X\nXXXXXX XXX\nX  X \u221e X X\nX  XX XX X\nX        X\nXXXXXXXXXX\n", "Health: 8 X: 5 Y: 10\nXXXXXXXXXX\nX   b    X\nX XXXXXX X\nXR      \u221eX\nXXXX  XXXX\nX        X\nX     \u221e  X\nX     \u221e  X\nXXX    XXX\nXe     m X\nX    H   X\nXXXXX XXXX\nX     X  X\nX XXXXX XX\nX        X\nXXXXXX XXX\nX  X \u221e X X\nX  XX XX X\nX        X\nXXXXXXXXXX\n", "Health: 8 X: 5 Y: 9\nXXXXXXXXXX\nX   b    X\nX XXXXXX X\nXR      \u221eX\nXXXX  XXXX\nX        X\nX     \u221e  X\nX     \u221e  X\nXXX    XXX\nXe   H m X\nX        X\nXXXXX XXXX\nX     X  X\nX XXXXX XX\nX        X\nXXXXXX XXX\nX  X \u221e X X\nX  XX XX X\nX        X\nXXXXXXXXXX\n", "Health: 8 X: 5 Y: 8\nXXXXXXXXXX\nX   b    X\nX XXXXXX X\nXR      \u221eX\nXXXX  XXXX\nX        X\nX     \u221e  X\nX     \u221e  X\nXXX  H XXX\nXe     m X\nX        X\nXXXXX XXXX\nX     X  X\nX XXXXX XX\nX        X\nXXXXXX XXX\nX  X \u221e X X\nX  XX XX X\nX        X\nXXXXXXXXXX\n", "Health: 8 X: 5 Y: 7\nXXXXXXXXXX\nX   b    X\nX XXXXXX X\nXR      \u221eX\nXXXX  XXXX\nX        X\nX     \u221e  X\nX    H\u221e  X\nXXX    XXX\nXe     m X\nX        X\nXXXXX XXXX\nX     X  X\nX XXXXX XX\nX        X\nXXXXXX XXX\nX  X \u221e X X\nX  XX XX X\nX        X\nXXXXXXXXXX\n", "Health: 8 X: 5 Y: 6\nXXXXXXXXXX\nX   b    X\nX XXXXXX X\nXR      \u221eX\nXXXX  XXXX\nX        X\nX    H\u221e  X\nX     \u221e  X\nXXX    XXX\nXe    m  X\nX        X\nXXXXX XXXX\nX     X  X\nX XXXXX XX\nX        X\nXXXXXX XXX\nX  X \u221e X X\nX  XX XX X\nX        X\nXXXXXXXXXX\n", "Health: 8 X: 5 Y: 5\nXXXXXXXXXX\nX   b    X\nX XXXXXX X\nXR      \u221eX\nXXXX  XXXX\nX    H   X\nX     \u221e  X\nX     \u221e  X\nXXX   mXXX\nXe       X\nX        X\nXXXXX XXXX\nX     X  X\nX XXXXX XX\nX        X\nXXXXXX XXX\nX  X \u221e X X\nX  XX XX X\nX        X\nXXXXXXXXXX\n", "Health: 8 X: 5 Y: 4\nXXXXXXXXXX\nX   b    X\nX XXXXXX X\nXR      \u221eX\nXXXX HXXXX\nX        X\nX     \u221e  X\nX     \u221e  X\nXXX    XXX\nXe       X\nX        X\nXXXXX XXXX\nX     X  X\nX XXXXX XX\nX        X\nXXXXXX XXX\nX  X \u221e X X\nX  XX XX X\nX        X\nXXXXXXXXXX\n", "Health: 8 X: 5 Y: 3\nXXXXXXXXXX\nX   b    X\nX XXXXXX X\nX R  H  \u221eX\nXXXX  XXXX\nX        X\nX     \u221e  X\nX     \u221e  X\nXXX    XXX\nXe       X\nX        X\nXXXXX XXXX\nX     X  X\nX XXXXX XX\nX        X\nXXXXXX XXX\nX  X \u221e X X\nX  XX XX X\nX        X\nXXXXXXXXXX\n", "Health: 7 X: 4 Y: 3\nXXXXXXXXXX\nX   b    X\nX XXXXXX X\nX R H   \u221eX\nXXXX  XXXX\nX     m  X\nX     \u221e  X\nX     \u221e  X\nXXX    XXX\nXe       X\nX        X\nXXXXX XXXX\nX     X  X\nX XXXXX XX\nX        X\nXXXXXX XXX\nX  X \u221e X X\nX  XX XX X\nX        X\nXXXXXXXXXX\n", "Health: 6 X: 3 Y: 3\nXXXXXXXXXX\nX   b    X\nX XXXXXX X\nX RH    \u221eX\nXXXX  XXXX\nX    m   X\nX     \u221e  X\nX     \u221e  X\nXXX    XXX\nXe       X\nX        X\nXXXXX XXXX\nX     X  X\nX XXXXX XX\nX        X\nXXXXXX XXX\nX  X \u221e X X\nX  XX XX X\nX        X\nXXXXXXXXXX\n", "Health: 6 X: 2 Y: 3\nXXXXXXXXXX\nX   b    X\nX XXXXXX X\nX \u221e     \u221eX\nXXXX mXXXX\nX        X\nX     \u221e  X\nX     \u221e  X\nXXX    XXX\nXe       X\nX        X\nXXXXX XXXX\nX     X  X\nX XXXXX XX\nX        X\nXXXXXX XXX\nX  X \u221e X X\nX  XX XX X\nX        X\nXXXXXXXXXX\n", "Health: 6 X: 1 Y: 3\nXXXXXXXXXX\nX   b    X\nX XXXXXX X\nXH\u221e  m  \u221eX\nXXXX  XXXX\nX        X\nX     \u221e  X\nX     \u221e  X\nXXX    XXX\nXe       X\nX        X\nXXXXX XXXX\nX     X  X\nX XXXXX XX\nX        X\nXXXXXX XXX\nX  X \u221e X X\nX  XX XX X\nX        X\nXXXXXXXXXX\n", "Health: 6 X: 1 Y: 2\nXXXXXXXXXX\nX   b    X\nXHXXXXXX X\nX \u221e m   \u221eX\nXXXX  XXXX\nX        X\nX     \u221e  X\nX     \u221e  X\nXXX    XXX\nXe       X\nX        X\nXXXXX XXXX\nX     X  X\nX XXXXX XX\nX        X\nXXXXXX XXX\nX  X \u221e X X\nX  XX XX X\nX        X\nXXXXXXXXXX\n", "Health: 6 X: 1 Y: 1\nXXXXXXXXXX\nXH b     X\nX XXXXXX X\nX \u221em    \u221eX\nXXXX  XXXX\nX        X\nX     \u221e  X\nX     \u221e  X\nXXX    XXX\nXe       X\nX        X\nXXXXX XXXX\nX     X  X\nX XXXXX XX\nX        X\nXXXXXX XXX\nX  X \u221e X X\nX  XX XX X\nX        X\nXXXXXXXXXX\n", "Health: 5 X: 2 Y: 1\nXXXXXXXXXX\nX H\u221e     X\nX XXXXXX X\nX \u221e     \u221eX\nXXXX  XXXX\nX        X\nX     \u221e  X\nX     \u221e  X\nXXX    XXX\nXe       X\nX        X\nXXXXX XXXX\nX     X  X\nX XXXXX XX\nX        X\nXXXXXX XXX\nX  X \u221e X X\nX  XX XX X\nX        X\nXXXXXXXXXX\n", "Health: 5 X: 3 Y: 1\nXXXXXXXXXX\nX  \u221e     X\nX XXXXXX X\nXm\u221e     \u221eX\nXXXX  XXXX\nX        X\nX     \u221e  X\nX     \u221e  X\nXXX    XXX\nXe       X\nX        X\nXXXXX XXXX\nX     X  X\nX XXXXX XX\nX        X\nXXXXXX XXX\nX  X \u221e X X\nX  XX XX X\nX        X\nXXXXXXXXXX\n", "Health: 5 X: 4 Y: 1\nXXXXXXXXXX\nX  \u221eH    X\nXmXXXXXX X\nX \u221e     \u221eX\nXXXX  XXXX\nX        X\nX     \u221e  X\nX     \u221e  X\nXXX    XXX\nXe       X\nX        X\nXXXXX XXXX\nX     X  X\nX XXXXX XX\nX        X\nXXXXXX XXX\nX  X \u221e X X\nX  XX XX X\nX        X\nXXXXXXXXXX\n", "Health: 5 X: 5 Y: 1\nXXXXXXXXXX\nXm \u221e H   X\nX XXXXXX X\nX \u221e     \u221eX\nXXXX  XXXX\nX        X\nX     \u221e  X\nX     \u221e  X\nXXX    XXX\nXe       X\nX        X\nXXXXX XXXX\nX     X  X\nX XXXXX XX\nX        X\nXXXXXX XXX\nX  X \u221e X X\nX  XX XX X\nX        X\nXXXXXXXXXX\n", "Health: 5 X: 6 Y: 1\nXXXXXXXXXX\nX m\u221e  H  X\nX XXXXXX X\nX \u221e     \u221eX\nXXXX  XXXX\nX        X\nX     \u221e  X\nX     \u221e  X\nXXX    XXX\nXe       X\nX        X\nXXXXX XXXX\nX     X  X\nX XXXXX XX\nX        X\nXXXXXX XXX\nX  X \u221e X X\nX  XX XX X\nX        X\nXXXXXXXXXX\n", "Health: 5 X: 7 Y: 1\nXXXXXXXXXX\nX  m   H X\nX XXXXXX X\nX \u221e     \u221eX\nXXXX  XXXX\nX        X\nX     \u221e  X\nX     \u221e  X\nXXX    XXX\nXe       X\nX        X\nXXXXX XXXX\nX     X  X\nX XXXXX XX\nX        X\nXXXXXX XXX\nX  X \u221e X X\nX  XX XX X\nX        X\nXXXXXXXXXX\n", "Health: 5 X: 8 Y: 1\nXXXXXXXXXX\nX  \u221em   HX\nX XXXXXX X\nX \u221e     \u221eX\nXXXX  XXXX\nX        X\nX     \u221e  X\nX     \u221e  X\nXXX    XXX\nXe       X\nX        X\nXXXXX XXXX\nX     X  X\nX XXXXX XX\nX        X\nXXXXXX XXX\nX  X \u221e X X\nX  XX XX X\nX        X\nXXXXXXXXXX\n", "Health: 5 X: 8 Y: 2\nXXXXXXXXXX\nX  \u221e m   X\nX XXXXXXHX\nX \u221e     \u221eX\nXXXX  XXXX\nX        X\nX     \u221e  X\nX     \u221e  X\nXXX    XXX\nXe       X\nX        X\nXXXXX XXXX\nX     X  X\nX XXXXX XX\nX        X\nXXXXXX XXX\nX  X \u221e X X\nX  XX XX X\nX        X\nXXXXXXXXXX\n", "Health: 5 X: 8 Y: 3\nXXXXXXXXXX\nX  \u221e  m  X\nX XXXXXX X\nX \u221e     \u221eX\nXXXX  XXXX\nX        X\nX     \u221e  X\nX     \u221e  X\nXXX    XXX\nXe       X\nX        X\nXXXXX XXXX\nX     X  X\nX XXXXX XX\nX        X\nXXXXXX XXX\nX  X \u221e X X\nX  XX XX X\nX        X\nXXXXXXXXXX\n", "Health: 5 X: 7 Y: 3\nXXXXXXXXXX\nX  \u221e   m X\nX XXXXXX X\nX \u221e    H\u221eX\nXXXX  XXXX\nX        X\nX     \u221e  X\nX     \u221e  X\nXXX    XXX\nXe       X\nX        X\nXXXXX XXXX\nX     X  X\nX XXXXX XX\nX        X\nXXXXXX XXX\nX  X \u221e X X\nX  XX XX X\nX        X\nXXXXXXXXXX\n", "Health: 5 X: 6 Y: 3\nXXXXXXXXXX\nX  \u221e    mX\nX XXXXXX X\nX \u221e   H \u221eX\nXXXX  XXXX\nX        X\nX     \u221e  X\nX     \u221e  X\nXXX    XXX\nXe       X\nX        X\nXXXXX XXXX\nX     X  X\nX XXXXX XX\nX        X\nXXXXXX XXX\nX  X \u221e X X\nX  XX XX X\nX        X\nXXXXXXXXXX\n", "Health: 5 X: 5 Y: 3\nXXXXXXXXXX\nX  \u221e     X\nX XXXXXXmX\nX \u221e  H  \u221eX\nXXXX  XXXX\nX        X\nX     \u221e  X\nX     \u221e  X\nXXX    XXX\nXe       X\nX        X\nXXXXX XXXX\nX     X  X\nX XXXXX XX\nX        X\nXXXXXX XXX\nX  X \u221e X X\nX  XX XX X\nX        X\nXXXXXXXXXX\n", "Health: 5 X: 5 Y: 4\nXXXXXXXXXX\nX  \u221e     X\nX XXXXXX X\nX \u221e     \u221eX\nXXXX HXXXX\nX        X\nX     \u221e  X\nX     \u221e  X\nXXX    XXX\nXe       X\nX        X\nXXXXX XXXX\nX     X  X\nX XXXXX XX\nX        X\nXXXXXX XXX\nX  X \u221e X X\nX  XX XX X\nX        X\nXXXXXXXXXX\n", "Health: 5 X: 5 Y: 5\nXXXXXXXXXX\nX  \u221e     X\nX XXXXXX X\nX \u221e    m\u221eX\nXXXX  XXXX\nX    H   X\nX     \u221e  X\nX     \u221e  X\nXXX    XXX\nXe       X\nX        X\nXXXXX XXXX\nX     X  X\nX XXXXX XX\nX        X\nXXXXXX XXX\nX  X \u221e X X\nX  XX XX X\nX        X\nXXXXXXXXXX\n", "Health: 5 X: 5 Y: 6\nXXXXXXXXXX\nX  \u221e     X\nX XXXXXX X\nX \u221e   m \u221eX\nXXXX  XXXX\nX        X\nX    H\u221e  X\nX     \u221e  X\nXXX    XXX\nXe       X\nX        X\nXXXXX XXXX\nX     X  X\nX XXXXX XX\nX        X\nXXXXXX XXX\nX  X \u221e X X\nX  XX XX X\nX        X\nXXXXXXXXXX\n", "Health: 5 X: 5 Y: 7\nXXXXXXXXXX\nX  \u221e     X\nX XXXXXX X\nX \u221e  m  \u221eX\nXXXX  XXXX\nX        X\nX     \u221e  X\nX    H\u221e  X\nXXX    XXX\nXe       X\nX        X\nXXXXX XXXX\nX     X  X\nX XXXXX XX\nX        X\nXXXXXX XXX\nX  X \u221e X X\nX  XX XX X\nX        X\nXXXXXXXXXX\n", "Health: 5 X: 5 Y: 8\nXXXXXXXXXX\nX  \u221e     X\nX XXXXXX X\nX \u221e     \u221eX\nXXXX mXXXX\nX        X\nX     \u221e  X\nX     \u221e  X\nXXX  H XXX\nXe       X\nX        X\nXXXXX XXXX\nX     X  X\nX XXXXX XX\nX        X\nXXXXXX XXX\nX  X \u221e X X\nX  XX XX X\nX        X\nXXXXXXXXXX\n", "Health: 5 X: 5 Y: 9\nXXXXXXXXXX\nX  \u221e     X\nX XXXXXX X\nX \u221e     \u221eX\nXXXX  XXXX\nX    m   X\nX     \u221e  X\nX     \u221e  X\nXXX    XXX\nXe   H   X\nX        X\nXXXXX XXXX\nX     X  X\nX XXXXX XX\nX        X\nXXXXXX XXX\nX  X \u221e X X\nX  XX XX X\nX        X\nXXXXXXXXXX\n", "Health: 5 X: 4 Y: 9\nXXXXXXXXXX\nX  \u221e     X\nX XXXXXX X\nX \u221e     \u221eX\nXXXX  XXXX\nX   m    X\nX     \u221e  X\nX     \u221e  X\nXXX    XXX\nXe  H    X\nX        X\nXXXXX XXXX\nX     X  X\nX XXXXX XX\nX        X\nXXXXXX XXX\nX  X \u221e X X\nX  XX XX X\nX        X\nXXXXXXXXXX\n", "Health: 5 X: 3 Y: 9\nXXXXXXXXXX\nX  \u221e     X\nX XXXXXX X\nX \u221e     \u221eX\nXXXX  XXXX\nX  m     X\nX     \u221e  X\nX     \u221e  X\nXXX    XXX\nXe H     X\nX        X\nXXXXX XXXX\nX     X  X\nX XXXXX XX\nX        X\nXXXXXX XXX\nX  X \u221e X X\nX  XX XX X\nX        X\nXXXXXXXXXX\n", "Health: 5 X: 2 Y: 9\nXXXXXXXXXX\nX  \u221e     X\nX XXXXXX X\nX \u221e     \u221eX\nXXXX  XXXX\nX        X\nX  m  \u221e  X\nX     \u221e  X\nXXX    XXX\nXeH      X\nX        X\nXXXXX XXXX\nX     X  X\nX XXXXX XX\nX        X\nXXXXXX XXX\nX  X \u221e X X\nX  XX XX X\nX        X\nXXXXXXXXXX\n", "Health: 5 X: 1 Y: 9\nXXXXXXXXXX\nX  \u221e     X\nX XXXXXX X\nX \u221e     \u221eX\nXXXX  XXXX\nX        X\nX     \u221e  X\nX  m  \u221e  X\nXXX    XXX\nXe       X\nX        X\nXXXXX XXXX\nX     X  X\nX XXXXX XX\nX        X\nXXXXXX XXX\nX  X \u221e X X\nX  XX XX X\nX        X\nXXXXXXXXXX\n"], "map_number": 102}, {"mechanics": [{"timestep": 1, "mechanic": "OgreHit"}, {"timestep": 2, "mechanic": "OgreHit"}, {"timestep": 2, "mechanic": "BlobPotion"}, {"timestep": 2, "mechanic": "BlobPotion"}, {"timestep": 5, "mechanic": "BlobHit"}, {"timestep": 7, "mechanic": "CollectPotion"}, {"timestep": 19, "mechanic": "CollectPotion"}, {"timestep": 22, "mechanic": "CollectTreasure"}, {"timestep": 29, "mechanic": "MinitaurHit"}, {"timestep": 38, "mechanic": "CollectTreasure"}, {"timestep": 41, "mechanic": "MinitaurHit"}, {"timestep": 52, "mechanic": "BlobHit"}, {"timestep": 53, "mechanic": "BlobHit"}, {"timestep": 60, "mechanic": "CollectTreasure"}, {"timestep": 62, "mechanic": "CollectTreasure"}, {"timestep": 65, "mechanic": "BlobHit"}, {"timestep": 70, "mechanic": "CollectTreasure"}, {"timestep": 72, "mechanic": "CollectTreasure"}, {"timestep": 75, "mechanic": "MinitaurHit"}, {"timestep": 96, "mechanic": "GoblinMeleeHit"}, {"timestep": 98, "mechanic": "ReachStairs"}], "frequencies": {"OgreHit": 2, "BlobPotion": 2, "BlobHit": 4, "CollectPotion": 2, "CollectTreasure": 6, "MinitaurHit": 3, "GoblinMeleeHit": 1, "ReachStairs": 1}, "levelReport": {"utilityGained": 0.0, "exitUtility": 1.0, "runnerUtility": 0.010000000000000009, "loitererUtility": 99.0, "completionistUtility": 0.8833333333333333, "monsterKillerUtility": 1.0, "treasureCollectorUtility": 1.0, "turnsTaken": 99, "health": 3, "healthLost": 11, "alive": true, "javelinsThrown": 0, "monsterKills": 5, "minitaurKnockouts": 4, "treasuresCollected": 6, "potionsTaken": 2, "totalMonsters": 6, "totalTreasures": 6, "totalPotions": 4, "timeTaken": 0.0}, "positions": [{"X": 5, "Y": 10}, {"X": 5, "Y": 9}, {"X": 6, "Y": 9}, {"X": 7, "Y": 9}, {"X": 8, "Y": 9}, {"X": 8, "Y": 8}, {"X": 8, "Y": 9}, {"X": 8, "Y": 10}, {"X": 8, "Y": 11}, {"X": 8, "Y": 10}, {"X": 8, "Y": 9}, {"X": 8, "Y": 8}, {"X": 8, "Y": 7}, {"X": 8, "Y": 6}, {"X": 7, "Y": 6}, {"X": 6, "Y": 6}, {"X": 5, "Y": 6}, {"X": 4, "Y": 6}, {"X": 3, "Y": 6}, {"X": 2, "Y": 6}, {"X": 1, "Y": 6}, {"X": 1, "Y": 7}, {"X": 1, "Y": 8}, {"X": 1, "Y": 9}, {"X": 2, "Y": 9}, {"X": 3, "Y": 9}, {"X": 4, "Y": 9}, {"X": 5, "Y": 9}, {"X": 6, "Y": 9}, {"X": 6, "Y": 8}, {"X": 6, "Y": 7}, {"X": 6, "Y": 6}, {"X": 6, "Y": 5}, {"X": 6, "Y": 4}, {"X": 6, "Y": 3}, {"X": 6, "Y": 2}, {"X": 7, "Y": 2}, {"X": 8, "Y": 2}, {"X": 8, "Y": 1}, {"X": 7, "Y": 1}, {"X": 7, "Y": 2}, {"X": 7, "Y": 3}, {"X": 7, "Y": 4}, {"X": 7, "Y": 5}, {"X": 7, "Y": 6}, {"X": 6, "Y": 6}, {"X": 6, "Y": 7}, {"X": 6, "Y": 8}, {"X": 6, "Y": 9}, {"X": 6, "Y": 10}, {"X": 6, "Y": 11}, {"X": 6, "Y": 12}, {"X": 6, "Y": 13}, {"X": 7, "Y": 13}, {"X": 6, "Y": 13}, {"X": 5, "Y": 13}, {"X": 5, "Y": 14}, {"X": 5, "Y": 15}, {"X": 5, "Y": 16}, {"X": 5, "Y": 17}, {"X": 5, "Y": 18}, {"X": 6, "Y": 18}, {"X": 7, "Y": 18}, {"X": 6, "Y": 18}, {"X": 5, "Y": 18}, {"X": 5, "Y": 17}, {"X": 5, "Y": 16}, {"X": 4, "Y": 16}, {"X": 3, "Y": 16}, {"X": 3, "Y": 17}, {"X": 3, "Y": 18}, {"X": 2, "Y": 18}, {"X": 1, "Y": 18}, {"X": 2, "Y": 18}, {"X": 3, "Y": 18}, {"X": 3, "Y": 17}, {"X": 4, "Y": 17}, {"X": 5, "Y": 17}, {"X": 5, "Y": 16}, {"X": 5, "Y": 15}, {"X": 5, "Y": 14}, {"X": 5, "Y": 13}, {"X": 5, "Y": 12}, {"X": 5, "Y": 11}, {"X": 5, "Y": 10}, {"X": 5, "Y": 9}, {"X": 5, "Y": 8}, {"X": 5, "Y": 7}, {"X": 5, "Y": 6}, {"X": 6, "Y": 6}, {"X": 6, "Y": 5}, {"X": 6, "Y": 4}, {"X": 6, "Y": 3}, {"X": 6, "Y": 2}, {"X": 5, "Y": 2}, {"X": 4, "Y": 2}, {"X": 3, "Y": 2}, {"X": 4, "Y": 2}, {"X": 4, "Y": 1}], "levelStates": ["Health: 10 X: 5 Y: 10\nXXXXXXXXXX\nXMX e X TX\nX        X\nX   X   XX\nX   T    X\nXX  XX   X\nX P     bX\nX X X  X X\nXT       X\nX     o  X\nX  X H XPX\nX        X\nXX      XX\nX        X\nXb      bX\nX X T  X X\nXP   m  PX\nX        X\nXT TXT TXX\nXXXXXXXXXX\n", "Health: 8 X: 5 Y: 9\nXXXXXXXXXX\nXMX e X TX\nX        X\nX   X   XX\nX   T    X\nXX  XX   X\nX P      X\nX X X  XbX\nXT       X\nX    Ho  X\nX  X   XPX\nX        X\nXX      XX\nX        X\nX        X\nXbX Tm XbX\nXP      PX\nX        X\nXT TXT TXX\nXXXXXXXXXX\n", "Health: 6 X: 6 Y: 9\nXXXXXXXXXX\nXMX e X TX\nX        X\nX   X   XX\nX   T    X\nXX  XX   X\nX P      X\nX X X  X X\nXT      bX\nX     \u221e  X\nX  X   XPX\nX        X\nXX      XX\nX        X\nX    m   X\nX X T  X X\nX        X\nX        X\nXT TXT TXX\nXXXXXXXXXX\n", "Health: 6 X: 7 Y: 9\nXXXXXXXXXX\nXMX e X TX\nX        X\nX   X   XX\nX   T    X\nXX  XX   X\nX P      X\nX X X  X X\nXT     b X\nX     \u221eH X\nX  X   XPX\nX        X\nXX      XX\nX    m   X\nX        X\nX X T  X X\nX        X\nX        X\nXT TXT TXX\nXXXXXXXXXX\n", "Health: 6 X: 8 Y: 9\nXXXXXXXXXX\nXMX e X TX\nX        X\nX   X   XX\nX   T    X\nXX  XX   X\nX P      X\nX X X  X X\nXT      bX\nX     \u221e HX\nX  X   XPX\nX        X\nXX   m  XX\nX        X\nX        X\nX X T  X X\nX        X\nX        X\nXT TXT TXX\nXXXXXXXXXX\n", "Health: 6 X: 8 Y: 8\nXXXXXXXXXX\nXMX e X TX\nX        X\nX   X   XX\nX   T    X\nXX  XX   X\nX P      X\nX X X  X X\nXT      \u221eX\nX     \u221e  X\nX  X   XPX\nX    m   X\nXX      XX\nX        X\nX        X\nX X T  X X\nX        X\nX        X\nXT TXT TXX\nXXXXXXXXXX\n", "Health: 6 X: 8 Y: 9\nXXXXXXXXXX\nXMX e X TX\nX        X\nX   X   XX\nX   T    X\nXX  XX   X\nX P      X\nX X X  X X\nXT      \u221eX\nX     \u221e HX\nX  X m XPX\nX        X\nXX      XX\nX        X\nX        X\nX X T  X X\nX        X\nX        X\nXT TXT TXX\nXXXXXXXXXX\n", "Health: 8 X: 8 Y: 10\nXXXXXXXXXX\nXMX e X TX\nX        X\nX   X   XX\nX   T    X\nXX  XX   X\nX P      X\nX X X  X X\nXT      \u221eX\nX     \u221e  X\nX  X  mX X\nX        X\nXX      XX\nX        X\nX        X\nX X T  X X\nX        X\nX        X\nXT TXT TXX\nXXXXXXXXXX\n", "Health: 8 X: 8 Y: 11\nXXXXXXXXXX\nXMX e X TX\nX        X\nX   X   XX\nX   T    X\nXX  XX   X\nX P      X\nX X X  X X\nXT      \u221eX\nX     \u221e  X\nX  X   X X\nX     m HX\nXX      XX\nX        X\nX        X\nX X T  X X\nX        X\nX        X\nXT TXT TXX\nXXXXXXXXXX\n", "Health: 8 X: 8 Y: 10\nXXXXXXXXXX\nXMX e X TX\nX        X\nX   X   XX\nX   T    X\nXX  XX   X\nX P      X\nX X X  X X\nXT      \u221eX\nX     \u221e  X\nX  X   X X\nX      m X\nXX      XX\nX        X\nX        X\nX X T  X X\nX        X\nX        X\nXT TXT TXX\nXXXXXXXXXX\n", "Health: 8 X: 8 Y: 9\nXXXXXXXXXX\nXMX e X TX\nX        X\nX   X   XX\nX   T    X\nXX  XX   X\nX P      X\nX X X  X X\nXT      \u221eX\nX     \u221e HX\nX  X   X X\nX       mX\nXX      XX\nX        X\nX        X\nX X T  X X\nX        X\nX        X\nXT TXT TXX\nXXXXXXXXXX\n", "Health: 8 X: 8 Y: 8\nXXXXXXXXXX\nXMX e X TX\nX        X\nX   X   XX\nX   T    X\nXX  XX   X\nX P      X\nX X X  X X\nXT      \u221eX\nX     \u221e  X\nX  X   XmX\nX        X\nXX      XX\nX        X\nX        X\nX X T  X X\nX        X\nX        X\nXT TXT TXX\nXXXXXXXXXX\n", "Health: 8 X: 8 Y: 7\nXXXXXXXXXX\nXMX e X TX\nX        X\nX   X   XX\nX   T    X\nXX  XX   X\nX P      X\nX X X  XHX\nXT      \u221eX\nX     \u221e mX\nX  X   X X\nX        X\nXX      XX\nX        X\nX        X\nX X T  X X\nX        X\nX        X\nXT TXT TXX\nXXXXXXXXXX\n", "Health: 8 X: 8 Y: 6\nXXXXXXXXXX\nXMX e X TX\nX        X\nX   X   XX\nX   T    X\nXX  XX   X\nX P     HX\nX X X  X X\nXT      mX\nX     \u221e  X\nX  X   X X\nX        X\nXX      XX\nX        X\nX        X\nX X T  X X\nX        X\nX        X\nXT TXT TXX\nXXXXXXXXXX\n", "Health: 8 X: 7 Y: 6\nXXXXXXXXXX\nXMX e X TX\nX        X\nX   X   XX\nX   T    X\nXX  XX   X\nX P    H X\nX X X  XmX\nXT      \u221eX\nX     \u221e  X\nX  X   X X\nX        X\nXX      XX\nX        X\nX        X\nX X T  X X\nX        X\nX        X\nXT TXT TXX\nXXXXXXXXXX\n", "Health: 8 X: 6 Y: 6\nXXXXXXXXXX\nXMX e X TX\nX        X\nX   X   XX\nX   T    X\nXX  XX   X\nX P   H mX\nX X X  X X\nXT      \u221eX\nX     \u221e  X\nX  X   X X\nX        X\nXX      XX\nX        X\nX        X\nX X T  X X\nX        X\nX        X\nXT TXT TXX\nXXXXXXXXXX\n", "Health: 8 X: 5 Y: 6\nXXXXXXXXXX\nXMX e X TX\nX        X\nX   X   XX\nX   T    X\nXX  XX   X\nX P  H m X\nX X X  X X\nXT      \u221eX\nX     \u221e  X\nX  X   X X\nX        X\nXX      XX\nX        X\nX        X\nX X T  XbX\nX        X\nX        X\nXT TXT TXX\nXXXXXXXXXX\n", "Health: 8 X: 4 Y: 6\nXXXXXXXXXX\nXMX e X TX\nX        X\nX   X   XX\nX   T    X\nXX  XX   X\nX P H m  X\nX X X  X X\nXT      \u221eX\nX     \u221e  X\nX  X   X X\nX        X\nXX      XX\nX        X\nX        X\nX X T  XbX\nX        X\nX        X\nXT TXT TXX\nXXXXXXXXXX\n", "Health: 8 X: 3 Y: 6\nXXXXXXXXXX\nX X e X TX\nXM       X\nX   X   XX\nX   T    X\nXX  XX   X\nX PH m   X\nX X X  X X\nXT      \u221eX\nX     \u221e  X\nX  X   X X\nX        X\nXX      XX\nX        X\nX        X\nXbX T  XbX\nX        X\nX        X\nXT TXT TXX\nXXXXXXXXXX\n", "Health: 10 X: 2 Y: 6\nXXXXXXXXXX\nX X e X TX\nX M      X\nX   X   XX\nX   T    X\nXX  XX   X\nX   m    X\nX X X  X X\nXT      \u221eX\nX     \u221e  X\nX  X   X X\nX        X\nXX      XX\nX        X\nX        X\nXbX T  XbX\nX        X\nX        X\nXT TXT TXX\nXXXXXXXXXX\n", "Health: 10 X: 1 Y: 6\nXXXXXXXXXX\nX X e X TX\nX M      X\nX   X   XX\nX   T    X\nXX  XX   X\nXH m     X\nX X X  X X\nXT      \u221eX\nX     \u221e  X\nX  X   X X\nX        X\nXX      XX\nX        X\nX        X\nXbX T  XbX\nX        X\nX        X\nXT TXT TXX\nXXXXXXXXXX\n", "Health: 10 X: 1 Y: 7\nXXXXXXXXXX\nX X e X TX\nX M      X\nX   X   XX\nX   T    X\nXX  XX   X\nX m      X\nXHX X  X X\nXT      \u221eX\nX     \u221e  X\nX  X   X X\nX        X\nXX      XX\nX        X\nX        X\nXbX T  XbX\nX        X\nX        X\nXT TXT TXX\nXXXXXXXXXX\n", "Health: 10 X: 1 Y: 8\nXXXXXXXXXX\nX X e X TX\nX M      X\nX   X   XX\nX   T    X\nXX  XX   X\nXm       X\nX X X  X X\nX       \u221eX\nX     \u221e  X\nX  X   X X\nX        X\nXX      XX\nX        X\nX        X\nXbX T  XbX\nX        X\nX        X\nXT TXT TXX\nXXXXXXXXXX\n", "Health: 10 X: 1 Y: 9\nXXXXXXXXXX\nX X e X TX\nX        X\nX M X   XX\nX   T    X\nXX  XX   X\nX        X\nXmX X  X X\nX       \u221eX\nXH    \u221e  X\nX  X   X X\nX        X\nXX      XX\nX        X\nX        X\nXbX T  XbX\nX        X\nX        X\nXT TXT TXX\nXXXXXXXXXX\n", "Health: 10 X: 2 Y: 9\nXXXXXXXXXX\nX X e X TX\nX        X\nX M X   XX\nX   T    X\nXX  XX   X\nX        X\nX X X  X X\nXm      \u221eX\nX H   \u221e  X\nX  X   X X\nX        X\nXX      XX\nX        X\nX        X\nXbX T  XbX\nX        X\nX        X\nXT TXT TXX\nXXXXXXXXXX\n", "Health: 10 X: 3 Y: 9\nXXXXXXXXXX\nX X e X TX\nX        X\nX  MX   XX\nX   T    X\nXX  XX   X\nX        X\nX X X  X X\nX m     \u221eX\nX  H  \u221e  X\nX  X   X X\nX        X\nXX      XX\nX        X\nX        X\nXbX T  XbX\nX        X\nX        X\nXT TXT TXX\nXXXXXXXXXX\n", "Health: 10 X: 4 Y: 9\nXXXXXXXXXX\nX X e X TX\nX        X\nX  MX   XX\nX   T    X\nXX  XX   X\nX        X\nX X X  X X\nX  m    \u221eX\nX   H \u221e  X\nX  X   X X\nX        X\nXX      XX\nX        X\nX       bX\nXbX T  X X\nX        X\nX        X\nXT TXT TXX\nXXXXXXXXXX\n", "Health: 10 X: 5 Y: 9\nXXXXXXXXXX\nX X e X TX\nX        X\nX  MX   XX\nX   T    X\nXX  XX   X\nX        X\nX X X  X X\nX   m   \u221eX\nX    H\u221e  X\nX  X   X X\nX        X\nXX      XX\nX       bX\nXb       X\nX X T  X X\nX        X\nX        X\nXT TXT TXX\nXXXXXXXXXX\n", "Health: 10 X: 6 Y: 9\nXXXXXXXXXX\nX X e X TX\nX        X\nX  MX   XX\nX   T    X\nXX  XX   X\nX        X\nX X X  X X\nX    m  \u221eX\nX     \u221e  X\nX  X   X X\nX        X\nXX      XX\nXb      bX\nX        X\nX X T  X X\nX        X\nX        X\nXT TXT TXX\nXXXXXXXXXX\n", "Health: 9 X: 6 Y: 8\nXXXXXXXXXX\nX X e X TX\nX        X\nX  MX   XX\nX   T    X\nXX  XX   X\nX        X\nX X X  X X\nX    mH \u221eX\nX     \u221e  X\nX  X   X X\nX        X\nXX      XX\nXb      bX\nX        X\nX X T  X X\nX        X\nX        X\nXT TXT TXX\nXXXXXXXXXX\n", "Health: 9 X: 6 Y: 7\nXXXXXXXXXX\nX X e X TX\nX        X\nX  MX   XX\nX   T    X\nXX  XX   X\nX        X\nX X X HX X\nX    m  \u221eX\nX     \u221e  X\nX  X   X X\nX        X\nXX      XX\nXb      bX\nX        X\nX X T  X X\nX        X\nX        X\nXT TXT TXX\nXXXXXXXXXX\n", "Health: 9 X: 6 Y: 6\nXXXXXXXXXX\nX X e X TX\nX        X\nX  MX   XX\nX   T    X\nXX  XX   X\nX     H  X\nX X X  X X\nX    m  \u221eX\nX     \u221e  X\nX  X   X X\nX        X\nXX      XX\nXb      bX\nX        X\nX X T  X X\nX        X\nX        X\nXT TXT TXX\nXXXXXXXXXX\n", "Health: 9 X: 6 Y: 5\nXXXXXXXXXX\nX X e X TX\nX        X\nX  MX   XX\nX   T    X\nXX  XXH  X\nX        X\nX X X  X X\nX    m  \u221eX\nX     \u221e  X\nX  X   X X\nX        X\nXX      XX\nXb      bX\nX        X\nX X T  X X\nX        X\nX        X\nXT TXT TXX\nXXXXXXXXXX\n", "Health: 9 X: 6 Y: 4\nXXXXXXXXXX\nX X e X TX\nX        X\nX  MX   XX\nX   T H  X\nXX  XX   X\nX        X\nX X X  X X\nX    m  \u221eX\nX     \u221e  X\nX  X   X X\nX        X\nXX      XX\nXb      bX\nX        X\nX X T  X X\nX        X\nX        X\nXT TXT TXX\nXXXXXXXXXX\n", "Health: 9 X: 6 Y: 3\nXXXXXXXXXX\nX X e X TX\nX        X\nX  MX H XX\nX   T    X\nXX  XX   X\nX        X\nX X X  X X\nX    m  \u221eX\nX     \u221e  X\nX  X   X X\nX        X\nXX      XX\nXb      bX\nX        X\nX X T  X X\nX        X\nX        X\nXT TXT TXX\nXXXXXXXXXX\n", "Health: 9 X: 6 Y: 2\nXXXXXXXXXX\nX X e X TX\nX     H  X\nX  MX   XX\nX   T    X\nXX  XX   X\nX        X\nX X Xm X X\nX       \u221eX\nX     \u221e  X\nX  X   X X\nX        X\nXX      XX\nXb      bX\nX        X\nX X T  X X\nX        X\nX        X\nXT TXT TXX\nXXXXXXXXXX\n", "Health: 9 X: 7 Y: 2\nXXXXXXXXXX\nX X e X TX\nX      H X\nX  MX   XX\nX   T    X\nXX  XX   X\nX    m   X\nX X X  X X\nX       \u221eX\nX     \u221e  X\nX  X   X X\nX        X\nXX      XX\nXb      bX\nX        X\nX X T  X X\nX        X\nX        X\nXT TXT TXX\nXXXXXXXXXX\n", "Health: 9 X: 8 Y: 2\nXXXXXXXXXX\nX X e X TX\nX       HX\nX  MX   XX\nX   T    X\nXX  XX   X\nX     m  X\nX X X  X X\nX       \u221eX\nX     \u221e  X\nX  X   X X\nX        X\nXX      XX\nXb      bX\nX        X\nX X T  X X\nX        X\nX        X\nXT TXT TXX\nXXXXXXXXXX\n", "Health: 9 X: 8 Y: 1\nXXXXXXXXXX\nX X e X  X\nX        X\nX  MX   XX\nX   T    X\nXX  XXm  X\nX        X\nX X X  X X\nX       \u221eX\nX     \u221e  X\nX  X   X X\nX        X\nXX      XX\nXb      bX\nX        X\nX X T  X X\nX        X\nX        X\nXT TXT TXX\nXXXXXXXXXX\n", "Health: 9 X: 7 Y: 1\nXXXXXXXXXX\nX X e XH X\nX        X\nX  MX   XX\nX   T m  X\nXX  XX   X\nX        X\nX X X  X X\nX       \u221eX\nX     \u221e  X\nX  X   X X\nX        X\nXX      XX\nXb      bX\nX        X\nX X T  X X\nX        X\nX        X\nXT TXT TXX\nXXXXXXXXXX\n", "Health: 9 X: 7 Y: 2\nXXXXXXXXXX\nX X e X  X\nX      H X\nX  MX m XX\nX   T    X\nXX  XX   X\nX        X\nX X X  X X\nX       \u221eX\nX     \u221e  X\nX  X   X X\nX        X\nXX      XX\nXb      bX\nX        X\nX X T  X X\nX        X\nX        X\nXT TXT TXX\nXXXXXXXXXX\n", "Health: 8 X: 7 Y: 3\nXXXXXXXXXX\nX X e X  X\nX        X\nX  MX mHXX\nX   T    X\nXX  XX   X\nX        X\nX X X  X X\nX       \u221eX\nX     \u221e  X\nX  X   X X\nX        X\nXX      XX\nXb      bX\nX        X\nX X T  X X\nX        X\nX        X\nXT TXT TXX\nXXXXXXXXXX\n", "Health: 8 X: 7 Y: 4\nXXXXXXXXXX\nX X e X  X\nX        X\nX  MX m XX\nX   T  H X\nXX  XX   X\nX        X\nX X X  X X\nX       \u221eX\nX     \u221e  X\nX  X   X X\nX        X\nXX      XX\nXb      bX\nX        X\nX X T  X X\nX        X\nX        X\nXT TXT TXX\nXXXXXXXXXX\n", "Health: 8 X: 7 Y: 5\nXXXXXXXXXX\nX X e X  X\nX        X\nX  MX m XX\nX   T    X\nXX  XX H X\nX        X\nX X X  X X\nX       \u221eX\nX     \u221e  X\nX  X   X X\nX        X\nXX      XX\nXb      bX\nX        X\nX X T  X X\nX        X\nX        X\nXT TXT TXX\nXXXXXXXXXX\n", "Health: 8 X: 7 Y: 6\nXXXXXXXXXX\nX X e X  X\nX        X\nX  MX m XX\nX   T    X\nXX  XX   X\nX      H X\nX X X  X X\nX       \u221eX\nX     \u221e  X\nX  X   X X\nX        X\nXX      XX\nXb      bX\nX        X\nX X T  X X\nX        X\nX        X\nXT TXT TXX\nXXXXXXXXXX\n", "Health: 8 X: 6 Y: 6\nXXXXXXXXXX\nX X e X  X\nX        X\nX  MX m XX\nX   T    X\nXX  XX   X\nX     H  X\nX X X  X X\nX       \u221eX\nX     \u221e  X\nX  X   X X\nX        X\nXX      XX\nXb      bX\nX        X\nX X T  X X\nX        X\nX        X\nXT TXT TXX\nXXXXXXXXXX\n", "Health: 8 X: 6 Y: 7\nXXXXXXXXXX\nX X e X  X\nX        X\nX  MX m XX\nX   T    X\nXX  XX   X\nX        X\nX X X HX X\nX       \u221eX\nX     \u221e  X\nX  X   X X\nX        X\nXX      XX\nXb      bX\nX        X\nX X T  X X\nX        X\nX        X\nXT TXT TXX\nXXXXXXXXXX\n", "Health: 8 X: 6 Y: 8\nXXXXXXXXXX\nX X e X  X\nX        X\nX  MX   XX\nX   T m  X\nXX  XX   X\nX        X\nX X X  X X\nX     H \u221eX\nX     \u221e  X\nX  X   X X\nX        X\nXX      XX\nXb      bX\nX        X\nX X T  X X\nX        X\nX        X\nXT TXT TXX\nXXXXXXXXXX\n", "Health: 8 X: 6 Y: 9\nXXXXXXXXXX\nX X e X  X\nX        X\nX  MX   XX\nX   T    X\nXX  XXm  X\nX        X\nX X X  X X\nX       \u221eX\nX     \u221e  X\nX  X   X X\nX        X\nXX      XX\nX b     bX\nX        X\nX X T  X X\nX        X\nX        X\nXT TXT TXX\nXXXXXXXXXX\n", "Health: 8 X: 6 Y: 10\nXXXXXXXXXX\nX X e X  X\nX        X\nX  MX   XX\nX   T    X\nXX  XX   X\nX     m  X\nX X X  X X\nX       \u221eX\nX     \u221e  X\nX  X  HX X\nX        X\nXXb     XX\nX       bX\nX        X\nX X T  X X\nX        X\nX        X\nXT TXT TXX\nXXXXXXXXXX\n", "Health: 8 X: 6 Y: 11\nXXXXXXXXXX\nX X e X  X\nX        X\nX  MX   XX\nX   T    X\nXX  XX   X\nX        X\nX X X mX X\nX       \u221eX\nX     \u221e  X\nX  X   X X\nX b   H  X\nXX      XX\nX       bX\nX        X\nX X T  X X\nX        X\nX        X\nXT TXT TXX\nXXXXXXXXXX\n", "Health: 8 X: 6 Y: 12\nXXXXXXXXXX\nX X e X  X\nX        X\nX  MX   XX\nX   T    X\nXX  XX   X\nX        X\nX X X  X X\nX     m \u221eX\nX     \u221e  X\nX  X   X X\nX  b     X\nXX    H XX\nX      b X\nX        X\nX X T  X X\nX        X\nX        X\nXT TXT TXX\nXXXXXXXXXX\n", "Health: 6 X: 6 Y: 13\nXXXXXXXXXX\nX X e X  X\nX        X\nX  MX   XX\nX   T    X\nXX  XX   X\nX        X\nX X X  X X\nX       \u221eX\nX     m  X\nX  X   X X\nX   b    X\nXX      XX\nX     Hb X\nX        X\nX X T  X X\nX        X\nX        X\nXT TXT TXX\nXXXXXXXXXX\n", "Health: 6 X: 7 Y: 13\nXXXXXXXXXX\nX X e X  X\nX        X\nX  MX   XX\nX   T    X\nXX  XX   X\nX        X\nX X X  X X\nX       \u221eX\nX     \u221e  X\nX  X  mX X\nX    b   X\nXX      XX\nX      \u221e X\nX        X\nX X T  X X\nX        X\nX        X\nXT TXT TXX\nXXXXXXXXXX\n", "Health: 6 X: 6 Y: 13\nXXXXXXXXXX\nX X e X  X\nX        X\nX  MX   XX\nX   T    X\nXX  XX   X\nX        X\nX X X  X X\nX       \u221eX\nX     \u221e  X\nX  X  mX X\nX     b  X\nXX      XX\nX     H\u221e X\nX        X\nX X T  X X\nX        X\nX        X\nXT TXT TXX\nXXXXXXXXXX\n", "Health: 6 X: 5 Y: 13\nXXXXXXXXXX\nX X e X  X\nX        X\nX  MX   XX\nX   T    X\nXX  XX   X\nX        X\nX X X  X X\nX       \u221eX\nX     \u221e  X\nX  X  mX X\nX    b   X\nXX      XX\nX    H \u221e X\nX        X\nX X T  X X\nX        X\nX        X\nXT TXT TXX\nXXXXXXXXXX\n", "Health: 6 X: 5 Y: 14\nXXXXXXXXXX\nX X e X  X\nX        X\nX  MX   XX\nX   T    X\nXX  XX   X\nX        X\nX X X  X X\nX       \u221eX\nX     \u221e  X\nX  X  mX X\nX        X\nXX   b  XX\nX      \u221e X\nX    H   X\nX X T  X X\nX        X\nX        X\nXT TXT TXX\nXXXXXXXXXX\n", "Health: 6 X: 5 Y: 15\nXXXXXXXXXX\nX X e X  X\nX        X\nX  MX   XX\nX   T    X\nXX  XX   X\nX        X\nX X X  X X\nX       \u221eX\nX     \u221e  X\nX  X  mX X\nX        X\nXX      XX\nX    b \u221e X\nX        X\nX X TH X X\nX        X\nX        X\nXT TXT TXX\nXXXXXXXXXX\n", "Health: 6 X: 5 Y: 16\nXXXXXXXXXX\nX X e X  X\nX        X\nX  MX   XX\nX   T    X\nXX  XX   X\nX        X\nX X X  X X\nX       \u221eX\nX     \u221e  X\nX  X  mX X\nX        X\nXX      XX\nX      \u221e X\nX    b   X\nX X T  X X\nX    H   X\nX        X\nXT TXT TXX\nXXXXXXXXXX\n", "Health: 6 X: 5 Y: 17\nXXXXXXXXXX\nX X e X  X\nX        X\nX  MX   XX\nX   T    X\nXX  XX   X\nX        X\nX X X  X X\nX       \u221eX\nX     \u221e  X\nX  X  mX X\nX        X\nXX      XX\nX      \u221e X\nX        X\nX X Tb X X\nX        X\nX    H   X\nXT TXT TXX\nXXXXXXXXXX\n", "Health: 6 X: 5 Y: 18\nXXXXXXXXXX\nX X e X  X\nX        X\nX  MX   XX\nX   T    X\nXX  XX   X\nX        X\nX X X  X X\nX       \u221eX\nX     \u221e  X\nX  X m X X\nX        X\nXX      XX\nX      \u221e X\nX        X\nX X T  X X\nX    b   X\nX        X\nXT TX  TXX\nXXXXXXXXXX\n", "Health: 6 X: 6 Y: 18\nXXXXXXXXXX\nX X e X  X\nX        X\nX  MX   XX\nX   T    X\nXX  XX   X\nX        X\nX X X  X X\nX       \u221eX\nX     \u221e  X\nX  X  mX X\nX        X\nXX      XX\nX      \u221e X\nX        X\nX X T  X X\nX     b  X\nX        X\nXT TX HTXX\nXXXXXXXXXX\n", "Health: 6 X: 7 Y: 18\nXXXXXXXXXX\nX X e X  X\nX        X\nX  MX   XX\nX   T    X\nXX  XX   X\nX        X\nX X X  X X\nX       \u221eX\nX     \u221e  X\nX  X   X X\nX     m  X\nXX      XX\nX      \u221e X\nX        X\nX X T  X X\nX      b X\nX        X\nXT TX   XX\nXXXXXXXXXX\n", "Health: 6 X: 6 Y: 18\nXXXXXXXXXX\nX X e X  X\nX        X\nX  MX   XX\nX   T    X\nXX  XX   X\nX        X\nX X X  X X\nX       \u221eX\nX     \u221e  X\nX  X   X X\nX        X\nXX    m XX\nX      \u221e X\nX        X\nX X T  X X\nX     b  X\nX        X\nXT TX H XX\nXXXXXXXXXX\n", "Health: 6 X: 5 Y: 18\nXXXXXXXXXX\nX X e X  X\nX        X\nX  MX   XX\nX   T    X\nXX  XX   X\nX        X\nX X X  X X\nX       \u221eX\nX     \u221e  X\nX  X   X X\nX        X\nXX   m  XX\nX      \u221e X\nX        X\nX X T  X X\nX    b   X\nX        X\nXT TX   XX\nXXXXXXXXXX\n", "Health: 5 X: 5 Y: 17\nXXXXXXXXXX\nX X e X  X\nX        X\nX  MX   XX\nX   T    X\nXX  XX   X\nX        X\nX X X  X X\nX       \u221eX\nX     \u221e  X\nX  X   X X\nX        X\nXX      XX\nX    m \u221e X\nX        X\nX X T  X X\nX    \u221e   X\nX    H   X\nXT TX   XX\nXXXXXXXXXX\n", "Health: 5 X: 5 Y: 16\nXXXXXXXXXX\nX X e X  X\nX        X\nX  MX   XX\nX   T    X\nXX  XX   X\nX        X\nX X X  X X\nX       \u221eX\nX     \u221e  X\nX  X   X X\nX        X\nXX      XX\nX      \u221e X\nX    m   X\nX X T  X X\nX    \u221e   X\nX        X\nXT TX   XX\nXXXXXXXXXX\n", "Health: 5 X: 4 Y: 16\nXXXXXXXXXX\nX X e X  X\nX        X\nX  MX   XX\nX   T    X\nXX  XX   X\nX        X\nX X X  X X\nX       \u221eX\nX     \u221e  X\nX  X   X X\nX        X\nXX      XX\nX      \u221e X\nX   m    X\nX X T  X X\nX   H\u221e   X\nX        X\nXT TX   XX\nXXXXXXXXXX\n", "Health: 5 X: 3 Y: 16\nXXXXXXXXXX\nX X e X  X\nX        X\nX  MX   XX\nX   T    X\nXX  XX   X\nX        X\nX X X  X X\nX       \u221eX\nX     \u221e  X\nX  X   X X\nX        X\nXX      XX\nX      \u221e X\nX  m     X\nX X T  X X\nX  H \u221e   X\nX        X\nXT TX   XX\nXXXXXXXXXX\n", "Health: 5 X: 3 Y: 17\nXXXXXXXXXX\nX X e X  X\nX        X\nX  MX   XX\nX   T    X\nXX  XX   X\nX        X\nX X X  X X\nX       \u221eX\nX     \u221e  X\nX  X   X X\nX        X\nXX      XX\nX      \u221e X\nX        X\nX XmT  X X\nX    \u221e   X\nX  H     X\nXT TX   XX\nXXXXXXXXXX\n", "Health: 5 X: 3 Y: 18\nXXXXXXXXXX\nX X e X  X\nX        X\nX  MX   XX\nX   T    X\nXX  XX   X\nX        X\nX X X  X X\nX       \u221eX\nX     \u221e  X\nX  X   X X\nX        X\nXX      XX\nX      \u221e X\nX        X\nX X T  X X\nX  m \u221e   X\nX        X\nXT  X   XX\nXXXXXXXXXX\n", "Health: 5 X: 2 Y: 18\nXXXXXXXXXX\nX X e X  X\nX        X\nX  MX   XX\nX   T    X\nXX  XX   X\nX        X\nX X X  X X\nX       \u221eX\nX     \u221e  X\nX  X   X X\nX        X\nXX      XX\nX      \u221e X\nX        X\nX X T  X X\nX m  \u221e   X\nX        X\nXTH X   XX\nXXXXXXXXXX\n", "Health: 5 X: 1 Y: 18\nXXXXXXXXXX\nX X e X  X\nX        X\nX  MX   XX\nX   T    X\nXX  XX   X\nX        X\nX X X  X X\nX       \u221eX\nX     \u221e  X\nX  X   X X\nX        X\nXX      XX\nX      \u221e X\nX        X\nX X T  X X\nXm   \u221e   X\nX        X\nX   X   XX\nXXXXXXXXXX\n", "Health: 5 X: 2 Y: 18\nXXXXXXXXXX\nX X e X  X\nX        X\nX  MX   XX\nX   T    X\nXX  XX   X\nX        X\nX X X  X X\nX       \u221eX\nX     \u221e  X\nX  X   X X\nX        X\nXX      XX\nX      \u221e X\nX        X\nX X T  X X\nX m  \u221e   X\nX        X\nX H X   XX\nXXXXXXXXXX\n", "Health: 5 X: 3 Y: 18\nXXXXXXXXXX\nX X e X  X\nX        X\nX  MX   XX\nX   T    X\nXX  XX   X\nX        X\nX X X  X X\nX       \u221eX\nX     \u221e  X\nX  X   X X\nX        X\nXX      XX\nX      \u221e X\nX        X\nX X T  X X\nX  m \u221e   X\nX        X\nX   X   XX\nXXXXXXXXXX\n", "Health: 4 X: 3 Y: 17\nXXXXXXXXXX\nX X e X  X\nX        X\nX  MX   XX\nX   T    X\nXX  XX   X\nX        X\nX X X  X X\nX       \u221eX\nX     \u221e  X\nX  X   X X\nX        X\nXX      XX\nX      \u221e X\nX        X\nX X T  X X\nX  m \u221e   X\nX  H     X\nX   X   XX\nXXXXXXXXXX\n", "Health: 4 X: 4 Y: 17\nXXXXXXXXXX\nX X e X  X\nX        X\nX  MX   XX\nX   T    X\nXX  XX   X\nX        X\nX X X  X X\nX       \u221eX\nX     \u221e  X\nX  X   X X\nX        X\nXX      XX\nX      \u221e X\nX        X\nX X T  X X\nX  m \u221e   X\nX   H    X\nX   X   XX\nXXXXXXXXXX\n", "Health: 4 X: 5 Y: 17\nXXXXXXXXXX\nX X e X  X\nX        X\nX  MX   XX\nX   T    X\nXX  XX   X\nX        X\nX X X  X X\nX       \u221eX\nX     \u221e  X\nX  X   X X\nX        X\nXX      XX\nX      \u221e X\nX        X\nX X T  X X\nX  m \u221e   X\nX    H   X\nX   X   XX\nXXXXXXXXXX\n", "Health: 4 X: 5 Y: 16\nXXXXXXXXXX\nX X e X  X\nX        X\nX  MX   XX\nX   T    X\nXX  XX   X\nX        X\nX X X  X X\nX       \u221eX\nX     \u221e  X\nX  X   X X\nX        X\nXX      XX\nX      \u221e X\nX        X\nX X T  X X\nX  m \u221e   X\nX        X\nX   X   XX\nXXXXXXXXXX\n", "Health: 4 X: 5 Y: 15\nXXXXXXXXXX\nX X e X  X\nX        X\nX  MX   XX\nX   T    X\nXX  XX   X\nX        X\nX X X  X X\nX       \u221eX\nX     \u221e  X\nX  X   X X\nX        X\nXX      XX\nX      \u221e X\nX        X\nX X TH X X\nX  m \u221e   X\nX        X\nX   X   XX\nXXXXXXXXXX\n", "Health: 4 X: 5 Y: 14\nXXXXXXXXXX\nX X e X  X\nX        X\nX  MX   XX\nX   T    X\nXX  XX   X\nX        X\nX X X  X X\nX       \u221eX\nX     \u221e  X\nX  X   X X\nX        X\nXX      XX\nX      \u221e X\nX    H   X\nX X T  X X\nX  m \u221e   X\nX        X\nX   X   XX\nXXXXXXXXXX\n", "Health: 4 X: 5 Y: 13\nXXXXXXXXXX\nX X e X  X\nX        X\nX  MX   XX\nX   T    X\nXX  XX   X\nX        X\nX X X  X X\nX       \u221eX\nX     \u221e  X\nX  X   X X\nX        X\nXX      XX\nX    H \u221e X\nX        X\nX XmT  X X\nX    \u221e   X\nX        X\nX   X   XX\nXXXXXXXXXX\n", "Health: 4 X: 5 Y: 12\nXXXXXXXXXX\nX X e X  X\nX        X\nX  MX   XX\nX   T    X\nXX  XX   X\nX        X\nX X X  X X\nX       \u221eX\nX     \u221e  X\nX  X   X X\nX        X\nXX   H  XX\nX      \u221e X\nX  m     X\nX X T  X X\nX    \u221e   X\nX        X\nX   X   XX\nXXXXXXXXXX\n", "Health: 4 X: 5 Y: 11\nXXXXXXXXXX\nX X e X  X\nX        X\nX  MX   XX\nX   T    X\nXX  XX   X\nX        X\nX X X  X X\nX       \u221eX\nX     \u221e  X\nX  X   X X\nX    H   X\nXX      XX\nX  m   \u221e X\nX        X\nX X T  X X\nX    \u221e   X\nX        X\nX   X   XX\nXXXXXXXXXX\n", "Health: 4 X: 5 Y: 10\nXXXXXXXXXX\nX X e X  X\nX        X\nX  MX   XX\nX   T    X\nXX  XX   X\nX        X\nX X X  X X\nX       \u221eX\nX     \u221e  X\nX  X H X X\nX        X\nXX m    XX\nX      \u221e X\nX        X\nX X T  X X\nX    \u221e   X\nX        X\nX   X   XX\nXXXXXXXXXX\n", "Health: 4 X: 5 Y: 9\nXXXXXXXXXX\nX X e X  X\nX        X\nX  MX   XX\nX   T    X\nXX  XX   X\nX        X\nX X X  X X\nX       \u221eX\nX    H\u221e  X\nX  X   X X\nX  m     X\nXX      XX\nX      \u221e X\nX        X\nX X T  X X\nX    \u221e   X\nX        X\nX   X   XX\nXXXXXXXXXX\n", "Health: 4 X: 5 Y: 8\nXXXXXXXXXX\nX X e X  X\nX        X\nX  MX   XX\nX   T    X\nXX  XX   X\nX        X\nX X X  X X\nX    H  \u221eX\nX     \u221e  X\nX  X   X X\nX   m    X\nXX      XX\nX      \u221e X\nX        X\nX X T  X X\nX    \u221e   X\nX        X\nX   X   XX\nXXXXXXXXXX\n", "Health: 4 X: 5 Y: 7\nXXXXXXXXXX\nX X e X  X\nX        X\nX  MX   XX\nX   T    X\nXX  XX   X\nX        X\nX X XH X X\nX       \u221eX\nX     \u221e  X\nX  Xm  X X\nX        X\nXX      XX\nX      \u221e X\nX        X\nX X T  X X\nX    \u221e   X\nX        X\nX   X   XX\nXXXXXXXXXX\n", "Health: 4 X: 5 Y: 6\nXXXXXXXXXX\nX X e X  X\nX        X\nX  MX   XX\nX   T    X\nXX  XX   X\nX    H   X\nX X X  X X\nX       \u221eX\nX   m \u221e  X\nX  X   X X\nX        X\nXX      XX\nX      \u221e X\nX        X\nX X T  X X\nX    \u221e   X\nX        X\nX   X   XX\nXXXXXXXXXX\n", "Health: 4 X: 6 Y: 6\nXXXXXXXXXX\nX X e X  X\nX        X\nX  MX   XX\nX   T    X\nXX  XX   X\nX     H  X\nX X X  X X\nX   m   \u221eX\nX     \u221e  X\nX  X   X X\nX        X\nXX      XX\nX      \u221e X\nX        X\nX X T  X X\nX    \u221e   X\nX        X\nX   X   XX\nXXXXXXXXXX\n", "Health: 4 X: 6 Y: 5\nXXXXXXXXXX\nX X e X  X\nX        X\nX  MX   XX\nX   T    X\nXX  XXH  X\nX        X\nX X X  X X\nX    m  \u221eX\nX     \u221e  X\nX  X   X X\nX        X\nXX      XX\nX      \u221e X\nX        X\nX X T  X X\nX    \u221e   X\nX        X\nX   X   XX\nXXXXXXXXXX\n", "Health: 4 X: 6 Y: 4\nXXXXXXXXXX\nX X e X  X\nX        X\nX  MX   XX\nX   T H  X\nXX  XX   X\nX        X\nX X Xm X X\nX       \u221eX\nX     \u221e  X\nX  X   X X\nX        X\nXX      XX\nX      \u221e X\nX        X\nX X T  X X\nX    \u221e   X\nX        X\nX   X   XX\nXXXXXXXXXX\n", "Health: 4 X: 6 Y: 3\nXXXXXXXXXX\nX X e X  X\nX        X\nX  MX H XX\nX   T    X\nXX  XX   X\nX    m   X\nX X X  X X\nX       \u221eX\nX     \u221e  X\nX  X   X X\nX        X\nXX      XX\nX      \u221e X\nX        X\nX X T  X X\nX    \u221e   X\nX        X\nX   X   XX\nXXXXXXXXXX\n", "Health: 4 X: 6 Y: 2\nXXXXXXXXXX\nX X e X  X\nX     H  X\nX  MX   XX\nX   T    X\nXX  XX   X\nX     m  X\nX X X  X X\nX       \u221eX\nX     \u221e  X\nX  X   X X\nX        X\nXX      XX\nX      \u221e X\nX        X\nX X T  X X\nX    \u221e   X\nX        X\nX   X   XX\nXXXXXXXXXX\n", "Health: 4 X: 5 Y: 2\nXXXXXXXXXX\nX X e X  X\nX    H   X\nX  MX   XX\nX   T    X\nXX  XXm  X\nX        X\nX X X  X X\nX       \u221eX\nX     \u221e  X\nX  X   X X\nX        X\nXX      XX\nX      \u221e X\nX        X\nX X T  X X\nX    \u221e   X\nX        X\nX   X   XX\nXXXXXXXXXX\n", "Health: 4 X: 4 Y: 2\nXXXXXXXXXX\nX X e X  X\nX  MH    X\nX   X   XX\nX   T m  X\nXX  XX   X\nX        X\nX X X  X X\nX       \u221eX\nX     \u221e  X\nX  X   X X\nX        X\nXX      XX\nX      \u221e X\nX        X\nX X T  X X\nX    \u221e   X\nX        X\nX   X   XX\nXXXXXXXXXX\n", "Health: 3 X: 3 Y: 2\nXXXXXXXXXX\nX X e X  X\nX  \u221e     X\nX   X m XX\nX   T    X\nXX  XX   X\nX        X\nX X X  X X\nX       \u221eX\nX     \u221e  X\nX  X   X X\nX        X\nXX      XX\nX      \u221e X\nX        X\nX X T  X X\nX    \u221e   X\nX        X\nX   X   XX\nXXXXXXXXXX\n", "Health: 3 X: 4 Y: 2\nXXXXXXXXXX\nX X e X  X\nX  \u221eH m  X\nX   X   XX\nX   T    X\nXX  XX   X\nX        X\nX X X  X X\nX       \u221eX\nX     \u221e  X\nX  X   X X\nX        X\nXX      XX\nX      \u221e X\nX        X\nX X T  X X\nX    \u221e   X\nX        X\nX   X   XX\nXXXXXXXXXX\n", "Health: 3 X: 4 Y: 1\nXXXXXXXXXX\nX X e X  X\nX  \u221e m   X\nX   X   XX\nX   T    X\nXX  XX   X\nX        X\nX X X  X X\nX       \u221eX\nX     \u221e  X\nX  X   X X\nX        X\nXX      XX\nX      \u221e X\nX        X\nX X T  X X\nX    \u221e   X\nX        X\nX   X   XX\nXXXXXXXXXX\n"], "map_number": 202}, {"mechanics": [{"timestep": 0, "mechanic": "CollectTreasure"}, {"timestep": 3, "mechanic": "CollectTreasure"}, {"timestep": 3, "mechanic": "OgreTreasure"}, {"timestep": 6, "mechanic": "BlobHit"}, {"timestep": 8, "mechanic": "GoblinMeleeHit"}, {"timestep": 10, "mechanic": "GoblinRangedHit"}, {"timestep": 11, "mechanic": "GoblinRangedHit"}, {"timestep": 12, "mechanic": "CollectPotion"}, {"timestep": 12, "mechanic": "GoblinRangedHit"}, {"timestep": 13, "mechanic": "GoblinRangedHit"}, {"timestep": 15, "mechanic": "UsePortal"}, {"timestep": 16, "mechanic": "CollectTreasure"}, {"timestep": 17, "mechanic": "UsePortal"}, {"timestep": 19, "mechanic": "UsePortal"}, {"timestep": 21, "mechanic": "CollectTreasure"}, {"timestep": 24, "mechanic": "CollectTreasure"}, {"timestep": 31, "mechanic": "CollectTreasure"}, {"timestep": 34, "mechanic": "CollectTreasure"}, {"timestep": 43, "mechanic": "ReachStairs"}], "frequencies": {"CollectTreasure": 7, "OgreTreasure": 1, "BlobHit": 1, "GoblinMeleeHit": 1, "GoblinRangedHit": 4, "CollectPotion": 1, "UsePortal": 3, "ReachStairs": 1}, "levelReport": {"utilityGained": 0.0, "exitUtility": 1.0, "runnerUtility": 0.56, "loitererUtility": 44.0, "completionistUtility": 0.8716666666666666, "monsterKillerUtility": 0.825, "treasureCollectorUtility": 0.7899999999999999, "turnsTaken": 44, "health": 7, "healthLost": 5, "alive": true, "javelinsThrown": 0, "monsterKills": 3, "minitaurKnockouts": 0, "treasuresCollected": 7, "potionsTaken": 1, "totalMonsters": 5, "totalTreasures": 10, "totalPotions": 1, "timeTaken": 0.0}, "positions": [{"X": 6, "Y": 3}, {"X": 5, "Y": 3}, {"X": 4, "Y": 3}, {"X": 3, "Y": 3}, {"X": 2, "Y": 3}, {"X": 2, "Y": 4}, {"X": 2, "Y": 5}, {"X": 2, "Y": 6}, {"X": 2, "Y": 7}, {"X": 3, "Y": 7}, {"X": 2, "Y": 7}, {"X": 2, "Y": 8}, {"X": 2, "Y": 9}, {"X": 2, "Y": 10}, {"X": 2, "Y": 11}, {"X": 8, "Y": 11}, {"X": 8, "Y": 12}, {"X": 3, "Y": 11}, {"X": 3, "Y": 12}, {"X": 8, "Y": 11}, {"X": 7, "Y": 11}, {"X": 7, "Y": 10}, {"X": 7, "Y": 9}, {"X": 8, "Y": 9}, {"X": 8, "Y": 8}, {"X": 8, "Y": 9}, {"X": 7, "Y": 9}, {"X": 7, "Y": 10}, {"X": 7, "Y": 11}, {"X": 7, "Y": 12}, {"X": 7, "Y": 13}, {"X": 7, "Y": 14}, {"X": 7, "Y": 15}, {"X": 8, "Y": 15}, {"X": 8, "Y": 16}, {"X": 8, "Y": 17}, {"X": 8, "Y": 18}, {"X": 8, "Y": 17}, {"X": 8, "Y": 16}, {"X": 8, "Y": 17}, {"X": 8, "Y": 18}, {"X": 7, "Y": 18}, {"X": 6, "Y": 18}, {"X": 5, "Y": 18}], "levelStates": ["Health: 10 X: 6 Y: 3\nXXXXXXXXXX\nX m   tTTX\nXXXXX XXXX\nXX T     X\nXX XX XX X\nX   X X oX\nX   X X  X\nX  bX XT X\nXX XX XXTX\nX P X X  X\nXX XX XTXX\nX  TX X TX\nX M X X TX\nX   X X  X\nXX XX XTXX\nX R X X  X\nX   X XXTX\nX XXX X  X\nX    e   X\nXXXXXXXXXX\n", "Health: 10 X: 5 Y: 3\nXXXXXXXXXX\nX  m  tTTX\nXXXXX XXXX\nXX T H   X\nXX XX XX X\nX   X Xo X\nX   X X  X\nX  bX XT X\nXX XX XXTX\nX P X X  X\nXX XX XTXX\nX  TX X TX\nX M X X TX\nX   X X  X\nXX XX XTXX\nX R X X  X\nX   X XXTX\nX XXX X  X\nX    e   X\nXXXXXXXXXX\n", "Health: 10 X: 4 Y: 3\nXXXXXXXXXX\nX   m tTTX\nXXXXX XXXX\nXX TH    X\nXX XX XX X\nX   X X  X\nX   X Xo X\nX  bX XT X\nXX XX XXTX\nX P X X  X\nXX XX XTXX\nX  TX X TX\nX M X X TX\nX   X X  X\nXX XX XTXX\nX R X X  X\nX   X XXTX\nX XXX X  X\nX    e   X\nXXXXXXXXXX\n", "Health: 10 X: 3 Y: 3\nXXXXXXXXXX\nX    mtTTX\nXXXXX XXXX\nXX       X\nXX XX XX X\nX   X X  X\nX   X X  X\nX  bX X  X\nXX XX XXTX\nX P X X  X\nXX XX XTXX\nX  TX X TX\nX M X X TX\nX   X X  X\nXX XX XTXX\nX R X X  X\nX   X XXTX\nX XXX X  X\nX    e   X\nXXXXXXXXXX\n", "Health: 10 X: 2 Y: 3\nXXXXXXXXXX\nX     tTTX\nXXXXXmXXXX\nXXH      X\nXX XX XX X\nX   X X  X\nX  bX X  X\nX   X X  X\nXX XX XXTX\nX P X X  X\nXX XX XTXX\nX MTX X TX\nX   X X TX\nX   X X  X\nXXRXX XTXX\nX   X X  X\nX   X XXTX\nX XXX X  X\nX    e   X\nXXXXXXXXXX\n", "Health: 10 X: 2 Y: 4\nXXXXXXXXXX\nX     tTTX\nXXXXX XXXX\nXX   m   X\nXXHXX XX X\nX  bX X  X\nX   X X  X\nX   X X  X\nXX XX XXTX\nX P X X  X\nXXMXX XTXX\nX  TX X TX\nX   X X TX\nX R X X  X\nXX XX XTXX\nX   X X  X\nX   X XXTX\nX XXX X  X\nX    e   X\nXXXXXXXXXX\n", "Health: 9 X: 2 Y: 5\nXXXXXXXXXX\nX     tTTX\nXXXXX XXXX\nXX  m    X\nXX XX XX X\nX H\u221eX X  X\nX   X X  X\nX   X X  X\nXX XX XXTX\nX M X X  X\nXX XX XTXX\nX  TX X TX\nX R X X TX\nX   X X  X\nXX XX XTXX\nX   X X  X\nX   X XXTX\nX XXX X  X\nX    e   X\nXXXXXXXXXX\n", "Health: 9 X: 2 Y: 6\nXXXXXXXXXX\nX     tTTX\nXXXXX XXXX\nXX       X\nXX XX XX X\nX  \u221eX X  X\nX H X X  X\nX   X X  X\nXXMXX XXTX\nX P X X  X\nXX XX XTXX\nX RTX X TX\nX   X X TX\nX   X X  X\nXX XX XTXX\nX   X X  X\nX   X XXTX\nX XXX X  X\nX    e   X\nXXXXXXXXXX\n", "Health: 8 X: 2 Y: 7\nXXXXXXXXXX\nX     tTTX\nXXXXX XXXX\nXXm      X\nXX XX XX X\nX  \u221eX X  X\nX   X X  X\nX H X X  X\nXX\u221eXX XXTX\nX P X X  X\nXXRXX XTXX\nX  TX X TX\nX   X X TX\nX   X X  X\nXX XX XTXX\nX   X X  X\nX   X XXTX\nX XXX X  X\nX    e   X\nXXXXXXXXXX\n", "Health: 8 X: 3 Y: 7\nXXXXXXXXXX\nX     tTTX\nXXXXX XXXX\nXX       X\nXXmXX XX X\nX  \u221eX X  X\nX   X X  X\nX  HX X  X\nXX\u221eXX XXTX\nX P X X  X\nXXRXX XTXX\nX  TX X TX\nX   X X TX\nX   X X  X\nXX XX XTXX\nX   X X  X\nX   X XXTX\nX XXX X  X\nX    e   X\nXXXXXXXXXX\n", "Health: 7 X: 2 Y: 7\nXXXXXXXXXX\nX     tTTX\nXXXXX XXXX\nXX       X\nXX XX XX X\nX m\u221eX X  X\nX   X X  X\nX H X X  X\nXX\u221eXX XXTX\nX P X X  X\nXXRXX XTXX\nX  TX X TX\nX   X X TX\nX   X X  X\nXX XX XTXX\nX   X X  X\nX   X XXTX\nX XXX X  X\nX    e   X\nXXXXXXXXXX\n", "Health: 6 X: 2 Y: 8\nXXXXXXXXXX\nX     tTTX\nXXXXX XXXX\nXX       X\nXX XX XX X\nX  \u221eX X  X\nX m X X  X\nX   X X  X\nXX\u221eXX XXTX\nX P X X  X\nXXRXX XTXX\nX  TX X TX\nX   X X TX\nX   X X  X\nXX XX XTXX\nX   X X  X\nX   X XXTX\nX XXX X  X\nX    e   X\nXXXXXXXXXX\n", "Health: 7 X: 2 Y: 9\nXXXXXXXXXX\nX     tTTX\nXXXXX XXXX\nXX       X\nXX XX XX X\nX  \u221eX X  X\nX   X X  X\nX m X X  X\nXX\u221eXX XXTX\nX   X X  X\nXXRXX XTXX\nX  TX X TX\nX   X X TX\nX   X X  X\nXX XX XTXX\nX   X X  X\nX   X XXTX\nX XXX X  X\nX    e   X\nXXXXXXXXXX\n", "Health: 7 X: 2 Y: 10\nXXXXXXXXXX\nX     tTTX\nXXXXX XXXX\nXX       X\nXX XX XX X\nX  \u221eX X  X\nX   X X  X\nX   X X  X\nXX\u221eXX XXTX\nX   X X  X\nXX\u221eXX XTXX\nX  TX X TX\nX   X X TX\nX   X X  X\nXX XX XTXX\nX   X X  X\nX   X XXTX\nX XXX X  X\nX    e   X\nXXXXXXXXXX\n", "Health: 7 X: 2 Y: 11\nXXXXXXXXXX\nX     tTTX\nXXXXX XXXX\nXX       X\nXX XX XX X\nX  \u221eX X  X\nX   X X  X\nX   X X  X\nXX\u221eXX XXTX\nX   X X  X\nXX\u221eXX XTXX\nX HTX X TX\nX   X X TX\nX   X X  X\nXX XX XTXX\nX   X X  X\nX   X XXTX\nX XXX X  X\nX    e   X\nXXXXXXXXXX\n", "Health: 7 X: 8 Y: 11\nXXXXXXXXXX\nX     tTTX\nXXXXX XXXX\nXX       X\nXX XX XX X\nX  \u221eX X  X\nX   X X  X\nX   X X  X\nXX\u221eXX XXTX\nX   X X  X\nXX\u221eXX XTXX\nX  TX X TX\nX   X X TX\nX   X X  X\nXX XX XTXX\nX   X X  X\nX   X XXTX\nX XXX X  X\nX    e   X\nXXXXXXXXXX\n", "Health: 7 X: 8 Y: 12\nXXXXXXXXXX\nX     tTTX\nXXXXX XXXX\nXX       X\nXX XX XX X\nX  \u221eX X  X\nX   X X  X\nX m X X  X\nXX\u221eXX XXTX\nX   X X  X\nXX\u221eXX XTXX\nX  TX X TX\nX   X X  X\nX   X X  X\nXX XX XTXX\nX   X X  X\nX   X XXTX\nX XXX X  X\nX    e   X\nXXXXXXXXXX\n", "Health: 7 X: 3 Y: 11\nXXXXXXXXXX\nX     tTTX\nXXXXX XXXX\nXX       X\nXX XX XX X\nX  \u221eX X  X\nX   X X  X\nX   X X  X\nXX\u221eXX XXTX\nX   X X  X\nXX\u221eXX XTXX\nX  TX X TX\nX   X X  X\nX   X X  X\nXX XX XTXX\nX   X X  X\nX   X XXTX\nX XXX X  X\nX    e   X\nXXXXXXXXXX\n", "Health: 7 X: 3 Y: 12\nXXXXXXXXXX\nX     tTTX\nXXXXX XXXX\nXX       X\nXX XX XX X\nX  \u221eX X  X\nX   X X  X\nX   X X  X\nXX\u221eXX XXTX\nX   X X  X\nXX\u221eXX XTXX\nX  TX X TX\nX  HX X  X\nX   X X  X\nXX XX XTXX\nX   X X  X\nX   X XXTX\nX XXX X  X\nX    e   X\nXXXXXXXXXX\n", "Health: 7 X: 8 Y: 11\nXXXXXXXXXX\nX     tTTX\nXXXXX XXXX\nXX       X\nXX XX XX X\nX  \u221eX X  X\nX   X X  X\nX   X X  X\nXX\u221eXX XXTX\nX   X X  X\nXX\u221eXX XTXX\nX  TX X TX\nX   X X  X\nX   X X  X\nXX XX XTXX\nX   X X  X\nX   X XXTX\nX XXX X  X\nX    e   X\nXXXXXXXXXX\n", "Health: 7 X: 7 Y: 11\nXXXXXXXXXX\nX     tTTX\nXXXXX XXXX\nXX       X\nXX XX XX X\nX  \u221eX X  X\nX   X X  X\nX m X X  X\nXX\u221eXX XXTX\nX   X X  X\nXX\u221eXX XTXX\nX  TX XHTX\nX   X X  X\nX   X X  X\nXX XX XTXX\nX   X X  X\nX   X XXTX\nX XXX X  X\nX    e   X\nXXXXXXXXXX\n", "Health: 7 X: 7 Y: 10\nXXXXXXXXXX\nX     tTTX\nXXXXX XXXX\nXX       X\nXX XX XX X\nX  \u221eX X  X\nX m X X  X\nX   X X  X\nXX\u221eXX XXTX\nX   X X  X\nXX\u221eXX X XX\nX  TX X TX\nX   X X  X\nX   X X  X\nXX XX XTXX\nX   X X  X\nX   X XXTX\nX XXX X  X\nX    e   X\nXXXXXXXXXX\n", "Health: 7 X: 7 Y: 9\nXXXXXXXXXX\nX     tTTX\nXXXXX XXXX\nXX       X\nXX XX XX X\nX m\u221eX X  X\nX   X X  X\nX   X X  X\nXX\u221eXX XXTX\nX   X XH X\nXX\u221eXX X XX\nX  TX X TX\nX   X X  X\nX   X X  X\nXX XX XTXX\nX   X X  X\nX   X XXTX\nX XXX X  X\nX    e   X\nXXXXXXXXXX\n", "Health: 7 X: 8 Y: 9\nXXXXXXXXXX\nX     tTTX\nXXXXX XXXX\nXX       X\nXXmXX XX X\nX  \u221eX X  X\nX   X X  X\nX   X X  X\nXX\u221eXX XXTX\nX   X X HX\nXX\u221eXX X XX\nX  TX X TX\nX   X X  X\nX   X X  X\nXX XX XTXX\nX   X X  X\nX   X XXTX\nX XXX X  X\nX    e   X\nXXXXXXXXXX\n", "Health: 7 X: 8 Y: 8\nXXXXXXXXXX\nX     tTTX\nXXXXX XXXX\nXXm      X\nXX XX XX X\nX  \u221eX X  X\nX   X X  X\nX   X X  X\nXX\u221eXX XX X\nX   X X  X\nXX\u221eXX X XX\nX  TX X TX\nX   X X  X\nX   X X  X\nXX XX XTXX\nX   X X  X\nX   X XXTX\nX XXX X  X\nX    e   X\nXXXXXXXXXX\n", "Health: 7 X: 8 Y: 9\nXXXXXXXXXX\nX     tTTX\nXXXXX XXXX\nXX       X\nXX XX XX X\nX  \u221eX X  X\nX   X X  X\nX   X X  X\nXX\u221eXX XX X\nX   X X HX\nXX\u221eXX X XX\nX  TX X TX\nX   X X  X\nX   X X  X\nXX XX XTXX\nX   X X  X\nX   X XXTX\nX XXX X  X\nX    e   X\nXXXXXXXXXX\n", "Health: 7 X: 7 Y: 9\nXXXXXXXXXX\nX     tTTX\nXXXXX XXXX\nXX  m    X\nXX XX XX X\nX  \u221eX X  X\nX   X X  X\nX   X X  X\nXX\u221eXX XX X\nX   X XH X\nXX\u221eXX X XX\nX  TX X TX\nX   X X  X\nX   X X  X\nXX XX XTXX\nX   X X  X\nX   X XXTX\nX XXX X  X\nX    e   X\nXXXXXXXXXX\n", "Health: 7 X: 7 Y: 10\nXXXXXXXXXX\nX     tTTX\nXXXXX XXXX\nXX   m   X\nXX XX XX X\nX  \u221eX X  X\nX   X X  X\nX   X X  X\nXX\u221eXX XX X\nX   X X  X\nXX\u221eXX X XX\nX  TX X TX\nX   X X  X\nX   X X  X\nXX XX XTXX\nX   X X  X\nX   X XXTX\nX XXX X  X\nX    e   X\nXXXXXXXXXX\n", "Health: 7 X: 7 Y: 11\nXXXXXXXXXX\nX     tTTX\nXXXXX XXXX\nXX       X\nXX XX XX X\nX  \u221eX X  X\nX   X X  X\nX   X X  X\nXX\u221eXX XX X\nX   X X  X\nXX\u221eXX X XX\nX  TX XHTX\nX   X X  X\nX   X X  X\nXX XX XTXX\nX   X X  X\nX   X XXTX\nX XXX X  X\nX    e   X\nXXXXXXXXXX\n", "Health: 7 X: 7 Y: 12\nXXXXXXXXXX\nX     tTTX\nXXXXX XXXX\nXX     m X\nXX XX XX X\nX  \u221eX X  X\nX   X X  X\nX   X X  X\nXX\u221eXX XX X\nX   X X  X\nXX\u221eXX X XX\nX  TX X TX\nX   X XH X\nX   X X  X\nXX XX XTXX\nX   X X  X\nX   X XXTX\nX XXX X  X\nX    e   X\nXXXXXXXXXX\n", "Health: 7 X: 7 Y: 13\nXXXXXXXXXX\nX     tTTX\nXXXXX XXXX\nXX      mX\nXX XX XX X\nX  \u221eX X  X\nX   X X  X\nX   X X  X\nXX\u221eXX XX X\nX   X X  X\nXX\u221eXX X XX\nX  TX X TX\nX   X X  X\nX   X XH X\nXX XX XTXX\nX   X X  X\nX   X XXTX\nX XXX X  X\nX    e   X\nXXXXXXXXXX\n", "Health: 7 X: 7 Y: 14\nXXXXXXXXXX\nX     tTTX\nXXXXX XXXX\nXX       X\nXX XX XXmX\nX  \u221eX X  X\nX   X X  X\nX   X X  X\nXX\u221eXX XX X\nX   X X  X\nXX\u221eXX X XX\nX  TX X TX\nX   X X  X\nX   X X  X\nXX XX X XX\nX   X X  X\nX   X XXTX\nX XXX X  X\nX    e   X\nXXXXXXXXXX\n", "Health: 7 X: 7 Y: 15\nXXXXXXXXXX\nX     tTTX\nXXXXX XXXX\nXX       X\nXX XX XX X\nX  \u221eX X mX\nX   X X  X\nX   X X  X\nXX\u221eXX XX X\nX   X X  X\nXX\u221eXX X XX\nX  TX X TX\nX   X X  X\nX   X X  X\nXX XX X XX\nX   X XH X\nX   X XXTX\nX XXX X  X\nX    e   X\nXXXXXXXXXX\n", "Health: 7 X: 8 Y: 15\nXXXXXXXXXX\nX     tTTX\nXXXXX XXXX\nXX       X\nXX XX XX X\nX  \u221eX X  X\nX   X X mX\nX   X X  X\nXX\u221eXX XX X\nX   X X  X\nXX\u221eXX X XX\nX  TX X TX\nX   X X  X\nX   X X  X\nXX XX X XX\nX   X X HX\nX   X XXTX\nX XXX X  X\nX    e   X\nXXXXXXXXXX\n", "Health: 7 X: 8 Y: 16\nXXXXXXXXXX\nX     tTTX\nXXXXX XXXX\nXX       X\nXX XX XX X\nX  \u221eX X  X\nX   X X  X\nX   X X mX\nXX\u221eXX XX X\nX   X X  X\nXX\u221eXX X XX\nX  TX X TX\nX   X X  X\nX   X X  X\nXX XX X XX\nX   X X  X\nX   X XX X\nX XXX X  X\nX    e   X\nXXXXXXXXXX\n", "Health: 7 X: 8 Y: 17\nXXXXXXXXXX\nX     tTTX\nXXXXX XXXX\nXX       X\nXX XX XX X\nX  \u221eX X  X\nX   X X  X\nX   X X  X\nXX\u221eXX XX X\nX   X X  X\nXX\u221eXX X XX\nX  TX X TX\nX   X X  X\nX   X X  X\nXX XX X XX\nX   X X  X\nX   X XX X\nX XXX X HX\nX    e   X\nXXXXXXXXXX\n", "Health: 7 X: 8 Y: 18\nXXXXXXXXXX\nX     tTTX\nXXXXX XXXX\nXX       X\nXX XX XX X\nX  \u221eX X  X\nX   X X  X\nX   X X  X\nXX\u221eXX XX X\nX   X X mX\nXX\u221eXX X XX\nX  TX X TX\nX   X X  X\nX   X X  X\nXX XX X XX\nX   X X  X\nX   X XX X\nX XXX X  X\nX    e  HX\nXXXXXXXXXX\n", "Health: 7 X: 8 Y: 17\nXXXXXXXXXX\nX     tTTX\nXXXXX XXXX\nXX       X\nXX XX XX X\nX  \u221eX X  X\nX   X X  X\nX   X X  X\nXX\u221eXX XX X\nX   X Xm X\nXX\u221eXX X XX\nX  TX X TX\nX   X X  X\nX   X X  X\nXX XX X XX\nX   X X  X\nX   X XX X\nX XXX X HX\nX    e   X\nXXXXXXXXXX\n", "Health: 7 X: 8 Y: 16\nXXXXXXXXXX\nX     tTTX\nXXXXX XXXX\nXX       X\nXX XX XX X\nX  \u221eX X  X\nX   X X  X\nX   X X  X\nXX\u221eXX XX X\nX   X X  X\nXX\u221eXX X XX\nX  TX X TX\nX   X X  X\nX   X X  X\nXX XX X XX\nX   X X  X\nX   X XX X\nX XXX X  X\nX    e   X\nXXXXXXXXXX\n", "Health: 7 X: 8 Y: 17\nXXXXXXXXXX\nX     tTTX\nXXXXX XXXX\nXX       X\nXX XX XX X\nX  \u221eX X  X\nX   X X  X\nX   X X  X\nXX\u221eXX XX X\nX   X X  X\nXX\u221eXX X XX\nX  TX XmTX\nX   X X  X\nX   X X  X\nXX XX X XX\nX   X X  X\nX   X XX X\nX XXX X HX\nX    e   X\nXXXXXXXXXX\n", "Health: 7 X: 8 Y: 18\nXXXXXXXXXX\nX     tTTX\nXXXXX XXXX\nXX       X\nXX XX XX X\nX  \u221eX X  X\nX   X X  X\nX   X X  X\nXX\u221eXX XX X\nX   X X  X\nXX\u221eXX X XX\nX  TX X TX\nX   X Xm X\nX   X X  X\nXX XX X XX\nX   X X  X\nX   X XX X\nX XXX X  X\nX    e  HX\nXXXXXXXXXX\n", "Health: 7 X: 7 Y: 18\nXXXXXXXXXX\nX     tTTX\nXXXXX XXXX\nXX       X\nXX XX XX X\nX  \u221eX X  X\nX   X X  X\nX   X X  X\nXX\u221eXX XX X\nX   X X  X\nXX\u221eXX X XX\nX  TX X TX\nX   X X  X\nX   X Xm X\nXX XX X XX\nX   X X  X\nX   X XX X\nX XXX X  X\nX    e H X\nXXXXXXXXXX\n", "Health: 7 X: 6 Y: 18\nXXXXXXXXXX\nX     tTTX\nXXXXX XXXX\nXX       X\nXX XX XX X\nX  \u221eX X  X\nX   X X  X\nX   X X  X\nXX\u221eXX XX X\nX   X X  X\nXX\u221eXX X XX\nX  TX X TX\nX   X X  X\nX   X X  X\nXX XX X XX\nX   X X  X\nX   X XX X\nX XXX X  X\nX    eH  X\nXXXXXXXXXX\n", "Health: 7 X: 5 Y: 18\nXXXXXXXXXX\nX     tTTX\nXXXXX XXXX\nXX       X\nXX XX XX X\nX  \u221eX X  X\nX   X X  X\nX   X X  X\nXX\u221eXX XX X\nX   X X  X\nXX\u221eXX X XX\nX  TX X TX\nX   X X  X\nX   X X  X\nXX XX X XX\nX   X Xm X\nX   X XX X\nX XXX X  X\nX    e   X\nXXXXXXXXXX\n"], "map_number": 100}], "timestamp": "11-Aug-2021 00:13:51.482689", "ip": "47.148.126.87"}