{"Q1": "Once a week", "Q2": "Always", "Q3": "Often", "Q4": "Often", "Q5": "Always", "Q6": "Always", "Q7": "Often", "Q8": "Always", "Q9": "Always", "Q10": "Often", "results": [{"mechanics": [{"timestep": 2, "mechanic": "CollectPotion"}, {"timestep": 3, "mechanic": "CollectPotion"}, {"timestep": 26, "mechanic": "CollectTreasure"}, {"timestep": 32, "mechanic": "BlobHit"}, {"timestep": 40, "mechanic": "CollectTreasure"}, {"timestep": 41, "mechanic": "CollectTreasure"}, {"timestep": 42, "mechanic": "CollectTreasure"}, {"timestep": 43, "mechanic": "CollectTreasure"}, {"timestep": 45, "mechanic": "MinitaurHit"}, {"timestep": 51, "mechanic": "CollectTreasure"}, {"timestep": 52, "mechanic": "CollectTreasure"}, {"timestep": 54, "mechanic": "MinitaurHit"}, {"timestep": 55, "mechanic": "MinitaurHit"}, {"timestep": 82, "mechanic": "ReachStairs"}], "frequencies": {"CollectPotion": 2, "CollectTreasure": 7, "BlobHit": 1, "MinitaurHit": 3, "ReachStairs": 1}, "levelReport": {"utilityGained": 0.0, "exitUtility": 1.0, "runnerUtility": 0.17000000000000004, "loitererUtility": 83.0, "completionistUtility": 0.8999999999999999, "monsterKillerUtility": 0.7, "treasureCollectorUtility": 1.0, "turnsTaken": 83, "health": 11, "healthLost": 3, "alive": true, "javelinsThrown": 0, "monsterKills": 4, "minitaurKnockouts": 4, "treasuresCollected": 7, "potionsTaken": 2, "totalMonsters": 8, "totalTreasures": 7, "totalPotions": 2, "timeTaken": 0.0}, "positions": [{"X": 6, "Y": 10}, {"X": 7, "Y": 10}, {"X": 8, "Y": 10}, {"X": 8, "Y": 9}, {"X": 7, "Y": 9}, {"X": 6, "Y": 9}, {"X": 6, "Y": 10}, {"X": 5, "Y": 10}, {"X": 5, "Y": 11}, {"X": 5, "Y": 12}, {"X": 4, "Y": 12}, {"X": 3, "Y": 12}, {"X": 2, "Y": 12}, {"X": 1, "Y": 12}, {"X": 1, "Y": 13}, {"X": 1, "Y": 14}, {"X": 2, "Y": 14}, {"X": 3, "Y": 14}, {"X": 4, "Y": 14}, {"X": 5, "Y": 14}, {"X": 6, "Y": 14}, {"X": 7, "Y": 14}, {"X": 8, "Y": 14}, {"X": 7, "Y": 14}, {"X": 7, "Y": 13}, {"X": 7, "Y": 12}, {"X": 8, "Y": 12}, {"X": 7, "Y": 12}, {"X": 7, "Y": 13}, {"X": 7, "Y": 14}, {"X": 6, "Y": 14}, {"X": 6, "Y": 15}, {"X": 6, "Y": 16}, {"X": 5, "Y": 16}, {"X": 5, "Y": 17}, {"X": 5, "Y": 18}, {"X": 4, "Y": 18}, {"X": 3, "Y": 18}, {"X": 2, "Y": 18}, {"X": 1, "Y": 18}, {"X": 1, "Y": 17}, {"X": 1, "Y": 16}, {"X": 2, "Y": 16}, {"X": 2, "Y": 17}, {"X": 2, "Y": 18}, {"X": 3, "Y": 18}, {"X": 4, "Y": 18}, {"X": 5, "Y": 18}, {"X": 6, "Y": 18}, {"X": 7, "Y": 18}, {"X": 8, "Y": 18}, {"X": 8, "Y": 17}, {"X": 8, "Y": 16}, {"X": 8, "Y": 17}, {"X": 8, "Y": 18}, {"X": 7, "Y": 18}, {"X": 6, "Y": 18}, {"X": 5, "Y": 18}, {"X": 4, "Y": 18}, {"X": 5, "Y": 18}, {"X": 5, "Y": 17}, {"X": 5, "Y": 16}, {"X": 6, "Y": 16}, {"X": 6, "Y": 15}, {"X": 6, "Y": 14}, {"X": 5, "Y": 14}, {"X": 4, "Y": 14}, {"X": 3, "Y": 14}, {"X": 2, "Y": 14}, {"X": 1, "Y": 14}, {"X": 1, "Y": 13}, {"X": 1, "Y": 12}, {"X": 2, "Y": 12}, {"X": 3, "Y": 12}, {"X": 4, "Y": 12}, {"X": 5, "Y": 12}, {"X": 5, "Y": 11}, {"X": 5, "Y": 10}, {"X": 4, "Y": 10}, {"X": 3, "Y": 10}, {"X": 2, "Y": 10}, {"X": 1, "Y": 10}, {"X": 1, "Y": 9}], "levelStates": ["Health: 10 X: 6 Y: 10\nXXXXXXXXXX\nX   b m  X\nX XXXXXX X\nXR      RX\nXXXX  XXXX\nX      M X\nX  M     X\nX      M X\nXXX    XXX\nXe      PX\nX     H PX\nXXXXX XXXX\nX     X TX\nX XXXXX XX\nX        X\nXXXXXX XXX\nXTTX   XTX\nXTTXX XXTX\nX    b   X\nXXXXXXXXXX\n", "Health: 10 X: 7 Y: 10\nXXXXXXXXXX\nX   b  m X\nX XXXXXX X\nXR      RX\nXXXX  XXXX\nX      M X\nX   M    X\nX      M X\nXXX    XXX\nXe      PX\nX      HPX\nXXXXX XXXX\nX     X TX\nX XXXXX XX\nX        X\nXXXXXX XXX\nXTTX   XTX\nXTTXX XXTX\nX    b   X\nXXXXXXXXXX\n", "Health: 12 X: 8 Y: 10\nXXXXXXXXXX\nX   b   mX\nX XXXXXX X\nXR      RX\nXXXX  XXXX\nX      M X\nX        X\nX   M  M X\nXXX    XXX\nXe      PX\nX        X\nXXXXX XXXX\nX     X TX\nX XXXXX XX\nX        X\nXXXXXX XXX\nXTTX   XTX\nXTTXX XXTX\nX    b   X\nXXXXXXXXXX\n", "Health: 14 X: 8 Y: 9\nXXXXXXXXXX\nX   b    X\nX XXXXXXmX\nXR      RX\nXXXX  XXXX\nX      M X\nX        X\nX   M  M X\nXXX    XXX\nXe       X\nX        X\nXXXXX XXXX\nX     X TX\nX XXXXX XX\nX        X\nXXXXXX XXX\nXTTX   XTX\nXTTXX XXTX\nX    b   X\nXXXXXXXXXX\n", "Health: 14 X: 7 Y: 9\nXXXXXXXXXX\nX   b    X\nX XXXXXX X\nXR      \u221eX\nXXXX  XXXX\nX      M X\nX        X\nX    M M X\nXXX    XXX\nXe     H X\nX        X\nXXXXX XXXX\nX     X TX\nX XXXXX XX\nX        X\nXXXXXX XXX\nXTTX   XTX\nXTTXX XXTX\nX    b   X\nXXXXXXXXXX\n", "Health: 14 X: 6 Y: 9\nXXXXXXXXXX\nX   b    X\nX XXXXXX X\nXR     m\u221eX\nXXXX  XXXX\nX     M  X\nX        X\nX     MM X\nXXX    XXX\nXe    H  X\nX        X\nXXXXX XXXX\nX     X TX\nX XXXXX XX\nX        X\nXXXXXX XXX\nXTTX   XTX\nXTTXX XXTX\nX    b   X\nXXXXXXXXXX\n", "Health: 14 X: 6 Y: 10\nXXXXXXXXXX\nX   b    X\nX XXXXXX X\nXR    m \u221eX\nXXXX  XXXX\nX        X\nX     M  X\nX      M X\nXXX   MXXX\nXe       X\nX     H  X\nXXXXX XXXX\nX     X TX\nX XXXXX XX\nX        X\nXXXXXX XXX\nXTTX   XTX\nXTTXX XXTX\nX    b   X\nXXXXXXXXXX\n", "Health: 14 X: 5 Y: 10\nXXXXXXXXXX\nX   b    X\nX XXXXXX X\nXR   m  \u221eX\nXXXX  XXXX\nX        X\nX    M   X\nX      M X\nXXX  M XXX\nXe       X\nX    H   X\nXXXXX XXXX\nX     X TX\nX XXXXX XX\nX        X\nXXXXXX XXX\nXTTX   XTX\nXTTXX XXTX\nX    b   X\nXXXXXXXXXX\n", "Health: 14 X: 5 Y: 11\nXXXXXXXXXX\nX   b    X\nX XXXXXX X\nXR      \u221eX\nXXXX mXXXX\nX        X\nX        X\nX    M M X\nXXX    XXX\nXe   M   X\nX        X\nXXXXXHXXXX\nX     X TX\nX XXXXX XX\nX        X\nXXXXXX XXX\nXTTX   XTX\nXTTXX XXTX\nX    b   X\nXXXXXXXXXX\n", "Health: 14 X: 5 Y: 12\nXXXXXXXXXX\nX   b    X\nX XXXXXX X\nXR      \u221eX\nXXXX  XXXX\nX    m   X\nX        X\nX      M X\nXXX  M XXX\nXe       X\nX    M   X\nXXXXX XXXX\nX    HX TX\nX XXXXX XX\nX        X\nXXXXXX XXX\nXTTX   XTX\nXTTXX XXTX\nX    b   X\nXXXXXXXXXX\n", "Health: 14 X: 4 Y: 12\nXXXXXXXXXX\nX   b    X\nX XXXXXX X\nXR      \u221eX\nXXXX  XXXX\nX        X\nX    m   X\nX      M X\nXXX  M XXX\nXe       X\nX    M   X\nXXXXX XXXX\nX   H X TX\nX XXXXX XX\nX        X\nXXXXXX XXX\nXTTX   XTX\nXTTXX XXTX\nX    b   X\nXXXXXXXXXX\n", "Health: 14 X: 3 Y: 12\nXXXXXXXXXX\nX   b    X\nX XXXXXX X\nXR      \u221eX\nXXXX  XXXX\nX        X\nX        X\nX    m M X\nXXX  M XXX\nXe       X\nX    M   X\nXXXXX XXXX\nX  H  X TX\nX XXXXX XX\nX        X\nXXXXXX XXX\nXTTX   XTX\nXTTXX XXTX\nX    b   X\nXXXXXXXXXX\n", "Health: 14 X: 2 Y: 12\nXXXXXXXXXX\nX   b    X\nX XXXXXX X\nXR      \u221eX\nXXXX  XXXX\nX        X\nX        X\nX      M X\nXXX  \u221e XXX\nXe       X\nX    M   X\nXXXXX XXXX\nX H   X TX\nX XXXXX XX\nX        X\nXXXXXX XXX\nXTTX   XTX\nXTTXX XXTX\nX    b   X\nXXXXXXXXXX\n", "Health: 14 X: 1 Y: 12\nXXXXXXXXXX\nX   b    X\nX XXXXXX X\nXR      \u221eX\nXXXX  XXXX\nX        X\nX        X\nX      M X\nXXX  \u221e XXX\nXe       X\nX    M   X\nXXXXX XXXX\nXH    X TX\nX XXXXX XX\nX        X\nXXXXXX XXX\nXTTX   XTX\nXTTXX XXTX\nX    b   X\nXXXXXXXXXX\n", "Health: 14 X: 1 Y: 13\nXXXXXXXXXX\nX   b    X\nX XXXXXX X\nXR      \u221eX\nXXXX  XXXX\nX        X\nX        X\nX      M X\nXXX  \u221e XXX\nXe       X\nX    M   X\nXXXXX XXXX\nX     X TX\nXHXXXXX XX\nX        X\nXXXXXX XXX\nXTTX   XTX\nXTTXX XXTX\nX    b   X\nXXXXXXXXXX\n", "Health: 14 X: 1 Y: 14\nXXXXXXXXXX\nX   b    X\nX XXXXXX X\nXR      \u221eX\nXXXX  XXXX\nX        X\nX        X\nX      M X\nXXX  \u221e XXX\nXe       X\nX    M   X\nXXXXX XXXX\nX     X TX\nX XXXXX XX\nXH       X\nXXXXXX XXX\nXTTX   XTX\nXTTXX XXTX\nX    b   X\nXXXXXXXXXX\n", "Health: 14 X: 2 Y: 14\nXXXXXXXXXX\nX   b    X\nX XXXXXX X\nXR      \u221eX\nXXXX  XXXX\nX        X\nX        X\nX      M X\nXXX  \u221e XXX\nXe       X\nX    M   X\nXXXXX XXXX\nX     X TX\nX XXXXX XX\nX H      X\nXXXXXX XXX\nXTTX   XTX\nXTTXX XXTX\nX    b   X\nXXXXXXXXXX\n", "Health: 14 X: 3 Y: 14\nXXXXXXXXXX\nX   b    X\nX XXXXXX X\nXR      \u221eX\nXXXX  XXXX\nX        X\nX        X\nX      M X\nXXX  \u221e XXX\nXe       X\nX    M   X\nXXXXX XXXX\nX     X TX\nX XXXXX XX\nX  H     X\nXXXXXX XXX\nXTTX   XTX\nXTTXX XXTX\nX    b   X\nXXXXXXXXXX\n", "Health: 14 X: 4 Y: 14\nXXXXXXXXXX\nX   b    X\nX XXXXXX X\nXR      \u221eX\nXXXX  XXXX\nX        X\nX        X\nX      M X\nXXX  \u221e XXX\nXe   m   X\nX    M   X\nXXXXX XXXX\nX     X TX\nX XXXXX XX\nX   H    X\nXXXXXX XXX\nXTTX   XTX\nXTTXX XXTX\nX    b   X\nXXXXXXXXXX\n", "Health: 14 X: 5 Y: 14\nXXXXXXXXXX\nX   b    X\nX XXXXXX X\nXR      \u221eX\nXXXX  XXXX\nX        X\nX        X\nX      M X\nXXX  \u221e XXX\nXe       X\nX    \u221e   X\nXXXXX XXXX\nX     X TX\nX XXXXX XX\nX    H   X\nXXXXXX XXX\nXTTX   XTX\nXTTXX XXTX\nX    b   X\nXXXXXXXXXX\n", "Health: 14 X: 6 Y: 14\nXXXXXXXXXX\nX   b    X\nX XXXXXX X\nXR      \u221eX\nXXXX  XXXX\nX        X\nX        X\nX      M X\nXXX  \u221e XXX\nXe       X\nX    \u221e   X\nXXXXX XXXX\nX     X TX\nX XXXXX XX\nX     H  X\nXXXXXX XXX\nXTTX   XTX\nXTTXXbXXTX\nX        X\nXXXXXXXXXX\n", "Health: 14 X: 7 Y: 14\nXXXXXXXXXX\nX   b    X\nX XXXXXX X\nXR      \u221eX\nXXXX  XXXX\nX        X\nX        X\nX      M X\nXXX  \u221e XXX\nXe       X\nX    \u221e   X\nXXXXX XXXX\nX     X TX\nX XXXXX XX\nX      H X\nXXXXXX XXX\nXTTX   XTX\nXTTXXbXXTX\nX        X\nXXXXXXXXXX\n", "Health: 14 X: 8 Y: 14\nXXXXXXXXXX\nX   b    X\nX XXXXXX X\nXR      \u221eX\nXXXX  XXXX\nX        X\nX        X\nX      M X\nXXX  \u221e XXX\nXe       X\nX    \u221e   X\nXXXXX XXXX\nX     X TX\nX XXXXX XX\nX       HX\nXXXXXX XXX\nXTTX   XTX\nXTTXXbXXTX\nX        X\nXXXXXXXXXX\n", "Health: 14 X: 7 Y: 14\nXXXXXXXXXX\nX   b    X\nX XXXXXX X\nXR      \u221eX\nXXXX  XXXX\nX        X\nX        X\nX      M X\nXXX  \u221e XXX\nXe       X\nX    \u221e   X\nXXXXX XXXX\nX     X TX\nX XXXXX XX\nX      H X\nXXXXXX XXX\nXTTX   XTX\nXTTXXbXXTX\nX        X\nXXXXXXXXXX\n", "Health: 14 X: 7 Y: 13\nXXXXXXXXXX\nX   b    X\nX XXXXXX X\nXR      \u221eX\nXXXX  XXXX\nX        X\nX        X\nX      M X\nXXX  \u221e XXX\nXe       X\nX    \u221e   X\nXXXXX XXXX\nX     X TX\nX XXXXXHXX\nX        X\nXXXXXX XXX\nXTTX b XTX\nXTTXX XXTX\nX        X\nXXXXXXXXXX\n", "Health: 14 X: 7 Y: 12\nXXXXXXXXXX\nX   b    X\nX XXXXXX X\nXR      \u221eX\nXXXX  XXXX\nX        X\nX        X\nX      M X\nXXX  \u221e XXX\nXe       X\nX    \u221e   X\nXXXXXmXXXX\nX     XHTX\nX XXXXX XX\nX        X\nXXXXXX XXX\nXTTX b XTX\nXTTXX XXTX\nX        X\nXXXXXXXXXX\n", "Health: 14 X: 8 Y: 12\nXXXXXXXXXX\nX   b    X\nX XXXXXX X\nXR      \u221eX\nXXXX  XXXX\nX        X\nX        X\nX      M X\nXXX  \u221e XXX\nXe       X\nX    \u221e   X\nXXXXX XXXX\nX    mX  X\nX XXXXX XX\nX        X\nXXXXXX XXX\nXTTX b XTX\nXTTXX XXTX\nX        X\nXXXXXXXXXX\n", "Health: 14 X: 7 Y: 12\nXXXXXXXXXX\nX   b    X\nX XXXXXX X\nXR      \u221eX\nXXXX  XXXX\nX        X\nX        X\nX      M X\nXXX  \u221e XXX\nXe       X\nX    \u221e   X\nXXXXX XXXX\nX   m XH X\nX XXXXX XX\nX        X\nXXXXXX XXX\nXTTX b XTX\nXTTXX XXTX\nX        X\nXXXXXXXXXX\n", "Health: 14 X: 7 Y: 13\nXXXXXXXXXX\nX   b    X\nX XXXXXX X\nXR      \u221eX\nXXXX  XXXX\nX        X\nX        X\nX      M X\nXXX  \u221e XXX\nXe       X\nX    \u221e   X\nXXXXX XXXX\nX  m  X  X\nX XXXXXHXX\nX        X\nXXXXXX XXX\nXTTX b XTX\nXTTXX XXTX\nX        X\nXXXXXXXXXX\n", "Health: 14 X: 7 Y: 14\nXXXXXXXXXX\nX   b    X\nX XXXXXX X\nXR      \u221eX\nXXXX  XXXX\nX        X\nX        X\nX      M X\nXXX  \u221e XXX\nXe       X\nX    \u221e   X\nXXXXX XXXX\nX m   X  X\nX XXXXX XX\nX      H X\nXXXXXX XXX\nXTTX b XTX\nXTTXX XXTX\nX        X\nXXXXXXXXXX\n", "Health: 14 X: 6 Y: 14\nXXXXXXXXXX\nX   b    X\nX XXXXXX X\nXR      \u221eX\nXXXX  XXXX\nX        X\nX        X\nX      M X\nXXX  \u221e XXX\nXe       X\nX    \u221e   X\nXXXXX XXXX\nXm    X  X\nX XXXXX XX\nX     H  X\nXXXXXX XXX\nXTTX b XTX\nXTTXX XXTX\nX        X\nXXXXXXXXXX\n", "Health: 14 X: 6 Y: 15\nXXXXXXXXXX\nX   b    X\nX XXXXXX X\nXR      \u221eX\nXXXX  XXXX\nX        X\nX        X\nX      M X\nXXX  \u221e XXX\nXe       X\nX    \u221e   X\nXXXXX XXXX\nX     X  X\nXmXXXXX XX\nX        X\nXXXXXXHXXX\nXTTX b XTX\nXTTXX XXTX\nX        X\nXXXXXXXXXX\n", "Health: 13 X: 6 Y: 16\nXXXXXXXXXX\nX   b    X\nX XXXXXX X\nXR      \u221eX\nXXXX  XXXX\nX        X\nX        X\nX      M X\nXXX  \u221e XXX\nXe       X\nX    \u221e   X\nXXXXX XXXX\nX     X  X\nX XXXXX XX\nXm       X\nXXXXXX XXX\nXTTX \u221eHXTX\nXTTXX XXTX\nX        X\nXXXXXXXXXX\n", "Health: 13 X: 5 Y: 16\nXXXXXXXXXX\nX   b    X\nX XXXXXX X\nXR      \u221eX\nXXXX  XXXX\nX        X\nX        X\nX      M X\nXXX  \u221e XXX\nXe       X\nX    \u221e   X\nXXXXX XXXX\nX     X  X\nX XXXXX XX\nX m      X\nXXXXXX XXX\nXTTX \u221e XTX\nXTTXX XXTX\nX        X\nXXXXXXXXXX\n", "Health: 13 X: 5 Y: 17\nXXXXXXXXXX\nX   b    X\nX XXXXXX X\nXR      \u221eX\nXXXX  XXXX\nX        X\nX        X\nX      M X\nXXX  \u221e XXX\nXe       X\nX    \u221e   X\nXXXXX XXXX\nX     X  X\nX XXXXX XX\nX  m     X\nXXXXXX XXX\nXTTX \u221e XTX\nXTTXXHXXTX\nX        X\nXXXXXXXXXX\n", "Health: 13 X: 5 Y: 18\nXXXXXXXXXX\nX   b    X\nX XXXXXX X\nXR      \u221eX\nXXXX  XXXX\nX        X\nX        X\nX      M X\nXXX  \u221e XXX\nXe       X\nX    \u221e   X\nXXXXX XXXX\nX     X  X\nX XXXXX XX\nX   m    X\nXXXXXX XXX\nXTTX \u221e XTX\nXTTXX XXTX\nX    H   X\nXXXXXXXXXX\n", "Health: 13 X: 4 Y: 18\nXXXXXXXXXX\nX   b    X\nX XXXXXX X\nXR      \u221eX\nXXXX  XXXX\nX        X\nX        X\nX      M X\nXXX  \u221e XXX\nXe       X\nX    \u221e   X\nXXXXX XXXX\nX     X  X\nX XXXXX XX\nX    m   X\nXXXXXX XXX\nXTTX \u221e XTX\nXTTXX XXTX\nX   H    X\nXXXXXXXXXX\n", "Health: 13 X: 3 Y: 18\nXXXXXXXXXX\nX   b    X\nX XXXXXX X\nXR      \u221eX\nXXXX  XXXX\nX        X\nX        X\nX      M X\nXXX  \u221e XXX\nXe       X\nX    \u221e   X\nXXXXX XXXX\nX     X  X\nX XXXXX XX\nX     m  X\nXXXXXX XXX\nXTTX \u221e XTX\nXTTXX XXTX\nX  H     X\nXXXXXXXXXX\n", "Health: 13 X: 2 Y: 18\nXXXXXXXXXX\nX   b    X\nX XXXXXX X\nXR      \u221eX\nXXXX  XXXX\nX        X\nX        X\nX      M X\nXXX  \u221e XXX\nXe       X\nX    \u221e   X\nXXXXX XXXX\nX     X  X\nX XXXXX XX\nX        X\nXXXXXXmXXX\nXTTX \u221e XTX\nXTTXX XXTX\nX H      X\nXXXXXXXXXX\n", "Health: 13 X: 1 Y: 18\nXXXXXXXXXX\nX   b    X\nX XXXXXX X\nXR      \u221eX\nXXXX  XXXX\nX        X\nX        X\nX      M X\nXXX  \u221e XXX\nXe       X\nX    \u221e   X\nXXXXX XXXX\nX     X  X\nX XXXXX XX\nX        X\nXXXXXX XXX\nXTTX \u221emXTX\nXTTXX XXTX\nXH       X\nXXXXXXXXXX\n", "Health: 13 X: 1 Y: 17\nXXXXXXXXXX\nX   b    X\nX XXXXXX X\nXR      \u221eX\nXXXX  XXXX\nX        X\nX        X\nX      M X\nXXX  \u221e XXX\nXe       X\nX    \u221e   X\nXXXXX XXXX\nX     X  X\nX XXXXX XX\nX        X\nXXXXXX XXX\nXTTX \u221e XTX\nX TXX XXTX\nX        X\nXXXXXXXXXX\n", "Health: 13 X: 1 Y: 16\nXXXXXXXXXX\nX   b    X\nX XXXXXX X\nXR      \u221eX\nXXXX  XXXX\nX        X\nX        X\nX      M X\nXXX  \u221e XXX\nXe       X\nX    \u221e   X\nXXXXX XXXX\nX     X  X\nX XXXXX XX\nX        X\nXXXXXX XXX\nX TX \u221e XTX\nX TXXmXXTX\nX        X\nXXXXXXXXXX\n", "Health: 13 X: 2 Y: 16\nXXXXXXXXXX\nX   b    X\nX XXXXXX X\nXR      \u221eX\nXXXX  XXXX\nX        X\nX        X\nX      M X\nXXX  \u221e XXX\nXe       X\nX    \u221e   X\nXXXXX XXXX\nX     X  X\nX XXXXX XX\nX        X\nXXXXXX XXX\nX  X \u221e XTX\nX TXX XXTX\nX    m   X\nXXXXXXXXXX\n", "Health: 13 X: 2 Y: 17\nXXXXXXXXXX\nX   b    X\nX XXXXXX X\nXR      \u221eX\nXXXX  XXXX\nX        X\nX        X\nX      M X\nXXX  \u221e XXX\nXe       X\nX    \u221e   X\nXXXXX XXXX\nX     X  X\nX XXXXX XX\nX        X\nXXXXXX XXX\nX  X \u221e XTX\nX  XX XXTX\nX   m    X\nXXXXXXXXXX\n", "Health: 13 X: 2 Y: 18\nXXXXXXXXXX\nX   b    X\nX XXXXXX X\nXR      \u221eX\nXXXX  XXXX\nX        X\nX        X\nX      M X\nXXX  \u221e XXX\nXe       X\nX    \u221e   X\nXXXXX XXXX\nX     X  X\nX XXXXX XX\nX        X\nXXXXXX XXX\nX  X \u221e XTX\nX  XX XXTX\nX Hm     X\nXXXXXXXXXX\n", "Health: 12 X: 3 Y: 18\nXXXXXXXXXX\nX   b    X\nX XXXXXX X\nXR      \u221eX\nXXXX  XXXX\nX        X\nX        X\nX      M X\nXXX  \u221e XXX\nXe       X\nX    \u221e   X\nXXXXX XXXX\nX     X  X\nX XXXXX XX\nX        X\nXXXXXX XXX\nX  X \u221e XTX\nX  XX XXTX\nX  m     X\nXXXXXXXXXX\n", "Health: 12 X: 4 Y: 18\nXXXXXXXXXX\nX   b    X\nX XXXXXX X\nXR      \u221eX\nXXXX  XXXX\nX        X\nX        X\nX      M X\nXXX  \u221e XXX\nXe       X\nX    \u221e   X\nXXXXX XXXX\nX     X  X\nX XXXXX XX\nX        X\nXXXXXX XXX\nX  X \u221e XTX\nX  XX XXTX\nX  mH    X\nXXXXXXXXXX\n", "Health: 12 X: 5 Y: 18\nXXXXXXXXXX\nX   b    X\nX XXXXXX X\nXR      \u221eX\nXXXX  XXXX\nX        X\nX        X\nX      M X\nXXX  \u221e XXX\nXe       X\nX    \u221e   X\nXXXXX XXXX\nX     X  X\nX XXXXX XX\nX        X\nXXXXXX XXX\nX  X \u221e XTX\nX  XX XXTX\nX  m H   X\nXXXXXXXXXX\n", "Health: 12 X: 6 Y: 18\nXXXXXXXXXX\nX   b    X\nX XXXXXX X\nXR      \u221eX\nXXXX  XXXX\nX        X\nX        X\nX      M X\nXXX  \u221e XXX\nXe       X\nX    \u221e   X\nXXXXX XXXX\nX     X  X\nX XXXXX XX\nX        X\nXXXXXX XXX\nX  X \u221e XTX\nX  XX XXTX\nX  m  H  X\nXXXXXXXXXX\n", "Health: 12 X: 7 Y: 18\nXXXXXXXXXX\nX   b    X\nX XXXXXX X\nXR      \u221eX\nXXXX  XXXX\nX        X\nX        X\nX      M X\nXXX  \u221e XXX\nXe       X\nX    \u221e   X\nXXXXX XXXX\nX     X  X\nX XXXXX XX\nX        X\nXXXXXX XXX\nX  X \u221e XTX\nX  XX XXTX\nX  m   H X\nXXXXXXXXXX\n", "Health: 12 X: 8 Y: 18\nXXXXXXXXXX\nX   b    X\nX XXXXXX X\nXR      \u221eX\nXXXX  XXXX\nX        X\nX        X\nX      M X\nXXX  \u221e XXX\nXe       X\nX    \u221e   X\nXXXXX XXXX\nX     X  X\nX XXXXX XX\nX        X\nXXXXXX XXX\nX  X \u221e XTX\nX  XX XXTX\nX   m   HX\nXXXXXXXXXX\n", "Health: 12 X: 8 Y: 17\nXXXXXXXXXX\nX   b    X\nX XXXXXX X\nXR      \u221eX\nXXXX  XXXX\nX        X\nX        X\nX      M X\nXXX  \u221e XXX\nXe       X\nX    \u221e   X\nXXXXX XXXX\nX     X  X\nX XXXXX XX\nX        X\nXXXXXX XXX\nX  X \u221e XTX\nX  XX XX X\nX    m   X\nXXXXXXXXXX\n", "Health: 12 X: 8 Y: 16\nXXXXXXXXXX\nX   b    X\nX XXXXXX X\nXR      \u221eX\nXXXX  XXXX\nX        X\nX        X\nX      M X\nXXX  \u221e XXX\nXe       X\nX    \u221e   X\nXXXXX XXXX\nX     X  X\nX XXXXX XX\nX        X\nXXXXXX XXX\nX  X \u221e X X\nX  XX XX X\nX     m  X\nXXXXXXXXXX\n", "Health: 12 X: 8 Y: 17\nXXXXXXXXXX\nX   b    X\nX XXXXXX X\nXR      \u221eX\nXXXX  XXXX\nX        X\nX        X\nX      M X\nXXX  \u221e XXX\nXe       X\nX    \u221e   X\nXXXXX XXXX\nX     X  X\nX XXXXX XX\nX        X\nXXXXXX XXX\nX  X \u221e X X\nX  XX XX X\nX      m X\nXXXXXXXXXX\n", "Health: 11 X: 8 Y: 18\nXXXXXXXXXX\nX   b    X\nX XXXXXX X\nXR      \u221eX\nXXXX  XXXX\nX        X\nX        X\nX      M X\nXXX  \u221e XXX\nXe       X\nX    \u221e   X\nXXXXX XXXX\nX     X  X\nX XXXXX XX\nX        X\nXXXXXX XXX\nX  X \u221e X X\nX  XX XX X\nX      mHX\nXXXXXXXXXX\n", "Health: 11 X: 7 Y: 18\nXXXXXXXXXX\nX   b    X\nX XXXXXX X\nXR      \u221eX\nXXXX  XXXX\nX        X\nX        X\nX      M X\nXXX  \u221e XXX\nXe       X\nX    \u221e   X\nXXXXX XXXX\nX     X  X\nX XXXXX XX\nX        X\nXXXXXX XXX\nX  X \u221e X X\nX  XX XX X\nX      m X\nXXXXXXXXXX\n", "Health: 11 X: 6 Y: 18\nXXXXXXXXXX\nX   b    X\nX XXXXXX X\nXR      \u221eX\nXXXX  XXXX\nX        X\nX        X\nX      M X\nXXX  \u221e XXX\nXe       X\nX    \u221e   X\nXXXXX XXXX\nX     X  X\nX XXXXX XX\nX        X\nXXXXXX XXX\nX  X \u221e X X\nX  XX XX X\nX     Hm X\nXXXXXXXXXX\n", "Health: 11 X: 5 Y: 18\nXXXXXXXXXX\nX   b    X\nX XXXXXX X\nXR      \u221eX\nXXXX  XXXX\nX        X\nX        X\nX      M X\nXXX  \u221e XXX\nXe       X\nX    \u221e   X\nXXXXX XXXX\nX     X  X\nX XXXXX XX\nX        X\nXXXXXX XXX\nX  X \u221e X X\nX  XX XX X\nX    H m X\nXXXXXXXXXX\n", "Health: 11 X: 4 Y: 18\nXXXXXXXXXX\nX   b    X\nX XXXXXX X\nXR      \u221eX\nXXXX  XXXX\nX        X\nX        X\nX      M X\nXXX  \u221e XXX\nXe       X\nX    \u221e   X\nXXXXX XXXX\nX     X  X\nX XXXXX XX\nX        X\nXXXXXX XXX\nX  X \u221e X X\nX  XX XX X\nX   H  m X\nXXXXXXXXXX\n", "Health: 11 X: 5 Y: 18\nXXXXXXXXXX\nX   b    X\nX XXXXXX X\nXR      \u221eX\nXXXX  XXXX\nX        X\nX        X\nX      M X\nXXX  \u221e XXX\nXe       X\nX    \u221e   X\nXXXXX XXXX\nX     X  X\nX XXXXX XX\nX        X\nXXXXXX XXX\nX  X \u221e X X\nX  XX XX X\nX    H m X\nXXXXXXXXXX\n", "Health: 11 X: 5 Y: 17\nXXXXXXXXXX\nX   b    X\nX XXXXXX X\nXR      \u221eX\nXXXX  XXXX\nX        X\nX        X\nX      M X\nXXX  \u221e XXX\nXe       X\nX    \u221e   X\nXXXXX XXXX\nX     X  X\nX XXXXX XX\nX        X\nXXXXXX XXX\nX  X \u221e X X\nX  XXHXX X\nX     m  X\nXXXXXXXXXX\n", "Health: 11 X: 5 Y: 16\nXXXXXXXXXX\nX   b    X\nX XXXXXX X\nXR      \u221eX\nXXXX  XXXX\nX        X\nX        X\nX      M X\nXXX  \u221e XXX\nXe       X\nX    \u221e   X\nXXXXX XXXX\nX     X  X\nX XXXXX XX\nX        X\nXXXXXX XXX\nX  X \u221e X X\nX  XX XX X\nX    m   X\nXXXXXXXXXX\n", "Health: 11 X: 6 Y: 16\nXXXXXXXXXX\nX   b    X\nX XXXXXX X\nXR      \u221eX\nXXXX  XXXX\nX        X\nX        X\nX      M X\nXXX  \u221e XXX\nXe       X\nX    \u221e   X\nXXXXX XXXX\nX     X  X\nX XXXXX XX\nX        X\nXXXXXX XXX\nX  X \u221eHX X\nX  XXmXX X\nX        X\nXXXXXXXXXX\n", "Health: 11 X: 6 Y: 15\nXXXXXXXXXX\nX   b    X\nX XXXXXX X\nXR      \u221eX\nXXXX  XXXX\nX        X\nX        X\nX      M X\nXXX  \u221e XXX\nXe       X\nX    \u221e   X\nXXXXX XXXX\nX     X  X\nX XXXXX XX\nX        X\nXXXXXXHXXX\nX  X \u221e X X\nX  XX XX X\nX        X\nXXXXXXXXXX\n", "Health: 11 X: 6 Y: 14\nXXXXXXXXXX\nX   b    X\nX XXXXXX X\nXR      \u221eX\nXXXX  XXXX\nX        X\nX        X\nX      M X\nXXX  \u221e XXX\nXe       X\nX    \u221e   X\nXXXXX XXXX\nX     X  X\nX XXXXX XX\nX     H  X\nXXXXXX XXX\nX  X \u221emX X\nX  XX XX X\nX        X\nXXXXXXXXXX\n", "Health: 11 X: 5 Y: 14\nXXXXXXXXXX\nX   b    X\nX XXXXXX X\nXR      \u221eX\nXXXX  XXXX\nX        X\nX        X\nX      M X\nXXX  \u221e XXX\nXe       X\nX    \u221e   X\nXXXXX XXXX\nX     X  X\nX XXXXX XX\nX    H   X\nXXXXXXmXXX\nX  X \u221e X X\nX  XX XX X\nX        X\nXXXXXXXXXX\n", "Health: 11 X: 4 Y: 14\nXXXXXXXXXX\nX   b    X\nX XXXXXX X\nXR      \u221eX\nXXXX  XXXX\nX        X\nX        X\nX      M X\nXXX  \u221e XXX\nXe       X\nX    \u221e   X\nXXXXX XXXX\nX     X  X\nX XXXXX XX\nX   H m  X\nXXXXXX XXX\nX  X \u221e X X\nX  XX XX X\nX        X\nXXXXXXXXXX\n", "Health: 11 X: 3 Y: 14\nXXXXXXXXXX\nX   b    X\nX XXXXXX X\nXR      \u221eX\nXXXX  XXXX\nX        X\nX        X\nX      M X\nXXX  \u221e XXX\nXe       X\nX    \u221e   X\nXXXXX XXXX\nX     X  X\nX XXXXX XX\nX  H m   X\nXXXXXX XXX\nX  X \u221e X X\nX  XX XX X\nX        X\nXXXXXXXXXX\n", "Health: 11 X: 2 Y: 14\nXXXXXXXXXX\nX   b    X\nX XXXXXX X\nXR      \u221eX\nXXXX  XXXX\nX        X\nX        X\nX      M X\nXXX  \u221e XXX\nXe       X\nX    \u221e   X\nXXXXX XXXX\nX     X  X\nX XXXXX XX\nX H m    X\nXXXXXX XXX\nX  X \u221e X X\nX  XX XX X\nX        X\nXXXXXXXXXX\n", "Health: 11 X: 1 Y: 14\nXXXXXXXXXX\nX   b    X\nX XXXXXX X\nXR      \u221eX\nXXXX  XXXX\nX        X\nX        X\nX      M X\nXXX  \u221e XXX\nXe       X\nX    \u221e   X\nXXXXX XXXX\nX     X  X\nX XXXXX XX\nXH m     X\nXXXXXX XXX\nX  X \u221e X X\nX  XX XX X\nX        X\nXXXXXXXXXX\n", "Health: 11 X: 1 Y: 13\nXXXXXXXXXX\nX   b    X\nX XXXXXX X\nXR      \u221eX\nXXXX  XXXX\nX        X\nX        X\nX      M X\nXXX  \u221e XXX\nXe       X\nX    \u221e   X\nXXXXX XXXX\nX     X  X\nXHXXXXX XX\nX m      X\nXXXXXX XXX\nX  X \u221e X X\nX  XX XX X\nX        X\nXXXXXXXXXX\n", "Health: 11 X: 1 Y: 12\nXXXXXXXXXX\nX   b    X\nX XXXXXX X\nXR      \u221eX\nXXXX  XXXX\nX        X\nX        X\nX      M X\nXXX  \u221e XXX\nXe       X\nX    \u221e   X\nXXXXX XXXX\nXH    X  X\nX XXXXX XX\nXm       X\nXXXXXX XXX\nX  X \u221e X X\nX  XX XX X\nX        X\nXXXXXXXXXX\n", "Health: 11 X: 2 Y: 12\nXXXXXXXXXX\nX   b    X\nX XXXXXX X\nXR      \u221eX\nXXXX  XXXX\nX        X\nX        X\nX      M X\nXXX  \u221e XXX\nXe       X\nX    \u221e   X\nXXXXX XXXX\nX H   X  X\nXmXXXXX XX\nX        X\nXXXXXX XXX\nX  X \u221e X X\nX  XX XX X\nX        X\nXXXXXXXXXX\n", "Health: 11 X: 3 Y: 12\nXXXXXXXXXX\nX   b    X\nX XXXXXX X\nXR      \u221eX\nXXXX  XXXX\nX        X\nX        X\nX      M X\nXXX  \u221e XXX\nXe       X\nX    \u221e   X\nXXXXX XXXX\nXm H  X  X\nX XXXXX XX\nX        X\nXXXXXX XXX\nX  X \u221e X X\nX  XX XX X\nX        X\nXXXXXXXXXX\n", "Health: 11 X: 4 Y: 12\nXXXXXXXXXX\nX   b    X\nX XXXXXX X\nXR      \u221eX\nXXXX  XXXX\nX        X\nX        X\nX      M X\nXXX  \u221e XXX\nXe       X\nX    \u221e   X\nXXXXX XXXX\nX m H X  X\nX XXXXX XX\nX        X\nXXXXXX XXX\nX  X \u221e X X\nX  XX XX X\nX        X\nXXXXXXXXXX\n", "Health: 11 X: 5 Y: 12\nXXXXXXXXXX\nX   b    X\nX XXXXXX X\nXR      \u221eX\nXXXX  XXXX\nX        X\nX        X\nX      M X\nXXX  \u221e XXX\nXe       X\nX    \u221e   X\nXXXXX XXXX\nX  m HX  X\nX XXXXX XX\nX        X\nXXXXXX XXX\nX  X \u221e X X\nX  XX XX X\nX        X\nXXXXXXXXXX\n", "Health: 11 X: 5 Y: 11\nXXXXXXXXXX\nX   b    X\nX XXXXXX X\nXR      \u221eX\nXXXX  XXXX\nX        X\nX        X\nX      M X\nXXX  \u221e XXX\nXe       X\nX    \u221e   X\nXXXXXHXXXX\nX   m X  X\nX XXXXX XX\nX        X\nXXXXXX XXX\nX  X \u221e X X\nX  XX XX X\nX        X\nXXXXXXXXXX\n", "Health: 11 X: 5 Y: 10\nXXXXXXXXXX\nX   b    X\nX XXXXXX X\nXR      \u221eX\nXXXX  XXXX\nX        X\nX        X\nX      M X\nXXX  \u221e XXX\nXe       X\nX    \u221e   X\nXXXXX XXXX\nX    mX  X\nX XXXXX XX\nX        X\nXXXXXX XXX\nX  X \u221e X X\nX  XX XX X\nX        X\nXXXXXXXXXX\n", "Health: 11 X: 4 Y: 10\nXXXXXXXXXX\nX   b    X\nX XXXXXX X\nXR      \u221eX\nXXXX  XXXX\nX        X\nX        X\nX      M X\nXXX  \u221e XXX\nXe       X\nX   H\u221e   X\nXXXXXmXXXX\nX     X  X\nX XXXXX XX\nX        X\nXXXXXX XXX\nX  X \u221e X X\nX  XX XX X\nX        X\nXXXXXXXXXX\n", "Health: 11 X: 3 Y: 10\nXXXXXXXXXX\nX   b    X\nX XXXXXX X\nXR      \u221eX\nXXXX  XXXX\nX        X\nX        X\nX     M  X\nXXX  \u221e XXX\nXe       X\nX  H \u221e   X\nXXXXX XXXX\nX     X  X\nX XXXXX XX\nX        X\nXXXXXX XXX\nX  X \u221e X X\nX  XX XX X\nX        X\nXXXXXXXXXX\n", "Health: 11 X: 2 Y: 10\nXXXXXXXXXX\nX   b    X\nX XXXXXX X\nXR      \u221eX\nXXXX  XXXX\nX        X\nX        X\nX    M   X\nXXX  \u221e XXX\nXe       X\nX H m\u221e   X\nXXXXX XXXX\nX     X  X\nX XXXXX XX\nX        X\nXXXXXX XXX\nX  X \u221e X X\nX  XX XX X\nX        X\nXXXXXXXXXX\n", "Health: 11 X: 1 Y: 10\nXXXXXXXXXX\nX   b    X\nX XXXXXX X\nXR      \u221eX\nXXXX  XXXX\nX        X\nX        X\nX   M    X\nXXX  \u221e XXX\nXe       X\nXH m \u221e   X\nXXXXX XXXX\nX     X  X\nX XXXXX XX\nX        X\nXXXXXX XXX\nX  X \u221e X X\nX  XX XX X\nX        X\nXXXXXXXXXX\n", "Health: 11 X: 1 Y: 9\nXXXXXXXXXX\nX   b    X\nX XXXXXX X\nXR      \u221eX\nXXXX  XXXX\nX        X\nX        X\nX   M    X\nXXX  \u221e XXX\nXe m     X\nX    \u221e   X\nXXXXX XXXX\nX     X  X\nX XXXXX XX\nX        X\nXXXXXX XXX\nX  X \u221e X X\nX  XX XX X\nX        X\nXXXXXXXXXX\n"], "map_number": 102}, {"mechanics": [{"timestep": 2, "mechanic": "MinitaurHit"}, {"timestep": 3, "mechanic": "MinitaurHit"}, {"timestep": 6, "mechanic": "UsePortal"}, {"timestep": 10, "mechanic": "CollectTreasure"}, {"timestep": 13, "mechanic": "CollectPotion"}, {"timestep": 13, "mechanic": "OgreHit"}, {"timestep": 14, "mechanic": "OgreHit"}, {"timestep": 18, "mechanic": "CollectPotion"}, {"timestep": 21, "mechanic": "CollectTreasure"}, {"timestep": 29, "mechanic": "CollectTreasure"}, {"timestep": 29, "mechanic": "GoblinRangedHit"}, {"timestep": 30, "mechanic": "CollectTreasure"}, {"timestep": 30, "mechanic": "GoblinRangedHit"}, {"timestep": 31, "mechanic": "GoblinRangedHit"}, {"timestep": 32, "mechanic": "ReachStairs"}], "frequencies": {"MinitaurHit": 2, "UsePortal": 1, "CollectTreasure": 4, "CollectPotion": 2, "OgreHit": 2, "GoblinRangedHit": 3, "ReachStairs": 1}, "levelReport": {"utilityGained": 0.0, "exitUtility": 1.0, "runnerUtility": 0.6699999999999999, "loitererUtility": 33.0, "completionistUtility": 0.7277777777777777, "monsterKillerUtility": 0.5333333333333333, "treasureCollectorUtility": 0.6499999999999999, "turnsTaken": 33, "health": 6, "healthLost": 8, "alive": true, "javelinsThrown": 0, "monsterKills": 2, "minitaurKnockouts": 2, "treasuresCollected": 4, "potionsTaken": 2, "totalMonsters": 7, "totalTreasures": 8, "totalPotions": 2, "timeTaken": 0.0}, "positions": [{"X": 8, "Y": 2}, {"X": 8, "Y": 1}, {"X": 7, "Y": 1}, {"X": 6, "Y": 1}, {"X": 5, "Y": 1}, {"X": 4, "Y": 1}, {"X": 1, "Y": 17}, {"X": 1, "Y": 16}, {"X": 1, "Y": 15}, {"X": 1, "Y": 14}, {"X": 1, "Y": 13}, {"X": 1, "Y": 12}, {"X": 1, "Y": 11}, {"X": 2, "Y": 11}, {"X": 3, "Y": 11}, {"X": 4, "Y": 11}, {"X": 5, "Y": 11}, {"X": 6, "Y": 11}, {"X": 7, "Y": 11}, {"X": 8, "Y": 11}, {"X": 8, "Y": 12}, {"X": 8, "Y": 13}, {"X": 8, "Y": 14}, {"X": 8, "Y": 15}, {"X": 8, "Y": 16}, {"X": 8, "Y": 17}, {"X": 7, "Y": 17}, {"X": 7, "Y": 16}, {"X": 6, "Y": 16}, {"X": 5, "Y": 16}, {"X": 4, "Y": 16}, {"X": 5, "Y": 16}, {"X": 5, "Y": 17}], "levelStates": ["Health: 10 X: 8 Y: 2\nXXXXXXXXXX\nXXXT m   X\nXXXXXXXXHX\nX    b   X\nX XX XXXXX\nX XX XXXXX\nX MX XT tX\nX XX XTX X\nX XX XTX X\nX MX XTX X\nX XX XXX X\nX P o  P X\nX XXXXXX X\nXTX RR XTX\nX X    X X\nX XX  XX X\nX   TT   X\nXT   e   X\nXXXXXXXXXX\n", "Health: 10 X: 8 Y: 1\nXXXXXXXXXX\nXXXT  m HX\nXXXXXXXX X\nX    b   X\nX XX XXXXX\nX XX XXXXX\nX MX XT tX\nX XX XTX X\nX XX XTX X\nX MX XTX X\nX XX XXX X\nX P o  P X\nX XXXXXX X\nXTX RR XTX\nX X    X X\nX XX  XX X\nX   TT   X\nXT   e   X\nXXXXXXXXXX\n", "Health: 9 X: 7 Y: 1\nXXXXXXXXXX\nXXXT  mH X\nXXXXXXXX X\nX    b   X\nX XX XXXXX\nX XX XXXXX\nX MX XT tX\nX XX XTX X\nX XX XTX X\nX MX XTX X\nX XX XXX X\nX P o  P X\nX XXXXXX X\nXTX RR XTX\nX X    X X\nX XX  XX X\nX   TT   X\nXT   e   X\nXXXXXXXXXX\n", "Health: 9 X: 6 Y: 1\nXXXXXXXXXX\nXXXT  m  X\nXXXXXXXX X\nX    b   X\nX XX XXXXX\nX XX XXXXX\nX MX XT tX\nX XX XTX X\nX XX XTX X\nX MX XTX X\nX XX XXX X\nX P o  P X\nX XXXXXX X\nXTX RR XTX\nX X    X X\nX XX  XX X\nX   TT   X\nXT   e   X\nXXXXXXXXXX\n", "Health: 9 X: 5 Y: 1\nXXXXXXXXXX\nXXXT Hm  X\nXXXXXXXX X\nX    b   X\nX XX XXXXX\nX XX XXXXX\nX MX XT tX\nX XX XTX X\nX XX XTX X\nX MX XTX X\nX XX XXX X\nX P o  P X\nX XXXXXX X\nXTX RR XTX\nX X    X X\nX XX  XX X\nX   TT   X\nXT   e   X\nXXXXXXXXXX\n", "Health: 9 X: 4 Y: 1\nXXXXXXXXXX\nXXXTH m  X\nXXXXXXXX X\nX    b   X\nX XX XXXXX\nX XX XXXXX\nX MX XT tX\nX XX XTX X\nX XX XTX X\nX MX XTX X\nX XX XXX X\nX P o  P X\nX XXXXXX X\nXTX RR XTX\nX X    X X\nX XX  XX X\nX   TT   X\nXT   e   X\nXXXXXXXXXX\n", "Health: 9 X: 1 Y: 17\nXXXXXXXXXX\nXXXT  m  X\nXXXXXXXX X\nX    b   X\nX XX XXXXX\nX XX XXXXX\nX MX XT tX\nX XX XTX X\nX XX XTX X\nX MX XTX X\nX XX XXX X\nX P o  P X\nX XXXXXX X\nXTX RR XTX\nX X    X X\nX XX  XX X\nX   TT   X\nXT   e   X\nXXXXXXXXXX\n", "Health: 9 X: 1 Y: 16\nXXXXXXXXXX\nXXXT  m  X\nXXXXXXXX X\nX    b   X\nX XX XXXXX\nX XX XXXXX\nX MX XT tX\nX XX XTX X\nX XX XTX X\nX MX XTX X\nX XX XXX X\nX P o  P X\nX XXXXXX X\nXTX RR XTX\nX X    X X\nX XX  XX X\nXH  TT   X\nXT   e   X\nXXXXXXXXXX\n", "Health: 9 X: 1 Y: 15\nXXXXXXXXXX\nXXXT   m X\nXXXXXXXX X\nX    b   X\nX XX XXXXX\nX XX XXXXX\nX MX XT tX\nX XX XTX X\nX XX XTX X\nX MX XTX X\nX XX XXX X\nX P o  P X\nX XXXXXX X\nXTX RR XTX\nX X    X X\nXHXX  XX X\nX   TT   X\nXT   e   X\nXXXXXXXXXX\n", "Health: 9 X: 1 Y: 14\nXXXXXXXXXX\nXXXT    mX\nXXXXXXXX X\nX    b   X\nX XX XXXXX\nX XX XXXXX\nX MX XT tX\nX XX XTX X\nX XX XTX X\nX MX XTX X\nX XX XXX X\nX P o  P X\nX XXXXXX X\nXTX RR XTX\nXHX    X X\nX XX  XX X\nX   TT   X\nXT   e   X\nXXXXXXXXXX\n", "Health: 9 X: 1 Y: 13\nXXXXXXXXXX\nXXXT     X\nXXXXXXXXmX\nX    b   X\nX XX XXXXX\nX XX XXXXX\nX MX XT tX\nX XX XTX X\nX XX XTX X\nX MX XTX X\nX XX XXX X\nX P o  P X\nX XXXXXX X\nX X RR XTX\nX X    X X\nX XX  XX X\nX   TT   X\nXT   e   X\nXXXXXXXXXX\n", "Health: 9 X: 1 Y: 12\nXXXXXXXXXX\nXXXT     X\nXXXXXXXX X\nX    b  mX\nX XX XXXXX\nX XX XXXXX\nX MX XT tX\nX XX XTX X\nX XX XTX X\nX MX XTX X\nX XX XXX X\nX P o  P X\nXHXXXXXX X\nX X RR XTX\nX X    X X\nX XX  XX X\nX   TT   X\nXT   e   X\nXXXXXXXXXX\n", "Health: 9 X: 1 Y: 11\nXXXXXXXXXX\nXXXT     X\nXXXXXXXX X\nX    b m X\nX XX XXXXX\nX XX XXXXX\nX MX XT tX\nX XX XTX X\nX XX XTX X\nX MX XTX X\nX XX XXX X\nXHPo   P X\nX XXXXXX X\nX X RR XTX\nX X    X X\nX XX  XX X\nX   TT   X\nXT   e   X\nXXXXXXXXXX\n", "Health: 9 X: 2 Y: 11\nXXXXXXXXXX\nXXXT     X\nXXXXXXXX X\nX    bm  X\nX XX XXXXX\nX XX XXXXX\nX MX XT tX\nX XX XTX X\nX XX XTX X\nX MX XTX X\nX XX XXX X\nX  o   P X\nX XXXXXX X\nX X RR XTX\nX X    X X\nX XX  XX X\nX   TT   X\nXT   e   X\nXXXXXXXXXX\n", "Health: 7 X: 3 Y: 11\nXXXXXXXXXX\nXXXT     X\nXXXXXXXX X\nX    \u221e   X\nX XX XXXXX\nX XX XXXXX\nX MX XT tX\nX XX XTX X\nX XX XTX X\nX MX XTX X\nX XX XXX X\nX  \u221e   P X\nX XXXXXX X\nX X RR XTX\nX X    X X\nX XX  XX X\nX   TT   X\nXT   e   X\nXXXXXXXXXX\n", "Health: 7 X: 4 Y: 11\nXXXXXXXXXX\nXXXT     X\nXXXXXXXX X\nX    \u221e   X\nX XX XXXXX\nX XX XXXXX\nX MX XT tX\nX XX XTX X\nX XX XTX X\nX MX XTX X\nX XX XXX X\nX  \u221eH  P X\nX XXXXXX X\nX X RR XTX\nX X    X X\nX XX  XX X\nX   TT   X\nXT   e   X\nXXXXXXXXXX\n", "Health: 7 X: 5 Y: 11\nXXXXXXXXXX\nXXXT     X\nXXXXXXXX X\nX    \u221e   X\nX XX XXXXX\nX XX XXXXX\nX MX XT tX\nX XX XTX X\nX XX XTX X\nX MX XTX X\nX XX XXX X\nX  \u221e H P X\nX XXXXXX X\nX X RR XTX\nX X    X X\nX XX  XX X\nX   TT   X\nXT   e   X\nXXXXXXXXXX\n", "Health: 7 X: 6 Y: 11\nXXXXXXXXXX\nXXXT     X\nXXXXXXXX X\nX    \u221e   X\nX XX XXXXX\nX XX XXXXX\nX MX XT tX\nX XX XTX X\nX XX XTX X\nX MX XTX X\nX XX XXX X\nX  \u221e  HP X\nX XXXXXX X\nX X RR XTX\nX X    X X\nX XX  XX X\nX   TT   X\nXT   e   X\nXXXXXXXXXX\n", "Health: 9 X: 7 Y: 11\nXXXXXXXXXX\nXXXT     X\nXXXXXXXX X\nX    \u221e   X\nX XX XXXXX\nX XX XXXXX\nX MX XT tX\nX XX XTX X\nX XX XTX X\nX MX XTX X\nX XX XXX X\nX  \u221e     X\nX XXXXXX X\nX X RR XTX\nX X    X X\nX XX  XX X\nX   TT   X\nXT   e   X\nXXXXXXXXXX\n", "Health: 9 X: 8 Y: 11\nXXXXXXXXXX\nXXXT     X\nXXXXXXXX X\nX    \u221e   X\nX XX XXXXX\nX XX XXXXX\nX MX XT tX\nX XX XTX X\nX XX XTX X\nX MX XTX X\nX XX XXX X\nX  \u221e    HX\nX XXXXXX X\nX X RR XTX\nX X    X X\nX XX  XX X\nX   TT   X\nXT   e   X\nXXXXXXXXXX\n", "Health: 9 X: 8 Y: 12\nXXXXXXXXXX\nXXXT     X\nXXXXXXXX X\nX   m\u221e   X\nX XX XXXXX\nX XX XXXXX\nX MX XT tX\nX XX XTX X\nX XX XTX X\nX MX XTX X\nX XX XXX X\nX  \u221e     X\nX XXXXXXHX\nX X RR XTX\nX X    X X\nX XX  XX X\nX   TT   X\nXT   e   X\nXXXXXXXXXX\n", "Health: 9 X: 8 Y: 13\nXXXXXXXXXX\nXXXT     X\nXXXXXXXX X\nX    \u221e   X\nX XXmXXXXX\nX XX XXXXX\nX MX XT tX\nX XX XTX X\nX XX XTX X\nX MX XTX X\nX XX XXX X\nX  \u221e     X\nX XXXXXX X\nX X RR X X\nX X    X X\nX XX  XX X\nX   TT   X\nXT   e   X\nXXXXXXXXXX\n", "Health: 9 X: 8 Y: 14\nXXXXXXXXXX\nXXXT     X\nXXXXXXXX X\nX    \u221e   X\nX XX XXXXX\nX XXmXXXXX\nX MX XT tX\nX XX XTX X\nX XX XTX X\nX MX XTX X\nX XX XXX X\nX  \u221e     X\nX XXXXXX X\nX X RR X X\nX X    XHX\nX XX  XX X\nX   TT   X\nXT   e   X\nXXXXXXXXXX\n", "Health: 9 X: 8 Y: 15\nXXXXXXXXXX\nXXXT     X\nXXXXXXXX X\nX    \u221e   X\nX XX XXXXX\nX XX XXXXX\nX MXmXT tX\nX XX XTX X\nX XX XTX X\nX MX XTX X\nX XX XXX X\nX  \u221e     X\nX XXXXXX X\nX X RR X X\nX X    X X\nX XX  XXHX\nX   TT   X\nXT   e   X\nXXXXXXXXXX\n", "Health: 9 X: 8 Y: 16\nXXXXXXXXXX\nXXXT     X\nXXXXXXXX X\nX    \u221e   X\nX XX XXXXX\nX XX XXXXX\nX MX XT tX\nX XXmXTX X\nX XX XTX X\nX MX XTX X\nX XX XXX X\nX  \u221e     X\nX XXXXXX X\nX X RR X X\nX X    X X\nX XX  XX X\nX   TT  HX\nXT   e   X\nXXXXXXXXXX\n", "Health: 9 X: 8 Y: 17\nXXXXXXXXXX\nXXXT     X\nXXXXXXXX X\nX    \u221e   X\nX XX XXXXX\nX XX XXXXX\nX MX XT tX\nX XX XTX X\nX XXmXTX X\nX MX XTX X\nX XX XXX X\nX  \u221e     X\nX XXXXXX X\nX X RR X X\nX X    X X\nX XX  XX X\nX   TT   X\nXT   e  HX\nXXXXXXXXXX\n", "Health: 9 X: 7 Y: 17\nXXXXXXXXXX\nXXXT     X\nXXXXXXXX X\nX    \u221e   X\nX XX XXXXX\nX XX XXXXX\nX MX XT tX\nX XX XTX X\nX XX XTX X\nX MXmXTX X\nX XX XXX X\nX  \u221e     X\nX XXXXXX X\nX X RR X X\nX X    X X\nX XX  XX X\nX   TT   X\nXT   e H X\nXXXXXXXXXX\n", "Health: 9 X: 7 Y: 16\nXXXXXXXXXX\nXXXT     X\nXXXXXXXX X\nX    \u221e   X\nX XX XXXXX\nX XX XXXXX\nX MX XT tX\nX XX XTX X\nX XX XTX X\nX MX XTX X\nX XXmXXX X\nX  \u221e     X\nX XXXXXX X\nX X RR X X\nX X    X X\nX XX  XX X\nX   TT H X\nXT   e   X\nXXXXXXXXXX\n", "Health: 9 X: 6 Y: 16\nXXXXXXXXXX\nXXXT     X\nXXXXXXXX X\nX    \u221e   X\nX XX XXXXX\nX XX XXXXX\nX MX XT tX\nX XX XTX X\nX XX XTX X\nX MX XTX X\nX XX XXX X\nX  \u221em    X\nX XXXXXX X\nX X RR X X\nX X    X X\nX XX  XX X\nX   TTH  X\nXT   e   X\nXXXXXXXXXX\n", "Health: 8 X: 5 Y: 16\nXXXXXXXXXX\nXXXT     X\nXXXXXXXX X\nX    \u221e   X\nX XX XXXXX\nX XX XXXXX\nX MX XT tX\nX XX XTX X\nX XX XTX X\nX MX XTX X\nX XX XXX X\nX  \u221e     X\nX XXXXXX X\nX X RR X X\nX X    X X\nX XX  XX X\nX   T    X\nXT   e   X\nXXXXXXXXXX\n", "Health: 7 X: 4 Y: 16\nXXXXXXXXXX\nXXXT     X\nXXXXXXXX X\nX    \u221e   X\nX XX XXXXX\nX XX XXXXX\nX MX XT tX\nX XX XTX X\nX XX XTX X\nX MX XTX X\nX XX XXX X\nX  \u221e     X\nX XXXXXX X\nX X RR X X\nX X    X X\nX XX  XX X\nX        X\nXT   e   X\nXXXXXXXXXX\n", "Health: 6 X: 5 Y: 16\nXXXXXXXXXX\nXXXT     X\nXXXXXXXX X\nX    \u221e   X\nX XX XXXXX\nX XX XXXXX\nX MX XT tX\nX XX XTX X\nX XX XTX X\nX MX XTX X\nX XX XXX X\nXm \u221e     X\nX XXXXXX X\nX X RR X X\nX X    X X\nX XX  XX X\nX        X\nXT   e   X\nXXXXXXXXXX\n", "Health: 6 X: 5 Y: 17\nXXXXXXXXXX\nXXXT     X\nXXXXXXXX X\nX    \u221e   X\nX XX XXXXX\nX XX XXXXX\nX MX XT tX\nX XX XTX X\nX XX XTX X\nX MX XTX X\nX XX XXX X\nX  \u221e     X\nXmXXXXXX X\nX X R  X X\nX X  R X X\nX XX  XX X\nX        X\nXT   e   X\nXXXXXXXXXX\n"], "map_number": 201}, {"mechanics": [{"timestep": 2, "mechanic": "OgreTreasure"}, {"timestep": 2, "mechanic": "BlobPotion"}, {"timestep": 3, "mechanic": "OgreTreasure"}, {"timestep": 3, "mechanic": "BlobHit"}, {"timestep": 4, "mechanic": "BlobHit"}, {"timestep": 5, "mechanic": "CollectPotion"}, {"timestep": 10, "mechanic": "MinitaurHit"}, {"timestep": 11, "mechanic": "MinitaurHit"}, {"timestep": 17, "mechanic": "CollectTreasure"}, {"timestep": 22, "mechanic": "CollectTreasure"}, {"timestep": 24, "mechanic": "CollectTreasure"}, {"timestep": 25, "mechanic": "CollectTreasure"}, {"timestep": 27, "mechanic": "CollectTreasure"}, {"timestep": 30, "mechanic": "MinitaurHit"}, {"timestep": 31, "mechanic": "MinitaurHit"}, {"timestep": 39, "mechanic": "MinitaurHit"}, {"timestep": 40, "mechanic": "MinitaurHit"}, {"timestep": 50, "mechanic": "OgreHit"}, {"timestep": 51, "mechanic": "OgreHit"}, {"timestep": 52, "mechanic": "ReachStairs"}], "frequencies": {"OgreTreasure": 2, "BlobPotion": 1, "BlobHit": 2, "CollectPotion": 1, "MinitaurHit": 6, "CollectTreasure": 5, "OgreHit": 2, "ReachStairs": 1}, "levelReport": {"utilityGained": 0.0, "exitUtility": 1.0, "runnerUtility": 0.47, "loitererUtility": 53.0, "completionistUtility": 0.6396296296296297, "monsterKillerUtility": 0.58, "treasureCollectorUtility": 0.6888888888888889, "turnsTaken": 53, "health": 3, "healthLost": 9, "alive": true, "javelinsThrown": 0, "monsterKills": 2, "minitaurKnockouts": 3, "treasuresCollected": 5, "potionsTaken": 1, "totalMonsters": 6, "totalTreasures": 9, "totalPotions": 2, "timeTaken": 0.0}, "positions": [{"X": 7, "Y": 4}, {"X": 6, "Y": 4}, {"X": 7, "Y": 4}, {"X": 7, "Y": 5}, {"X": 7, "Y": 6}, {"X": 6, "Y": 6}, {"X": 6, "Y": 7}, {"X": 6, "Y": 8}, {"X": 5, "Y": 8}, {"X": 4, "Y": 8}, {"X": 5, "Y": 8}, {"X": 6, "Y": 8}, {"X": 7, "Y": 8}, {"X": 7, "Y": 9}, {"X": 7, "Y": 10}, {"X": 7, "Y": 11}, {"X": 7, "Y": 12}, {"X": 7, "Y": 13}, {"X": 7, "Y": 14}, {"X": 7, "Y": 15}, {"X": 7, "Y": 16}, {"X": 7, "Y": 17}, {"X": 6, "Y": 17}, {"X": 7, "Y": 17}, {"X": 8, "Y": 17}, {"X": 8, "Y": 18}, {"X": 7, "Y": 18}, {"X": 6, "Y": 18}, {"X": 7, "Y": 18}, {"X": 8, "Y": 18}, {"X": 8, "Y": 17}, {"X": 8, "Y": 16}, {"X": 7, "Y": 16}, {"X": 6, "Y": 16}, {"X": 7, "Y": 16}, {"X": 7, "Y": 15}, {"X": 7, "Y": 14}, {"X": 7, "Y": 13}, {"X": 7, "Y": 12}, {"X": 7, "Y": 13}, {"X": 7, "Y": 14}, {"X": 7, "Y": 13}, {"X": 6, "Y": 13}, {"X": 5, "Y": 13}, {"X": 4, "Y": 13}, {"X": 3, "Y": 13}, {"X": 2, "Y": 13}, {"X": 2, "Y": 12}, {"X": 2, "Y": 11}, {"X": 2, "Y": 10}, {"X": 2, "Y": 9}, {"X": 2, "Y": 8}, {"X": 1, "Y": 8}], "levelStates": ["Health: 10 X: 7 Y: 4\nXXXXXXXXXX\nXT TX m  X\nX   XXX  X\nX        X\nX   XX H X\nXX XXXX XX\nX TTXXPP X\nX   XX   X\nXeo    b X\nX   XX   X\nXX XXXX XX\nX   XX   X\nX   XX   X\nX      T X\nX   XX   X\nXX XXXX XX\nX   XX   X\nXb bXXT TX\nX M XXT TX\nXXXXXXXXXX\n", "Health: 10 X: 6 Y: 4\nXXXXXXXXXX\nXT TX  m X\nX   XXX  X\nX        X\nX   XXH  X\nXX XXXX XX\nX TTXXPP X\nX o XX b X\nXe       X\nX   XX   X\nXX XXXX XX\nX   XX   X\nX   XX   X\nX      T X\nX   XX   X\nXX XXXX XX\nX   XX   X\nXb bXXT TX\nX M XXT TX\nXXXXXXXXXX\n", "Health: 10 X: 7 Y: 4\nXXXXXXXXXX\nXT TX    X\nX   XXXm X\nX        X\nX   XX H X\nXX XXXX XX\nX oTXXPb X\nX   XX   X\nXe       X\nX   XX   X\nXX XXXX XX\nX   XX   X\nX   XX   X\nX      T X\nX   XX   X\nXX XXXX XX\nX   XX   X\nXb bXXT TX\nX M XXT TX\nXXXXXXXXXX\n", "Health: 8 X: 7 Y: 5\nXXXXXXXXXX\nXT TX    X\nX   XXX  X\nX      m X\nX   XX   X\nXX XXXXHXX\nX  oXXPb X\nX   XX   X\nXe       X\nX   XX   X\nXX XXXX XX\nX   XX   X\nX   XX   X\nX      T X\nX   XX   X\nXX XXXX XX\nX   XX   X\nXb bXXT TX\nX M XXT TX\nXXXXXXXXXX\n", "Health: 8 X: 7 Y: 6\nXXXXXXXXXX\nXT TX    X\nX   XXX  X\nX        X\nX   XX m X\nXX XXXX XX\nX  oXXP\u221e X\nX   XX   X\nXe       X\nX   XX   X\nXX XXXX XX\nX   XX   X\nX   XX   X\nX      T X\nX   XX   X\nXX XXXX XX\nX   XX   X\nXb bXXT TX\nX M XXT TX\nXXXXXXXXXX\n", "Health: 10 X: 6 Y: 6\nXXXXXXXXXX\nXT TX    X\nX   XXX  X\nX        X\nX   XX   X\nXX XXXXmXX\nX  oXX \u221e X\nX   XX   X\nXe       X\nX   XX   X\nXX XXXX XX\nX   XX   X\nX   XX   X\nX      T X\nX   XX   X\nXX XXXX XX\nX   XX   X\nXb bXXT TX\nX M XXT TX\nXXXXXXXXXX\n", "Health: 10 X: 6 Y: 7\nXXXXXXXXXX\nXT TX    X\nX   XXX  X\nX        X\nX   XX   X\nXX XXXX XX\nX  oXX \u221e X\nX   XXH  X\nXe       X\nX   XX   X\nXX XXXX XX\nX   XX   X\nX   XX   X\nX      T X\nX   XX   X\nXX XXXX XX\nX   XX   X\nXb bXXT TX\nX M XXT TX\nXXXXXXXXXX\n", "Health: 10 X: 6 Y: 8\nXXXXXXXXXX\nXT TX    X\nX   XXX  X\nX        X\nX   XX   X\nXX XXXX XX\nX  oXX \u221e X\nX   XX   X\nXe    H  X\nX   XX   X\nXX XXXX XX\nX   XX   X\nX   XX   X\nX      T X\nX   XX   X\nXX XXXX XX\nX   XX   X\nXb bXXT TX\nX M XXT TX\nXXXXXXXXXX\n", "Health: 10 X: 5 Y: 8\nXXXXXXXXXX\nXT TX    X\nX   XXX  X\nX        X\nX   XX   X\nXX XXXX XX\nX  oXX \u221e X\nX   XXm  X\nXe   H   X\nX   XX   X\nXX XXXX XX\nX   XX   X\nX   XX   X\nX      T X\nX   XX   X\nXX XXXX XX\nX   XX   X\nXb bXXT TX\nX M XXT TX\nXXXXXXXXXX\n", "Health: 10 X: 4 Y: 8\nXXXXXXXXXX\nXT TX    X\nX   XXX  X\nX        X\nX   XX   X\nXX XXXX XX\nX  oXX \u221e X\nX   XX   X\nXe  H m  X\nX   XX   X\nXX XXXX XX\nX   XX   X\nX   XX   X\nX      T X\nX   XX   X\nXX XXXX XX\nX   XX   X\nXb bXXT TX\nX M XXT TX\nXXXXXXXXXX\n", "Health: 9 X: 5 Y: 8\nXXXXXXXXXX\nXT TX    X\nX   XXX  X\nX        X\nX   XX   X\nXX XXXX XX\nX  oXX \u221e X\nX   XX   X\nXe   Hm  X\nX   XX   X\nXX XXXX XX\nX   XX   X\nX   XX   X\nX      T X\nX   XX   X\nXX XXXX XX\nX   XX   X\nXb bXXT TX\nX M XXT TX\nXXXXXXXXXX\n", "Health: 9 X: 6 Y: 8\nXXXXXXXXXX\nXT TX    X\nX   XXX  X\nX        X\nX   XX   X\nXX XXXX XX\nX  oXX \u221e X\nX   XX   X\nXe    m  X\nX   XX   X\nXX XXXX XX\nX   XX   X\nX   XX   X\nX      T X\nX   XX   X\nXX XXXX XX\nX   XX   X\nXb bXXT TX\nX M XXT TX\nXXXXXXXXXX\n", "Health: 9 X: 7 Y: 8\nXXXXXXXXXX\nXT TX    X\nX   XXX  X\nX        X\nX   XX   X\nXX XXXX XX\nX  oXX \u221e X\nX   XX   X\nXe    mH X\nX   XX   X\nXX XXXX XX\nX   XX   X\nX   XX   X\nX      T X\nX   XX   X\nXX XXXX XX\nX   XX   X\nXb bXXT TX\nX M XXT TX\nXXXXXXXXXX\n", "Health: 9 X: 7 Y: 9\nXXXXXXXXXX\nXT TX    X\nX   XXX  X\nX        X\nX   XX   X\nXX XXXX XX\nX  oXX \u221e X\nX   XX   X\nXe    m  X\nX   XX H X\nXX XXXX XX\nX   XX   X\nX   XX   X\nX      T X\nX   XX   X\nXX XXXX XX\nX   XX   X\nXb bXXT TX\nX M XXT TX\nXXXXXXXXXX\n", "Health: 9 X: 7 Y: 10\nXXXXXXXXXX\nXT TX    X\nX   XXX  X\nX        X\nX   XX   X\nXX XXXX XX\nX  oXX \u221e X\nX   XX   X\nXe    m  X\nX   XX   X\nXX XXXXHXX\nX   XX   X\nX   XX   X\nX      T X\nX   XX   X\nXX XXXX XX\nX   XX   X\nXb bXXT TX\nX M XXT TX\nXXXXXXXXXX\n", "Health: 9 X: 7 Y: 11\nXXXXXXXXXX\nXT TX    X\nX   XXX  X\nX        X\nX   XX   X\nXX XXXX XX\nX  oXX \u221e X\nX   XX   X\nXe    m  X\nX   XX   X\nXX XXXX XX\nX   XX H X\nX   XX   X\nX      T X\nX   XX   X\nXX XXXX XX\nX   XX   X\nXb bXXT TX\nX M XXT TX\nXXXXXXXXXX\n", "Health: 9 X: 7 Y: 12\nXXXXXXXXXX\nXT TX    X\nX   XXX  X\nX        X\nX   XX   X\nXX XXXX XX\nX  oXX \u221e X\nX   XX   X\nXe     m X\nX   XX   X\nXX XXXX XX\nX   XX   X\nX   XX H X\nX      T X\nX   XX   X\nXX XXXX XX\nX   XX   X\nXb bXXT TX\nX M XXT TX\nXXXXXXXXXX\n", "Health: 9 X: 7 Y: 13\nXXXXXXXXXX\nXT TX    X\nX   XXX  X\nX        X\nX   XX   X\nXX XXXX XX\nX  oXX \u221e X\nX   XX   X\nXe       X\nX   XX m X\nXX XXXX XX\nX   XX   X\nX   XX   X\nX        X\nX   XX   X\nXX XXXX XX\nX   XX   X\nXb bXXT TX\nX M XXT TX\nXXXXXXXXXX\n", "Health: 9 X: 7 Y: 14\nXXXXXXXXXX\nXT TX    X\nX   XXX  X\nX        X\nX   XX   X\nXX XXXX XX\nX  oXX \u221e X\nX   XX   X\nXe       X\nX   XX   X\nXX XXXXmXX\nX   XX   X\nX   XX   X\nX        X\nX   XX H X\nXX XXXX XX\nX   XX   X\nXb bXXT TX\nX M XXT TX\nXXXXXXXXXX\n", "Health: 9 X: 7 Y: 15\nXXXXXXXXXX\nXT TX    X\nX   XXX  X\nX        X\nX   XX   X\nXX XXXX XX\nX  oXX \u221e X\nX   XX   X\nXe       X\nX   XX   X\nXX XXXX XX\nX   XX m X\nX   XX   X\nX        X\nX   XX   X\nXX XXXXHXX\nX   XX   X\nXb bXXT TX\nX M XXT TX\nXXXXXXXXXX\n", "Health: 9 X: 7 Y: 16\nXXXXXXXXXX\nXT TX    X\nX   XXX  X\nX        X\nX   XX   X\nXX XXXX XX\nX  oXX \u221e X\nX   XX   X\nXe       X\nX   XX   X\nXX XXXX XX\nX   XX   X\nX   XX m X\nX        X\nX   XX   X\nXX XXXX XX\nX   XX H X\nXb bXXT TX\nX M XXT TX\nXXXXXXXXXX\n", "Health: 9 X: 7 Y: 17\nXXXXXXXXXX\nXT TX    X\nX   XXX  X\nX        X\nX   XX   X\nXX XXXX XX\nX  oXX \u221e X\nX   XX   X\nXe       X\nX   XX   X\nXX XXXX XX\nX   XX   X\nX   XX   X\nX        X\nX   XX   X\nXX XXXX XX\nX   XX   X\nXb bXXTHTX\nX M XXT TX\nXXXXXXXXXX\n", "Health: 9 X: 6 Y: 17\nXXXXXXXXXX\nXT TX    X\nX   XXX  X\nX        X\nX   XX   X\nXX XXXX XX\nX  oXX \u221e X\nX   XX   X\nXe       X\nX   XX   X\nXX XXXX XX\nX   XX   X\nX   XX   X\nX        X\nX   XX m X\nXX XXXX XX\nX   XX   X\nXb bXX  TX\nX M XXT TX\nXXXXXXXXXX\n", "Health: 9 X: 7 Y: 17\nXXXXXXXXXX\nXT TX    X\nX   XXX  X\nX        X\nX   XX   X\nXX XXXX XX\nX  oXX \u221e X\nX   XX   X\nXe       X\nX   XX   X\nXX XXXX XX\nX   XX   X\nX   XX   X\nX        X\nX   XX   X\nXX XXXXmXX\nX   XX   X\nXb bXX HTX\nX M XXT TX\nXXXXXXXXXX\n", "Health: 9 X: 8 Y: 17\nXXXXXXXXXX\nXT TX    X\nX   XXX  X\nX        X\nX   XX   X\nXX XXXX XX\nX  oXX \u221e X\nX   XX   X\nXe       X\nX   XX   X\nXX XXXX XX\nX   XX   X\nX   XX   X\nX        X\nX   XX   X\nXX XXXX XX\nX   XX m X\nXb bXX   X\nX M XXT TX\nXXXXXXXXXX\n", "Health: 9 X: 8 Y: 18\nXXXXXXXXXX\nXT TX    X\nX   XXX  X\nX        X\nX   XX   X\nXX XXXX XX\nX  oXX \u221e X\nX   XX   X\nXe       X\nX   XX   X\nXX XXXX XX\nX   XX   X\nX   XX   X\nX        X\nX   XX   X\nXX XXXX XX\nX   XX  mX\nXb bXX   X\nX M XXT  X\nXXXXXXXXXX\n", "Health: 9 X: 7 Y: 18\nXXXXXXXXXX\nXT TX    X\nX   XXX  X\nX        X\nX   XX   X\nXX XXXX XX\nX  oXX \u221e X\nX   XX   X\nXe       X\nX   XX   X\nXX XXXX XX\nX   XX   X\nX   XX   X\nX        X\nX   XX   X\nXX XXXX XX\nX   XX m X\nXb bXX   X\nX M XXTH X\nXXXXXXXXXX\n", "Health: 9 X: 6 Y: 18\nXXXXXXXXXX\nXT TX    X\nX   XXX  X\nX        X\nX   XX   X\nXX XXXX XX\nX  oXX \u221e X\nX   XX   X\nXe       X\nX   XX   X\nXX XXXX XX\nX   XX   X\nX   XX   X\nX        X\nX   XX   X\nXX XXXX XX\nX   XXm  X\nXb bXX   X\nX M XX   X\nXXXXXXXXXX\n", "Health: 9 X: 7 Y: 18\nXXXXXXXXXX\nXT TX    X\nX   XXX  X\nX        X\nX   XX   X\nXX XXXX XX\nX  oXX \u221e X\nX   XX   X\nXe       X\nX   XX   X\nXX XXXX XX\nX   XX   X\nX   XX   X\nX        X\nX   XX   X\nXX XXXX XX\nX   XX m X\nXb bXX   X\nX M XX H X\nXXXXXXXXXX\n", "Health: 9 X: 8 Y: 18\nXXXXXXXXXX\nXT TX    X\nX   XXX  X\nX        X\nX   XX   X\nXX XXXX XX\nX  oXX \u221e X\nX   XX   X\nXe       X\nX   XX   X\nXX XXXX XX\nX   XX   X\nX   XX   X\nX        X\nX   XX   X\nXX XXXX XX\nX   XX  mX\nXb bXX   X\nX M XX   X\nXXXXXXXXXX\n", "Health: 8 X: 8 Y: 17\nXXXXXXXXXX\nXT TX    X\nX   XXX  X\nX        X\nX   XX   X\nXX XXXX XX\nX  oXX \u221e X\nX   XX   X\nXe       X\nX   XX   X\nXX XXXX XX\nX   XX   X\nX   XX   X\nX        X\nX   XX   X\nXX XXXX XX\nX   XX  mX\nXb bXX   X\nX M XX   X\nXXXXXXXXXX\n", "Health: 8 X: 8 Y: 16\nXXXXXXXXXX\nXT TX    X\nX   XXX  X\nX        X\nX   XX   X\nXX XXXX XX\nX  oXX \u221e X\nX   XX   X\nXe       X\nX   XX   X\nXX XXXX XX\nX   XX   X\nX   XX   X\nX        X\nX   XX   X\nXX XXXX XX\nX   XX  mX\nXb bXX   X\nX M XX   X\nXXXXXXXXXX\n", "Health: 8 X: 7 Y: 16\nXXXXXXXXXX\nXT TX    X\nX   XXX  X\nX        X\nX   XX   X\nXX XXXX XX\nX  oXX \u221e X\nX   XX   X\nXe       X\nX   XX   X\nXX XXXX XX\nX   XX   X\nX   XX   X\nX        X\nX   XX   X\nXX XXXX XX\nX   XX HmX\nXb bXX   X\nX M XX   X\nXXXXXXXXXX\n", "Health: 8 X: 6 Y: 16\nXXXXXXXXXX\nXT TX    X\nX   XXX  X\nX        X\nX   XX   X\nXX XXXX XX\nX  oXX \u221e X\nX   XX   X\nXe       X\nX   XX   X\nXX XXXX XX\nX   XX   X\nX   XX   X\nX        X\nX   XX   X\nXX XXXX XX\nX   XXH mX\nXb bXX   X\nX M XX   X\nXXXXXXXXXX\n", "Health: 8 X: 7 Y: 16\nXXXXXXXXXX\nXT TX    X\nX   XXX  X\nX        X\nX   XX   X\nXX XXXX XX\nX  oXX \u221e X\nX   XX   X\nXe       X\nX   XX   X\nXX XXXX XX\nX   XX   X\nX   XX   X\nX        X\nX   XX   X\nXX XXXX XX\nX   XX HmX\nXb bXX   X\nX M XX   X\nXXXXXXXXXX\n", "Health: 8 X: 7 Y: 15\nXXXXXXXXXX\nXT TX    X\nX   XXX  X\nX        X\nX   XX   X\nXX XXXX XX\nX  oXX \u221e X\nX   XX   X\nXe       X\nX   XX   X\nXX XXXX XX\nX   XX   X\nX   XX   X\nX        X\nX   XX   X\nXX XXXXHXX\nX   XX  mX\nXb bXX   X\nX M XX   X\nXXXXXXXXXX\n", "Health: 8 X: 7 Y: 14\nXXXXXXXXXX\nXT TX    X\nX   XXX  X\nX        X\nX   XX   X\nXX XXXX XX\nX  oXX \u221e X\nX   XX   X\nXe       X\nX   XX   X\nXX XXXX XX\nX   XX   X\nX   XX   X\nX        X\nX   XX H X\nXX XXXX XX\nX   XX m X\nXb bXX   X\nX M XX   X\nXXXXXXXXXX\n", "Health: 8 X: 7 Y: 13\nXXXXXXXXXX\nXT TX    X\nX   XXX  X\nX        X\nX   XX   X\nXX XXXX XX\nX  oXX \u221e X\nX   XX   X\nXe       X\nX   XX   X\nXX XXXX XX\nX   XX   X\nX   XX   X\nX        X\nX   XX   X\nXX XXXXmXX\nX   XX   X\nXb bXX   X\nX M XX   X\nXXXXXXXXXX\n", "Health: 8 X: 7 Y: 12\nXXXXXXXXXX\nXT TX    X\nX   XXX  X\nX        X\nX   XX   X\nXX XXXX XX\nX  oXX \u221e X\nX   XX   X\nXe       X\nX   XX   X\nXX XXXX XX\nX   XX   X\nX   XX H X\nX        X\nX   XX m X\nXX XXXX XX\nX   XX   X\nXb bXX   X\nX M XX   X\nXXXXXXXXXX\n", "Health: 7 X: 7 Y: 13\nXXXXXXXXXX\nXT TX    X\nX   XXX  X\nX        X\nX   XX   X\nXX XXXX XX\nX  oXX \u221e X\nX   XX   X\nXe       X\nX   XX   X\nXX XXXX XX\nX   XX   X\nX   XX   X\nX        X\nX   XX m X\nXX XXXX XX\nX   XX   X\nXb bXX   X\nX M XX   X\nXXXXXXXXXX\n", "Health: 7 X: 7 Y: 14\nXXXXXXXXXX\nXT TX    X\nX   XXX  X\nX        X\nX   XX   X\nXX XXXX XX\nX  oXX \u221e X\nX   XX   X\nXe       X\nX   XX   X\nXX XXXX XX\nX   XX   X\nX   XX   X\nX        X\nX   XX m X\nXX XXXX XX\nX   XX   X\nXb bXX   X\nX M XX   X\nXXXXXXXXXX\n", "Health: 7 X: 7 Y: 13\nXXXXXXXXXX\nXT TX    X\nX   XXX  X\nX        X\nX   XX   X\nXX XXXX XX\nX  oXX \u221e X\nX   XX   X\nXe       X\nX   XX   X\nXX XXXX XX\nX   XX   X\nX   XX   X\nX        X\nX   XX m X\nXX XXXX XX\nX   XX   X\nXb bXX   X\nX M XX   X\nXXXXXXXXXX\n", "Health: 7 X: 6 Y: 13\nXXXXXXXXXX\nXT TX    X\nX   XXX  X\nX        X\nX   XX   X\nXX XXXX XX\nX  oXX \u221e X\nX   XX   X\nXe       X\nX   XX   X\nXX XXXX XX\nX   XX   X\nX   XX   X\nX     H  X\nX   XX m X\nXX XXXX XX\nX   XX   X\nXb bXX   X\nX M XX   X\nXXXXXXXXXX\n", "Health: 7 X: 5 Y: 13\nXXXXXXXXXX\nXT TX    X\nX   XXX  X\nX        X\nX   XX   X\nXX XXXX XX\nX  oXX \u221e X\nX   XX   X\nXe       X\nX   XX   X\nXX XXXX XX\nX   XX   X\nX   XX   X\nX    H   X\nX   XX m X\nXX XXXX XX\nX   XX   X\nXb bXX   X\nX M XX   X\nXXXXXXXXXX\n", "Health: 7 X: 4 Y: 13\nXXXXXXXXXX\nXT TX    X\nX   XXX  X\nX        X\nX   XX   X\nXX XXXX XX\nX  oXX \u221e X\nX   XX   X\nXe       X\nX   XX   X\nXX XXXX XX\nX   XX   X\nX   XX   X\nX   H    X\nX   XX m X\nXX XXXX XX\nX   XX   X\nXb bXX   X\nX M XX   X\nXXXXXXXXXX\n", "Health: 7 X: 3 Y: 13\nXXXXXXXXXX\nXT TX    X\nX   XXX  X\nX        X\nX   XX   X\nXX XXXX XX\nX  oXX \u221e X\nX   XX   X\nXe       X\nX   XX   X\nXX XXXX XX\nX   XX   X\nX   XX   X\nX  H     X\nX   XX   X\nXX XXXX XX\nXb  XX   X\nX  bXX   X\nX M XX   X\nXXXXXXXXXX\n", "Health: 7 X: 2 Y: 13\nXXXXXXXXXX\nXT TX    X\nX   XXX  X\nX        X\nX   XX   X\nXX XXXX XX\nX  oXX \u221e X\nX   XX   X\nXe       X\nX   XX   X\nXX XXXX XX\nX   XX   X\nX   XX   X\nX H   m  X\nX   XX   X\nXX XXXX XX\nXb  XX   X\nX MbXX   X\nX   XX   X\nXXXXXXXXXX\n", "Health: 7 X: 2 Y: 12\nXXXXXXXXXX\nXT TX    X\nX   XXX  X\nX        X\nX   XX   X\nXX XXXX XX\nX o XX \u221e X\nX   XX   X\nXe       X\nX   XX   X\nXX XXXX XX\nX   XX   X\nX H XX   X\nX    m   X\nX   XX   X\nXX XXXX XX\nXbM XX   X\nX  bXX   X\nX   XX   X\nXXXXXXXXXX\n", "Health: 7 X: 2 Y: 11\nXXXXXXXXXX\nXT TX    X\nX   XXX  X\nX        X\nX   XX   X\nXX XXXX XX\nX   XX \u221e X\nX o XX   X\nXe       X\nX   XX   X\nXX XXXX XX\nX H XX   X\nX   XX   X\nX   m    X\nX   XX   X\nXXMXXXX XX\nXb  XX   X\nX  bXX   X\nX   XX   X\nXXXXXXXXXX\n", "Health: 7 X: 2 Y: 10\nXXXXXXXXXX\nXT TX    X\nX   XXX  X\nX        X\nX   XX   X\nXX XXXX XX\nX   XX \u221e X\nX   XX   X\nXeo      X\nX   XX   X\nXXHXXXX XX\nX   XX   X\nX   XX   X\nX  m     X\nX M XX   X\nXX XXXX XX\nXb  XX   X\nX  bXX   X\nX   XX   X\nXXXXXXXXXX\n", "Health: 5 X: 2 Y: 9\nXXXXXXXXXX\nXT TX    X\nX   XXX  X\nX        X\nX   XX   X\nXX XXXX XX\nX   XX \u221e X\nX   XX   X\nXeo      X\nX H XX   X\nXX XXXX XX\nX   XX   X\nX  mXX   X\nX M      X\nX   XX   X\nXX XXXX XX\nXb  XX   X\nX  bXX   X\nX   XX   X\nXXXXXXXXXX\n", "Health: 3 X: 2 Y: 8\nXXXXXXXXXX\nXT TX    X\nX   XXX  X\nX        X\nX   XX   X\nXX XXXX XX\nX   XX \u221e X\nX   XX   X\nXe\u221e      X\nX   XX   X\nXX XXXX XX\nX  mXX   X\nX M XX   X\nX        X\nX   XX   X\nXX XXXX XX\nXb  XX   X\nX  bXX   X\nX   XX   X\nXXXXXXXXXX\n", "Health: 3 X: 1 Y: 8\nXXXXXXXXXX\nXT TX    X\nX   XXX  X\nX        X\nX   XX   X\nXX XXXX XX\nX   XX \u221e X\nX   XX   X\nXe\u221e      X\nX   XX   X\nXX XXXX XX\nX m XX   X\nX M XX   X\nX        X\nX   XX   X\nXX XXXX XX\nXb  XX   X\nX  bXX   X\nX   XX   X\nXXXXXXXXXX\n"], "map_number": 101}], "timestamp": "10-Aug-2021 21:29:48.267118", "ip": "47.151.180.195"}