{"Q1": "Never", "Q2": "Never", "Q3": "Never", "Q4": "Never", "Q5": "Often", "Q6": "Rarely", "Q7": "Often", "Q8": "Never", "Q9": "Never", "Q10": "Never", "results": [{"mechanics": [{"timestep": 2, "mechanic": "OgreTreasure"}, {"timestep": 2, "mechanic": "BlobPotion"}, {"timestep": 3, "mechanic": "OgreTreasure"}, {"timestep": 3, "mechanic": "BlobPotion"}, {"timestep": 4, "mechanic": "MinitaurHit"}, {"timestep": 11, "mechanic": "CollectTreasure"}, {"timestep": 13, "mechanic": "CollectTreasure"}, {"timestep": 21, "mechanic": "OgreHit"}, {"timestep": 23, "mechanic": "GoblinMeleeHit"}, {"timestep": 35, "mechanic": "CollectTreasure"}, {"timestep": 43, "mechanic": "CollectTreasure"}, {"timestep": 44, "mechanic": "CollectTreasure"}, {"timestep": 46, "mechanic": "CollectTreasure"}, {"timestep": 47, "mechanic": "MinitaurHit"}, {"timestep": 51, "mechanic": "BlobHit"}, {"timestep": 52, "mechanic": "BlobHit"}, {"timestep": 52, "mechanic": "BlobHit"}, {"timestep": 52, "mechanic": "Die"}], "frequencies": {}, "levelReport": {"utilityGained": 0.0, "exitUtility": 0.0, "runnerUtility": 0.3529411764705882, "loitererUtility": 0.0, "completionistUtility": 0.10588235294117646, "monsterKillerUtility": 0.10588235294117646, "treasureCollectorUtility": 0.10588235294117646, "turnsTaken": 0, "health": 10, "healthLost": 0, "alive": true, "javelinsThrown": 0, "monsterKills": 0, "minitaurKnockouts": 0, "treasuresCollected": 0, "potionsTaken": 0, "totalMonsters": 6, "totalTreasures": 9, "totalPotions": 2, "timeTaken": 0.0}, "positions": [{"X": 6, "Y": 11}, {"X": 5, "Y": 11}, {"X": 4, "Y": 11}, {"X": 4, "Y": 12}, {"X": 4, "Y": 13}, {"X": 3, "Y": 13}, {"X": 3, "Y": 12}, {"X": 4, "Y": 12}, {"X": 5, "Y": 12}, {"X": 6, "Y": 12}, {"X": 6, "Y": 13}, {"X": 5, "Y": 13}, {"X": 4, "Y": 13}, {"X": 5, "Y": 13}, {"X": 6, "Y": 13}, {"X": 7, "Y": 13}, {"X": 6, "Y": 13}, {"X": 5, "Y": 13}, {"X": 4, "Y": 13}, {"X": 3, "Y": 13}, {"X": 2, "Y": 13}, {"X": 3, "Y": 13}, {"X": 3, "Y": 13}, {"X": 4, "Y": 13}, {"X": 5, "Y": 13}, {"X": 6, "Y": 13}, {"X": 7, "Y": 13}, {"X": 7, "Y": 14}, {"X": 8, "Y": 14}, {"X": 8, "Y": 15}, {"X": 8, "Y": 15}], "levelStates": ["Health: 10 X: 6 Y: 11\nXXXXXXXXXX\nXMX e X TX\nX        X\nX   X   XX\nX   T    X\nXX  XX   X\nX P     bX\nX X X  X X\nXT     o X\nX        X\nX  X   XPX\nX     H  X\nXX      XX\nX        X\nXb      bX\nX X T  X X\nXP   m  PX\nX        X\nXT TXT TXX\nXXXXXXXXXX\n", "Health: 10 X: 5 Y: 11\nXXXXXXXXXX\nXMX e X TX\nX        X\nX   X   XX\nX   T    X\nXX  XX   X\nX P      X\nX X X  XbX\nXT    o  X\nX        X\nX  X   XPX\nX    H   X\nXX      XX\nX        X\nX        X\nXbX Tm XbX\nXP      PX\nX        X\nXT TXT TXX\nXXXXXXXXXX\n", "Health: 10 X: 4 Y: 11\nXXXXXXXXXX\nX X e X TX\nXM       X\nX   X   XX\nX   T    X\nXX  XX   X\nX P      X\nX X X  X X\nXT   o  bX\nX        X\nX  X   XPX\nX   H    X\nXX      XX\nX        X\nX    m   X\nX X T  X X\nX        X\nX        X\nXT TXT TXX\nXXXXXXXXXX\n", "Health: 10 X: 4 Y: 12\nXXXXXXXXXX\nX X e X TX\nXM       X\nX   X   XX\nX   T    X\nXX  XX   X\nX P      X\nX X X  X X\nXT  o    X\nX       bX\nX  X   XPX\nX        X\nXX  H   XX\nX    m   X\nX        X\nX X T  X X\nX        X\nX        X\nXT TXT TXX\nXXXXXXXXXX\n", "Health: 9 X: 4 Y: 13\nXXXXXXXXXX\nX X e X TX\nXM       X\nX   X   XX\nX   T    X\nXX  XX   X\nX P      X\nX X X  X X\nXT o     X\nX        X\nX  X   X X\nX        X\nXX      XX\nX   Hm   X\nX        X\nX X T  X X\nX        X\nX        X\nXT TXT TXX\nXXXXXXXXXX\n", "Health: 9 X: 3 Y: 13\nXXXXXXXXXX\nX X e X TX\nXM       X\nX   X   XX\nX   T    X\nXX  XX   X\nX P      X\nX X X  X X\nXTo      X\nX        X\nX  X   X X\nX        X\nXX      XX\nX  H m   X\nX        X\nX X T  X X\nX        X\nX        X\nXT TXT TXX\nXXXXXXXXXX\n", "Health: 9 X: 3 Y: 12\nXXXXXXXXXX\nX X e X TX\nXM       X\nX   X   XX\nX   T    X\nXX  XX   X\nX P      X\nX X X  X X\nXo       X\nX        X\nX  X   X X\nX        X\nXX H    XX\nX    m   X\nX        X\nX X T  X X\nX        X\nX        X\nXT TXT TXX\nXXXXXXXXXX\n", "Health: 9 X: 4 Y: 12\nXXXXXXXXXX\nX X e X TX\nXM       X\nX   X   XX\nX   T    X\nXX  XX   X\nX P      X\nX X X  X X\nX o      X\nX        X\nX  X   X X\nX        X\nXX  H   XX\nX    m   X\nX        X\nX X T  X X\nX        X\nX        X\nXT TXT TXX\nXXXXXXXXXX\n", "Health: 9 X: 5 Y: 12\nXXXXXXXXXX\nX X e X TX\nX M      X\nX   X   XX\nX   T    X\nXX  XX   X\nX P      X\nX X X  X X\nX        X\nX o      X\nX  X   X X\nX        X\nXX   H  XX\nX    m   X\nX        X\nX X T  X X\nX        X\nX        X\nXT TXT TXX\nXXXXXXXXXX\n", "Health: 9 X: 6 Y: 12\nXXXXXXXXXX\nX X e X TX\nX M      X\nX   X   XX\nX   T    X\nXX  XX   X\nX P      X\nX X X  X X\nX        X\nX        X\nX oX   X X\nX       bX\nXX    H XX\nX    m   X\nX        X\nX X T  X X\nX        X\nX        X\nXT TXT TXX\nXXXXXXXXXX\n", "Health: 8 X: 6 Y: 13\nXXXXXXXXXX\nX X e X TX\nX M      X\nX   X   XX\nX   T    X\nXX  XX   X\nX P      X\nX X X  X X\nX        X\nX        X\nX  X   X X\nX o     bX\nXX      XX\nX    mH  X\nX        X\nX X T  X X\nX        X\nX        X\nXT TXT TXX\nXXXXXXXXXX\n", "Health: 8 X: 5 Y: 13\nXXXXXXXXXX\nX X e X TX\nX  M     X\nX   X   XX\nX   T    X\nXX  XX   X\nX P      X\nX X X  X X\nX        X\nX        X\nX  X   X X\nX  o   b X\nXX      XX\nX    m   X\nX        X\nX X T  X X\nX        X\nX        X\nXT TXT TXX\nXXXXXXXXXX\n", "Health: 8 X: 4 Y: 13\nXXXXXXXXXX\nX X e X TX\nX        X\nX  MX   XX\nX   T    X\nXX  XX   X\nX P      X\nX X X  X X\nX        X\nX        X\nX  X   X X\nX   o b  X\nXX      XX\nX   Hm   X\nX        X\nX X T  X X\nX        X\nX        X\nXT TXT TXX\nXXXXXXXXXX\n", "Health: 8 X: 5 Y: 13\nXXXXXXXXXX\nX X e X TX\nX        X\nX  MX   XX\nX   T    X\nXX  XX   X\nX P      X\nX X X  X X\nX        X\nX        X\nX  X   X X\nX    o   X\nXX      XX\nX    m   X\nX        X\nX X T  X X\nX        X\nX        X\nXT TXT TXX\nXXXXXXXXXX\n", "Health: 8 X: 6 Y: 13\nXXXXXXXXXX\nX X e X TX\nX        X\nX  MX   XX\nX   T    X\nXX  XX   X\nX P      X\nX X X  X X\nX        X\nX        X\nX  X   X X\nX    \u221eo  X\nXX      XX\nX    mH  X\nX        X\nX X T  X X\nX        X\nX        X\nXT TXT TXX\nXXXXXXXXXX\n", "Health: 8 X: 7 Y: 13\nXXXXXXXXXX\nX X e X TX\nX        X\nX  MX   XX\nX   T    X\nXX  XX   X\nX P      X\nX X X  X X\nX        X\nX        X\nX  X   X X\nX    \u221e o X\nXX      XX\nX    m H X\nX        X\nX X T  XbX\nX        X\nX        X\nXT TXT TXX\nXXXXXXXXXX\n", "Health: 7 X: 6 Y: 13\nXXXXXXXXXX\nX X e X TX\nX        X\nX  MX   XX\nX   T    X\nXX  XX   X\nX P      X\nX X X  X X\nX        X\nX        X\nX  X   X X\nX    \u221eo  X\nXX      XX\nX    mH  X\nX       bX\nX X T  X X\nX        X\nX        X\nXT TXT TXX\nXXXXXXXXXX\n", "Health: 7 X: 5 Y: 13\nXXXXXXXXXX\nX X e X TX\nX        X\nX  MX   XX\nX   T    X\nXX  XX   X\nX P      X\nX X X  X X\nX        X\nX        X\nX  X   X X\nX    o   X\nXX      XX\nX    m  bX\nX        X\nX X T  X X\nX        X\nX        X\nXT TXT TXX\nXXXXXXXXXX\n", "Health: 7 X: 4 Y: 13\nXXXXXXXXXX\nX X e X TX\nX        X\nX   X   XX\nX  MT    X\nXX  XX   X\nX P      X\nX X X  X X\nX        X\nX        X\nX  X   X X\nX   o\u221e   X\nXX      XX\nX   Hm b X\nX        X\nX X T  X X\nX        X\nX        X\nXT TXT TXX\nXXXXXXXXXX\n", "Health: 7 X: 3 Y: 13\nXXXXXXXXXX\nX X e X TX\nX        X\nX   X   XX\nX  MT    X\nXX  XX   X\nX P      X\nX X X  X X\nX        X\nX        X\nX  X   X X\nX  o \u221e   X\nXX      XX\nX  H mb  X\nX        X\nX X T  X X\nX        X\nX        X\nXT TXT TXX\nXXXXXXXXXX\n", "Health: 7 X: 2 Y: 13\nXXXXXXXXXX\nX X e X TX\nX        X\nX   X   XX\nX   T    X\nXX MXX   X\nX P      X\nX X X  X X\nX        X\nX        X\nX  X   X X\nX o  \u221e   X\nXX      XX\nX H  m   X\nX        X\nXbX T  X X\nX        X\nX        X\nXT TXT TXX\nXXXXXXXXXX\n", "Health: 7 X: 3 Y: 13\nXXXXXXXXXX\nX X e X TX\nX        X\nX   X   XX\nX   T    X\nXX MXX   X\nX P      X\nX X X  X X\nX        X\nX        X\nX  X   X X\nX  o \u221e   X\nXX      XX\nX  Hbm   X\nXb       X\nX X T  X X\nX        X\nX        X\nXT TXT TXX\nXXXXXXXXXX\n", "Health: 5 X: 3 Y: 13\nXXXXXXXXXX\nX X e X TX\nX        X\nX   X   XX\nX   T    X\nXX MXX   X\nX P      X\nX X X  X X\nX        X\nX        X\nX  X   X X\nX    \u221e   X\nXX o    XX\nXb Hm    X\nX        X\nX X T  X X\nX        X\nX        X\nXT TXT TXX\nXXXXXXXXXX\n", "Health: 4 X: 4 Y: 13\nXXXXXXXXXX\nX X e X TX\nX        X\nX   X   XX\nX   T    X\nXX  XX   X\nX PM     X\nX X X  X X\nX        X\nX        X\nX  X   X X\nX    \u221e   X\nXX  o   XX\nX b m    X\nX        X\nX X T  X X\nX        X\nX        X\nXT TXT TXX\nXXXXXXXXXX\n", "Health: 4 X: 5 Y: 13\nXXXXXXXXXX\nX X e X TX\nX        X\nX   X   XX\nX   T    X\nXX  XX   X\nX P M    X\nX X X  X X\nX        X\nX        X\nX  X   X X\nX    \u221e   X\nXX   o  XX\nX  bmH   X\nX        X\nX X T  X X\nX        X\nX        X\nXT TXT TXX\nXXXXXXXXXX\n", "Health: 4 X: 6 Y: 13\nXXXXXXXXXX\nX X e X TX\nX        X\nX   X   XX\nX   T    X\nXX  XX   X\nX P M    X\nX X X  X X\nX        X\nX        X\nX  X   X X\nX    \u221e   X\nXX    o XX\nX   m H  X\nX        X\nX X T  X X\nX        X\nX        X\nXT TXT TXX\nXXXXXXXXXX\n", "Health: 4 X: 7 Y: 13\nXXXXXXXXXX\nX X e X TX\nX        X\nX   X   XX\nX   T    X\nXX  XX   X\nX P M    X\nX X X  X X\nX        X\nX        X\nX  X   X X\nX    \u221e   X\nXX     oXX\nX   mb H X\nX        X\nX X T  X X\nX        X\nX        X\nXT TXT TXX\nXXXXXXXXXX\n", "Health: 4 X: 7 Y: 14\nXXXXXXXXXX\nX X e X TX\nX        X\nX   X   XX\nX   T    X\nXX  XX   X\nX P M    X\nX X X  X X\nX        X\nX        X\nX  X   X X\nX    \u221e   X\nXX      XX\nX   m bo X\nX      H X\nX X T  X X\nX        X\nX        X\nXT TXT TXX\nXXXXXXXXXX\n", "Health: 4 X: 8 Y: 14\nXXXXXXXXXX\nX X e X TX\nX        X\nX   X   XX\nX   T    X\nXX  XX   X\nX P M    X\nX X X  X X\nX        X\nX        X\nX  X   X X\nX    \u221e   X\nXX      XX\nX   \u221em boX\nX       HX\nX X T  X X\nX        X\nX        X\nXT TXT TXX\nXXXXXXXXXX\n", "Health: 4 X: 8 Y: 15\nXXXXXXXXXX\nX X e X TX\nX        X\nX   X   XX\nX   T    X\nXX  XX   X\nX P M    X\nX X X  X X\nX        X\nX        X\nX  X   X X\nX    \u221e   X\nXX      XX\nX   \u221e m bX\nX       oX\nX X T  XHX\nX        X\nX        X\nXT TXT TXX\nXXXXXXXXXX\n", "Health: 0 X: 8 Y: 15\nXXXXXXXXXX\nX X e X TX\nX        X\nX   X   XX\nX   T    X\nXX  XX   X\nX P M    X\nX X X  X X\nX        X\nX        X\nX  X   X X\nX    \u221e   X\nXX      XX\nX   \u221e  m X\nX       bX\nX X T  X\u221eX\nX        X\nX        X\nXT TXT TXX\nXXXXXXXXXX\n"], "map_number": 202}, {"mechanics": [{"timestep": 3, "mechanic": "OgreTreasure"}, {"timestep": 5, "mechanic": "CollectTreasure"}, {"timestep": 8, "mechanic": "BlobHit"}, {"timestep": 10, "mechanic": "GoblinMeleeHit"}, {"timestep": 11, "mechanic": "GoblinRangedHit"}, {"timestep": 12, "mechanic": "CollectPotion"}, {"timestep": 12, "mechanic": "GoblinRangedHit"}, {"timestep": 13, "mechanic": "GoblinRangedHit"}, {"timestep": 18, "mechanic": "MinitaurHit"}, {"timestep": 19, "mechanic": "MinitaurHit"}, {"timestep": 32, "mechanic": "CollectTreasure"}, {"timestep": 36, "mechanic": "OgreHit"}, {"timestep": 40, "mechanic": "OgreHit"}, {"timestep": 40, "mechanic": "MinitaurHit"}, {"timestep": 41, "mechanic": "MinitaurHit"}, {"timestep": 48, "mechanic": "MinitaurHit"}, {"timestep": 60, "mechanic": "MinitaurHit"}, {"timestep": 60, "mechanic": "Die"}], "frequencies": {}, "levelReport": {"utilityGained": 0.0, "exitUtility": 0.0, "runnerUtility": 0.2857142857142857, "loitererUtility": 0.0, "completionistUtility": 0.0857142857142857, "monsterKillerUtility": 0.0857142857142857, "treasureCollectorUtility": 0.0857142857142857, "turnsTaken": 0, "health": 10, "healthLost": 0, "alive": true, "javelinsThrown": 0, "monsterKills": 0, "minitaurKnockouts": 0, "treasuresCollected": 0, "potionsTaken": 0, "totalMonsters": 5, "totalTreasures": 10, "totalPotions": 1, "timeTaken": 0.0}, "positions": [{"X": 7, "Y": 4}, {"X": 7, "Y": 5}, {"X": 7, "Y": 4}, {"X": 6, "Y": 4}, {"X": 6, "Y": 3}, {"X": 5, "Y": 3}, {"X": 4, "Y": 3}, {"X": 3, "Y": 3}, {"X": 2, "Y": 3}, {"X": 2, "Y": 2}, {"X": 2, "Y": 1}, {"X": 3, "Y": 1}, {"X": 2, "Y": 1}, {"X": 1, "Y": 1}, {"X": 1, "Y": 2}, {"X": 1, "Y": 3}, {"X": 1, "Y": 4}, {"X": 2, "Y": 4}, {"X": 3, "Y": 4}, {"X": 2, "Y": 4}, {"X": 2, "Y": 5}, {"X": 2, "Y": 6}, {"X": 2, "Y": 7}, {"X": 2, "Y": 8}, {"X": 2, "Y": 9}, {"X": 2, "Y": 10}, {"X": 2, "Y": 11}, {"X": 2, "Y": 12}, {"X": 2, "Y": 13}, {"X": 2, "Y": 14}, {"X": 3, "Y": 14}, {"X": 3, "Y": 13}, {"X": 4, "Y": 13}, {"X": 5, "Y": 13}, {"X": 6, "Y": 13}, {"X": 7, "Y": 13}, {"X": 8, "Y": 13}, {"X": 8, "Y": 14}, {"X": 7, "Y": 14}, {"X": 7, "Y": 15}, {"X": 7, "Y": 16}, {"X": 7, "Y": 17}, {"X": 7, "Y": 18}, {"X": 6, "Y": 18}, {"X": 6, "Y": 17}, {"X": 7, "Y": 17}, {"X": 8, "Y": 17}, {"X": 8, "Y": 16}, {"X": 7, "Y": 16}, {"X": 6, "Y": 16}, {"X": 7, "Y": 16}, {"X": 7, "Y": 15}, {"X": 7, "Y": 15}], "levelStates": ["Health: 10 X: 7 Y: 4\nXXXXXXXXXX\nXT TX m  X\nX   XXX  X\nX        X\nX   XX H X\nXX XXXX XX\nX TTXXPP X\nX   XX   X\nXeo    b X\nX   XX   X\nXX XXXX XX\nX   XX   X\nX   XX   X\nX      T X\nX   XX   X\nXX XXXX XX\nX   XX   X\nXb bXXT TX\nX M XXT TX\nXXXXXXXXXX\n", "Health: 10 X: 7 Y: 5\nXXXXXXXXXX\nXT TX  m X\nX   XXX  X\nX        X\nX   XX   X\nXX XXXXHXX\nX TTXXPP X\nX o XX b X\nXe       X\nX   XX   X\nXX XXXX XX\nX   XX   X\nX   XX   X\nX      T X\nX   XX   X\nXX XXXX XX\nX   XX   X\nXb bXXT TX\nX M XXT TX\nXXXXXXXXXX\n", "Health: 10 X: 7 Y: 4\nXXXXXXXXXX\nXT TX    X\nX   XXXm X\nX        X\nX   XX H X\nXX XXXX XX\nX oTXXPb X\nX   XX   X\nXe       X\nX   XX   X\nXX XXXX XX\nX   XX   X\nX   XX   X\nX      T X\nX   XX   X\nXX XXXX XX\nX   XX   X\nXb bXXT TX\nX M XXT TX\nXXXXXXXXXX\n", "Health: 10 X: 6 Y: 4\nXXXXXXXXXX\nXT TX    X\nX   XXX  X\nX      m X\nX   XXH  X\nXX XXXX XX\nX  oXXb  X\nX   XX   X\nXe       X\nX   XX   X\nXX XXXX XX\nX   XX   X\nX   XX   X\nX      T X\nX   XX   X\nXX XXXX XX\nX   XX   X\nXb bXXT TX\nX M XXT TX\nXXXXXXXXXX\n", "Health: 9 X: 6 Y: 3\nXXXXXXXXXX\nXT TX    X\nX   XXX  X\nX     Hm X\nX   XX   X\nXX XXXX XX\nX  oXXb  X\nX   XX   X\nXe       X\nX   XX   X\nXX XXXX XX\nX   XX   X\nX   XX   X\nX      T X\nX   XX   X\nXX XXXX XX\nX   XX   X\nXb bXXT TX\nX M XXT TX\nXXXXXXXXXX\n", "Health: 9 X: 5 Y: 3\nXXXXXXXXXX\nXT TX    X\nX   XXX  X\nX    H m X\nX   XX   X\nXX XXXX XX\nX  oXXb  X\nX   XX   X\nXe       X\nX   XX   X\nXX XXXX XX\nX   XX   X\nX   XX   X\nX      T X\nX   XX   X\nXX XXXX XX\nX   XX   X\nXb bXXT TX\nX M XXT TX\nXXXXXXXXXX\n", "Health: 9 X: 4 Y: 3\nXXXXXXXXXX\nXT TX    X\nX   XXX  X\nX   H  m X\nX   XX   X\nXX XXXX XX\nX  oXXb  X\nX   XX   X\nXe       X\nX   XX   X\nXX XXXX XX\nX   XX   X\nX   XX   X\nX      T X\nX   XX   X\nXX XXXX XX\nX   XX   X\nXb bXXT TX\nX M XXT TX\nXXXXXXXXXX\n", "Health: 9 X: 3 Y: 3\nXXXXXXXXXX\nXT TX    X\nX   XXX  X\nX  H   m X\nX   XX   X\nXX XXXX XX\nX  oXXb  X\nX   XX   X\nXe       X\nX   XX   X\nXX XXXX XX\nX   XX   X\nX   XX   X\nX      T X\nX   XX   X\nXX XXXX XX\nX   XX   X\nXb bXXT TX\nX M XXT TX\nXXXXXXXXXX\n", "Health: 9 X: 2 Y: 3\nXXXXXXXXXX\nXT TX    X\nX   XXX  X\nX H    m X\nX   XX   X\nXX XXXX XX\nX  oXXb  X\nX   XX   X\nXe       X\nX   XX   X\nXX XXXX XX\nX   XX   X\nX   XX   X\nX      T X\nX   XX   X\nXX XXXX XX\nX   XX   X\nXbMbXXT TX\nX   XXT TX\nXXXXXXXXXX\n", "Health: 9 X: 2 Y: 2\nXXXXXXXXXX\nXT TX    X\nX H XXX  X\nX      m X\nX   XX   X\nXX XXXX XX\nX  oXXb  X\nX   XX   X\nXe       X\nX   XX   X\nXX XXXX XX\nX   XX   X\nX   XX   X\nX      T X\nX   XX   X\nXX XXXX XX\nX M XX   X\nXb bXXT TX\nX   XXT TX\nXXXXXXXXXX\n", "Health: 9 X: 2 Y: 1\nXXXXXXXXXX\nXTHTX    X\nX   XXX  X\nX     m  X\nX   XX   X\nXX XXXX XX\nX  oXXb  X\nX   XX   X\nXe       X\nX   XX   X\nXX XXXX XX\nX   XX   X\nX   XX   X\nX      T X\nX   XX   X\nXXMXXXX XX\nX   XX   X\nXb bXXT TX\nX   XXT TX\nXXXXXXXXXX\n", "Health: 9 X: 3 Y: 1\nXXXXXXXXXX\nXT  X    X\nX   XXX  X\nX    m   X\nX   XX   X\nXX XXXX XX\nX  oXXb  X\nX   XX   X\nXe       X\nX   XX   X\nXX XXXX XX\nX   XX   X\nX   XX   X\nX      T X\nX   XX   X\nXXMXXXX XX\nX   XX   X\nXb bXXT TX\nX   XXT TX\nXXXXXXXXXX\n", "Health: 9 X: 2 Y: 1\nXXXXXXXXXX\nXTH X    X\nX   XXX  X\nX   m    X\nX   XX   X\nXX XXXX XX\nX  oXXb  X\nX   XX   X\nXe       X\nX   XX   X\nXX XXXX XX\nX   XX   X\nX   XX   X\nX      T X\nX M XX   X\nXX XXXX XX\nX   XX   X\nXb bXXT TX\nX   XXT TX\nXXXXXXXXXX\n", "Health: 9 X: 1 Y: 1\nXXXXXXXXXX\nX   X    X\nX   XXX  X\nX  m     X\nX   XX   X\nXX XXXX XX\nX  oXXb  X\nX   XX   X\nXe       X\nX   XX   X\nXX XXXX XX\nX   XX   X\nX   XX   X\nX      T X\nX M XX   X\nXX XXXX XX\nX   XX   X\nXb bXXT TX\nX   XXT TX\nXXXXXXXXXX\n", "Health: 9 X: 1 Y: 2\nXXXXXXXXXX\nX   X    X\nXH mXXX  X\nX        X\nX   XX   X\nXX XXXX XX\nX  oXXb  X\nX   XX   X\nXe       X\nX   XX   X\nXX XXXX XX\nX   XX   X\nX   XX   X\nX      T X\nX M XX   X\nXX XXXX XX\nX   XX   X\nXb bXXT TX\nX   XXT TX\nXXXXXXXXXX\n", "Health: 9 X: 1 Y: 3\nXXXXXXXXXX\nX   X    X\nX m XXX  X\nXH       X\nX   XX   X\nXX XXXX XX\nX  oXXb  X\nX   XX   X\nXe       X\nX   XX   X\nXX XXXX XX\nX   XX   X\nX   XX   X\nX      T X\nX M XX   X\nXX XXXX XX\nX   XX   X\nXb bXXT TX\nX   XXT TX\nXXXXXXXXXX\n", "Health: 9 X: 1 Y: 4\nXXXXXXXXXX\nX   X    X\nXm  XXX  X\nX        X\nXH  XX   X\nXX XXXX XX\nX  oXXb  X\nX   XX   X\nXe       X\nX   XX   X\nXX XXXX XX\nX   XX   X\nX   XX   X\nX      T X\nX M XX   X\nXX XXXX XX\nX   XX   X\nXb bXXT TX\nX   XXT TX\nXXXXXXXXXX\n", "Health: 9 X: 2 Y: 4\nXXXXXXXXXX\nX   X    X\nX m XXX  X\nX        X\nX H XX   X\nXX XXXX XX\nX  oXXb  X\nX   XX   X\nXe       X\nX   XX   X\nXX XXXX XX\nX   XX   X\nX   XX   X\nX M    T X\nX   XX   X\nXX XXXX XX\nX   XX   X\nXb bXXT TX\nX   XXT TX\nXXXXXXXXXX\n", "Health: 9 X: 3 Y: 4\nXXXXXXXXXX\nX   X    X\nX  mXXX  X\nX        X\nX  HXX   X\nXX XXXX XX\nX  oXXb  X\nX   XX   X\nXe       X\nX   XX   X\nXX XXXX XX\nX   XX   X\nX   XX   X\nX M    T X\nX   XX   X\nXX XXXX XX\nX   XX   X\nXb bXXT TX\nX   XXT TX\nXXXXXXXXXX\n", "Health: 9 X: 2 Y: 4\nXXXXXXXXXX\nX   X    X\nX m XXX  X\nX        X\nX H XX   X\nXX XXXX XX\nX  oXXb  X\nX   XX   X\nXe       X\nX   XX   X\nXX XXXX XX\nX   XX   X\nX M XX   X\nX      T X\nX   XX   X\nXX XXXX XX\nX   XX   X\nXb bXXT TX\nX   XXT TX\nXXXXXXXXXX\n", "Health: 9 X: 2 Y: 5\nXXXXXXXXXX\nX   X    X\nX   XXX  X\nX m      X\nX   XX   X\nXXHXXXX XX\nX  oXXb  X\nX   XX   X\nXe       X\nX   XX   X\nXX XXXX XX\nX M XX   X\nX   XX   X\nX      T X\nX   XX   X\nXX XXXX XX\nX   XX   X\nXb bXXT TX\nX   XXT TX\nXXXXXXXXXX\n", "Health: 7 X: 2 Y: 6\nXXXXXXXXXX\nX   X    X\nX   XXX  X\nX        X\nX m XX   X\nXX XXXX XX\nX  oXXb  X\nX   XX   X\nXe       X\nX   XX   X\nXXMXXXX XX\nX   XX   X\nX   XX   X\nX      T X\nX   XX   X\nXX XXXX XX\nX   XX   X\nXb bXXT TX\nX   XXT TX\nXXXXXXXXXX\n", "Health: 7 X: 2 Y: 7\nXXXXXXXXXX\nX   X    X\nX   XXX  X\nX        X\nX   XX   X\nXXmXXXX XX\nX o XXb  X\nX H XX   X\nXe       X\nX M XX   X\nXX XXXX XX\nX   XX   X\nX   XX   X\nX      T X\nX   XX   X\nXX XXXX XX\nX   XX   X\nXb bXXT TX\nX   XXT TX\nXXXXXXXXXX\n", "Health: 6 X: 2 Y: 8\nXXXXXXXXXX\nX   X    X\nX   XXX  X\nX        X\nX   XX   X\nXX XXXX XX\nX \u221e XXb  X\nX   XX   X\nXeH      X\nX \u221e XX   X\nXX XXXX XX\nX   XX   X\nX   XX   X\nX      T X\nX   XX   X\nXX XXXX XX\nX   XX   X\nXb bXXT TX\nX   XXT TX\nXXXXXXXXXX\n", "Health: 6 X: 2 Y: 9\nXXXXXXXXXX\nX   X    X\nX   XXX  X\nX        X\nX   XX   X\nXX XXXX XX\nX \u221e XXb  X\nX   XX   X\nXe       X\nX \u221e XX   X\nXX XXXX XX\nX   XX   X\nX   XX   X\nX      T X\nX   XX   X\nXX XXXX XX\nX   XX   X\nXb bXXT TX\nX   XXT TX\nXXXXXXXXXX\n", "Health: 6 X: 2 Y: 10\nXXXXXXXXXX\nX   X    X\nX   XXX  X\nX        X\nX   XX   X\nXX XXXX XX\nX \u221e XXb  X\nX   XX   X\nXe       X\nX \u221e XX   X\nXXHXXXX XX\nX   XX   X\nX   XX   X\nX      T X\nX   XX   X\nXX XXXX XX\nX   XX   X\nXb bXXT TX\nX   XXT TX\nXXXXXXXXXX\n", "Health: 6 X: 2 Y: 11\nXXXXXXXXXX\nX   X    X\nX   XXX  X\nX        X\nX   XX   X\nXX XXXX XX\nX \u221e XXb  X\nX   XX   X\nXe       X\nX \u221e XX   X\nXX XXXX XX\nX H XX   X\nX   XX   X\nX      T X\nX   XX   X\nXX XXXX XX\nX   XX   X\nXb bXXT TX\nX   XXT TX\nXXXXXXXXXX\n", "Health: 6 X: 2 Y: 12\nXXXXXXXXXX\nX   X    X\nX   XXX  X\nX        X\nX   XX   X\nXX XXXX XX\nX \u221e XXb  X\nX   XX   X\nXe       X\nX \u221e XX   X\nXX XXXX XX\nX   XX   X\nX H XX   X\nX      T X\nX   XX   X\nXX XXXX XX\nX   XX   X\nXb bXXT TX\nX   XXT TX\nXXXXXXXXXX\n", "Health: 6 X: 2 Y: 13\nXXXXXXXXXX\nX   X    X\nX   XXX  X\nX        X\nX   XX   X\nXX XXXX XX\nX \u221e XXb  X\nX   XX   X\nXe       X\nX \u221e XX   X\nXX XXXX XX\nX   XX   X\nX   XX   X\nX H    T X\nX   XX   X\nXX XXXX XX\nX   XX   X\nXb bXXT TX\nX   XXT TX\nXXXXXXXXXX\n", "Health: 6 X: 2 Y: 14\nXXXXXXXXXX\nX   X    X\nX   XXX  X\nX        X\nX   XX   X\nXX XXXX XX\nX \u221e XXb  X\nX m XX   X\nXe       X\nX \u221e XX   X\nXX XXXX XX\nX   XX   X\nX   XX   X\nX      T X\nX H XX   X\nXX XXXX XX\nX   XX   X\nXb bXXT TX\nX   XXT TX\nXXXXXXXXXX\n", "Health: 6 X: 3 Y: 14\nXXXXXXXXXX\nX   X    X\nX   XXX  X\nX        X\nX   XX   X\nXX XXXX XX\nX \u221e XXb  X\nX   XX   X\nXem      X\nX \u221e XX   X\nXX XXXX XX\nX   XX   X\nX   XX   X\nX      T X\nX  HXX   X\nXX XXXX XX\nX   XX   X\nXb bXXT TX\nX   XXT TX\nXXXXXXXXXX\n", "Health: 6 X: 3 Y: 13\nXXXXXXXXXX\nX   X    X\nX   XXX  X\nX        X\nX   XX   X\nXX XXXX XX\nX \u221e XXb  X\nX   XX   X\nXe       X\nX \u221e XX   X\nXX XXXX XX\nX   XX   X\nX   XX   X\nX  H   T X\nX   XX   X\nXX XXXX XX\nXb  XX   X\nX  bXXT TX\nX   XXT TX\nXXXXXXXXXX\n", "Health: 6 X: 4 Y: 13\nXXXXXXXXXX\nX   X    X\nX   XXX  X\nX        X\nX   XX   X\nXX XXXX XX\nX \u221e XXb  X\nX   XX   X\nXe       X\nX \u221e XX   X\nXXmXXXX XX\nX   XX   X\nX   XX   X\nX   H  T X\nX   XX   X\nXX XXXX XX\nXb  XX   X\nX  bXXT TX\nX   XXT TX\nXXXXXXXXXX\n", "Health: 6 X: 5 Y: 13\nXXXXXXXXXX\nX   X    X\nX   XXX  X\nX        X\nX   XX   X\nXX XXXX XX\nX \u221e XXb  X\nX   XX   X\nXe       X\nX \u221e XX   X\nXX XXXX XX\nX m XX   X\nX   XX   X\nX    H T X\nX   XX   X\nXX XXXX XX\nXb  XX   X\nX  bXXT TX\nX   XXT TX\nXXXXXXXXXX\n", "Health: 6 X: 6 Y: 13\nXXXXXXXXXX\nX   X    X\nX   XXX  X\nX        X\nX   XX   X\nXX XXXX XX\nX \u221e XXb  X\nX   XX   X\nXe       X\nX \u221e XX   X\nXX XXXX XX\nX  mXX   X\nX   XX   X\nX     HT X\nX   XX   X\nXX XXXX XX\nXb  XX   X\nX  bXXT TX\nX   XXT TX\nXXXXXXXXXX\n", "Health: 6 X: 7 Y: 13\nXXXXXXXXXX\nX   X    X\nX   XXX  X\nX        X\nX   XX   X\nXX XXXX XX\nX \u221e XXb  X\nX   XX   X\nXe       X\nX \u221e XX   X\nXX XXXX XX\nX   XX   X\nX  mXX   X\nX        X\nX   XX   X\nXX XXXX XX\nXb  XX   X\nX  bXXT TX\nX   XXT TX\nXXXXXXXXXX\n", "Health: 6 X: 8 Y: 13\nXXXXXXXXXX\nX   X    X\nX   XXX  X\nX        X\nX   XX   X\nXX XXXX XX\nX \u221e XX b X\nX   XX   X\nXe       X\nX \u221e XX   X\nXX XXXX XX\nX   XX   X\nX   XX   X\nX  m    HX\nX   XX   X\nXX XXXX XX\nXb  XX   X\nX  bXXT TX\nX   XXT TX\nXXXXXXXXXX\n", "Health: 6 X: 8 Y: 14\nXXXXXXXXXX\nX   X    X\nX   XXX  X\nX        X\nX   XX   X\nXX XXXX XX\nX \u221e XX b X\nX   XX   X\nXe       X\nX \u221e XX   X\nXX XXXX XX\nX   XX   X\nX   XX   X\nX   m    X\nX   XX  HX\nXX XXXX XX\nXb  XX   X\nX  bXXT TX\nX   XXT TX\nXXXXXXXXXX\n", "Health: 6 X: 7 Y: 14\nXXXXXXXXXX\nX   X    X\nX   XXX  X\nX        X\nX   XX   X\nXX XXXX XX\nX \u221e XX   X\nX   XX b X\nXe       X\nX \u221e XX   X\nXX XXXX XX\nX   XX   X\nX   XX   X\nX    m   X\nX   XX H X\nXX XXXX XX\nXb  XX   X\nX  bXXT TX\nX   XXT TX\nXXXXXXXXXX\n", "Health: 6 X: 7 Y: 15\nXXXXXXXXXX\nX   X    X\nX   XXX  X\nX        X\nX   XX   X\nXX XXXX XX\nX \u221e XX   X\nX   XX   X\nXe     b X\nX \u221e XX   X\nXX XXXX XX\nX   XX   X\nX   XX   X\nX     m  X\nX   XX   X\nXX XXXXHXX\nXb  XX   X\nX  bXXT TX\nX   XXT TX\nXXXXXXXXXX\n", "Health: 6 X: 7 Y: 16\nXXXXXXXXXX\nX   X    X\nX   XXX  X\nX        X\nX   XX   X\nXX XXXX XX\nX \u221e XX   X\nX   XX   X\nXe       X\nX \u221e XX b X\nXX XXXX XX\nX   XX   X\nX   XX   X\nX        X\nX   XX   X\nXX XXXX XX\nXb  XX H X\nX  bXXT TX\nX   XXT TX\nXXXXXXXXXX\n", "Health: 6 X: 7 Y: 17\nXXXXXXXXXX\nX   X    X\nX   XXX  X\nX        X\nX   XX   X\nXX XXXX XX\nX \u221e XX   X\nX   XX   X\nXe       X\nX \u221e XX   X\nXX XXXXbXX\nX   XX   X\nX   XX   X\nX        X\nX   XX m X\nXX XXXX XX\nXb  XX   X\nX  bXXTHTX\nX   XXT TX\nXXXXXXXXXX\n", "Health: 6 X: 7 Y: 18\nXXXXXXXXXX\nX   X    X\nX   XXX  X\nX        X\nX   XX   X\nXX XXXX XX\nX \u221e XX   X\nX   XX   X\nXe       X\nX \u221e XX   X\nXX XXXX XX\nX   XX b X\nX   XX   X\nX        X\nX   XX   X\nXX XXXXmXX\nXb  XX   X\nX  bXXT TX\nX   XXTHTX\nXXXXXXXXXX\n", "Health: 6 X: 6 Y: 18\nXXXXXXXXXX\nX   X    X\nX   XXX  X\nX        X\nX   XX   X\nXX XXXX XX\nX \u221e XX   X\nX   XX   X\nXe       X\nX \u221e XX   X\nXX XXXX XX\nX   XX b X\nX   XX   X\nX        X\nX   XX   X\nXX XXXX XX\nXb  XX m X\nX  bXXT TX\nX   XX  TX\nXXXXXXXXXX\n", "Health: 6 X: 6 Y: 17\nXXXXXXXXXX\nX   X    X\nX   XXX  X\nX        X\nX   XX   X\nXX XXXX XX\nX \u221e XX   X\nX   XX   X\nXe       X\nX \u221e XX   X\nXX XXXX XX\nX   XX b X\nX   XX   X\nX        X\nX   XX   X\nXX XXXX XX\nXb  XXm  X\nX  bXX  TX\nX   XX  TX\nXXXXXXXXXX\n", "Health: 6 X: 7 Y: 17\nXXXXXXXXXX\nX   X    X\nX   XXX  X\nX        X\nX   XX   X\nXX XXXX XX\nX \u221e XX   X\nX   XX   X\nXe       X\nX \u221e XX   X\nXX XXXX XX\nX   XX   X\nX   XX b X\nX        X\nX   XX   X\nXX XXXX XX\nXb  XX m X\nX  bXX HTX\nX   XX  TX\nXXXXXXXXXX\n", "Health: 6 X: 8 Y: 17\nXXXXXXXXXX\nX   X    X\nX   XXX  X\nX        X\nX   XX   X\nXX XXXX XX\nX \u221e XX   X\nX   XX   X\nXe       X\nX \u221e XX   X\nXX XXXX XX\nX   XX   X\nX   XX b X\nX        X\nX   XX   X\nXX XXXX XX\nXb  XX  mX\nX  bXX   X\nX   XX  TX\nXXXXXXXXXX\n", "Health: 5 X: 8 Y: 16\nXXXXXXXXXX\nX   X    X\nX   XXX  X\nX        X\nX   XX   X\nXX XXXX XX\nX \u221e XX   X\nX   XX   X\nXe       X\nX \u221e XX   X\nXX XXXX XX\nX   XX   X\nX   XX b X\nX        X\nX   XX   X\nXX XXXX XX\nXb  XX  mX\nX  bXX   X\nX   XX  TX\nXXXXXXXXXX\n", "Health: 5 X: 7 Y: 16\nXXXXXXXXXX\nX   X    X\nX   XXX  X\nX        X\nX   XX   X\nXX XXXX XX\nX \u221e XX   X\nX   XX   X\nXe       X\nX \u221e XX   X\nXX XXXX XX\nX   XX   X\nX   XX   X\nX        X\nX   XX   X\nXX XXXX XX\nXb  XX HmX\nX  bXX   X\nX   XX  TX\nXXXXXXXXXX\n", "Health: 5 X: 6 Y: 16\nXXXXXXXXXX\nX   X    X\nX   XXX  X\nX        X\nX   XX   X\nXX XXXX XX\nX \u221e XX   X\nX   XX   X\nXe       X\nX \u221e XX   X\nXX XXXX XX\nX   XX   X\nX   XX   X\nX        X\nX   XX   X\nXX XXXX XX\nXb  XXH mX\nX  bXX   X\nX   XX  TX\nXXXXXXXXXX\n", "Health: 5 X: 7 Y: 16\nXXXXXXXXXX\nX   X    X\nX   XXX  X\nX        X\nX   XX   X\nXX XXXX XX\nX \u221e XX   X\nX   XX   X\nXe       X\nX \u221e XX   X\nXX XXXX XX\nX   XX   X\nX   XX   X\nX        X\nX   XX b X\nXX XXXX XX\nXb  XX HmX\nX  bXX   X\nX   XX  TX\nXXXXXXXXXX\n", "Health: 2 X: 7 Y: 15\nXXXXXXXXXX\nX   X    X\nX   XXX  X\nX        X\nX   XX   X\nXX XXXX XX\nX \u221e XX   X\nX   XX   X\nXe       X\nX \u221e XX   X\nXX XXXX XX\nX   XX   X\nX   XX   X\nX        X\nX   XX b X\nXX XXXXHXX\nXb  XX  mX\nX  bXX   X\nX   XX  TX\nXXXXXXXXXX\n", "Health: 0 X: 7 Y: 15\nXXXXXXXXXX\nX   X    X\nX   XXX  X\nX        X\nX   XX   X\nXX XXXX XX\nX \u221e XX   X\nX   XX   X\nXe       X\nX \u221e XX   X\nXX XXXX XX\nX   XX   X\nX   XX   X\nX        X\nX   XX   X\nXX XXXX\u221eXX\nXb  XX m X\nX  bXX   X\nX   XX  TX\nXXXXXXXXXX\n"], "map_number": 202}, {"mechanics": [{"timestep": 3, "mechanic": "OgreTreasure"}, {"timestep": 5, "mechanic": "CollectTreasure"}, {"timestep": 8, "mechanic": "BlobHit"}, {"timestep": 10, "mechanic": "GoblinMeleeHit"}, {"timestep": 11, "mechanic": "GoblinRangedHit"}, {"timestep": 12, "mechanic": "CollectPotion"}, {"timestep": 12, "mechanic": "GoblinRangedHit"}, {"timestep": 13, "mechanic": "GoblinRangedHit"}, {"timestep": 18, "mechanic": "MinitaurHit"}, {"timestep": 19, "mechanic": "MinitaurHit"}, {"timestep": 32, "mechanic": "CollectTreasure"}, {"timestep": 36, "mechanic": "OgreHit"}, {"timestep": 40, "mechanic": "OgreHit"}, {"timestep": 40, "mechanic": "MinitaurHit"}, {"timestep": 41, "mechanic": "MinitaurHit"}, {"timestep": 48, "mechanic": "MinitaurHit"}, {"timestep": 60, "mechanic": "MinitaurHit"}, {"timestep": 60, "mechanic": "Die"}], "frequencies": {"OgreTreasure": 1, "CollectTreasure": 2, "BlobHit": 1, "GoblinMeleeHit": 1, "GoblinRangedHit": 3, "CollectPotion": 1, "MinitaurHit": 6, "OgreHit": 2, "Die": 1}, "levelReport": {"utilityGained": 0.0, "exitUtility": 0.0, "runnerUtility": -5.086190476190476, "loitererUtility": 56.0, "completionistUtility": -4.32952380952381, "monsterKillerUtility": -4.142857142857143, "treasureCollectorUtility": -4.702857142857143, "turnsTaken": 61, "health": 0, "healthLost": 12, "alive": false, "javelinsThrown": 0, "monsterKills": 4, "minitaurKnockouts": 4, "treasuresCollected": 2, "potionsTaken": 1, "totalMonsters": 5, "totalTreasures": 10, "totalPotions": 1, "timeTaken": 0.0}, "positions": [{"X": 5, "Y": 2}, {"X": 5, "Y": 3}, {"X": 5, "Y": 4}, {"X": 5, "Y": 3}, {"X": 4, "Y": 3}, {"X": 3, "Y": 3}, {"X": 2, "Y": 3}, {"X": 2, "Y": 4}, {"X": 2, "Y": 5}, {"X": 2, "Y": 6}, {"X": 2, "Y": 7}, {"X": 2, "Y": 8}, {"X": 2, "Y": 9}, {"X": 2, "Y": 10}, {"X": 2, "Y": 11}, {"X": 2, "Y": 12}, {"X": 2, "Y": 13}, {"X": 2, "Y": 14}, {"X": 2, "Y": 13}, {"X": 2, "Y": 12}, {"X": 2, "Y": 11}, {"X": 2, "Y": 10}, {"X": 2, "Y": 9}, {"X": 2, "Y": 8}, {"X": 2, "Y": 7}, {"X": 2, "Y": 6}, {"X": 2, "Y": 5}, {"X": 2, "Y": 4}, {"X": 2, "Y": 3}, {"X": 3, "Y": 3}, {"X": 4, "Y": 3}, {"X": 5, "Y": 3}, {"X": 6, "Y": 3}, {"X": 7, "Y": 3}, {"X": 8, "Y": 3}, {"X": 8, "Y": 4}, {"X": 8, "Y": 5}, {"X": 8, "Y": 6}, {"X": 7, "Y": 6}, {"X": 8, "Y": 6}, {"X": 8, "Y": 5}, {"X": 8, "Y": 4}, {"X": 8, "Y": 3}, {"X": 7, "Y": 3}, {"X": 6, "Y": 3}, {"X": 5, "Y": 3}, {"X": 4, "Y": 3}, {"X": 5, "Y": 3}, {"X": 6, "Y": 3}, {"X": 5, "Y": 3}, {"X": 4, "Y": 3}, {"X": 5, "Y": 3}, {"X": 5, "Y": 4}, {"X": 5, "Y": 5}, {"X": 5, "Y": 6}, {"X": 5, "Y": 7}, {"X": 5, "Y": 8}, {"X": 5, "Y": 9}, {"X": 5, "Y": 10}, {"X": 5, "Y": 9}, {"X": 5, "Y": 8}], "levelStates": ["Health: 10 X: 5 Y: 2\nXXXXXXXXXX\nX m   tTTX\nXXXXXHXXXX\nXX T  T  X\nXX XX XX X\nX   X X oX\nX   X X  X\nX  bX XT X\nXX XX XXTX\nX P X X  X\nXX XX XTXX\nX  TX X TX\nX M X X TX\nX   X X  X\nXX XX XTXX\nX R X X  X\nX   X XXTX\nX XXX X  X\nX    e   X\nXXXXXXXXXX\n", "Health: 10 X: 5 Y: 3\nXXXXXXXXXX\nX  m  tTTX\nXXXXX XXXX\nXX T HT  X\nXX XX XX X\nX   X Xo X\nX   X X  X\nX  bX XT X\nXX XX XXTX\nX P X X  X\nXX XX XTXX\nX  TX X TX\nX M X X TX\nX   X X  X\nXX XX XTXX\nX R X X  X\nX   X XXTX\nX XXX X  X\nX    e   X\nXXXXXXXXXX\n", "Health: 10 X: 5 Y: 4\nXXXXXXXXXX\nX   m tTTX\nXXXXX XXXX\nXX T  T  X\nXX XXHXX X\nX   X X  X\nX   X Xo X\nX  bX XT X\nXX XX XXTX\nX P X X  X\nXX XX XTXX\nX  TX X TX\nX M X X TX\nX   X X  X\nXX XX XTXX\nX R X X  X\nX   X XXTX\nX XXX X  X\nX    e   X\nXXXXXXXXXX\n", "Health: 10 X: 5 Y: 3\nXXXXXXXXXX\nX    mtTTX\nXXXXX XXXX\nXX T HT  X\nXX XX XX X\nX   X X  X\nX   X X  X\nX  bX X  X\nXX XX XXTX\nX P X X  X\nXX XX XTXX\nX  TX X TX\nX M X X TX\nX   X X  X\nXX XX XTXX\nX R X X  X\nX   X XXTX\nX XXX X  X\nX    e   X\nXXXXXXXXXX\n", "Health: 10 X: 4 Y: 3\nXXXXXXXXXX\nX     tTTX\nXXXXXmXXXX\nXX TH T  X\nXX XX XX X\nX   X X  X\nX   X X  X\nX  bX X  X\nXX XX XXTX\nX P X X  X\nXX XX XTXX\nX  TX X TX\nX M X X TX\nX   X X  X\nXX XX XTXX\nX R X X  X\nX   X XXTX\nX XXX X  X\nX    e   X\nXXXXXXXXXX\n", "Health: 10 X: 3 Y: 3\nXXXXXXXXXX\nX     tTTX\nXXXXX XXXX\nXX   mT  X\nXX XX XX X\nX   X X  X\nX   X X  X\nX  bX X  X\nXX XX XXTX\nX P X X  X\nXX XX XTXX\nX  TX X TX\nX M X X TX\nX   X X  X\nXX XX XTXX\nX R X X  X\nX   X XXTX\nX XXX X  X\nX    e   X\nXXXXXXXXXX\n", "Health: 10 X: 2 Y: 3\nXXXXXXXXXX\nX     tTTX\nXXXXX XXXX\nXXH m T  X\nXX XX XX X\nX   X X  X\nX  bX X  X\nX   X X  X\nXX XX XXTX\nX P X X  X\nXX XX XTXX\nX MTX X TX\nX   X X TX\nX   X X  X\nXXRXX XTXX\nX   X X  X\nX   X XXTX\nX XXX X  X\nX    e   X\nXXXXXXXXXX\n", "Health: 10 X: 2 Y: 4\nXXXXXXXXXX\nX     tTTX\nXXXXX XXXX\nXX    T  X\nXXHXX XX X\nX  bX X  X\nX   X X  X\nX   X X  X\nXX XX XXTX\nX P X X  X\nXXMXX XTXX\nX  TX X TX\nX   X X TX\nX R X X  X\nXX XX XTXX\nX   X X  X\nX   X XXTX\nX XXX X  X\nX    e   X\nXXXXXXXXXX\n", "Health: 9 X: 2 Y: 5\nXXXXXXXXXX\nX     tTTX\nXXXXX XXXX\nXXm   T  X\nXX XX XX X\nX H\u221eX X  X\nX   X X  X\nX   X X  X\nXX XX XXTX\nX M X X  X\nXX XX XTXX\nX  TX X TX\nX R X X TX\nX   X X  X\nXX XX XTXX\nX   X X  X\nX   X XXTX\nX XXX X  X\nX    e   X\nXXXXXXXXXX\n", "Health: 9 X: 2 Y: 6\nXXXXXXXXXX\nX     tTTX\nXXXXX XXXX\nXX    T  X\nXXmXX XX X\nX  \u221eX X  X\nX H X X  X\nX   X X  X\nXXMXX XXTX\nX P X X  X\nXX XX XTXX\nX RTX X TX\nX   X X TX\nX   X X  X\nXX XX XTXX\nX   X X  X\nX   X XXTX\nX XXX X  X\nX    e   X\nXXXXXXXXXX\n", "Health: 8 X: 2 Y: 7\nXXXXXXXXXX\nX     tTTX\nXXXXX XXXX\nXX    T  X\nXX XX XX X\nX m\u221eX X  X\nX   X X  X\nX H X X  X\nXX\u221eXX XXTX\nX P X X  X\nXXRXX XTXX\nX  TX X TX\nX   X X TX\nX   X X  X\nXX XX XTXX\nX   X X  X\nX   X XXTX\nX XXX X  X\nX    e   X\nXXXXXXXXXX\n", "Health: 7 X: 2 Y: 8\nXXXXXXXXXX\nX     tTTX\nXXXXX XXXX\nXX    T  X\nXX XX XX X\nX  \u221eX X  X\nX m X X  X\nX   X X  X\nXX\u221eXX XXTX\nX P X X  X\nXXRXX XTXX\nX  TX X TX\nX   X X TX\nX   X X  X\nXX XX XTXX\nX   X X  X\nX   X XXTX\nX XXX X  X\nX    e   X\nXXXXXXXXXX\n", "Health: 8 X: 2 Y: 9\nXXXXXXXXXX\nX     tTTX\nXXXXX XXXX\nXX    T  X\nXX XX XX X\nX  \u221eX X  X\nX   X X  X\nX m X X  X\nXX\u221eXX XXTX\nX   X X  X\nXXRXX XTXX\nX  TX X TX\nX   X X TX\nX   X X  X\nXX XX XTXX\nX   X X  X\nX   X XXTX\nX XXX X  X\nX    e   X\nXXXXXXXXXX\n", "Health: 8 X: 2 Y: 10\nXXXXXXXXXX\nX     tTTX\nXXXXX XXXX\nXX    T  X\nXX XX XX X\nX  \u221eX X  X\nX   X X  X\nX   X X  X\nXX\u221eXX XXTX\nX   X X  X\nXX\u221eXX XTXX\nX  TX X TX\nX   X X TX\nX   X X  X\nXX XX XTXX\nX   X X  X\nX   X XXTX\nX XXX X  X\nX    e   X\nXXXXXXXXXX\n", "Health: 8 X: 2 Y: 11\nXXXXXXXXXX\nX     tTTX\nXXXXX XXXX\nXX    T  X\nXX XX XX X\nX  \u221eX X  X\nX   X X  X\nX   X X  X\nXX\u221eXX XXTX\nX   X X  X\nXX\u221eXX XTXX\nX HTX X TX\nX   X X TX\nX   X X  X\nXX XX XTXX\nX   X X  X\nX   X XXTX\nX XXX X  X\nX    e   X\nXXXXXXXXXX\n", "Health: 8 X: 2 Y: 12\nXXXXXXXXXX\nX     tTTX\nXXXXX XXXX\nXX    T  X\nXX XX XX X\nX  \u221eX X  X\nX   X X  X\nX   X X  X\nXX\u221eXX XXTX\nX   X X  X\nXX\u221eXX XTXX\nX  TX X TX\nX H X X TX\nX   X X  X\nXX XX XTXX\nX   X X  X\nX   X XXTX\nX XXX X  X\nX    e   X\nXXXXXXXXXX\n", "Health: 8 X: 2 Y: 13\nXXXXXXXXXX\nX     tTTX\nXXXXX XXXX\nXX    T  X\nXX XX XX X\nX  \u221eX X  X\nX   X X  X\nX   X X  X\nXX\u221eXX XXTX\nX   X X  X\nXX\u221eXX XTXX\nX mTX X TX\nX   X X TX\nX H X X  X\nXX XX XTXX\nX   X X  X\nX   X XXTX\nX XXX X  X\nX    e   X\nXXXXXXXXXX\n", "Health: 8 X: 2 Y: 14\nXXXXXXXXXX\nX     tTTX\nXXXXX XXXX\nXX    T  X\nXX XX XX X\nX  \u221eX X  X\nX   X X  X\nX   X X  X\nXX\u221eXX XXTX\nX   X X  X\nXX\u221eXX XTXX\nX  TX X TX\nX m X X TX\nX   X X  X\nXXHXX XTXX\nX   X X  X\nX   X XXTX\nX XXX X  X\nX    e   X\nXXXXXXXXXX\n", "Health: 7 X: 2 Y: 13\nXXXXXXXXXX\nX     tTTX\nXXXXX XXXX\nXX    T  X\nXX XX XX X\nX  \u221eX X  X\nX   X X  X\nX   X X  X\nXX\u221eXX XXTX\nX   X X  X\nXX\u221eXX XTXX\nX  TX X TX\nX m X X TX\nX H X X  X\nXX XX XTXX\nX   X X  X\nX   X XXTX\nX XXX X  X\nX    e   X\nXXXXXXXXXX\n", "Health: 7 X: 2 Y: 12\nXXXXXXXXXX\nX     tTTX\nXXXXX XXXX\nXX    T  X\nXX XX XX X\nX  \u221eX X  X\nX   X X  X\nX   X X  X\nXX\u221eXX XXTX\nX   X X  X\nXX\u221eXX XTXX\nX  TX X TX\nX m X X TX\nX   X X  X\nXX XX XTXX\nX   X X  X\nX   X XXTX\nX XXX X  X\nX    e   X\nXXXXXXXXXX\n", "Health: 7 X: 2 Y: 11\nXXXXXXXXXX\nX     tTTX\nXXXXX XXXX\nXX    T  X\nXX XX XX X\nX  \u221eX X  X\nX   X X  X\nX   X X  X\nXX\u221eXX XXTX\nX   X X  X\nXX\u221eXX XTXX\nX HTX X TX\nX m X X TX\nX   X X  X\nXX XX XTXX\nX   X X  X\nX   X XXTX\nX XXX X  X\nX    e   X\nXXXXXXXXXX\n", "Health: 7 X: 2 Y: 10\nXXXXXXXXXX\nX     tTTX\nXXXXX XXXX\nXX    T  X\nXX XX XX X\nX  \u221eX X  X\nX   X X  X\nX   X X  X\nXX\u221eXX XXTX\nX   X X  X\nXX\u221eXX XTXX\nX  TX X TX\nX m X X TX\nX   X X  X\nXX XX XTXX\nX   X X  X\nX   X XXTX\nX XXX X  X\nX    e   X\nXXXXXXXXXX\n", "Health: 7 X: 2 Y: 9\nXXXXXXXXXX\nX     tTTX\nXXXXX XXXX\nXX    T  X\nXX XX XX X\nX  \u221eX X  X\nX   X X  X\nX   X X  X\nXX\u221eXX XXTX\nX   X X  X\nXX\u221eXX XTXX\nX  TX X TX\nX m X X TX\nX   X X  X\nXX XX XTXX\nX   X X  X\nX   X XXTX\nX XXX X  X\nX    e   X\nXXXXXXXXXX\n", "Health: 7 X: 2 Y: 8\nXXXXXXXXXX\nX     tTTX\nXXXXX XXXX\nXX    T  X\nXX XX XX X\nX  \u221eX X  X\nX   X X  X\nX   X X  X\nXX\u221eXX XXTX\nX   X X  X\nXX\u221eXX XTXX\nX  TX X TX\nX m X X TX\nX   X X  X\nXX XX XTXX\nX   X X  X\nX   X XXTX\nX XXX X  X\nX    e   X\nXXXXXXXXXX\n", "Health: 7 X: 2 Y: 7\nXXXXXXXXXX\nX     tTTX\nXXXXX XXXX\nXX    T  X\nXX XX XX X\nX  \u221eX X  X\nX   X X  X\nX H X X  X\nXX\u221eXX XXTX\nX   X X  X\nXX\u221eXX XTXX\nX mTX X TX\nX   X X TX\nX   X X  X\nXX XX XTXX\nX   X X  X\nX   X XXTX\nX XXX X  X\nX    e   X\nXXXXXXXXXX\n", "Health: 7 X: 2 Y: 6\nXXXXXXXXXX\nX     tTTX\nXXXXX XXXX\nXX    T  X\nXX XX XX X\nX  \u221eX X  X\nX H X X  X\nX   X X  X\nXX\u221eXX XXTX\nX   X X  X\nXX\u221eXX XTXX\nX  TX X TX\nX   X X TX\nX   X X  X\nXX XX XTXX\nX   X X  X\nX   X XXTX\nX XXX X  X\nX    e   X\nXXXXXXXXXX\n", "Health: 7 X: 2 Y: 5\nXXXXXXXXXX\nX     tTTX\nXXXXX XXXX\nXX    T  X\nXX XX XX X\nX H\u221eX X  X\nX   X X  X\nX   X X  X\nXX\u221eXX XXTX\nX   X X  X\nXX\u221eXX XTXX\nX  TX X TX\nX   X X TX\nX   X X  X\nXX XX XTXX\nX   X X  X\nX   X XXTX\nX XXX X  X\nX    e   X\nXXXXXXXXXX\n", "Health: 7 X: 2 Y: 4\nXXXXXXXXXX\nX     tTTX\nXXXXX XXXX\nXX    T  X\nXXHXX XX X\nX  \u221eX X  X\nX   X X  X\nX   X X  X\nXX\u221eXX XXTX\nX   X X  X\nXX\u221eXX XTXX\nX  TX X TX\nX   X X TX\nX   X X  X\nXX XX XTXX\nX   X X  X\nX   X XXTX\nX XXX X  X\nX    e   X\nXXXXXXXXXX\n", "Health: 7 X: 2 Y: 3\nXXXXXXXXXX\nX     tTTX\nXXXXX XXXX\nXXH   T  X\nXX XX XX X\nX  \u221eX X  X\nX   X X  X\nX m X X  X\nXX\u221eXX XXTX\nX   X X  X\nXX\u221eXX XTXX\nX  TX X TX\nX   X X TX\nX   X X  X\nXX XX XTXX\nX   X X  X\nX   X XXTX\nX XXX X  X\nX    e   X\nXXXXXXXXXX\n", "Health: 7 X: 3 Y: 3\nXXXXXXXXXX\nX     tTTX\nXXXXX XXXX\nXX    T  X\nXX XX XX X\nX  \u221eX X  X\nX m X X  X\nX   X X  X\nXX\u221eXX XXTX\nX   X X  X\nXX\u221eXX XTXX\nX  TX X TX\nX   X X TX\nX   X X  X\nXX XX XTXX\nX   X X  X\nX   X XXTX\nX XXX X  X\nX    e   X\nXXXXXXXXXX\n", "Health: 7 X: 4 Y: 3\nXXXXXXXXXX\nX     tTTX\nXXXXX XXXX\nXX  H T  X\nXX XX XX X\nX m\u221eX X  X\nX   X X  X\nX   X X  X\nXX\u221eXX XXTX\nX   X X  X\nXX\u221eXX XTXX\nX  TX X TX\nX   X X TX\nX   X X  X\nXX XX XTXX\nX   X X  X\nX   X XXTX\nX XXX X  X\nX    e   X\nXXXXXXXXXX\n", "Health: 7 X: 5 Y: 3\nXXXXXXXXXX\nX     tTTX\nXXXXX XXXX\nXX   HT  X\nXXmXX XX X\nX  \u221eX X  X\nX   X X  X\nX   X X  X\nXX\u221eXX XXTX\nX   X X  X\nXX\u221eXX XTXX\nX  TX X TX\nX   X X TX\nX   X X  X\nXX XX XTXX\nX   X X  X\nX   X XXTX\nX XXX X  X\nX    e   X\nXXXXXXXXXX\n", "Health: 7 X: 6 Y: 3\nXXXXXXXXXX\nX     tTTX\nXXXXX XXXX\nXXm      X\nXX XX XX X\nX  \u221eX X  X\nX   X X  X\nX   X X  X\nXX\u221eXX XXTX\nX   X X  X\nXX\u221eXX XTXX\nX  TX X TX\nX   X X TX\nX   X X  X\nXX XX XTXX\nX   X X  X\nX   X XXTX\nX XXX X  X\nX    e   X\nXXXXXXXXXX\n", "Health: 7 X: 7 Y: 3\nXXXXXXXXXX\nX     tTTX\nXXXXX XXXX\nXX     H X\nXX XX XX X\nX  \u221eX X  X\nX   X X  X\nX   X X  X\nXX\u221eXX XXTX\nX   X X  X\nXX\u221eXX XTXX\nX  TX X TX\nX   X X TX\nX   X X  X\nXX XX XTXX\nX   X X  X\nX   X XXTX\nX XXX X  X\nX    e   X\nXXXXXXXXXX\n", "Health: 7 X: 8 Y: 3\nXXXXXXXXXX\nX     tTTX\nXXXXX XXXX\nXX  m   HX\nXX XX XX X\nX  \u221eX X  X\nX   X Xo X\nX   X X  X\nXX\u221eXX XXTX\nX   X X  X\nXX\u221eXX XTXX\nX  TX X TX\nX   X X TX\nX   X X  X\nXX XX XTXX\nX   X X  X\nX   X XXTX\nX XXX X  X\nX    e   X\nXXXXXXXXXX\n", "Health: 7 X: 8 Y: 4\nXXXXXXXXXX\nX     tTTX\nXXXXX XXXX\nXX   m   X\nXX XX XXHX\nX  \u221eX Xo X\nX   X X  X\nX   X X  X\nXX\u221eXX XXTX\nX   X X  X\nXX\u221eXX XTXX\nX  TX X TX\nX   X X TX\nX   X X  X\nXX XX XTXX\nX   X X  X\nX   X XXTX\nX XXX X  X\nX    e   X\nXXXXXXXXXX\n", "Health: 5 X: 8 Y: 5\nXXXXXXXXXX\nX     tTTX\nXXXXX XXXX\nXX       X\nXX XX XX X\nX  \u221eX XoHX\nX   X X  X\nX   X X  X\nXX\u221eXX XXTX\nX   X X  X\nXX\u221eXX XTXX\nX  TX X TX\nX   X X TX\nX   X X  X\nXX XX XTXX\nX   X X  X\nX   X XXTX\nX XXX X  X\nX    e   X\nXXXXXXXXXX\n", "Health: 5 X: 8 Y: 6\nXXXXXXXXXX\nX     tTTX\nXXXXX XXXX\nXX     m X\nXX XX XX X\nX  \u221eX X oX\nX   X X HX\nX   X X  X\nXX\u221eXX XXTX\nX   X X  X\nXX\u221eXX XTXX\nX  TX X TX\nX   X X TX\nX   X X  X\nXX XX XTXX\nX   X X  X\nX   X XXTX\nX XXX X  X\nX    e   X\nXXXXXXXXXX\n", "Health: 5 X: 7 Y: 6\nXXXXXXXXXX\nX     tTTX\nXXXXX XXXX\nXX      mX\nXX XX XX X\nX  \u221eX Xo X\nX   X XH X\nX   X X  X\nXX\u221eXX XXTX\nX   X X  X\nXX\u221eXX XTXX\nX  TX X TX\nX   X X TX\nX   X X  X\nXX XX XTXX\nX   X X  X\nX   X XXTX\nX XXX X  X\nX    e   X\nXXXXXXXXXX\n", "Health: 5 X: 8 Y: 6\nXXXXXXXXXX\nX     tTTX\nXXXXX XXXX\nXX       X\nXX XX XXmX\nX  \u221eX X oX\nX   X X HX\nX   X X  X\nXX\u221eXX XXTX\nX   X X  X\nXX\u221eXX XTXX\nX  TX X TX\nX   X X TX\nX   X X  X\nXX XX XTXX\nX   X X  X\nX   X XXTX\nX XXX X  X\nX    e   X\nXXXXXXXXXX\n", "Health: 2 X: 8 Y: 5\nXXXXXXXXXX\nX     tTTX\nXXXXX XXXX\nXX       X\nXX XX XXmX\nX  \u221eX X \u221eX\nX   X X  X\nX   X X  X\nXX\u221eXX XXTX\nX   X X  X\nXX\u221eXX XTXX\nX  TX X TX\nX   X X TX\nX   X X  X\nXX XX XTXX\nX   X X  X\nX   X XXTX\nX XXX X  X\nX    e   X\nXXXXXXXXXX\n", "Health: 2 X: 8 Y: 4\nXXXXXXXXXX\nX     tTTX\nXXXXX XXXX\nXX       X\nXX XX XXmX\nX  \u221eX X \u221eX\nX   X X  X\nX   X X  X\nXX\u221eXX XXTX\nX   X X  X\nXX\u221eXX XTXX\nX  TX X TX\nX   X X TX\nX   X X  X\nXX XX XTXX\nX   X X  X\nX   X XXTX\nX XXX X  X\nX    e   X\nXXXXXXXXXX\n", "Health: 2 X: 8 Y: 3\nXXXXXXXXXX\nX     tTTX\nXXXXX XXXX\nXX      HX\nXX XX XXmX\nX  \u221eX X \u221eX\nX   X X  X\nX   X X  X\nXX\u221eXX XXTX\nX   X X  X\nXX\u221eXX XTXX\nX  TX X TX\nX   X X TX\nX   X X  X\nXX XX XTXX\nX   X X  X\nX   X XXTX\nX XXX X  X\nX    e   X\nXXXXXXXXXX\n", "Health: 2 X: 7 Y: 3\nXXXXXXXXXX\nX     tTTX\nXXXXX XXXX\nXX     H X\nXX XX XXmX\nX  \u221eX X \u221eX\nX   X X  X\nX   X X  X\nXX\u221eXX XXTX\nX   X X  X\nXX\u221eXX XTXX\nX  TX X TX\nX   X X TX\nX   X X  X\nXX XX XTXX\nX   X X  X\nX   X XXTX\nX XXX X  X\nX    e   X\nXXXXXXXXXX\n", "Health: 2 X: 6 Y: 3\nXXXXXXXXXX\nX     tTTX\nXXXXX XXXX\nXX       X\nXX XX XXmX\nX  \u221eX X \u221eX\nX   X X  X\nX   X X  X\nXX\u221eXX XXTX\nX   X X  X\nXX\u221eXX XTXX\nX  TX X TX\nX   X X TX\nX   X X  X\nXX XX XTXX\nX   X X  X\nX   X XXTX\nX XXX X  X\nX    e   X\nXXXXXXXXXX\n", "Health: 2 X: 5 Y: 3\nXXXXXXXXXX\nX     tTTX\nXXXXX XXXX\nXX   H   X\nXX XX XXmX\nX  \u221eX X \u221eX\nX   X X  X\nX   X X  X\nXX\u221eXX XXTX\nX   X X  X\nXX\u221eXX XTXX\nX  TX X TX\nX   X X TX\nX   X X  X\nXX XX XTXX\nX   X X  X\nX   X XXTX\nX XXX X  X\nX    e   X\nXXXXXXXXXX\n", "Health: 2 X: 4 Y: 3\nXXXXXXXXXX\nX     tTTX\nXXXXX XXXX\nXX  H   mX\nXX XX XX X\nX  \u221eX X \u221eX\nX   X X  X\nX   X X  X\nXX\u221eXX XXTX\nX   X X  X\nXX\u221eXX XTXX\nX  TX X TX\nX   X X TX\nX   X X  X\nXX XX XTXX\nX   X X  X\nX   X XXTX\nX XXX X  X\nX    e   X\nXXXXXXXXXX\n", "Health: 2 X: 5 Y: 3\nXXXXXXXXXX\nX     tTTX\nXXXXX XXXX\nXX   H m X\nXX XX XX X\nX  \u221eX X \u221eX\nX   X X  X\nX   X X  X\nXX\u221eXX XXTX\nX   X X  X\nXX\u221eXX XTXX\nX  TX X TX\nX   X X TX\nX   X X  X\nXX XX XTXX\nX   X X  X\nX   X XXTX\nX XXX X  X\nX    e   X\nXXXXXXXXXX\n", "Health: 1 X: 6 Y: 3\nXXXXXXXXXX\nX     tTTX\nXXXXX XXXX\nXX     m X\nXX XX XX X\nX  \u221eX X \u221eX\nX   X X  X\nX   X X  X\nXX\u221eXX XXTX\nX   X X  X\nXX\u221eXX XTXX\nX  TX X TX\nX   X X TX\nX   X X  X\nXX XX XTXX\nX   X X  X\nX   X XXTX\nX XXX X  X\nX    e   X\nXXXXXXXXXX\n", "Health: 1 X: 5 Y: 3\nXXXXXXXXXX\nX     tTTX\nXXXXX XXXX\nXX   H m X\nXX XX XX X\nX  \u221eX X \u221eX\nX   X X  X\nX   X X  X\nXX\u221eXX XXTX\nX   X X  X\nXX\u221eXX XTXX\nX  TX X TX\nX   X X TX\nX   X X  X\nXX XX XTXX\nX   X X  X\nX   X XXTX\nX XXX X  X\nX    e   X\nXXXXXXXXXX\n", "Health: 1 X: 4 Y: 3\nXXXXXXXXXX\nX     tTTX\nXXXXX XXXX\nXX  H  m X\nXX XX XX X\nX  \u221eX X \u221eX\nX   X X  X\nX   X X  X\nXX\u221eXX XXTX\nX   X X  X\nXX\u221eXX XTXX\nX  TX X TX\nX   X X TX\nX   X X  X\nXX XX XTXX\nX   X X  X\nX   X XXTX\nX XXX X  X\nX    e   X\nXXXXXXXXXX\n", "Health: 1 X: 5 Y: 3\nXXXXXXXXXX\nX     tTTX\nXXXXX XXXX\nXX   H m X\nXX XX XX X\nX  \u221eX X \u221eX\nX   X X  X\nX   X X  X\nXX\u221eXX XXTX\nX   X X  X\nXX\u221eXX XTXX\nX  TX X TX\nX   X X TX\nX   X X  X\nXX XX XTXX\nX   X X  X\nX   X XXTX\nX XXX X  X\nX    e   X\nXXXXXXXXXX\n", "Health: 1 X: 5 Y: 4\nXXXXXXXXXX\nX     tTTX\nXXXXX XXXX\nXX     m X\nXX XXHXX X\nX  \u221eX X \u221eX\nX   X X  X\nX   X X  X\nXX\u221eXX XXTX\nX   X X  X\nXX\u221eXX XTXX\nX  TX X TX\nX   X X TX\nX   X X  X\nXX XX XTXX\nX   X X  X\nX   X XXTX\nX XXX X  X\nX    e   X\nXXXXXXXXXX\n", "Health: 1 X: 5 Y: 5\nXXXXXXXXXX\nX     tTTX\nXXXXX XXXX\nXX     m X\nXX XX XX X\nX  \u221eXHX \u221eX\nX   X X  X\nX   X X  X\nXX\u221eXX XXTX\nX   X X  X\nXX\u221eXX XTXX\nX  TX X TX\nX   X X TX\nX   X X  X\nXX XX XTXX\nX   X X  X\nX   X XXTX\nX XXX X  X\nX    e   X\nXXXXXXXXXX\n", "Health: 1 X: 5 Y: 6\nXXXXXXXXXX\nX     tTTX\nXXXXX XXXX\nXX       X\nXX XX XX X\nX  \u221eX X \u221eX\nX   XHX  X\nX   X X  X\nXX\u221eXX XXTX\nX   X X  X\nXX\u221eXX XTXX\nX  TX X TX\nX   X X TX\nX   X X  X\nXX XX XTXX\nX   X X  X\nX   X XXTX\nX XXX X  X\nX    e   X\nXXXXXXXXXX\n", "Health: 1 X: 5 Y: 7\nXXXXXXXXXX\nX     tTTX\nXXXXX XXXX\nXX   m   X\nXX XX XX X\nX  \u221eX X \u221eX\nX   X X  X\nX   XHX  X\nXX\u221eXX XXTX\nX   X X  X\nXX\u221eXX XTXX\nX  TX X TX\nX   X X TX\nX   X X  X\nXX XX XTXX\nX   X X  X\nX   X XXTX\nX XXX X  X\nX    e   X\nXXXXXXXXXX\n", "Health: 1 X: 5 Y: 8\nXXXXXXXXXX\nX     tTTX\nXXXXX XXXX\nXX       X\nXX XXmXX X\nX  \u221eX X \u221eX\nX   X X  X\nX   X X  X\nXX\u221eXXHXXTX\nX   X X  X\nXX\u221eXX XTXX\nX  TX X TX\nX   X X TX\nX   X X  X\nXX XX XTXX\nX   X X  X\nX   X XXTX\nX XXX X  X\nX    e   X\nXXXXXXXXXX\n", "Health: 1 X: 5 Y: 9\nXXXXXXXXXX\nX     tTTX\nXXXXX XXXX\nXX       X\nXX XX XX X\nX  \u221eXmX \u221eX\nX   X X  X\nX   X X  X\nXX\u221eXX XXTX\nX   XHX  X\nXX\u221eXX XTXX\nX  TX X TX\nX   X X TX\nX   X X  X\nXX XX XTXX\nX   X X  X\nX   X XXTX\nX XXX X  X\nX    e   X\nXXXXXXXXXX\n", "Health: 1 X: 5 Y: 10\nXXXXXXXXXX\nX     tTTX\nXXXXX XXXX\nXX       X\nXX XX XX X\nX  \u221eX X \u221eX\nX   XmX  X\nX   X X  X\nXX\u221eXX XXTX\nX   X X  X\nXX\u221eXXHXTXX\nX  TX X TX\nX   X X TX\nX   X X  X\nXX XX XTXX\nX   X X  X\nX   X XXTX\nX XXX X  X\nX    e   X\nXXXXXXXXXX\n", "Health: 1 X: 5 Y: 9\nXXXXXXXXXX\nX     tTTX\nXXXXX XXXX\nXX       X\nXX XX XX X\nX  \u221eX X \u221eX\nX   X X  X\nX   XmX  X\nXX\u221eXX XXTX\nX   XHX  X\nXX\u221eXX XTXX\nX  TX X TX\nX   X X TX\nX   X X  X\nXX XX XTXX\nX   X X  X\nX   X XXTX\nX XXX X  X\nX    e   X\nXXXXXXXXXX\n", "Health: 0 X: 5 Y: 8\nXXXXXXXXXX\nX     tTTX\nXXXXX XXXX\nXX       X\nXX XX XX X\nX  \u221eX X \u221eX\nX   X X  X\nX   X X  X\nXX\u221eXXmXXTX\nX   X X  X\nXX\u221eXX XTXX\nX  TX X TX\nX   X X TX\nX   X X  X\nXX XX XTXX\nX   X X  X\nX   X XXTX\nX XXX X  X\nX    e   X\nXXXXXXXXXX\n"], "map_number": 202}], "timestamp": "10-Aug-2021 22:48:32.857776", "ip": "107.143.184.214"}