{"Q1": "Never", "Q2": "Never", "Q3": "Never", "Q4": "Never", "Q5": "Never", "Q6": "Never", "Q7": "Never", "Q8": "Never", "Q9": "Never", "Q10": "Never", "results": [{"mechanics": [{"timestep": 2, "mechanic": "OgreTreasure"}, {"timestep": 2, "mechanic": "BlobPotion"}, {"timestep": 3, "mechanic": "JavelinThrow"}, {"timestep": 3, "mechanic": "OgreTreasure"}, {"timestep": 3, "mechanic": "BlobPotion"}, {"timestep": 10, "mechanic": "CollectTreasure"}, {"timestep": 12, "mechanic": "CollectTreasure"}, {"timestep": 16, "mechanic": "MinitaurHit"}, {"timestep": 27, "mechanic": "JavelinThrow"}, {"timestep": 29, "mechanic": "MinitaurHit"}, {"timestep": 32, "mechanic": "BlobHit"}, {"timestep": 33, "mechanic": "JavelinThrow"}, {"timestep": 33, "mechanic": "BlobHit"}, {"timestep": 40, "mechanic": "CollectTreasure"}, {"timestep": 45, "mechanic": "CollectTreasure"}, {"timestep": 46, "mechanic": "CollectTreasure"}, {"timestep": 48, "mechanic": "CollectTreasure"}, {"timestep": 49, "mechanic": "BlobHit"}, {"timestep": 49, "mechanic": "CollectTreasure"}, {"timestep": 50, "mechanic": "MinitaurHit"}, {"timestep": 51, "mechanic": "MinitaurHit"}, {"timestep": 65, "mechanic": "ReachStairs"}], "frequencies": {"OgreTreasure": 2, "BlobPotion": 2, "JavelinThrow": 3, "CollectTreasure": 7, "MinitaurHit": 4, "BlobHit": 3, "ReachStairs": 1}, "levelReport": {"utilityGained": 0.0, "exitUtility": 1.0, "runnerUtility": 0.33999999999999997, "loitererUtility": 66.0, "completionistUtility": 0.5281481481481481, "monsterKillerUtility": 0.43999999999999995, "treasureCollectorUtility": 0.8444444444444443, "turnsTaken": 66, "health": 3, "healthLost": 7, "alive": true, "javelinsThrown": 3, "monsterKills": 1, "minitaurKnockouts": 5, "treasuresCollected": 7, "potionsTaken": 0, "totalMonsters": 6, "totalTreasures": 9, "totalPotions": 2, "timeTaken": 0.0}, "positions": [{"X": 8, "Y": 3}, {"X": 8, "Y": 4}, {"X": 8, "Y": 3}, {"X": 8, "Y": 3}, {"X": 7, "Y": 3}, {"X": 6, "Y": 3}, {"X": 5, "Y": 3}, {"X": 4, "Y": 3}, {"X": 3, "Y": 3}, {"X": 3, "Y": 2}, {"X": 3, "Y": 1}, {"X": 2, "Y": 1}, {"X": 1, "Y": 1}, {"X": 1, "Y": 2}, {"X": 1, "Y": 3}, {"X": 1, "Y": 4}, {"X": 2, "Y": 4}, {"X": 3, "Y": 4}, {"X": 3, "Y": 3}, {"X": 4, "Y": 3}, {"X": 5, "Y": 3}, {"X": 6, "Y": 3}, {"X": 7, "Y": 3}, {"X": 8, "Y": 3}, {"X": 8, "Y": 2}, {"X": 8, "Y": 1}, {"X": 8, "Y": 2}, {"X": 8, "Y": 2}, {"X": 8, "Y": 3}, {"X": 7, "Y": 3}, {"X": 7, "Y": 4}, {"X": 7, "Y": 5}, {"X": 7, "Y": 6}, {"X": 7, "Y": 6}, {"X": 7, "Y": 7}, {"X": 7, "Y": 8}, {"X": 7, "Y": 9}, {"X": 7, "Y": 10}, {"X": 7, "Y": 11}, {"X": 7, "Y": 12}, {"X": 7, "Y": 13}, {"X": 7, "Y": 14}, {"X": 7, "Y": 15}, {"X": 7, "Y": 16}, {"X": 7, "Y": 17}, {"X": 6, "Y": 17}, {"X": 6, "Y": 18}, {"X": 7, "Y": 18}, {"X": 8, "Y": 18}, {"X": 8, "Y": 17}, {"X": 7, "Y": 17}, {"X": 7, "Y": 16}, {"X": 7, "Y": 15}, {"X": 7, "Y": 14}, {"X": 7, "Y": 13}, {"X": 7, "Y": 12}, {"X": 7, "Y": 11}, {"X": 7, "Y": 10}, {"X": 7, "Y": 9}, {"X": 7, "Y": 8}, {"X": 6, "Y": 8}, {"X": 5, "Y": 8}, {"X": 4, "Y": 8}, {"X": 3, "Y": 8}, {"X": 2, "Y": 8}, {"X": 1, "Y": 8}], "levelStates": ["Health: 10 X: 8 Y: 3\nXXXXXXXXXX\nXT TX m  X\nX   XXX  X\nX       HX\nX   XX   X\nXX XXXX XX\nX TTXXPP X\nX   XX   X\nXeo    b X\nX   XX   X\nXX XXXX XX\nX   XX   X\nX   XX   X\nX      T X\nX   XX   X\nXX XXXX XX\nX   XX   X\nXb bXXT TX\nX M XXT TX\nXXXXXXXXXX\n", "Health: 10 X: 8 Y: 4\nXXXXXXXXXX\nXT TX  m X\nX   XXX  X\nX        X\nX   XX  HX\nXX XXXX XX\nX TTXXPP X\nX o XX b X\nXe       X\nX   XX   X\nXX XXXX XX\nX   XX   X\nX   XX   X\nX      T X\nX   XX   X\nXX XXXX XX\nX   XX   X\nXb bXXT TX\nX M XXT TX\nXXXXXXXXXX\n", "Health: 10 X: 8 Y: 3\nXXXXXXXXXX\nXT TX   mX\nX   XXX  X\nX       HX\nX   XX   X\nXX XXXX XX\nX oTXXPb X\nX   XX   X\nXe       X\nX   XX   X\nXX XXXX XX\nX   XX   X\nX   XX   X\nX      T X\nX   XX   X\nXX XXXX XX\nX   XX   X\nXb bXXT TX\nX M XXT TX\nXXXXXXXXXX\n", "Health: 10 X: 8 Y: 3\nXXXXXXXXXX\nXT TX   mX\nX   XXX  X\nX       HX\nX   XX   X\nXX XXXX XX\nX  oXXb  X\nX   XX   X\nXe       X\nX   XX   X\nXX XXXX XX\nX   XX   X\nX   XX   X\nX      T X\nX   XX   X\nXX XXXX XX\nX   XX   X\nXb bXXT TX\nX M XXT TX\nXXXXXXXXXX\n", "Health: 10 X: 7 Y: 3\nXXXXXXXXXX\nXT TX   mX\nX   XXX  X\nX      H X\nX   XX   X\nXX XXXX XX\nX  oXXb  X\nX   XX   X\nXe       X\nX   XX   X\nXX XXXX XX\nX   XX   X\nX   XX   X\nX      T X\nX   XX   X\nXX XXXX XX\nX   XX   X\nXb bXXT TX\nX M XXT TX\nXXXXXXXXXX\n", "Health: 10 X: 6 Y: 3\nXXXXXXXXXX\nXT TX   mX\nX   XXX  X\nX     H  X\nX   XX   X\nXX XXXX XX\nX  oXXb  X\nX   XX   X\nXe       X\nX   XX   X\nXX XXXX XX\nX   XX   X\nX   XX   X\nX      T X\nX   XX   X\nXX XXXX XX\nX   XX   X\nXb bXXT TX\nX M XXT TX\nXXXXXXXXXX\n", "Health: 10 X: 5 Y: 3\nXXXXXXXXXX\nXT TX   mX\nX   XXX  X\nX    H   X\nX   XX   X\nXX XXXX XX\nX  oXXb  X\nX   XX   X\nXe       X\nX   XX   X\nXX XXXX XX\nX   XX   X\nX   XX   X\nX      T X\nX   XX   X\nXX XXXX XX\nX   XX   X\nXb bXXT TX\nX M XXT TX\nXXXXXXXXXX\n", "Health: 10 X: 4 Y: 3\nXXXXXXXXXX\nXT TX   mX\nX   XXX  X\nX   H    X\nX   XX   X\nXX XXXX XX\nX  oXXb  X\nX   XX   X\nXe       X\nX   XX   X\nXX XXXX XX\nX   XX   X\nX   XX   X\nX      T X\nX   XX   X\nXX XXXX XX\nX   XX   X\nXb bXXT TX\nX M XXT TX\nXXXXXXXXXX\n", "Health: 10 X: 3 Y: 3\nXXXXXXXXXX\nXT TX  m X\nX   XXX  X\nX  H     X\nX   XX   X\nXX XXXX XX\nX  oXXb  X\nX   XX   X\nXe       X\nX   XX   X\nXX XXXX XX\nX   XX   X\nX   XX   X\nX      T X\nX   XX   X\nXX XXXX XX\nX   XX   X\nXb bXXT TX\nX M XXT TX\nXXXXXXXXXX\n", "Health: 10 X: 3 Y: 2\nXXXXXXXXXX\nXT TX    X\nX  HXXXm X\nX        X\nX   XX   X\nXX XXXX XX\nX  oXXb  X\nX   XX   X\nXe       X\nX   XX   X\nXX XXXX XX\nX   XX   X\nX   XX   X\nX      T X\nX   XX   X\nXX XXXX XX\nX   XX   X\nXb bXXT TX\nX M XXT TX\nXXXXXXXXXX\n", "Health: 10 X: 3 Y: 1\nXXXXXXXXXX\nXT  X    X\nX   XXX  X\nX      m X\nX   XX   X\nXX XXXX XX\nX  oXXb  X\nX   XX   X\nXe       X\nX   XX   X\nXX XXXX XX\nX   XX   X\nX   XX   X\nX      T X\nX   XX   X\nXX XXXX XX\nX   XX   X\nXb bXXT TX\nX M XXT TX\nXXXXXXXXXX\n", "Health: 10 X: 2 Y: 1\nXXXXXXXXXX\nXTH X    X\nX   XXX  X\nX     m  X\nX   XX   X\nXX XXXX XX\nX  oXXb  X\nX   XX   X\nXe       X\nX   XX   X\nXX XXXX XX\nX   XX   X\nX   XX   X\nX      T X\nX   XX   X\nXX XXXX XX\nX   XX   X\nXbMbXXT TX\nX   XXT TX\nXXXXXXXXXX\n", "Health: 10 X: 1 Y: 1\nXXXXXXXXXX\nX   X    X\nX   XXX  X\nX    m   X\nX   XX   X\nXX XXXX XX\nX  oXXb  X\nX   XX   X\nXe       X\nX   XX   X\nXX XXXX XX\nX   XX   X\nX   XX   X\nX      T X\nX   XX   X\nXX XXXX XX\nX   XX   X\nXbMbXXT TX\nX   XXT TX\nXXXXXXXXXX\n", "Health: 10 X: 1 Y: 2\nXXXXXXXXXX\nX   X    X\nXH  XXX  X\nX   m    X\nX   XX   X\nXX XXXX XX\nX  oXXb  X\nX   XX   X\nXe       X\nX   XX   X\nXX XXXX XX\nX   XX   X\nX   XX   X\nX      T X\nX   XX   X\nXX XXXX XX\nX   XX   X\nXbMbXXT TX\nX   XXT TX\nXXXXXXXXXX\n", "Health: 10 X: 1 Y: 3\nXXXXXXXXXX\nX   X    X\nX   XXX  X\nXH m     X\nX   XX   X\nXX XXXX XX\nX  oXXb  X\nX   XX   X\nXe       X\nX   XX   X\nXX XXXX XX\nX   XX   X\nX   XX   X\nX      T X\nX   XX   X\nXX XXXX XX\nX   XX   X\nXbMbXXT TX\nX   XXT TX\nXXXXXXXXXX\n", "Health: 10 X: 1 Y: 4\nXXXXXXXXXX\nX   X    X\nX   XXX  X\nX m      X\nXH  XX   X\nXX XXXX XX\nX  oXXb  X\nX   XX   X\nXe       X\nX   XX   X\nXX XXXX XX\nX   XX   X\nX   XX   X\nX      T X\nX   XX   X\nXX XXXX XX\nX   XX   X\nXbMbXXT TX\nX   XXT TX\nXXXXXXXXXX\n", "Health: 9 X: 2 Y: 4\nXXXXXXXXXX\nX   X    X\nX   XXX  X\nX m      X\nX H XX   X\nXX XXXX XX\nX  oXXb  X\nX   XX   X\nXe       X\nX   XX   X\nXX XXXX XX\nX   XX   X\nX   XX   X\nX      T X\nX   XX   X\nXX XXXX XX\nX M XX   X\nXb bXXT TX\nX   XXT TX\nXXXXXXXXXX\n", "Health: 9 X: 3 Y: 4\nXXXXXXXXXX\nX   X    X\nX   XXX  X\nX m      X\nX  HXX   X\nXX XXXX XX\nX  oXXb  X\nX   XX   X\nXe       X\nX   XX   X\nXX XXXX XX\nX   XX   X\nX   XX   X\nX      T X\nX   XX   X\nXX XXXX XX\nX M XX   X\nXb bXXT TX\nX   XXT TX\nXXXXXXXXXX\n", "Health: 9 X: 3 Y: 3\nXXXXXXXXXX\nX   X    X\nX   XXX  X\nX mH     X\nX   XX   X\nXX XXXX XX\nX  oXXb  X\nX   XX   X\nXe       X\nX   XX   X\nXX XXXX XX\nX   XX   X\nX   XX   X\nX      T X\nX   XX   X\nXX XXXX XX\nX M XX   X\nXb bXXT TX\nX   XXT TX\nXXXXXXXXXX\n", "Health: 9 X: 4 Y: 3\nXXXXXXXXXX\nX   X    X\nX   XXX  X\nX m H    X\nX   XX   X\nXX XXXX XX\nX  oXXb  X\nX   XX   X\nXe       X\nX   XX   X\nXX XXXX XX\nX   XX   X\nX   XX   X\nX      T X\nX   XX   X\nXX XXXX XX\nX M XX   X\nXb bXXT TX\nX   XXT TX\nXXXXXXXXXX\n", "Health: 9 X: 5 Y: 3\nXXXXXXXXXX\nX   X    X\nX   XXX  X\nX m  H   X\nX   XX   X\nXX XXXX XX\nX  oXXb  X\nX   XX   X\nXe       X\nX   XX   X\nXX XXXX XX\nX   XX   X\nX   XX   X\nX      T X\nX   XX   X\nXX XXXX XX\nX M XX   X\nXb bXXT TX\nX   XXT TX\nXXXXXXXXXX\n", "Health: 9 X: 6 Y: 3\nXXXXXXXXXX\nX   X    X\nX   XXX  X\nX m   H  X\nX   XX   X\nXX XXXX XX\nX  oXXb  X\nX   XX   X\nXe       X\nX   XX   X\nXX XXXX XX\nX   XX   X\nX   XX   X\nX      T X\nX   XX   X\nXX XXXX XX\nX M XX   X\nXb bXXT TX\nX   XXT TX\nXXXXXXXXXX\n", "Health: 9 X: 7 Y: 3\nXXXXXXXXXX\nX   X    X\nX   XXX  X\nX  m   H X\nX   XX   X\nXX XXXX XX\nX  oXXb  X\nX   XX   X\nXe       X\nX   XX   X\nXX XXXX XX\nX   XX   X\nX   XX   X\nX      T X\nX   XX   X\nXX XXXX XX\nX M XX   X\nXb bXXT TX\nX   XXT TX\nXXXXXXXXXX\n", "Health: 9 X: 8 Y: 3\nXXXXXXXXXX\nX   X    X\nX   XXX  X\nX   m   HX\nX   XX   X\nXX XXXX XX\nX  oXXb  X\nX   XX   X\nXe       X\nX   XX   X\nXX XXXX XX\nX   XX   X\nX   XX   X\nX      T X\nX   XX   X\nXX XXXX XX\nX M XX   X\nXb bXXT TX\nX   XXT TX\nXXXXXXXXXX\n", "Health: 9 X: 8 Y: 2\nXXXXXXXXXX\nX   X    X\nX   XXX HX\nX    m   X\nX   XX   X\nXX XXXX XX\nX  oXXb  X\nX   XX   X\nXe       X\nX   XX   X\nXX XXXX XX\nX   XX   X\nX   XX   X\nX      T X\nX   XX   X\nXX XXXX XX\nX M XX   X\nXb bXXT TX\nX   XXT TX\nXXXXXXXXXX\n", "Health: 9 X: 8 Y: 1\nXXXXXXXXXX\nX   X   HX\nX   XXX  X\nX     m  X\nX   XX   X\nXX XXXX XX\nX  oXXb  X\nX   XX   X\nXe       X\nX   XX   X\nXX XXXX XX\nX   XX   X\nX   XX   X\nX      T X\nX   XX   X\nXX XXXX XX\nX M XX   X\nXb bXXT TX\nX   XXT TX\nXXXXXXXXXX\n", "Health: 9 X: 8 Y: 2\nXXXXXXXXXX\nX   X    X\nX   XXX HX\nX      m X\nX   XX   X\nXX XXXX XX\nX  oXXb  X\nX   XX   X\nXe       X\nX   XX   X\nXX XXXX XX\nX   XX   X\nX   XX   X\nX      T X\nX   XX   X\nXX XXXX XX\nX M XX   X\nXb bXXT TX\nX   XXT TX\nXXXXXXXXXX\n", "Health: 9 X: 8 Y: 2\nXXXXXXXXXX\nX   X    X\nX   XXX HX\nX      m X\nX   XX   X\nXX XXXX XX\nX  oXXb  X\nX   XX   X\nXe       X\nX   XX   X\nXX XXXX XX\nX   XX   X\nX   XX   X\nX      T X\nX   XX   X\nXX XXXX XX\nX M XX   X\nXb bXXT TX\nX   XXT TX\nXXXXXXXXXX\n", "Health: 9 X: 8 Y: 3\nXXXXXXXXXX\nX   X    X\nX   XXX  X\nX      mHX\nX   XX   X\nXX XXXX XX\nX  oXXb  X\nX   XX   X\nXe       X\nX   XX   X\nXX XXXX XX\nX   XX   X\nX   XX   X\nX      T X\nX   XX   X\nXX XXXX XX\nX M XX   X\nXb bXXT TX\nX   XXT TX\nXXXXXXXXXX\n", "Health: 9 X: 7 Y: 3\nXXXXXXXXXX\nX   X    X\nX   XXX  X\nX      m X\nX   XX   X\nXX XXXX XX\nX  oXXb  X\nX   XX   X\nXe       X\nX   XX   X\nXX XXXX XX\nX   XX   X\nX   XX   X\nX      T X\nX   XX   X\nXX XXXX XX\nX M XX   X\nXb bXXT TX\nX   XXT TX\nXXXXXXXXXX\n", "Health: 9 X: 7 Y: 4\nXXXXXXXXXX\nX   X    X\nX   XXX  X\nX      m X\nX   XX H X\nXX XXXX XX\nX  oXXb  X\nX   XX   X\nXe       X\nX   XX   X\nXX XXXX XX\nX   XX   X\nX   XX   X\nX      T X\nX   XX   X\nXX XXXX XX\nX M XX   X\nXb bXXT TX\nX   XXT TX\nXXXXXXXXXX\n", "Health: 9 X: 7 Y: 5\nXXXXXXXXXX\nX   X    X\nX   XXX  X\nX      m X\nX   XX   X\nXX XXXXHXX\nX  oXXb  X\nX   XX   X\nXe       X\nX   XX   X\nXX XXXX XX\nX   XX   X\nX   XX   X\nX      T X\nX   XX   X\nXX XXXX XX\nX M XX   X\nXb bXXT TX\nX   XXT TX\nXXXXXXXXXX\n", "Health: 6 X: 7 Y: 6\nXXXXXXXXXX\nX   X    X\nX   XXX  X\nX        X\nX   XX m X\nXX XXXX XX\nX  oXXb  X\nX   XX   X\nXe       X\nX   XX   X\nXX XXXX XX\nX   XX   X\nX   XX   X\nX      T X\nX   XX   X\nXX XXXX XX\nX M XX   X\nXb bXXT TX\nX   XXT TX\nXXXXXXXXXX\n", "Health: 4 X: 7 Y: 6\nXXXXXXXXXX\nX   X    X\nX   XXX  X\nX        X\nX   XX m X\nXX XXXX XX\nX  oXXb  X\nX   XX   X\nXe       X\nX   XX   X\nXX XXXX XX\nX   XX   X\nX   XX   X\nX      T X\nX   XX   X\nXX XXXX XX\nX M XX   X\nXb bXXT TX\nX   XXT TX\nXXXXXXXXXX\n", "Health: 4 X: 7 Y: 7\nXXXXXXXXXX\nX   X    X\nX   XXX  X\nX        X\nX   XX m X\nXX XXXX XX\nX  oXX b X\nX   XX H X\nXe       X\nX   XX   X\nXX XXXX XX\nX   XX   X\nX   XX   X\nX      T X\nX   XX   X\nXX XXXX XX\nX M XX   X\nXb bXXT TX\nX   XXT TX\nXXXXXXXXXX\n", "Health: 4 X: 7 Y: 8\nXXXXXXXXXX\nX   X    X\nX   XXX  X\nX        X\nX   XX m X\nXX XXXX XX\nX  oXX   X\nX   XX b X\nXe     H X\nX   XX   X\nXX XXXX XX\nX   XX   X\nX   XX   X\nX      T X\nX   XX   X\nXX XXXX XX\nX M XX   X\nXb bXXT TX\nX   XXT TX\nXXXXXXXXXX\n", "Health: 4 X: 7 Y: 9\nXXXXXXXXXX\nX   X    X\nX   XXX  X\nX        X\nX   XX m X\nXX XXXX XX\nX  oXX   X\nX   XX   X\nXe     b X\nX   XX H X\nXX XXXX XX\nX   XX   X\nX   XX   X\nX      T X\nX   XX   X\nXX XXXX XX\nX M XX   X\nXb bXXT TX\nX   XXT TX\nXXXXXXXXXX\n", "Health: 4 X: 7 Y: 10\nXXXXXXXXXX\nX   X    X\nX   XXX  X\nX        X\nX   XX m X\nXX XXXX XX\nX  oXX   X\nX   XX   X\nXe       X\nX   XX b X\nXX XXXXHXX\nX   XX   X\nX   XX   X\nX      T X\nX   XX   X\nXX XXXX XX\nX M XX   X\nXb bXXT TX\nX   XXT TX\nXXXXXXXXXX\n", "Health: 4 X: 7 Y: 11\nXXXXXXXXXX\nX   X    X\nX   XXX  X\nX        X\nX   XX   X\nXX XXXXmXX\nX  oXX   X\nX   XX   X\nXe       X\nX   XX   X\nXX XXXXbXX\nX   XX H X\nX   XX   X\nX      T X\nX   XX   X\nXX XXXX XX\nX M XX   X\nXb bXXT TX\nX   XXT TX\nXXXXXXXXXX\n", "Health: 4 X: 7 Y: 12\nXXXXXXXXXX\nX   X    X\nX   XXX  X\nX        X\nX   XX   X\nXX XXXX XX\nX  oXX   X\nX   XX   X\nXe       X\nX   XX   X\nXX XXXX XX\nX   XX b X\nX   XX H X\nX      T X\nX   XX   X\nXX XXXX XX\nX M XX   X\nXb bXXT TX\nX   XXT TX\nXXXXXXXXXX\n", "Health: 4 X: 7 Y: 13\nXXXXXXXXXX\nX   X    X\nX   XXX  X\nX        X\nX   XX   X\nXX XXXX XX\nX  oXX   X\nX   XX m X\nXe       X\nX   XX   X\nXX XXXX XX\nX   XX   X\nX   XX b X\nX        X\nX   XX   X\nXX XXXX XX\nX M XX   X\nXb bXXT TX\nX   XXT TX\nXXXXXXXXXX\n", "Health: 4 X: 7 Y: 14\nXXXXXXXXXX\nX   X    X\nX   XXX  X\nX        X\nX   XX   X\nXX XXXX XX\nX  oXX   X\nX   XX   X\nXe     m X\nX   XX   X\nXX XXXX XX\nX   XX   X\nX   XX   X\nX        X\nX   XX H X\nXX XXXX XX\nX M XX   X\nXb bXXT TX\nX   XXT TX\nXXXXXXXXXX\n", "Health: 4 X: 7 Y: 15\nXXXXXXXXXX\nX   X    X\nX   XXX  X\nX        X\nX   XX   X\nXX XXXX XX\nX  oXX   X\nX   XX   X\nXe       X\nX   XX m X\nXX XXXX XX\nX   XX   X\nX   XX   X\nX        X\nX   XX b X\nXX XXXXHXX\nX M XX   X\nXb bXXT TX\nX   XXT TX\nXXXXXXXXXX\n", "Health: 4 X: 7 Y: 16\nXXXXXXXXXX\nX   X    X\nX   XXX  X\nX        X\nX   XX   X\nXX XXXX XX\nX  oXX   X\nX   XX   X\nXe       X\nX   XX   X\nXX XXXXmXX\nX   XX   X\nX   XX   X\nX        X\nX   XX   X\nXX XXXXbXX\nX M XX H X\nXb bXXT TX\nX   XXT TX\nXXXXXXXXXX\n", "Health: 4 X: 7 Y: 17\nXXXXXXXXXX\nX   X    X\nX   XXX  X\nX        X\nX   XX   X\nXX XXXX XX\nX  oXX   X\nX   XX   X\nXe       X\nX   XX   X\nXX XXXX XX\nX   XX m X\nX   XX   X\nX        X\nX   XX   X\nXX XXXX XX\nX M XX b X\nXb bXXTHTX\nX   XXT TX\nXXXXXXXXXX\n", "Health: 4 X: 6 Y: 17\nXXXXXXXXXX\nX   X    X\nX   XXX  X\nX        X\nX   XX   X\nXX XXXX XX\nX  oXX   X\nX   XX   X\nXe       X\nX   XX   X\nXX XXXX XX\nX   XX   X\nX   XX m X\nX        X\nX   XX   X\nXX XXXX XX\nX M XXb  X\nXb bXX  TX\nX   XXT TX\nXXXXXXXXXX\n", "Health: 4 X: 6 Y: 18\nXXXXXXXXXX\nX   X    X\nX   XXX  X\nX        X\nX   XX   X\nXX XXXX XX\nX  oXX   X\nX   XX   X\nXe       X\nX   XX   X\nXX XXXX XX\nX   XX   X\nX   XX   X\nX        X\nX   XX   X\nXX XXXX XX\nX M XX   X\nXb bXX  TX\nX   XX  TX\nXXXXXXXXXX\n", "Health: 4 X: 7 Y: 18\nXXXXXXXXXX\nX   X    X\nX   XXX  X\nX        X\nX   XX   X\nXX XXXX XX\nX  oXX   X\nX   XX   X\nXe       X\nX   XX   X\nXX XXXX XX\nX   XX   X\nX   XX   X\nX        X\nX   XX m X\nXX XXXX XX\nX M XX   X\nXb bXX bTX\nX   XX HTX\nXXXXXXXXXX\n", "Health: 4 X: 8 Y: 18\nXXXXXXXXXX\nX   X    X\nX   XXX  X\nX        X\nX   XX   X\nXX XXXX XX\nX  oXX   X\nX   XX   X\nXe       X\nX   XX   X\nXX XXXX XX\nX   XX   X\nX   XX   X\nX        X\nX   XX   X\nXX XXXXmXX\nX M XX   X\nXb bXX  TX\nX   XX   X\nXXXXXXXXXX\n", "Health: 4 X: 8 Y: 17\nXXXXXXXXXX\nX   X    X\nX   XXX  X\nX        X\nX   XX   X\nXX XXXX XX\nX  oXX   X\nX   XX   X\nXe       X\nX   XX   X\nXX XXXX XX\nX   XX   X\nX   XX   X\nX        X\nX   XX   X\nXX XXXX XX\nX M XX m X\nXb bXX   X\nX   XX   X\nXXXXXXXXXX\n", "Health: 3 X: 7 Y: 17\nXXXXXXXXXX\nX   X    X\nX   XXX  X\nX        X\nX   XX   X\nXX XXXX XX\nX  oXX   X\nX   XX   X\nXe       X\nX   XX   X\nXX XXXX XX\nX   XX   X\nX   XX   X\nX        X\nX   XX   X\nXX XXXX XX\nX M XX m X\nXb bXX H X\nX   XX   X\nXXXXXXXXXX\n", "Health: 3 X: 7 Y: 16\nXXXXXXXXXX\nX   X    X\nX   XXX  X\nX        X\nX   XX   X\nXX XXXX XX\nX  oXX   X\nX   XX   X\nXe       X\nX   XX   X\nXX XXXX XX\nX   XX   X\nX   XX   X\nX        X\nX   XX   X\nXX XXXX XX\nX M XX m X\nXb bXX   X\nX   XX   X\nXXXXXXXXXX\n", "Health: 3 X: 7 Y: 15\nXXXXXXXXXX\nX   X    X\nX   XXX  X\nX        X\nX   XX   X\nXX XXXX XX\nX  oXX   X\nX   XX   X\nXe       X\nX   XX   X\nXX XXXX XX\nX   XX   X\nX   XX   X\nX        X\nX   XX   X\nXX XXXXHXX\nX M XX m X\nXb bXX   X\nX   XX   X\nXXXXXXXXXX\n", "Health: 3 X: 7 Y: 14\nXXXXXXXXXX\nX   X    X\nX   XXX  X\nX        X\nX   XX   X\nXX XXXX XX\nX  oXX   X\nX   XX   X\nXe       X\nX   XX   X\nXX XXXX XX\nX   XX   X\nX   XX   X\nX        X\nX   XX H X\nXX XXXX XX\nX M XX m X\nXb bXX   X\nX   XX   X\nXXXXXXXXXX\n", "Health: 3 X: 7 Y: 13\nXXXXXXXXXX\nX   X    X\nX   XXX  X\nX        X\nX   XX   X\nXX XXXX XX\nX  oXX   X\nX   XX   X\nXe       X\nX   XX   X\nXX XXXX XX\nX   XX   X\nX   XX   X\nX        X\nX   XX   X\nXX XXXX XX\nX M XX m X\nXb bXX   X\nX   XX   X\nXXXXXXXXXX\n", "Health: 3 X: 7 Y: 12\nXXXXXXXXXX\nX   X    X\nX   XXX  X\nX        X\nX   XX   X\nXX XXXX XX\nX  oXX   X\nX   XX   X\nXe       X\nX   XX   X\nXX XXXX XX\nX   XX   X\nX   XX H X\nX        X\nX   XX   X\nXX XXXX XX\nX M XX m X\nXb bXX   X\nX   XX   X\nXXXXXXXXXX\n", "Health: 3 X: 7 Y: 11\nXXXXXXXXXX\nX   X    X\nX   XXX  X\nX        X\nX   XX   X\nXX XXXX XX\nX  oXX   X\nX   XX   X\nXe       X\nX   XX   X\nXX XXXX XX\nX   XX H X\nX   XX   X\nX        X\nX   XX   X\nXX XXXXmXX\nX M XX   X\nXb bXX   X\nX   XX   X\nXXXXXXXXXX\n", "Health: 3 X: 7 Y: 10\nXXXXXXXXXX\nX   X    X\nX   XXX  X\nX        X\nX   XX   X\nXX XXXX XX\nX  oXX   X\nX   XX   X\nXe       X\nX   XX   X\nXX XXXXHXX\nX   XX   X\nX   XX   X\nX        X\nX   XX m X\nXX XXXX XX\nX M XX   X\nXb bXX   X\nX   XX   X\nXXXXXXXXXX\n", "Health: 3 X: 7 Y: 9\nXXXXXXXXXX\nX   X    X\nX   XXX  X\nX        X\nX   XX   X\nXX XXXX XX\nX  oXX   X\nX   XX   X\nXe       X\nX   XX H X\nXX XXXX XX\nX   XX   X\nX   XX   X\nX        X\nX   XX   X\nXX XXXX XX\nX M XX   X\nXb bXX   X\nX   XX   X\nXXXXXXXXXX\n", "Health: 3 X: 7 Y: 8\nXXXXXXXXXX\nX   X    X\nX   XXX  X\nX        X\nX   XX   X\nXX XXXX XX\nX  oXX   X\nX   XX   X\nXe     H X\nX   XX   X\nXX XXXX XX\nX   XX   X\nX   XX m X\nX        X\nX   XX   X\nXX XXXX XX\nX M XX   X\nXb bXX   X\nX   XX   X\nXXXXXXXXXX\n", "Health: 3 X: 6 Y: 8\nXXXXXXXXXX\nX   X    X\nX   XXX  X\nX        X\nX   XX   X\nXX XXXX XX\nX  oXX   X\nX   XX   X\nXe    H  X\nX   XX   X\nXX XXXX XX\nX   XX m X\nX   XX   X\nX        X\nX   XX   X\nXX XXXX XX\nX M XX   X\nXb bXX   X\nX   XX   X\nXXXXXXXXXX\n", "Health: 3 X: 5 Y: 8\nXXXXXXXXXX\nX   X    X\nX   XXX  X\nX        X\nX   XX   X\nXX XXXX XX\nX  oXX   X\nX   XX   X\nXe   H   X\nX   XX   X\nXX XXXXmXX\nX   XX   X\nX   XX   X\nX        X\nX   XX   X\nXX XXXX XX\nX M XX   X\nXb bXX   X\nX   XX   X\nXXXXXXXXXX\n", "Health: 3 X: 4 Y: 8\nXXXXXXXXXX\nX   X    X\nX   XXX  X\nX        X\nX   XX   X\nXX XXXX XX\nX  oXX   X\nX   XX   X\nXe  H    X\nX   XX m X\nXX XXXX XX\nX   XX   X\nX   XX   X\nX        X\nX   XX   X\nXX XXXX XX\nX M XX   X\nXb bXX   X\nX   XX   X\nXXXXXXXXXX\n", "Health: 3 X: 3 Y: 8\nXXXXXXXXXX\nX   X    X\nX   XXX  X\nX        X\nX   XX   X\nXX XXXX XX\nX   XX   X\nX  oXX   X\nXe H   m X\nX   XX   X\nXX XXXX XX\nX   XX   X\nX   XX   X\nX        X\nX   XX   X\nXX XXXX XX\nX M XX   X\nXb bXX   X\nX   XX   X\nXXXXXXXXXX\n", "Health: 3 X: 2 Y: 8\nXXXXXXXXXX\nX   X    X\nX   XXX  X\nX        X\nX   XX   X\nXX XXXX XX\nX   XX   X\nX o XX   X\nXeH   m  X\nX   XX   X\nXX XXXX XX\nX   XX   X\nX   XX   X\nX        X\nX   XX   X\nXXMXXXX XX\nX   XX   X\nXb bXX   X\nX   XX   X\nXXXXXXXXXX\n", "Health: 3 X: 1 Y: 8\nXXXXXXXXXX\nX   X    X\nX   XXX  X\nX        X\nX   XX   X\nXX XXXX XX\nX   XX   X\nXo  XX   X\nXe   m   X\nX   XX   X\nXX XXXX XX\nX   XX   X\nX   XX   X\nX        X\nX   XX   X\nXXMXXXX XX\nX   XX   X\nXb bXX   X\nX   XX   X\nXXXXXXXXXX\n"], "map_number": 101}, {"mechanics": [{"timestep": 1, "mechanic": "JavelinThrow"}, {"timestep": 19, "mechanic": "CollectTreasure"}, {"timestep": 27, "mechanic": "BlobHit"}, {"timestep": 34, "mechanic": "CollectTreasure"}, {"timestep": 35, "mechanic": "CollectTreasure"}, {"timestep": 45, "mechanic": "CollectTreasure"}, {"timestep": 46, "mechanic": "CollectTreasure"}, {"timestep": 47, "mechanic": "CollectTreasure"}, {"timestep": 48, "mechanic": "CollectTreasure"}, {"timestep": 48, "mechanic": "MinitaurHit"}, {"timestep": 49, "mechanic": "MinitaurHit"}, {"timestep": 73, "mechanic": "CollectPotion"}, {"timestep": 74, "mechanic": "CollectPotion"}, {"timestep": 76, "mechanic": "MinitaurHit"}, {"timestep": 77, "mechanic": "MinitaurHit"}, {"timestep": 81, "mechanic": "ReachStairs"}], "frequencies": {"JavelinThrow": 1, "CollectTreasure": 7, "BlobHit": 1, "MinitaurHit": 4, "CollectPotion": 2, "ReachStairs": 1}, "levelReport": {"utilityGained": 0.0, "exitUtility": 1.0, "runnerUtility": 0.18000000000000005, "loitererUtility": 82.0, "completionistUtility": 0.9333333333333333, "monsterKillerUtility": 0.8, "treasureCollectorUtility": 1.0, "turnsTaken": 82, "health": 11, "healthLost": 3, "alive": true, "javelinsThrown": 1, "monsterKills": 5, "minitaurKnockouts": 4, "treasuresCollected": 7, "potionsTaken": 2, "totalMonsters": 8, "totalTreasures": 7, "totalPotions": 2, "timeTaken": 0.0}, "positions": [{"X": 4, "Y": 10}, {"X": 4, "Y": 10}, {"X": 5, "Y": 10}, {"X": 5, "Y": 11}, {"X": 5, "Y": 12}, {"X": 4, "Y": 12}, {"X": 3, "Y": 12}, {"X": 2, "Y": 12}, {"X": 1, "Y": 12}, {"X": 1, "Y": 13}, {"X": 1, "Y": 14}, {"X": 2, "Y": 14}, {"X": 3, "Y": 14}, {"X": 4, "Y": 14}, {"X": 5, "Y": 14}, {"X": 6, "Y": 14}, {"X": 7, "Y": 14}, {"X": 7, "Y": 13}, {"X": 7, "Y": 12}, {"X": 8, "Y": 12}, {"X": 7, "Y": 12}, {"X": 7, "Y": 13}, {"X": 7, "Y": 14}, {"X": 6, "Y": 14}, {"X": 5, "Y": 14}, {"X": 6, "Y": 14}, {"X": 6, "Y": 15}, {"X": 6, "Y": 16}, {"X": 5, "Y": 16}, {"X": 5, "Y": 17}, {"X": 5, "Y": 18}, {"X": 6, "Y": 18}, {"X": 7, "Y": 18}, {"X": 8, "Y": 18}, {"X": 8, "Y": 17}, {"X": 8, "Y": 16}, {"X": 8, "Y": 17}, {"X": 8, "Y": 18}, {"X": 7, "Y": 18}, {"X": 6, "Y": 18}, {"X": 5, "Y": 18}, {"X": 4, "Y": 18}, {"X": 3, "Y": 18}, {"X": 2, "Y": 18}, {"X": 1, "Y": 18}, {"X": 1, "Y": 17}, {"X": 1, "Y": 16}, {"X": 2, "Y": 16}, {"X": 2, "Y": 17}, {"X": 2, "Y": 18}, {"X": 3, "Y": 18}, {"X": 4, "Y": 18}, {"X": 5, "Y": 18}, {"X": 5, "Y": 17}, {"X": 5, "Y": 16}, {"X": 6, "Y": 16}, {"X": 6, "Y": 15}, {"X": 6, "Y": 14}, {"X": 5, "Y": 14}, {"X": 4, "Y": 14}, {"X": 3, "Y": 14}, {"X": 2, "Y": 14}, {"X": 1, "Y": 14}, {"X": 1, "Y": 13}, {"X": 1, "Y": 12}, {"X": 2, "Y": 12}, {"X": 3, "Y": 12}, {"X": 4, "Y": 12}, {"X": 5, "Y": 12}, {"X": 5, "Y": 11}, {"X": 5, "Y": 10}, {"X": 6, "Y": 10}, {"X": 7, "Y": 10}, {"X": 8, "Y": 10}, {"X": 8, "Y": 9}, {"X": 7, "Y": 9}, {"X": 6, "Y": 9}, {"X": 5, "Y": 9}, {"X": 4, "Y": 9}, {"X": 3, "Y": 9}, {"X": 2, "Y": 9}, {"X": 1, "Y": 9}], "levelStates": ["Health: 10 X: 4 Y: 10\nXXXXXXXXXX\nX   m    X\nX XXXXXX X\nXR      RX\nXXXX  XXXX\nX     M  X\nX  M     X\nX      M X\nXXX    XXX\nXe      PX\nX   H   PX\nXXXXX XXXX\nX     X TX\nX XXXXX XX\nX        X\nXXXXXX XXX\nXTTX   XTX\nXTTXX XXTX\nX    b   X\nXXXXXXXXXX\n", "Health: 10 X: 4 Y: 10\nXXXXXXXXXX\nX   m    X\nX XXXXXX X\nXR      RX\nXXXX  XXXX\nX     \u221e  X\nX   M    X\nX      M X\nXXX    XXX\nXe      PX\nX   H   PX\nXXXXX XXXX\nX     X TX\nX XXXXX XX\nX        X\nXXXXXX XXX\nXTTX   XTX\nXTTXX XXTX\nX    b   X\nXXXXXXXXXX\n", "Health: 10 X: 5 Y: 10\nXXXXXXXXXX\nX   m    X\nX XXXXXX X\nXR      RX\nXXXX  XXXX\nX     \u221e  X\nX    M   X\nX      M X\nXXX    XXX\nXe      PX\nX    H  PX\nXXXXX XXXX\nX     X TX\nX XXXXX XX\nX        X\nXXXXXX XXX\nXTTX   XTX\nXTTXX XXTX\nX    b   X\nXXXXXXXXXX\n", "Health: 10 X: 5 Y: 11\nXXXXXXXXXX\nX   m    X\nX XXXXXX X\nXR      RX\nXXXX  XXXX\nX     \u221e  X\nX        X\nX    M M X\nXXX    XXX\nXe      PX\nX       PX\nXXXXXHXXXX\nX     X TX\nX XXXXX XX\nX        X\nXXXXXX XXX\nXTTX   XTX\nXTTXX XXTX\nX    b   X\nXXXXXXXXXX\n", "Health: 10 X: 5 Y: 12\nXXXXXXXXXX\nX   m    X\nX XXXXXX X\nXR      RX\nXXXX  XXXX\nX     \u221e  X\nX        X\nX      M X\nXXX  M XXX\nXe      PX\nX       PX\nXXXXX XXXX\nX    HX TX\nX XXXXX XX\nX        X\nXXXXXX XXX\nXTTX   XTX\nXTTXX XXTX\nX    b   X\nXXXXXXXXXX\n", "Health: 10 X: 4 Y: 12\nXXXXXXXXXX\nX   m    X\nX XXXXXX X\nXR      RX\nXXXX  XXXX\nX     \u221e  X\nX        X\nX      M X\nXXX  M XXX\nXe      PX\nX       PX\nXXXXX XXXX\nX   H X TX\nX XXXXX XX\nX        X\nXXXXXX XXX\nXTTX   XTX\nXTTXX XXTX\nX    b   X\nXXXXXXXXXX\n", "Health: 10 X: 3 Y: 12\nXXXXXXXXXX\nX  m\u221e    X\nX XXXXXX X\nXR      RX\nXXXX  XXXX\nX     \u221e  X\nX        X\nX      M X\nXXX  M XXX\nXe      PX\nX       PX\nXXXXX XXXX\nX  H  X TX\nX XXXXX XX\nX        X\nXXXXXX XXX\nXTTX   XTX\nXTTXX XXTX\nX    b   X\nXXXXXXXXXX\n", "Health: 10 X: 2 Y: 12\nXXXXXXXXXX\nX m \u221e    X\nX XXXXXX X\nXR      RX\nXXXX  XXXX\nX     \u221e  X\nX        X\nX      M X\nXXX  M XXX\nXe      PX\nX       PX\nXXXXX XXXX\nX H   X TX\nX XXXXX XX\nX        X\nXXXXXX XXX\nXTTX   XTX\nXTTXX XXTX\nX    b   X\nXXXXXXXXXX\n", "Health: 10 X: 1 Y: 12\nXXXXXXXXXX\nXm  \u221e    X\nX XXXXXX X\nXR      RX\nXXXX  XXXX\nX     \u221e  X\nX        X\nX      M X\nXXX  M XXX\nXe      PX\nX       PX\nXXXXX XXXX\nXH    X TX\nX XXXXX XX\nX        X\nXXXXXX XXX\nXTTX   XTX\nXTTXX XXTX\nX    b   X\nXXXXXXXXXX\n", "Health: 10 X: 1 Y: 13\nXXXXXXXXXX\nX   \u221e    X\nXmXXXXXX X\nXR      RX\nXXXX  XXXX\nX     \u221e  X\nX        X\nX      M X\nXXX  M XXX\nXe      PX\nX       PX\nXXXXX XXXX\nX     X TX\nXHXXXXX XX\nX        X\nXXXXXX XXX\nXTTX   XTX\nXTTXX XXTX\nX    b   X\nXXXXXXXXXX\n", "Health: 10 X: 1 Y: 14\nXXXXXXXXXX\nX   \u221e    X\nX XXXXXX X\nX\u221e      RX\nXXXX  XXXX\nX     \u221e  X\nX        X\nX      M X\nXXX  M XXX\nXe      PX\nX       PX\nXXXXX XXXX\nX     X TX\nX XXXXX XX\nXH       X\nXXXXXX XXX\nXTTX   XTX\nXTTXX XXTX\nX    b   X\nXXXXXXXXXX\n", "Health: 10 X: 2 Y: 14\nXXXXXXXXXX\nX   \u221e    X\nX XXXXXX X\nX\u221em     RX\nXXXX  XXXX\nX     \u221e  X\nX        X\nX      M X\nXXX  M XXX\nXe      PX\nX       PX\nXXXXX XXXX\nX     X TX\nX XXXXX XX\nX H      X\nXXXXXX XXX\nXTTX   XTX\nXTTXX XXTX\nX    b   X\nXXXXXXXXXX\n", "Health: 10 X: 3 Y: 14\nXXXXXXXXXX\nX   \u221e    X\nX XXXXXX X\nX\u221e m    RX\nXXXX  XXXX\nX     \u221e  X\nX        X\nX      M X\nXXX  M XXX\nXe      PX\nX       PX\nXXXXX XXXX\nX     X TX\nX XXXXX XX\nX  H     X\nXXXXXX XXX\nXTTX   XTX\nXTTXX XXTX\nX    b   X\nXXXXXXXXXX\n", "Health: 10 X: 4 Y: 14\nXXXXXXXXXX\nX   \u221e    X\nX XXXXXX X\nX\u221e  m   RX\nXXXX  XXXX\nX     \u221e  X\nX        X\nX      M X\nXXX  M XXX\nXe      PX\nX       PX\nXXXXX XXXX\nX     X TX\nX XXXXX XX\nX   H    X\nXXXXXX XXX\nXTTX   XTX\nXTTXX XXTX\nX    b   X\nXXXXXXXXXX\n", "Health: 10 X: 5 Y: 14\nXXXXXXXXXX\nX   \u221e    X\nX XXXXXX X\nX\u221e   m  RX\nXXXX  XXXX\nX     \u221e  X\nX        X\nX      M X\nXXX  M XXX\nXe      PX\nX       PX\nXXXXX XXXX\nX     X TX\nX XXXXX XX\nX    H   X\nXXXXXX XXX\nXTTX   XTX\nXTTXX XXTX\nX    b   X\nXXXXXXXXXX\n", "Health: 10 X: 6 Y: 14\nXXXXXXXXXX\nX   \u221e    X\nX XXXXXX X\nX\u221e      RX\nXXXX mXXXX\nX     \u221e  X\nX        X\nX      M X\nXXX  M XXX\nXe      PX\nX       PX\nXXXXX XXXX\nX     X TX\nX XXXXX XX\nX     H  X\nXXXXXX XXX\nXTTX   XTX\nXTTXXbXXTX\nX        X\nXXXXXXXXXX\n", "Health: 10 X: 7 Y: 14\nXXXXXXXXXX\nX   \u221e    X\nX XXXXXX X\nX\u221e      RX\nXXXX  XXXX\nX    m\u221e  X\nX        X\nX      M X\nXXX  M XXX\nXe      PX\nX       PX\nXXXXX XXXX\nX     X TX\nX XXXXX XX\nX      H X\nXXXXXX XXX\nXTTX   XTX\nXTTXXbXXTX\nX        X\nXXXXXXXXXX\n", "Health: 10 X: 7 Y: 13\nXXXXXXXXXX\nX   \u221e    X\nX XXXXXX X\nX\u221e      RX\nXXXX  XXXX\nX     \u221e  X\nX    m   X\nX      M X\nXXX  M XXX\nXe      PX\nX       PX\nXXXXX XXXX\nX     X TX\nX XXXXXHXX\nX        X\nXXXXXX XXX\nXTTX b XTX\nXTTXX XXTX\nX        X\nXXXXXXXXXX\n", "Health: 10 X: 7 Y: 12\nXXXXXXXXXX\nX   \u221e    X\nX XXXXXX X\nX\u221e      RX\nXXXX  XXXX\nX     \u221e  X\nX        X\nX    m M X\nXXX  M XXX\nXe      PX\nX       PX\nXXXXX XXXX\nX     XHTX\nX XXXXX XX\nX        X\nXXXXXX XXX\nXTTX b XTX\nXTTXX XXTX\nX        X\nXXXXXXXXXX\n", "Health: 10 X: 8 Y: 12\nXXXXXXXXXX\nX   \u221e    X\nX XXXXXX X\nX\u221e      RX\nXXXX  XXXX\nX     \u221e  X\nX        X\nX      M X\nXXX  \u221e XXX\nXe      PX\nX       PX\nXXXXX XXXX\nX     X  X\nX XXXXX XX\nX        X\nXXXXXX XXX\nXTTX b XTX\nXTTXX XXTX\nX        X\nXXXXXXXXXX\n", "Health: 10 X: 7 Y: 12\nXXXXXXXXXX\nX   \u221e    X\nX XXXXXX X\nX\u221e      RX\nXXXX  XXXX\nX     \u221e  X\nX        X\nX      M X\nXXX  \u221e XXX\nXe      PX\nX       PX\nXXXXX XXXX\nX     XH X\nX XXXXX XX\nX        X\nXXXXXX XXX\nXTTX b XTX\nXTTXX XXTX\nX        X\nXXXXXXXXXX\n", "Health: 10 X: 7 Y: 13\nXXXXXXXXXX\nX   \u221e    X\nX XXXXXX X\nX\u221e      RX\nXXXX  XXXX\nX     \u221e  X\nX        X\nX      M X\nXXX  \u221e XXX\nXe      PX\nX       PX\nXXXXX XXXX\nX     X  X\nX XXXXXHXX\nX        X\nXXXXXX XXX\nXTTX b XTX\nXTTXX XXTX\nX        X\nXXXXXXXXXX\n", "Health: 10 X: 7 Y: 14\nXXXXXXXXXX\nX   \u221e    X\nX XXXXXX X\nX\u221e      RX\nXXXX  XXXX\nX     \u221e  X\nX        X\nX      M X\nXXX  \u221e XXX\nXe      PX\nX       PX\nXXXXX XXXX\nX     X  X\nX XXXXX XX\nX      H X\nXXXXXX XXX\nXTTX b XTX\nXTTXX XXTX\nX        X\nXXXXXXXXXX\n", "Health: 10 X: 6 Y: 14\nXXXXXXXXXX\nX   \u221e    X\nX XXXXXX X\nX\u221e      RX\nXXXX  XXXX\nX     \u221e  X\nX        X\nX      M X\nXXX  \u221e XXX\nXe      PX\nX       PX\nXXXXX XXXX\nX     X  X\nX XXXXX XX\nX     H  X\nXXXXXX XXX\nXTTX b XTX\nXTTXX XXTX\nX        X\nXXXXXXXXXX\n", "Health: 10 X: 5 Y: 14\nXXXXXXXXXX\nX   \u221e    X\nX XXXXXX X\nX\u221e      RX\nXXXX  XXXX\nX     \u221e  X\nX        X\nX      M X\nXXX  \u221e XXX\nXe      PX\nX       PX\nXXXXX XXXX\nX     X  X\nX XXXXX XX\nX    H   X\nXXXXXX XXX\nXTTX b XTX\nXTTXX XXTX\nX        X\nXXXXXXXXXX\n", "Health: 10 X: 6 Y: 14\nXXXXXXXXXX\nX   \u221e    X\nX XXXXXX X\nX\u221e      RX\nXXXX  XXXX\nX     \u221e  X\nX        X\nX      M X\nXXX  \u221e XXX\nXe   m  PX\nX       PX\nXXXXX XXXX\nX     X  X\nX XXXXX XX\nX     H  X\nXXXXXX XXX\nXTTX b XTX\nXTTXX XXTX\nX        X\nXXXXXXXXXX\n", "Health: 10 X: 6 Y: 15\nXXXXXXXXXX\nX   \u221e    X\nX XXXXXX X\nX\u221e      RX\nXXXX  XXXX\nX     \u221e  X\nX        X\nX      M X\nXXX  \u221e XXX\nXe      PX\nX    m  PX\nXXXXX XXXX\nX     X  X\nX XXXXX XX\nX        X\nXXXXXXHXXX\nXTTX b XTX\nXTTXX XXTX\nX        X\nXXXXXXXXXX\n", "Health: 9 X: 6 Y: 16\nXXXXXXXXXX\nX   \u221e    X\nX XXXXXX X\nX\u221e      RX\nXXXX  XXXX\nX     \u221e  X\nX        X\nX      M X\nXXX  \u221e XXX\nXe      PX\nX       PX\nXXXXXmXXXX\nX     X  X\nX XXXXX XX\nX        X\nXXXXXX XXX\nXTTX \u221eHXTX\nXTTXX XXTX\nX        X\nXXXXXXXXXX\n", "Health: 9 X: 5 Y: 16\nXXXXXXXXXX\nX   \u221e    X\nX XXXXXX X\nX\u221e      RX\nXXXX  XXXX\nX     \u221e  X\nX        X\nX      M X\nXXX  \u221e XXX\nXe      PX\nX       PX\nXXXXX XXXX\nX    mX  X\nX XXXXX XX\nX        X\nXXXXXX XXX\nXTTX \u221e XTX\nXTTXX XXTX\nX        X\nXXXXXXXXXX\n", "Health: 9 X: 5 Y: 17\nXXXXXXXXXX\nX   \u221e    X\nX XXXXXX X\nX\u221e      RX\nXXXX  XXXX\nX     \u221e  X\nX        X\nX      M X\nXXX  \u221e XXX\nXe      PX\nX       PX\nXXXXX XXXX\nX   m X  X\nX XXXXX XX\nX        X\nXXXXXX XXX\nXTTX \u221e XTX\nXTTXXHXXTX\nX        X\nXXXXXXXXXX\n", "Health: 9 X: 5 Y: 18\nXXXXXXXXXX\nX   \u221e    X\nX XXXXXX X\nX\u221e      RX\nXXXX  XXXX\nX     \u221e  X\nX        X\nX      M X\nXXX  \u221e XXX\nXe      PX\nX       PX\nXXXXX XXXX\nX  m  X  X\nX XXXXX XX\nX        X\nXXXXXX XXX\nXTTX \u221e XTX\nXTTXX XXTX\nX    H   X\nXXXXXXXXXX\n", "Health: 9 X: 6 Y: 18\nXXXXXXXXXX\nX   \u221e    X\nX XXXXXX X\nX\u221e      RX\nXXXX  XXXX\nX     \u221e  X\nX        X\nX      M X\nXXX  \u221e XXX\nXe      PX\nX       PX\nXXXXX XXXX\nX m   X  X\nX XXXXX XX\nX        X\nXXXXXX XXX\nXTTX \u221e XTX\nXTTXX XXTX\nX     H  X\nXXXXXXXXXX\n", "Health: 9 X: 7 Y: 18\nXXXXXXXXXX\nX   \u221e    X\nX XXXXXX X\nX\u221e      RX\nXXXX  XXXX\nX     \u221e  X\nX        X\nX      M X\nXXX  \u221e XXX\nXe      PX\nX       PX\nXXXXX XXXX\nXm    X  X\nX XXXXX XX\nX        X\nXXXXXX XXX\nXTTX \u221e XTX\nXTTXX XXTX\nX      H X\nXXXXXXXXXX\n", "Health: 9 X: 8 Y: 18\nXXXXXXXXXX\nX   \u221e    X\nX XXXXXX X\nX\u221e      RX\nXXXX  XXXX\nX     \u221e  X\nX        X\nX      M X\nXXX  \u221e XXX\nXe      PX\nX       PX\nXXXXX XXXX\nX     X  X\nXmXXXXX XX\nX        X\nXXXXXX XXX\nXTTX \u221e XTX\nXTTXX XXTX\nX       HX\nXXXXXXXXXX\n", "Health: 9 X: 8 Y: 17\nXXXXXXXXXX\nX   \u221e    X\nX XXXXXX X\nX\u221e      RX\nXXXX  XXXX\nX     \u221e  X\nX        X\nX      M X\nXXX  \u221e XXX\nXe      PX\nX       PX\nXXXXX XXXX\nX     X  X\nX XXXXX XX\nXm       X\nXXXXXX XXX\nXTTX \u221e XTX\nXTTXX XX X\nX        X\nXXXXXXXXXX\n", "Health: 9 X: 8 Y: 16\nXXXXXXXXXX\nX   \u221e    X\nX XXXXXX X\nX\u221e      RX\nXXXX  XXXX\nX     \u221e  X\nX        X\nX      M X\nXXX  \u221e XXX\nXe      PX\nX       PX\nXXXXX XXXX\nX     X  X\nX XXXXX XX\nX m      X\nXXXXXX XXX\nXTTX \u221e X X\nXTTXX XX X\nX        X\nXXXXXXXXXX\n", "Health: 9 X: 8 Y: 17\nXXXXXXXXXX\nX   \u221e    X\nX XXXXXX X\nX\u221e      RX\nXXXX  XXXX\nX     \u221e  X\nX        X\nX      M X\nXXX  \u221e XXX\nXe      PX\nX       PX\nXXXXX XXXX\nX     X  X\nX XXXXX XX\nX  m     X\nXXXXXX XXX\nXTTX \u221e X X\nXTTXX XX X\nX        X\nXXXXXXXXXX\n", "Health: 9 X: 8 Y: 18\nXXXXXXXXXX\nX   \u221e    X\nX XXXXXX X\nX\u221e      RX\nXXXX  XXXX\nX     \u221e  X\nX        X\nX      M X\nXXX  \u221e XXX\nXe      PX\nX       PX\nXXXXX XXXX\nX     X  X\nX XXXXX XX\nX   m    X\nXXXXXX XXX\nXTTX \u221e X X\nXTTXX XX X\nX       HX\nXXXXXXXXXX\n", "Health: 9 X: 7 Y: 18\nXXXXXXXXXX\nX   \u221e    X\nX XXXXXX X\nX\u221e      RX\nXXXX  XXXX\nX     \u221e  X\nX        X\nX      M X\nXXX  \u221e XXX\nXe      PX\nX       PX\nXXXXX XXXX\nX     X  X\nX XXXXX XX\nX    m   X\nXXXXXX XXX\nXTTX \u221e X X\nXTTXX XX X\nX      H X\nXXXXXXXXXX\n", "Health: 9 X: 6 Y: 18\nXXXXXXXXXX\nX   \u221e    X\nX XXXXXX X\nX\u221e      RX\nXXXX  XXXX\nX     \u221e  X\nX        X\nX      M X\nXXX  \u221e XXX\nXe      PX\nX       PX\nXXXXX XXXX\nX     X  X\nX XXXXX XX\nX     m  X\nXXXXXX XXX\nXTTX \u221e X X\nXTTXX XX X\nX     H  X\nXXXXXXXXXX\n", "Health: 9 X: 5 Y: 18\nXXXXXXXXXX\nX   \u221e    X\nX XXXXXX X\nX\u221e      RX\nXXXX  XXXX\nX     \u221e  X\nX        X\nX      M X\nXXX  \u221e XXX\nXe      PX\nX       PX\nXXXXX XXXX\nX     X  X\nX XXXXX XX\nX        X\nXXXXXXmXXX\nXTTX \u221e X X\nXTTXX XX X\nX    H   X\nXXXXXXXXXX\n", "Health: 9 X: 4 Y: 18\nXXXXXXXXXX\nX   \u221e    X\nX XXXXXX X\nX\u221e      RX\nXXXX  XXXX\nX     \u221e  X\nX        X\nX      M X\nXXX  \u221e XXX\nXe      PX\nX       PX\nXXXXX XXXX\nX     X  X\nX XXXXX XX\nX        X\nXXXXXX XXX\nXTTX \u221emX X\nXTTXX XX X\nX   H    X\nXXXXXXXXXX\n", "Health: 9 X: 3 Y: 18\nXXXXXXXXXX\nX   \u221e    X\nX XXXXXX X\nX\u221e      RX\nXXXX  XXXX\nX     \u221e  X\nX        X\nX      M X\nXXX  \u221e XXX\nXe      PX\nX       PX\nXXXXX XXXX\nX     X  X\nX XXXXX XX\nX        X\nXXXXXX XXX\nXTTX \u221e X X\nXTTXX XX X\nX  H     X\nXXXXXXXXXX\n", "Health: 9 X: 2 Y: 18\nXXXXXXXXXX\nX   \u221e    X\nX XXXXXX X\nX\u221e      RX\nXXXX  XXXX\nX     \u221e  X\nX        X\nX      M X\nXXX  \u221e XXX\nXe      PX\nX       PX\nXXXXX XXXX\nX     X  X\nX XXXXX XX\nX        X\nXXXXXX XXX\nXTTX \u221e X X\nXTTXXmXX X\nX H      X\nXXXXXXXXXX\n", "Health: 9 X: 1 Y: 18\nXXXXXXXXXX\nX   \u221e    X\nX XXXXXX X\nX\u221e      RX\nXXXX  XXXX\nX     \u221e  X\nX        X\nX      M X\nXXX  \u221e XXX\nXe      PX\nX       PX\nXXXXX XXXX\nX     X  X\nX XXXXX XX\nX        X\nXXXXXX XXX\nXTTX \u221e X X\nXTTXX XX X\nXH   m   X\nXXXXXXXXXX\n", "Health: 9 X: 1 Y: 17\nXXXXXXXXXX\nX   \u221e    X\nX XXXXXX X\nX\u221e      RX\nXXXX  XXXX\nX     \u221e  X\nX        X\nX      M X\nXXX  \u221e XXX\nXe      PX\nX       PX\nXXXXX XXXX\nX     X  X\nX XXXXX XX\nX        X\nXXXXXX XXX\nXTTX \u221e X X\nX TXX XX X\nX   m    X\nXXXXXXXXXX\n", "Health: 9 X: 1 Y: 16\nXXXXXXXXXX\nX   \u221e    X\nX XXXXXX X\nX\u221e      RX\nXXXX  XXXX\nX     \u221e  X\nX        X\nX      M X\nXXX  \u221e XXX\nXe      PX\nX       PX\nXXXXX XXXX\nX     X  X\nX XXXXX XX\nX        X\nXXXXXX XXX\nX TX \u221e X X\nX TXX XX X\nX  m     X\nXXXXXXXXXX\n", "Health: 9 X: 2 Y: 16\nXXXXXXXXXX\nX   \u221e    X\nX XXXXXX X\nX\u221e      RX\nXXXX  XXXX\nX     \u221e  X\nX        X\nX      M X\nXXX  \u221e XXX\nXe      PX\nX       PX\nXXXXX XXXX\nX     X  X\nX XXXXX XX\nX        X\nXXXXXX XXX\nX  X \u221e X X\nX TXX XX X\nX m      X\nXXXXXXXXXX\n", "Health: 8 X: 2 Y: 17\nXXXXXXXXXX\nX   \u221e    X\nX XXXXXX X\nX\u221e      RX\nXXXX  XXXX\nX     \u221e  X\nX        X\nX      M X\nXXX  \u221e XXX\nXe      PX\nX       PX\nXXXXX XXXX\nX     X  X\nX XXXXX XX\nX        X\nXXXXXX XXX\nX  X \u221e X X\nX  XX XX X\nX m      X\nXXXXXXXXXX\n", "Health: 8 X: 2 Y: 18\nXXXXXXXXXX\nX   \u221e    X\nX XXXXXX X\nX\u221e      RX\nXXXX  XXXX\nX     \u221e  X\nX        X\nX      M X\nXXX  \u221e XXX\nXe      PX\nX       PX\nXXXXX XXXX\nX     X  X\nX XXXXX XX\nX        X\nXXXXXX XXX\nX  X \u221e X X\nX  XX XX X\nX m      X\nXXXXXXXXXX\n", "Health: 8 X: 3 Y: 18\nXXXXXXXXXX\nX   \u221e    X\nX XXXXXX X\nX\u221e      RX\nXXXX  XXXX\nX     \u221e  X\nX        X\nX      M X\nXXX  \u221e XXX\nXe      PX\nX       PX\nXXXXX XXXX\nX     X  X\nX XXXXX XX\nX        X\nXXXXXX XXX\nX  X \u221e X X\nX  XX XX X\nX mH     X\nXXXXXXXXXX\n", "Health: 8 X: 4 Y: 18\nXXXXXXXXXX\nX   \u221e    X\nX XXXXXX X\nX\u221e      RX\nXXXX  XXXX\nX     \u221e  X\nX        X\nX      M X\nXXX  \u221e XXX\nXe      PX\nX       PX\nXXXXX XXXX\nX     X  X\nX XXXXX XX\nX        X\nXXXXXX XXX\nX  X \u221e X X\nX  XX XX X\nX m H    X\nXXXXXXXXXX\n", "Health: 8 X: 5 Y: 18\nXXXXXXXXXX\nX   \u221e    X\nX XXXXXX X\nX\u221e      RX\nXXXX  XXXX\nX     \u221e  X\nX        X\nX      M X\nXXX  \u221e XXX\nXe      PX\nX       PX\nXXXXX XXXX\nX     X  X\nX XXXXX XX\nX        X\nXXXXXX XXX\nX  X \u221e X X\nX  XX XX X\nX m  H   X\nXXXXXXXXXX\n", "Health: 8 X: 5 Y: 17\nXXXXXXXXXX\nX   \u221e    X\nX XXXXXX X\nX\u221e      RX\nXXXX  XXXX\nX     \u221e  X\nX        X\nX      M X\nXXX  \u221e XXX\nXe      PX\nX       PX\nXXXXX XXXX\nX     X  X\nX XXXXX XX\nX        X\nXXXXXX XXX\nX  X \u221e X X\nX  XXHXX X\nX m      X\nXXXXXXXXXX\n", "Health: 8 X: 5 Y: 16\nXXXXXXXXXX\nX   \u221e    X\nX XXXXXX X\nX\u221e      RX\nXXXX  XXXX\nX     \u221e  X\nX        X\nX      M X\nXXX  \u221e XXX\nXe      PX\nX       PX\nXXXXX XXXX\nX     X  X\nX XXXXX XX\nX        X\nXXXXXX XXX\nX  X \u221e X X\nX  XX XX X\nX  m     X\nXXXXXXXXXX\n", "Health: 8 X: 6 Y: 16\nXXXXXXXXXX\nX   \u221e    X\nX XXXXXX X\nX\u221e      RX\nXXXX  XXXX\nX     \u221e  X\nX        X\nX      M X\nXXX  \u221e XXX\nXe      PX\nX       PX\nXXXXX XXXX\nX     X  X\nX XXXXX XX\nX        X\nXXXXXX XXX\nX  X \u221eHX X\nX  XX XX X\nX   m    X\nXXXXXXXXXX\n", "Health: 8 X: 6 Y: 15\nXXXXXXXXXX\nX   \u221e    X\nX XXXXXX X\nX\u221e      RX\nXXXX  XXXX\nX     \u221e  X\nX        X\nX      M X\nXXX  \u221e XXX\nXe      PX\nX       PX\nXXXXX XXXX\nX     X  X\nX XXXXX XX\nX        X\nXXXXXXHXXX\nX  X \u221e X X\nX  XX XX X\nX    m   X\nXXXXXXXXXX\n", "Health: 8 X: 6 Y: 14\nXXXXXXXXXX\nX   \u221e    X\nX XXXXXX X\nX\u221e      RX\nXXXX  XXXX\nX     \u221e  X\nX        X\nX      M X\nXXX  \u221e XXX\nXe      PX\nX       PX\nXXXXX XXXX\nX     X  X\nX XXXXX XX\nX     H  X\nXXXXXX XXX\nX  X \u221e X X\nX  XXmXX X\nX        X\nXXXXXXXXXX\n", "Health: 8 X: 5 Y: 14\nXXXXXXXXXX\nX   \u221e    X\nX XXXXXX X\nX\u221e      RX\nXXXX  XXXX\nX     \u221e  X\nX        X\nX      M X\nXXX  \u221e XXX\nXe      PX\nX       PX\nXXXXX XXXX\nX     X  X\nX XXXXX XX\nX    H   X\nXXXXXX XXX\nX  X \u221e X X\nX  XX XX X\nX        X\nXXXXXXXXXX\n", "Health: 8 X: 4 Y: 14\nXXXXXXXXXX\nX   \u221e    X\nX XXXXXX X\nX\u221e      RX\nXXXX  XXXX\nX     \u221e  X\nX        X\nX      M X\nXXX  \u221e XXX\nXe      PX\nX       PX\nXXXXX XXXX\nX     X  X\nX XXXXX XX\nX   H    X\nXXXXXX XXX\nX  X \u221emX X\nX  XX XX X\nX        X\nXXXXXXXXXX\n", "Health: 8 X: 3 Y: 14\nXXXXXXXXXX\nX   \u221e    X\nX XXXXXX X\nX\u221e      RX\nXXXX  XXXX\nX     \u221e  X\nX        X\nX      M X\nXXX  \u221e XXX\nXe      PX\nX       PX\nXXXXX XXXX\nX     X  X\nX XXXXX XX\nX  H     X\nXXXXXXmXXX\nX  X \u221e X X\nX  XX XX X\nX        X\nXXXXXXXXXX\n", "Health: 8 X: 2 Y: 14\nXXXXXXXXXX\nX   \u221e    X\nX XXXXXX X\nX\u221e      RX\nXXXX  XXXX\nX     \u221e  X\nX        X\nX      M X\nXXX  \u221e XXX\nXe      PX\nX       PX\nXXXXX XXXX\nX     X  X\nX XXXXX XX\nX H   m  X\nXXXXXX XXX\nX  X \u221e X X\nX  XX XX X\nX        X\nXXXXXXXXXX\n", "Health: 8 X: 1 Y: 14\nXXXXXXXXXX\nX   \u221e    X\nX XXXXXX X\nX\u221e      RX\nXXXX  XXXX\nX     \u221e  X\nX        X\nX      M X\nXXX  \u221e XXX\nXe      PX\nX       PX\nXXXXX XXXX\nX     X  X\nX XXXXX XX\nXH   m   X\nXXXXXX XXX\nX  X \u221e X X\nX  XX XX X\nX        X\nXXXXXXXXXX\n", "Health: 8 X: 1 Y: 13\nXXXXXXXXXX\nX   \u221e    X\nX XXXXXX X\nX\u221e      RX\nXXXX  XXXX\nX     \u221e  X\nX        X\nX      M X\nXXX  \u221e XXX\nXe      PX\nX       PX\nXXXXX XXXX\nX     X  X\nXHXXXXX XX\nX   m    X\nXXXXXX XXX\nX  X \u221e X X\nX  XX XX X\nX        X\nXXXXXXXXXX\n", "Health: 8 X: 1 Y: 12\nXXXXXXXXXX\nX   \u221e    X\nX XXXXXX X\nX\u221e      RX\nXXXX  XXXX\nX     \u221e  X\nX        X\nX      M X\nXXX  \u221e XXX\nXe      PX\nX       PX\nXXXXX XXXX\nXH    X  X\nX XXXXX XX\nX  m     X\nXXXXXX XXX\nX  X \u221e X X\nX  XX XX X\nX        X\nXXXXXXXXXX\n", "Health: 8 X: 2 Y: 12\nXXXXXXXXXX\nX   \u221e    X\nX XXXXXX X\nX\u221e      RX\nXXXX  XXXX\nX     \u221e  X\nX        X\nX      M X\nXXX  \u221e XXX\nXe      PX\nX       PX\nXXXXX XXXX\nX H   X  X\nX XXXXX XX\nX m      X\nXXXXXX XXX\nX  X \u221e X X\nX  XX XX X\nX        X\nXXXXXXXXXX\n", "Health: 8 X: 3 Y: 12\nXXXXXXXXXX\nX   \u221e    X\nX XXXXXX X\nX\u221e      RX\nXXXX  XXXX\nX     \u221e  X\nX        X\nX      M X\nXXX  \u221e XXX\nXe      PX\nX       PX\nXXXXX XXXX\nX  H  X  X\nX XXXXX XX\nXm       X\nXXXXXX XXX\nX  X \u221e X X\nX  XX XX X\nX        X\nXXXXXXXXXX\n", "Health: 8 X: 4 Y: 12\nXXXXXXXXXX\nX   \u221e    X\nX XXXXXX X\nX\u221e      RX\nXXXX  XXXX\nX     \u221e  X\nX        X\nX      M X\nXXX  \u221e XXX\nXe      PX\nX       PX\nXXXXX XXXX\nX   H X  X\nXmXXXXX XX\nX        X\nXXXXXX XXX\nX  X \u221e X X\nX  XX XX X\nX        X\nXXXXXXXXXX\n", "Health: 8 X: 5 Y: 12\nXXXXXXXXXX\nX   \u221e    X\nX XXXXXX X\nX\u221e      RX\nXXXX  XXXX\nX     \u221e  X\nX        X\nX      M X\nXXX  \u221e XXX\nXe      PX\nX       PX\nXXXXX XXXX\nXm   HX  X\nX XXXXX XX\nX        X\nXXXXXX XXX\nX  X \u221e X X\nX  XX XX X\nX        X\nXXXXXXXXXX\n", "Health: 8 X: 5 Y: 11\nXXXXXXXXXX\nX   \u221e    X\nX XXXXXX X\nX\u221e      RX\nXXXX  XXXX\nX     \u221e  X\nX        X\nX      M X\nXXX  \u221e XXX\nXe      PX\nX       PX\nXXXXXHXXXX\nX m   X  X\nX XXXXX XX\nX        X\nXXXXXX XXX\nX  X \u221e X X\nX  XX XX X\nX        X\nXXXXXXXXXX\n", "Health: 8 X: 5 Y: 10\nXXXXXXXXXX\nX   \u221e    X\nX XXXXXX X\nX\u221e      RX\nXXXX  XXXX\nX     \u221e  X\nX        X\nX      M X\nXXX  \u221e XXX\nXe      PX\nX    H  PX\nXXXXX XXXX\nX  m  X  X\nX XXXXX XX\nX        X\nXXXXXX XXX\nX  X \u221e X X\nX  XX XX X\nX        X\nXXXXXXXXXX\n", "Health: 8 X: 6 Y: 10\nXXXXXXXXXX\nX   \u221e    X\nX XXXXXX X\nX\u221e      RX\nXXXX  XXXX\nX     \u221e  X\nX        X\nX      M X\nXXX  \u221e XXX\nXe      PX\nX     H PX\nXXXXX XXXX\nX   m X  X\nX XXXXX XX\nX        X\nXXXXXX XXX\nX  X \u221e X X\nX  XX XX X\nX        X\nXXXXXXXXXX\n", "Health: 8 X: 7 Y: 10\nXXXXXXXXXX\nX   \u221e    X\nX XXXXXX X\nX\u221e      RX\nXXXX  XXXX\nX     \u221e  X\nX        X\nX      M X\nXXX  \u221e XXX\nXe      PX\nX      HPX\nXXXXX XXXX\nX    mX  X\nX XXXXX XX\nX        X\nXXXXXX XXX\nX  X \u221e X X\nX  XX XX X\nX        X\nXXXXXXXXXX\n", "Health: 10 X: 8 Y: 10\nXXXXXXXXXX\nX   \u221e    X\nX XXXXXX X\nX\u221e      RX\nXXXX  XXXX\nX     \u221e  X\nX        X\nX      M X\nXXX  \u221e XXX\nXe      PX\nX        X\nXXXXXmXXXX\nX     X  X\nX XXXXX XX\nX        X\nXXXXXX XXX\nX  X \u221e X X\nX  XX XX X\nX        X\nXXXXXXXXXX\n", "Health: 12 X: 8 Y: 9\nXXXXXXXXXX\nX   \u221e    X\nX XXXXXX X\nX\u221e      RX\nXXXX  XXXX\nX     \u221e  X\nX        X\nX      M X\nXXX  \u221e XXX\nXe       X\nX    m   X\nXXXXX XXXX\nX     X  X\nX XXXXX XX\nX        X\nXXXXXX XXX\nX  X \u221e X X\nX  XX XX X\nX        X\nXXXXXXXXXX\n", "Health: 12 X: 7 Y: 9\nXXXXXXXXXX\nX   \u221e    X\nX XXXXXX X\nX\u221e      RX\nXXXX  XXXX\nX     \u221e  X\nX        X\nX      M X\nXXX  \u221e XXX\nXe   m H X\nX        X\nXXXXX XXXX\nX     X  X\nX XXXXX XX\nX        X\nXXXXXX XXX\nX  X \u221e X X\nX  XX XX X\nX        X\nXXXXXXXXXX\n", "Health: 11 X: 6 Y: 9\nXXXXXXXXXX\nX   \u221e    X\nX XXXXXX X\nX\u221e      RX\nXXXX  XXXX\nX     \u221e  X\nX        X\nX      M X\nXXX  \u221e XXX\nXe   mH  X\nX        X\nXXXXX XXXX\nX     X  X\nX XXXXX XX\nX        X\nXXXXXX XXX\nX  X \u221e X X\nX  XX XX X\nX        X\nXXXXXXXXXX\n", "Health: 11 X: 5 Y: 9\nXXXXXXXXXX\nX   \u221e    X\nX XXXXXX X\nX\u221e      RX\nXXXX  XXXX\nX     \u221e  X\nX        X\nX      M X\nXXX  \u221e XXX\nXe   m   X\nX        X\nXXXXX XXXX\nX     X  X\nX XXXXX XX\nX        X\nXXXXXX XXX\nX  X \u221e X X\nX  XX XX X\nX        X\nXXXXXXXXXX\n", "Health: 11 X: 4 Y: 9\nXXXXXXXXXX\nX   \u221e    X\nX XXXXXX X\nX\u221e      RX\nXXXX  XXXX\nX     \u221e  X\nX        X\nX     M  X\nXXX  \u221e XXX\nXe  Hm   X\nX        X\nXXXXX XXXX\nX     X  X\nX XXXXX XX\nX        X\nXXXXXX XXX\nX  X \u221e X X\nX  XX XX X\nX        X\nXXXXXXXXXX\n", "Health: 11 X: 3 Y: 9\nXXXXXXXXXX\nX   \u221e    X\nX XXXXXX X\nX\u221e      RX\nXXXX  XXXX\nX     \u221e  X\nX        X\nX    M   X\nXXX  \u221e XXX\nXe H m   X\nX        X\nXXXXX XXXX\nX     X  X\nX XXXXX XX\nX        X\nXXXXXX XXX\nX  X \u221e X X\nX  XX XX X\nX        X\nXXXXXXXXXX\n", "Health: 11 X: 2 Y: 9\nXXXXXXXXXX\nX   \u221e    X\nX XXXXXX X\nX\u221e      RX\nXXXX  XXXX\nX     \u221e  X\nX        X\nX   M    X\nXXX  \u221e XXX\nXeH  m   X\nX        X\nXXXXX XXXX\nX     X  X\nX XXXXX XX\nX        X\nXXXXXX XXX\nX  X \u221e X X\nX  XX XX X\nX        X\nXXXXXXXXXX\n", "Health: 11 X: 1 Y: 9\nXXXXXXXXXX\nX   \u221e    X\nX XXXXXX X\nX\u221e      RX\nXXXX  XXXX\nX     \u221e  X\nX        X\nX   M    X\nXXX  \u221e XXX\nXe   m   X\nX        X\nXXXXX XXXX\nX     X  X\nX XXXXX XX\nX        X\nXXXXXX XXX\nX  X \u221e X X\nX  XX XX X\nX        X\nXXXXXXXXXX\n"], "map_number": 102}, {"mechanics": [{"timestep": 1, "mechanic": "CollectTreasure"}, {"timestep": 3, "mechanic": "OgreTreasure"}, {"timestep": 4, "mechanic": "CollectTreasure"}, {"timestep": 6, "mechanic": "MinitaurHit"}, {"timestep": 7, "mechanic": "MinitaurHit"}, {"timestep": 10, "mechanic": "TriggerTrap"}, {"timestep": 11, "mechanic": "CollectTreasure"}, {"timestep": 12, "mechanic": "CollectTreasure"}, {"timestep": 14, "mechanic": "JavelinThrow"}, {"timestep": 15, "mechanic": "TriggerTrap"}, {"timestep": 16, "mechanic": "MinitaurHit"}, {"timestep": 18, "mechanic": "MinitaurHit"}, {"timestep": 19, "mechanic": "MinitaurHit"}, {"timestep": 35, "mechanic": "ReachStairs"}], "frequencies": {"CollectTreasure": 4, "OgreTreasure": 1, "MinitaurHit": 5, "TriggerTrap": 2, "JavelinThrow": 1, "ReachStairs": 1}, "levelReport": {"utilityGained": 0.0, "exitUtility": 1.0, "runnerUtility": 0.64, "loitererUtility": 36.0, "completionistUtility": 0.3933333333333333, "monsterKillerUtility": 0.3, "treasureCollectorUtility": 0.58, "turnsTaken": 36, "health": 6, "healthLost": 4, "alive": true, "javelinsThrown": 1, "monsterKills": 0, "minitaurKnockouts": 3, "treasuresCollected": 4, "potionsTaken": 0, "totalMonsters": 5, "totalTreasures": 10, "totalPotions": 1, "timeTaken": 0.0}, "positions": [{"X": 4, "Y": 3}, {"X": 3, "Y": 3}, {"X": 4, "Y": 3}, {"X": 5, "Y": 3}, {"X": 6, "Y": 3}, {"X": 7, "Y": 3}, {"X": 6, "Y": 3}, {"X": 5, "Y": 3}, {"X": 5, "Y": 2}, {"X": 5, "Y": 1}, {"X": 6, "Y": 1}, {"X": 7, "Y": 1}, {"X": 8, "Y": 1}, {"X": 7, "Y": 1}, {"X": 7, "Y": 1}, {"X": 6, "Y": 1}, {"X": 5, "Y": 1}, {"X": 4, "Y": 1}, {"X": 5, "Y": 1}, {"X": 5, "Y": 2}, {"X": 5, "Y": 3}, {"X": 5, "Y": 4}, {"X": 5, "Y": 5}, {"X": 5, "Y": 6}, {"X": 5, "Y": 7}, {"X": 5, "Y": 8}, {"X": 5, "Y": 9}, {"X": 5, "Y": 10}, {"X": 5, "Y": 11}, {"X": 5, "Y": 12}, {"X": 5, "Y": 13}, {"X": 5, "Y": 14}, {"X": 5, "Y": 15}, {"X": 5, "Y": 16}, {"X": 5, "Y": 17}, {"X": 5, "Y": 18}], "levelStates": ["Health: 10 X: 4 Y: 3\nXXXXXXXXXX\nX m   tTTX\nXXXXX XXXX\nXX TH T  X\nXX XX XX X\nX   X X oX\nX   X X  X\nX  bX XT X\nXX XX XXTX\nX P X X  X\nXX XX XTXX\nX  TX X TX\nX M X X TX\nX   X X  X\nXX XX XTXX\nX R X X  X\nX   X XXTX\nX XXX X  X\nX    e   X\nXXXXXXXXXX\n", "Health: 10 X: 3 Y: 3\nXXXXXXXXXX\nX  m  tTTX\nXXXXX XXXX\nXX    T  X\nXX XX XX X\nX   X Xo X\nX   X X  X\nX  bX XT X\nXX XX XXTX\nX P X X  X\nXX XX XTXX\nX  TX X TX\nX M X X TX\nX   X X  X\nXX XX XTXX\nX R X X  X\nX   X XXTX\nX XXX X  X\nX    e   X\nXXXXXXXXXX\n", "Health: 10 X: 4 Y: 3\nXXXXXXXXXX\nX   m tTTX\nXXXXX XXXX\nXX  H T  X\nXX XX XX X\nX   X X  X\nX   X Xo X\nX  bX XT X\nXX XX XXTX\nX P X X  X\nXX XX XTXX\nX  TX X TX\nX M X X TX\nX   X X  X\nXX XX XTXX\nX R X X  X\nX   X XXTX\nX XXX X  X\nX    e   X\nXXXXXXXXXX\n", "Health: 10 X: 5 Y: 3\nXXXXXXXXXX\nX    mtTTX\nXXXXX XXXX\nXX   HT  X\nXX XX XX X\nX   X X  X\nX   X X  X\nX  bX X  X\nXX XX XXTX\nX P X X  X\nXX XX XTXX\nX  TX X TX\nX M X X TX\nX   X X  X\nXX XX XTXX\nX R X X  X\nX   X XXTX\nX XXX X  X\nX    e   X\nXXXXXXXXXX\n", "Health: 10 X: 6 Y: 3\nXXXXXXXXXX\nX     tTTX\nXXXXXmXXXX\nXX       X\nXX XX XX X\nX   X X  X\nX   X X  X\nX  bX X  X\nXX XX XXTX\nX P X X  X\nXX XX XTXX\nX  TX X TX\nX M X X TX\nX   X X  X\nXX XX XTXX\nX R X X  X\nX   X XXTX\nX XXX X  X\nX    e   X\nXXXXXXXXXX\n", "Health: 10 X: 7 Y: 3\nXXXXXXXXXX\nX     tTTX\nXXXXX XXXX\nXX   m H X\nXX XX XX X\nX   X X  X\nX   X X  X\nX  bX X  X\nXX XX XXTX\nX P X X  X\nXX XX XTXX\nX  TX X TX\nX M X X TX\nX   X X  X\nXX XX XTXX\nX R X X  X\nX   X XXTX\nX XXX X  X\nX    e   X\nXXXXXXXXXX\n", "Health: 9 X: 6 Y: 3\nXXXXXXXXXX\nX     tTTX\nXXXXX XXXX\nXX   m   X\nXX XX XX X\nX   X X  X\nX   X X  X\nX  bX X  X\nXX XX XXTX\nX P X X  X\nXX XX XTXX\nX  TX X TX\nX M X X TX\nX   X X  X\nXX XX XTXX\nX R X X  X\nX   X XXTX\nX XXX X  X\nX    e   X\nXXXXXXXXXX\n", "Health: 9 X: 5 Y: 3\nXXXXXXXXXX\nX     tTTX\nXXXXX XXXX\nXX   m   X\nXX XX XX X\nX   X X  X\nX   X X  X\nX  bX X  X\nXX XX XXTX\nX P X X  X\nXX XX XTXX\nX  TX X TX\nX M X X TX\nX   X X  X\nXX XX XTXX\nX R X X  X\nX   X XXTX\nX XXX X  X\nX    e   X\nXXXXXXXXXX\n", "Health: 9 X: 5 Y: 2\nXXXXXXXXXX\nX     tTTX\nXXXXXHXXXX\nXX   m   X\nXX XX XX X\nX   X X  X\nX   X X  X\nX  bX X  X\nXX XX XXTX\nX P X X  X\nXX XX XTXX\nX  TX X TX\nX M X X TX\nX   X X  X\nXX XX XTXX\nX R X X  X\nX   X XXTX\nX XXX X  X\nX    e   X\nXXXXXXXXXX\n", "Health: 9 X: 5 Y: 1\nXXXXXXXXXX\nX    HtTTX\nXXXXX XXXX\nXX   m   X\nXX XX XX X\nX   X X  X\nX   X X  X\nX  bX X  X\nXX XX XXTX\nX P X X  X\nXX XX XTXX\nX  TX X TX\nX M X X TX\nX   X X  X\nXX XX XTXX\nX R X X  X\nX   X XXTX\nX XXX X  X\nX    e   X\nXXXXXXXXXX\n", "Health: 8 X: 6 Y: 1\nXXXXXXXXXX\nX     tTTX\nXXXXX XXXX\nXX   m   X\nXX XX XX X\nX   X X  X\nX   X X  X\nX  bX X  X\nXX XX XXTX\nX P X X  X\nXX XX XTXX\nX  TX X TX\nX M X X TX\nX   X X  X\nXX XX XTXX\nX R X X  X\nX   X XXTX\nX XXX X  X\nX    e   X\nXXXXXXXXXX\n", "Health: 8 X: 7 Y: 1\nXXXXXXXXXX\nX     t TX\nXXXXX XXXX\nXX   m   X\nXX XX XX X\nX   X X  X\nX   X X  X\nX  bX X  X\nXX XX XXTX\nX P X X  X\nXX XX XTXX\nX  TX X TX\nX M X X TX\nX   X X  X\nXX XX XTXX\nX R X X  X\nX   X XXTX\nX XXX X  X\nX    e   X\nXXXXXXXXXX\n", "Health: 8 X: 8 Y: 1\nXXXXXXXXXX\nX     t  X\nXXXXXmXXXX\nXX       X\nXX XX XX X\nX   X X  X\nX   X X  X\nX  bX X  X\nXX XX XXTX\nX P X X  X\nXX XX XTXX\nX  TX X TX\nX M X X TX\nX   X X  X\nXX XX XTXX\nX R X X  X\nX   X XXTX\nX XXX X  X\nX    e   X\nXXXXXXXXXX\n", "Health: 8 X: 7 Y: 1\nXXXXXXXXXX\nX    mt  X\nXXXXX XXXX\nXX       X\nXX XX XX X\nX   X X  X\nX   X X  X\nX  bX X  X\nXX XX XXTX\nX P X X  X\nXX XX XTXX\nX  TX X TX\nX M X X TX\nX   X X  X\nXX XX XTXX\nX R X X  X\nX   X XXTX\nX XXX X  X\nX    e   X\nXXXXXXXXXX\n", "Health: 8 X: 7 Y: 1\nXXXXXXXXXX\nX    mt  X\nXXXXX XXXX\nXX       X\nXX XX XX X\nX   X X  X\nX   X X  X\nX  bX X  X\nXX XX XXTX\nX P X X  X\nXX XX XTXX\nX  TX X TX\nX M X X TX\nX   X X  X\nXX XX XTXX\nX R X X  X\nX   X XXTX\nX XXX X  X\nX    e   X\nXXXXXXXXXX\n", "Health: 7 X: 6 Y: 1\nXXXXXXXXXX\nX    mt  X\nXXXXX XXXX\nXX       X\nXX XX XX X\nX   X X  X\nX   X X  X\nX  bX X  X\nXX XX XXTX\nX P X X  X\nXX XX XTXX\nX  TX X TX\nX M X X TX\nX   X X  X\nXX XX XTXX\nX R X X  X\nX   X XXTX\nX XXX X  X\nX    e   X\nXXXXXXXXXX\n", "Health: 7 X: 5 Y: 1\nXXXXXXXXXX\nX    mt  X\nXXXXX XXXX\nXX       X\nXX XX XX X\nX   X X  X\nX   X X  X\nX  bX X  X\nXX XX XXTX\nX P X X  X\nXX XX XTXX\nX  TX X TX\nX M X X TX\nX   X X  X\nXX XX XTXX\nX R X X  X\nX   X XXTX\nX XXX X  X\nX    e   X\nXXXXXXXXXX\n", "Health: 7 X: 4 Y: 1\nXXXXXXXXXX\nX   Hmt  X\nXXXXX XXXX\nXX       X\nXX XX XX X\nX   X X  X\nX   X X  X\nX  bX X  X\nXX XX XXTX\nX P X X  X\nXX XX XTXX\nX  TX X TX\nX M X X TX\nX   X X  X\nXX XX XTXX\nX R X X  X\nX   X XXTX\nX XXX X  X\nX    e   X\nXXXXXXXXXX\n", "Health: 7 X: 5 Y: 1\nXXXXXXXXXX\nX    mt  X\nXXXXX XXXX\nXX       X\nXX XX XX X\nX   X X  X\nX   X X  X\nX  bX X  X\nXX XX XXTX\nX P X X  X\nXX XX XTXX\nX  TX X TX\nX M X X TX\nX   X X  X\nXX XX XTXX\nX R X X  X\nX   X XXTX\nX XXX X  X\nX    e   X\nXXXXXXXXXX\n", "Health: 6 X: 5 Y: 2\nXXXXXXXXXX\nX    mt  X\nXXXXXHXXXX\nXX       X\nXX XX XX X\nX   X X  X\nX   X X  X\nX  bX X  X\nXX XX XXTX\nX P X X  X\nXX XX XTXX\nX  TX X TX\nX M X X TX\nX   X X  X\nXX XX XTXX\nX R X X  X\nX   X XXTX\nX XXX X  X\nX    e   X\nXXXXXXXXXX\n", "Health: 6 X: 5 Y: 3\nXXXXXXXXXX\nX    mt  X\nXXXXX XXXX\nXX   H   X\nXX XX XX X\nX   X X  X\nX   X X  X\nX  bX X  X\nXX XX XXTX\nX P X X  X\nXX XX XTXX\nX  TX X TX\nX M X X TX\nX   X X  X\nXX XX XTXX\nX R X X  X\nX   X XXTX\nX XXX X  X\nX    e   X\nXXXXXXXXXX\n", "Health: 6 X: 5 Y: 4\nXXXXXXXXXX\nX    mt  X\nXXXXX XXXX\nXX       X\nXX XXHXX X\nX   X X  X\nX   X X  X\nX  bX X  X\nXX XX XXTX\nX P X X  X\nXX XX XTXX\nX  TX X TX\nX M X X TX\nX   X X  X\nXX XX XTXX\nX R X X  X\nX   X XXTX\nX XXX X  X\nX    e   X\nXXXXXXXXXX\n", "Health: 6 X: 5 Y: 5\nXXXXXXXXXX\nX    mt  X\nXXXXX XXXX\nXX       X\nXX XX XX X\nX   XHX  X\nX   X X  X\nX  bX X  X\nXX XX XXTX\nX P X X  X\nXX XX XTXX\nX  TX X TX\nX M X X TX\nX   X X  X\nXX XX XTXX\nX R X X  X\nX   X XXTX\nX XXX X  X\nX    e   X\nXXXXXXXXXX\n", "Health: 6 X: 5 Y: 6\nXXXXXXXXXX\nX    mt  X\nXXXXX XXXX\nXX       X\nXX XX XX X\nX   X X  X\nX   XHX  X\nX  bX X  X\nXX XX XXTX\nX P X X  X\nXX XX XTXX\nX  TX X TX\nX M X X TX\nX   X X  X\nXX XX XTXX\nX R X X  X\nX   X XXTX\nX XXX X  X\nX    e   X\nXXXXXXXXXX\n", "Health: 6 X: 5 Y: 7\nXXXXXXXXXX\nX    mt  X\nXXXXX XXXX\nXX       X\nXX XX XX X\nX   X X  X\nX   X X  X\nX  bXHX  X\nXX XX XXTX\nX P X X  X\nXX XX XTXX\nX  TX X TX\nX M X X TX\nX   X X  X\nXX XX XTXX\nX R X X  X\nX   X XXTX\nX XXX X  X\nX    e   X\nXXXXXXXXXX\n", "Health: 6 X: 5 Y: 8\nXXXXXXXXXX\nX     t  X\nXXXXXmXXXX\nXX       X\nXX XX XX X\nX   X X  X\nX   X X  X\nX  bX X  X\nXX XXHXXTX\nX P X X  X\nXX XX XTXX\nX  TX X TX\nX M X X TX\nX   X X  X\nXX XX XTXX\nX R X X  X\nX   X XXTX\nX XXX X  X\nX    e   X\nXXXXXXXXXX\n", "Health: 6 X: 5 Y: 9\nXXXXXXXXXX\nX     t  X\nXXXXX XXXX\nXX   m   X\nXX XX XX X\nX   X X  X\nX   X X  X\nX  bX X  X\nXX XX XXTX\nX P XHX  X\nXX XX XTXX\nX  TX X TX\nX M X X TX\nX   X X  X\nXX XX XTXX\nX R X X  X\nX   X XXTX\nX XXX X  X\nX    e   X\nXXXXXXXXXX\n", "Health: 6 X: 5 Y: 10\nXXXXXXXXXX\nX     t  X\nXXXXX XXXX\nXX       X\nXX XXmXX X\nX   X X  X\nX   X X  X\nX  bX X  X\nXX XX XXTX\nX P X X  X\nXX XXHXTXX\nX  TX X TX\nX M X X TX\nX   X X  X\nXX XX XTXX\nX R X X  X\nX   X XXTX\nX XXX X  X\nX    e   X\nXXXXXXXXXX\n", "Health: 6 X: 5 Y: 11\nXXXXXXXXXX\nX     t  X\nXXXXX XXXX\nXX       X\nXX XX XX X\nX   XmX  X\nX   X X  X\nX  bX X  X\nXX XX XXTX\nX P X X  X\nXX XX XTXX\nX  TXHX TX\nX M X X TX\nX   X X  X\nXX XX XTXX\nX R X X  X\nX   X XXTX\nX XXX X  X\nX    e   X\nXXXXXXXXXX\n", "Health: 6 X: 5 Y: 12\nXXXXXXXXXX\nX     t  X\nXXXXX XXXX\nXX       X\nXX XX XX X\nX   X X  X\nX   XmX  X\nX  bX X  X\nXX XX XXTX\nX P X X  X\nXX XX XTXX\nX  TX X TX\nX M XHX TX\nX   X X  X\nXX XX XTXX\nX R X X  X\nX   X XXTX\nX XXX X  X\nX    e   X\nXXXXXXXXXX\n", "Health: 6 X: 5 Y: 13\nXXXXXXXXXX\nX     t  X\nXXXXX XXXX\nXX       X\nXX XX XX X\nX   X X  X\nX   X X  X\nX  bXmX  X\nXX XX XXTX\nX P X X  X\nXX XX XTXX\nX  TX X TX\nX M X X TX\nX   XHX  X\nXX XX XTXX\nX R X X  X\nX   X XXTX\nX XXX X  X\nX    e   X\nXXXXXXXXXX\n", "Health: 6 X: 5 Y: 14\nXXXXXXXXXX\nX     t  X\nXXXXX XXXX\nXX       X\nXX XX XX X\nX   X X  X\nX   X X  X\nX  bX X  X\nXX XXmXXTX\nX P X X  X\nXX XX XTXX\nX  TX X TX\nX M X X TX\nX   X X  X\nXX XXHXTXX\nX R X X  X\nX   X XXTX\nX XXX X  X\nX    e   X\nXXXXXXXXXX\n", "Health: 6 X: 5 Y: 15\nXXXXXXXXXX\nX     t  X\nXXXXX XXXX\nXX       X\nXX XX XX X\nX   X X  X\nX   X X  X\nX  bX X  X\nXX XX XXTX\nX P XmX  X\nXX XX XTXX\nX  TX X TX\nX M X X TX\nX   X X  X\nXX XX XTXX\nX R XHX  X\nX   X XXTX\nX XXX X  X\nX    e   X\nXXXXXXXXXX\n", "Health: 6 X: 5 Y: 16\nXXXXXXXXXX\nX     t  X\nXXXXX XXXX\nXX       X\nXX XX XX X\nX   X X  X\nX   X X  X\nX  bX X  X\nXX XX XXTX\nX P X X  X\nXX XXmXTXX\nX  TX X TX\nX M X X TX\nX   X X  X\nXX XX XTXX\nX R X X  X\nX   XHXXTX\nX XXX X  X\nX    e   X\nXXXXXXXXXX\n", "Health: 6 X: 5 Y: 17\nXXXXXXXXXX\nX     t  X\nXXXXX XXXX\nXX       X\nXX XX XX X\nX   X X  X\nX   X X  X\nX  bX X  X\nXX XX XXTX\nX P X X  X\nXX XX XTXX\nX  TXmX TX\nX M X X TX\nX   X X  X\nXX XX XTXX\nX R X X  X\nX   X XXTX\nX XXXHX  X\nX    e   X\nXXXXXXXXXX\n", "Health: 6 X: 5 Y: 18\nXXXXXXXXXX\nX     t  X\nXXXXX XXXX\nXX       X\nXX XX XX X\nX   X X  X\nX   X X  X\nX  bX X  X\nXX XX XXTX\nX P X X  X\nXX XX XTXX\nX  TX X TX\nX M XmX TX\nX   X X  X\nXX XX XTXX\nX R X X  X\nX   X XXTX\nX XXX X  X\nX    e   X\nXXXXXXXXXX\n"], "map_number": 100}], "timestamp": "10-Aug-2021 21:22:39.379259", "ip": "108.224.18.186"}