{"Q1": "Every day", "Q2": "Sometimes", "Q3": "Often", "Q4": "Often", "Q5": "Sometimes", "Q6": "Often", "Q7": "Sometimes", "Q8": "Sometimes", "Q9": "Often", "Q10": "Often", "results": [{"mechanics": [{"timestep": 3, "mechanic": "MinitaurHit"}, {"timestep": 4, "mechanic": "MinitaurHit"}, {"timestep": 8, "mechanic": "UsePortal"}, {"timestep": 12, "mechanic": "ReachStairs"}], "frequencies": {"MinitaurHit": 2, "UsePortal": 1, "ReachStairs": 1}, "levelReport": {"utilityGained": 0.0, "exitUtility": 1.0, "runnerUtility": 0.87, "loitererUtility": 13.0, "completionistUtility": 0.3, "monsterKillerUtility": 0.3, "treasureCollectorUtility": 0.3, "turnsTaken": 13, "health": 9, "healthLost": 1, "alive": true, "javelinsThrown": 0, "monsterKills": 0, "minitaurKnockouts": 1, "treasuresCollected": 0, "potionsTaken": 0, "totalMonsters": 7, "totalTreasures": 8, "totalPotions": 2, "timeTaken": 0.0}, "positions": [{"X": 8, "Y": 2}, {"X": 8, "Y": 3}, {"X": 8, "Y": 2}, {"X": 8, "Y": 1}, {"X": 7, "Y": 1}, {"X": 6, "Y": 1}, {"X": 5, "Y": 1}, {"X": 4, "Y": 1}, {"X": 1, "Y": 17}, {"X": 2, "Y": 17}, {"X": 3, "Y": 17}, {"X": 4, "Y": 17}, {"X": 5, "Y": 17}], "levelStates": ["Health: 10 X: 8 Y: 2\nXXXXXXXXXX\nXXXT m   X\nXXXXXXXXHX\nX    b   X\nX XX XXXXX\nX XX XXXXX\nX MX XT tX\nX XX XTX X\nX XX XTX X\nX MX XTX X\nX XX XXX X\nX P o  P X\nX XXXXXX X\nXTX RR XTX\nX X    X X\nX XX  XX X\nX   TT   X\nXT   e   X\nXXXXXXXXXX\n", "Health: 10 X: 8 Y: 3\nXXXXXXXXXX\nXXXT  m  X\nXXXXXXXX X\nX     b HX\nX XX XXXXX\nX XX XXXXX\nX MX XT tX\nX XX XTX X\nX XX XTX X\nX MX XTX X\nX XX XXX X\nX P o  P X\nX XXXXXX X\nXTX RR XTX\nX X    X X\nX XX  XX X\nX   TT   X\nXT   e   X\nXXXXXXXXXX\n", "Health: 10 X: 8 Y: 2\nXXXXXXXXXX\nXXXT   m X\nXXXXXXXXHX\nX     b  X\nX XX XXXXX\nX XX XXXXX\nX MX XT tX\nX XX XTX X\nX XX XTX X\nX MX XTX X\nX XX XXX X\nX P o  P X\nX XXXXXX X\nXTX RR XTX\nX X    X X\nX XX  XX X\nX   TT   X\nXT   e   X\nXXXXXXXXXX\n", "Health: 9 X: 8 Y: 1\nXXXXXXXXXX\nXXXT   mHX\nXXXXXXXX X\nX     b  X\nX XX XXXXX\nX XX XXXXX\nX MX XT tX\nX XX XTX X\nX XX XTX X\nX MX XTX X\nX XX XXX X\nX P o  P X\nX XXXXXX X\nXTX RR XTX\nX X    X X\nX XX  XX X\nX   TT   X\nXT   e   X\nXXXXXXXXXX\n", "Health: 9 X: 7 Y: 1\nXXXXXXXXXX\nXXXT   m X\nXXXXXXXX X\nX     b  X\nX XX XXXXX\nX XX XXXXX\nX MX XT tX\nX XX XTX X\nX XX XTX X\nX MX XTX X\nX XX XXX X\nX P o  P X\nX XXXXXX X\nXTX RR XTX\nX X    X X\nX XX  XX X\nX   TT   X\nXT   e   X\nXXXXXXXXXX\n", "Health: 9 X: 6 Y: 1\nXXXXXXXXXX\nXXXT  Hm X\nXXXXXXXX X\nX     b  X\nX XX XXXXX\nX XX XXXXX\nX MX XT tX\nX XX XTX X\nX XX XTX X\nX MX XTX X\nX XX XXX X\nX P o  P X\nX XXXXXX X\nXTX RR XTX\nX X    X X\nX XX  XX X\nX   TT   X\nXT   e   X\nXXXXXXXXXX\n", "Health: 9 X: 5 Y: 1\nXXXXXXXXXX\nXXXT H m X\nXXXXXXXX X\nX     b  X\nX XX XXXXX\nX XX XXXXX\nX MX XT tX\nX XX XTX X\nX XX XTX X\nX MX XTX X\nX XX XXX X\nX P o  P X\nX XXXXXX X\nXTX RR XTX\nX X    X X\nX XX  XX X\nX   TT   X\nXT   e   X\nXXXXXXXXXX\n", "Health: 9 X: 4 Y: 1\nXXXXXXXXXX\nXXXTH  m X\nXXXXXXXX X\nX     b  X\nX XX XXXXX\nX XX XXXXX\nX MX XT tX\nX XX XTX X\nX XX XTX X\nX MX XTX X\nX XX XXX X\nX P o  P X\nX XXXXXX X\nXTX RR XTX\nX X    X X\nX XX  XX X\nX   TT   X\nXT   e   X\nXXXXXXXXXX\n", "Health: 9 X: 1 Y: 17\nXXXXXXXXXX\nXXXT   m X\nXXXXXXXX X\nX     b  X\nX XX XXXXX\nX XX XXXXX\nX MX XT tX\nX XX XTX X\nX XX XTX X\nX MX XTX X\nX XX XXX X\nX P o  P X\nX XXXXXX X\nXTX RR XTX\nX X    X X\nX XX  XX X\nX   TT   X\nXT   e   X\nXXXXXXXXXX\n", "Health: 9 X: 2 Y: 17\nXXXXXXXXXX\nXXXT    mX\nXXXXXXXX X\nX     b  X\nX XX XXXXX\nX XX XXXXX\nX MX XT tX\nX XX XTX X\nX XX XTX X\nX MX XTX X\nX XX XXX X\nX P o  P X\nX XXXXXX X\nXTX RR XTX\nX X    X X\nX XX  XX X\nX   TT   X\nXTH  e   X\nXXXXXXXXXX\n", "Health: 9 X: 3 Y: 17\nXXXXXXXXXX\nXXXT     X\nXXXXXXXXmX\nX     b  X\nX XX XXXXX\nX XX XXXXX\nX MX XT tX\nX XX XTX X\nX XX XTX X\nX MX XTX X\nX XX XXX X\nX P o  P X\nX XXXXXX X\nXTX RR XTX\nX X    X X\nX XX  XX X\nX   TT   X\nXT H e   X\nXXXXXXXXXX\n", "Health: 9 X: 4 Y: 17\nXXXXXXXXXX\nXXXT     X\nXXXXXXXX X\nX     b mX\nX XX XXXXX\nX XX XXXXX\nX MX XT tX\nX XX XTX X\nX XX XTX X\nX MX XTX X\nX XX XXX X\nX P o  P X\nX XXXXXX X\nXTX R  XTX\nX X R  X X\nX XX  XX X\nX   TT   X\nXT  He   X\nXXXXXXXXXX\n", "Health: 9 X: 5 Y: 17\nXXXXXXXXXX\nXXXT     X\nXXXXXXXX X\nX     bm X\nX XX XXXXX\nX XX XXXXX\nX MX XT tX\nX XX XTX X\nX XX XTX X\nX MX XTX X\nX XX XXX X\nX P o  P X\nX XXXXXX X\nXTX  R XTX\nX X  R X X\nX XX  XX X\nX   TT   X\nXT   e   X\nXXXXXXXXXX\n"], "map_number": 201}, {"mechanics": [{"timestep": 3, "mechanic": "OgreTreasure"}, {"timestep": 6, "mechanic": "MinitaurHit"}, {"timestep": 7, "mechanic": "MinitaurHit"}, {"timestep": 12, "mechanic": "MinitaurHit"}, {"timestep": 13, "mechanic": "MinitaurHit"}, {"timestep": 15, "mechanic": "MinitaurHit"}, {"timestep": 17, "mechanic": "MinitaurHit"}, {"timestep": 18, "mechanic": "MinitaurHit"}, {"timestep": 19, "mechanic": "CollectTreasure"}, {"timestep": 22, "mechanic": "BlobHit"}, {"timestep": 24, "mechanic": "GoblinMeleeHit"}, {"timestep": 25, "mechanic": "GoblinRangedHit"}, {"timestep": 26, "mechanic": "CollectPotion"}, {"timestep": 26, "mechanic": "GoblinRangedHit"}, {"timestep": 27, "mechanic": "GoblinRangedHit"}, {"timestep": 40, "mechanic": "ReachStairs"}], "frequencies": {"OgreTreasure": 1, "MinitaurHit": 7, "CollectTreasure": 1, "BlobHit": 1, "GoblinMeleeHit": 1, "GoblinRangedHit": 3, "CollectPotion": 1, "ReachStairs": 1}, "levelReport": {"utilityGained": 0.0, "exitUtility": 1.0, "runnerUtility": 0.5900000000000001, "loitererUtility": 41.0, "completionistUtility": 0.7316666666666667, "monsterKillerUtility": 0.825, "treasureCollectorUtility": 0.37, "turnsTaken": 41, "health": 5, "healthLost": 7, "alive": true, "javelinsThrown": 0, "monsterKills": 3, "minitaurKnockouts": 3, "treasuresCollected": 1, "potionsTaken": 1, "totalMonsters": 5, "totalTreasures": 10, "totalPotions": 1, "timeTaken": 0.0}, "positions": [{"X": 5, "Y": 4}, {"X": 5, "Y": 5}, {"X": 5, "Y": 6}, {"X": 5, "Y": 7}, {"X": 5, "Y": 6}, {"X": 5, "Y": 5}, {"X": 5, "Y": 4}, {"X": 5, "Y": 3}, {"X": 5, "Y": 2}, {"X": 5, "Y": 1}, {"X": 5, "Y": 2}, {"X": 5, "Y": 1}, {"X": 5, "Y": 2}, {"X": 5, "Y": 3}, {"X": 5, "Y": 4}, {"X": 5, "Y": 3}, {"X": 5, "Y": 4}, {"X": 5, "Y": 3}, {"X": 4, "Y": 3}, {"X": 3, "Y": 3}, {"X": 2, "Y": 3}, {"X": 2, "Y": 4}, {"X": 2, "Y": 5}, {"X": 2, "Y": 6}, {"X": 2, "Y": 7}, {"X": 2, "Y": 8}, {"X": 2, "Y": 9}, {"X": 2, "Y": 10}, {"X": 2, "Y": 11}, {"X": 2, "Y": 12}, {"X": 2, "Y": 13}, {"X": 2, "Y": 14}, {"X": 2, "Y": 15}, {"X": 2, "Y": 16}, {"X": 1, "Y": 16}, {"X": 1, "Y": 17}, {"X": 1, "Y": 18}, {"X": 2, "Y": 18}, {"X": 3, "Y": 18}, {"X": 4, "Y": 18}, {"X": 5, "Y": 18}], "levelStates": ["Health: 10 X: 5 Y: 4\nXXXXXXXXXX\nX m   tTTX\nXXXXX XXXX\nXX T  T  X\nXX XXHXX X\nX   X X oX\nX   X X  X\nX  bX XT X\nXX XX XXTX\nX P X X  X\nXX XX XTXX\nX  TX X TX\nX M X X TX\nX   X X  X\nXX XX XTXX\nX R X X  X\nX   X XXTX\nX XXX X  X\nX    e   X\nXXXXXXXXXX\n", "Health: 10 X: 5 Y: 5\nXXXXXXXXXX\nX  m  tTTX\nXXXXX XXXX\nXX T  T  X\nXX XX XX X\nX   XHXo X\nX   X X  X\nX  bX XT X\nXX XX XXTX\nX P X X  X\nXX XX XTXX\nX  TX X TX\nX M X X TX\nX   X X  X\nXX XX XTXX\nX R X X  X\nX   X XXTX\nX XXX X  X\nX    e   X\nXXXXXXXXXX\n", "Health: 10 X: 5 Y: 6\nXXXXXXXXXX\nX   m tTTX\nXXXXX XXXX\nXX T  T  X\nXX XX XX X\nX   X X  X\nX   XHXo X\nX  bX XT X\nXX XX XXTX\nX P X X  X\nXX XX XTXX\nX  TX X TX\nX M X X TX\nX   X X  X\nXX XX XTXX\nX R X X  X\nX   X XXTX\nX XXX X  X\nX    e   X\nXXXXXXXXXX\n", "Health: 10 X: 5 Y: 7\nXXXXXXXXXX\nX    mtTTX\nXXXXX XXXX\nXX T  T  X\nXX XX XX X\nX   X X  X\nX   X X  X\nX  bXHX  X\nXX XX XXTX\nX P X X  X\nXX XX XTXX\nX  TX X TX\nX M X X TX\nX   X X  X\nXX XX XTXX\nX R X X  X\nX   X XXTX\nX XXX X  X\nX    e   X\nXXXXXXXXXX\n", "Health: 10 X: 5 Y: 6\nXXXXXXXXXX\nX     tTTX\nXXXXXmXXXX\nXX T  T  X\nXX XX XX X\nX   X X  X\nX   XHX  X\nX  bX X  X\nXX XX XXTX\nX P X X  X\nXX XX XTXX\nX  TX X TX\nX M X X TX\nX   X X  X\nXX XX XTXX\nX R X X  X\nX   X XXTX\nX XXX X  X\nX    e   X\nXXXXXXXXXX\n", "Health: 10 X: 5 Y: 5\nXXXXXXXXXX\nX     tTTX\nXXXXX XXXX\nXX T mT  X\nXX XX XX X\nX   XHX  X\nX   X X  X\nX  bX X  X\nXX XX XXTX\nX P X X  X\nXX XX XTXX\nX  TX X TX\nX M X X TX\nX   X X  X\nXX XX XTXX\nX R X X  X\nX   X XXTX\nX XXX X  X\nX    e   X\nXXXXXXXXXX\n", "Health: 9 X: 5 Y: 4\nXXXXXXXXXX\nX     tTTX\nXXXXX XXXX\nXX T mT  X\nXX XXHXX X\nX   X X  X\nX   X X  X\nX  bX X  X\nXX XX XXTX\nX P X X  X\nXX XX XTXX\nX  TX X TX\nX M X X TX\nX   X X  X\nXX XX XTXX\nX R X X  X\nX   X XXTX\nX XXX X  X\nX    e   X\nXXXXXXXXXX\n", "Health: 9 X: 5 Y: 3\nXXXXXXXXXX\nX     tTTX\nXXXXX XXXX\nXX T mT  X\nXX XX XX X\nX   X X  X\nX   X X  X\nX  bX X  X\nXX XX XXTX\nX P X X  X\nXX XX XTXX\nX  TX X TX\nX M X X TX\nX   X X  X\nXX XX XTXX\nX R X X  X\nX   X XXTX\nX XXX X  X\nX    e   X\nXXXXXXXXXX\n", "Health: 9 X: 5 Y: 2\nXXXXXXXXXX\nX     tTTX\nXXXXXHXXXX\nXX T mT  X\nXX XX XX X\nX   X X  X\nX   X X  X\nX  bX X  X\nXX XX XXTX\nX P X X  X\nXX XX XTXX\nX  TX X TX\nX M X X TX\nX   X X  X\nXX XX XTXX\nX R X X  X\nX   X XXTX\nX XXX X  X\nX    e   X\nXXXXXXXXXX\n", "Health: 9 X: 5 Y: 1\nXXXXXXXXXX\nX    HtTTX\nXXXXX XXXX\nXX T mT  X\nXX XX XX X\nX   X X  X\nX   X X  X\nX  bX X  X\nXX XX XXTX\nX P X X  X\nXX XX XTXX\nX  TX X TX\nX M X X TX\nX   X X  X\nXX XX XTXX\nX R X X  X\nX   X XXTX\nX XXX X  X\nX    e   X\nXXXXXXXXXX\n", "Health: 9 X: 5 Y: 2\nXXXXXXXXXX\nX     tTTX\nXXXXXHXXXX\nXX T mT  X\nXX XX XX X\nX   X X  X\nX   X X  X\nX  bX X  X\nXX XX XXTX\nX P X X  X\nXX XX XTXX\nX  TX X TX\nX M X X TX\nX   X X  X\nXX XX XTXX\nX R X X  X\nX   X XXTX\nX XXX X  X\nX    e   X\nXXXXXXXXXX\n", "Health: 9 X: 5 Y: 1\nXXXXXXXXXX\nX    HtTTX\nXXXXX XXXX\nXX T mT  X\nXX XX XX X\nX   X X  X\nX   X X  X\nX  bX X  X\nXX XX XXTX\nX P X X  X\nXX XX XTXX\nX  TX X TX\nX M X X TX\nX   X X  X\nXX XX XTXX\nX R X X  X\nX   X XXTX\nX XXX X  X\nX    e   X\nXXXXXXXXXX\n", "Health: 8 X: 5 Y: 2\nXXXXXXXXXX\nX     tTTX\nXXXXXHXXXX\nXX T mT  X\nXX XX XX X\nX   X X  X\nX   X X  X\nX  bX X  X\nXX XX XXTX\nX P X X  X\nXX XX XTXX\nX  TX X TX\nX M X X TX\nX   X X  X\nXX XX XTXX\nX R X X  X\nX   X XXTX\nX XXX X  X\nX    e   X\nXXXXXXXXXX\n", "Health: 8 X: 5 Y: 3\nXXXXXXXXXX\nX     tTTX\nXXXXX XXXX\nXX T mT  X\nXX XX XX X\nX   X X  X\nX   X X  X\nX  bX X  X\nXX XX XXTX\nX P X X  X\nXX XX XTXX\nX  TX X TX\nX M X X TX\nX   X X  X\nXX XX XTXX\nX R X X  X\nX   X XXTX\nX XXX X  X\nX    e   X\nXXXXXXXXXX\n", "Health: 8 X: 5 Y: 4\nXXXXXXXXXX\nX     tTTX\nXXXXX XXXX\nXX T mT  X\nXX XXHXX X\nX   X X  X\nX   X X  X\nX  bX X  X\nXX XX XXTX\nX P X X  X\nXX XX XTXX\nX  TX X TX\nX M X X TX\nX   X X  X\nXX XX XTXX\nX R X X  X\nX   X XXTX\nX XXX X  X\nX    e   X\nXXXXXXXXXX\n", "Health: 8 X: 5 Y: 3\nXXXXXXXXXX\nX     tTTX\nXXXXX XXXX\nXX T mT  X\nXX XX XX X\nX   X X  X\nX   X X  X\nX  bX X  X\nXX XX XXTX\nX P X X  X\nXX XX XTXX\nX  TX X TX\nX M X X TX\nX   X X  X\nXX XX XTXX\nX R X X  X\nX   X XXTX\nX XXX X  X\nX    e   X\nXXXXXXXXXX\n", "Health: 8 X: 5 Y: 4\nXXXXXXXXXX\nX     tTTX\nXXXXX XXXX\nXX T mT  X\nXX XXHXX X\nX   X X  X\nX   X X  X\nX  bX X  X\nXX XX XXTX\nX P X X  X\nXX XX XTXX\nX  TX X TX\nX M X X TX\nX   X X  X\nXX XX XTXX\nX R X X  X\nX   X XXTX\nX XXX X  X\nX    e   X\nXXXXXXXXXX\n", "Health: 8 X: 5 Y: 3\nXXXXXXXXXX\nX     tTTX\nXXXXX XXXX\nXX T mT  X\nXX XX XX X\nX   X X  X\nX   X X  X\nX  bX X  X\nXX XX XXTX\nX P X X  X\nXX XX XTXX\nX  TX X TX\nX M X X TX\nX   X X  X\nXX XX XTXX\nX R X X  X\nX   X XXTX\nX XXX X  X\nX    e   X\nXXXXXXXXXX\n", "Health: 7 X: 4 Y: 3\nXXXXXXXXXX\nX     tTTX\nXXXXX XXXX\nXX THmT  X\nXX XX XX X\nX   X X  X\nX   X X  X\nX  bX X  X\nXX XX XXTX\nX P X X  X\nXX XX XTXX\nX  TX X TX\nX M X X TX\nX   X X  X\nXX XX XTXX\nX R X X  X\nX   X XXTX\nX XXX X  X\nX    e   X\nXXXXXXXXXX\n", "Health: 7 X: 3 Y: 3\nXXXXXXXXXX\nX     tTTX\nXXXXX XXXX\nXX   mT  X\nXX XX XX X\nX   X X  X\nX   X X  X\nX  bX X  X\nXX XX XXTX\nX P X X  X\nXX XX XTXX\nX  TX X TX\nX M X X TX\nX   X X  X\nXX XX XTXX\nX R X X  X\nX   X XXTX\nX XXX X  X\nX    e   X\nXXXXXXXXXX\n", "Health: 7 X: 2 Y: 3\nXXXXXXXXXX\nX     tTTX\nXXXXX XXXX\nXXH  mT  X\nXX XX XX X\nX   X X  X\nX  bX X  X\nX   X X  X\nXX XX XXTX\nX P X X  X\nXX XX XTXX\nX MTX X TX\nX   X X TX\nX   X X  X\nXXRXX XTXX\nX   X X  X\nX   X XXTX\nX XXX X  X\nX    e   X\nXXXXXXXXXX\n", "Health: 7 X: 2 Y: 4\nXXXXXXXXXX\nX     tTTX\nXXXXX XXXX\nXX   mT  X\nXXHXX XX X\nX  bX X  X\nX   X X  X\nX   X X  X\nXX XX XXTX\nX P X X  X\nXXMXX XTXX\nX  TX X TX\nX   X X TX\nX R X X  X\nXX XX XTXX\nX   X X  X\nX   X XXTX\nX XXX X  X\nX    e   X\nXXXXXXXXXX\n", "Health: 6 X: 2 Y: 5\nXXXXXXXXXX\nX     tTTX\nXXXXX XXXX\nXX   mT  X\nXX XX XX X\nX H\u221eX X  X\nX   X X  X\nX   X X  X\nXX XX XXTX\nX M X X  X\nXX XX XTXX\nX  TX X TX\nX R X X TX\nX   X X  X\nXX XX XTXX\nX   X X  X\nX   X XXTX\nX XXX X  X\nX    e   X\nXXXXXXXXXX\n", "Health: 6 X: 2 Y: 6\nXXXXXXXXXX\nX     tTTX\nXXXXX XXXX\nXX   mT  X\nXX XX XX X\nX  \u221eX X  X\nX H X X  X\nX   X X  X\nXXMXX XXTX\nX P X X  X\nXX XX XTXX\nX RTX X TX\nX   X X TX\nX   X X  X\nXX XX XTXX\nX   X X  X\nX   X XXTX\nX XXX X  X\nX    e   X\nXXXXXXXXXX\n", "Health: 5 X: 2 Y: 7\nXXXXXXXXXX\nX     tTTX\nXXXXX XXXX\nXX  m T  X\nXX XX XX X\nX  \u221eX X  X\nX   X X  X\nX H X X  X\nXX\u221eXX XXTX\nX P X X  X\nXXRXX XTXX\nX  TX X TX\nX   X X TX\nX   X X  X\nXX XX XTXX\nX   X X  X\nX   X XXTX\nX XXX X  X\nX    e   X\nXXXXXXXXXX\n", "Health: 4 X: 2 Y: 8\nXXXXXXXXXX\nX     tTTX\nXXXXX XXXX\nXX    T  X\nXX XX XX X\nX  \u221eX X  X\nX   X X  X\nX   X X  X\nXX\u221eXX XXTX\nX P X X  X\nXXRXX XTXX\nX  TX X TX\nX   X X TX\nX   X X  X\nXX XX XTXX\nX   X X  X\nX   X XXTX\nX XXX X  X\nX    e   X\nXXXXXXXXXX\n", "Health: 5 X: 2 Y: 9\nXXXXXXXXXX\nX     tTTX\nXXXXX XXXX\nXXm   T  X\nXX XX XX X\nX  \u221eX X  X\nX   X X  X\nX   X X  X\nXX\u221eXX XXTX\nX   X X  X\nXXRXX XTXX\nX  TX X TX\nX   X X TX\nX   X X  X\nXX XX XTXX\nX   X X  X\nX   X XXTX\nX XXX X  X\nX    e   X\nXXXXXXXXXX\n", "Health: 5 X: 2 Y: 10\nXXXXXXXXXX\nX     tTTX\nXXXXX XXXX\nXX    T  X\nXXmXX XX X\nX  \u221eX X  X\nX   X X  X\nX   X X  X\nXX\u221eXX XXTX\nX   X X  X\nXX\u221eXX XTXX\nX  TX X TX\nX   X X TX\nX   X X  X\nXX XX XTXX\nX   X X  X\nX   X XXTX\nX XXX X  X\nX    e   X\nXXXXXXXXXX\n", "Health: 5 X: 2 Y: 11\nXXXXXXXXXX\nX     tTTX\nXXXXX XXXX\nXX    T  X\nXX XX XX X\nX m\u221eX X  X\nX   X X  X\nX   X X  X\nXX\u221eXX XXTX\nX   X X  X\nXX\u221eXX XTXX\nX HTX X TX\nX   X X TX\nX   X X  X\nXX XX XTXX\nX   X X  X\nX   X XXTX\nX XXX X  X\nX    e   X\nXXXXXXXXXX\n", "Health: 5 X: 2 Y: 12\nXXXXXXXXXX\nX     tTTX\nXXXXX XXXX\nXX    T  X\nXX XX XX X\nX  \u221eX X  X\nX m X X  X\nX   X X  X\nXX\u221eXX XXTX\nX   X X  X\nXX\u221eXX XTXX\nX  TX X TX\nX H X X TX\nX   X X  X\nXX XX XTXX\nX   X X  X\nX   X XXTX\nX XXX X  X\nX    e   X\nXXXXXXXXXX\n", "Health: 5 X: 2 Y: 13\nXXXXXXXXXX\nX     tTTX\nXXXXX XXXX\nXX    T  X\nXX XX XX X\nX  \u221eX X  X\nX   X X  X\nX m X X  X\nXX\u221eXX XXTX\nX   X X  X\nXX\u221eXX XTXX\nX  TX X TX\nX   X X TX\nX H X X  X\nXX XX XTXX\nX   X X  X\nX   X XXTX\nX XXX X  X\nX    e   X\nXXXXXXXXXX\n", "Health: 5 X: 2 Y: 14\nXXXXXXXXXX\nX     tTTX\nXXXXX XXXX\nXX    T  X\nXX XX XX X\nX  \u221eX X  X\nX   X X  X\nX   X X  X\nXX\u221eXX XXTX\nX   X X  X\nXX\u221eXX XTXX\nX  TX X TX\nX   X X TX\nX   X X  X\nXXHXX XTXX\nX   X X  X\nX   X XXTX\nX XXX X  X\nX    e   X\nXXXXXXXXXX\n", "Health: 5 X: 2 Y: 15\nXXXXXXXXXX\nX     tTTX\nXXXXX XXXX\nXX    T  X\nXX XX XX X\nX  \u221eX X  X\nX   X X  X\nX   X X  X\nXX\u221eXX XXTX\nX   X X  X\nXX\u221eXX XTXX\nX  TX X TX\nX   X X TX\nX   X X  X\nXX XX XTXX\nX H X X  X\nX   X XXTX\nX XXX X  X\nX    e   X\nXXXXXXXXXX\n", "Health: 5 X: 2 Y: 16\nXXXXXXXXXX\nX     tTTX\nXXXXX XXXX\nXX    T  X\nXX XX XX X\nX  \u221eX X  X\nX   X X  X\nX   X X  X\nXX\u221eXX XXTX\nX   X X  X\nXX\u221eXX XTXX\nX  TX X TX\nX   X X TX\nX   X X  X\nXX XX XTXX\nX   X X  X\nX H X XXTX\nX XXX X  X\nX    e   X\nXXXXXXXXXX\n", "Health: 5 X: 1 Y: 16\nXXXXXXXXXX\nX     tTTX\nXXXXX XXXX\nXX    T  X\nXX XX XX X\nX  \u221eX X  X\nX   X X  X\nX   X X  X\nXX\u221eXX XXTX\nX   X X  X\nXX\u221eXX XTXX\nX mTX X TX\nX   X X TX\nX   X X  X\nXX XX XTXX\nX   X X  X\nXH  X XXTX\nX XXX X  X\nX    e   X\nXXXXXXXXXX\n", "Health: 5 X: 1 Y: 17\nXXXXXXXXXX\nX     tTTX\nXXXXX XXXX\nXX    T  X\nXX XX XX X\nX  \u221eX X  X\nX   X X  X\nX   X X  X\nXX\u221eXX XXTX\nX   X X  X\nXX\u221eXX XTXX\nX  TX X TX\nX m X X TX\nX   X X  X\nXX XX XTXX\nX   X X  X\nX   X XXTX\nXHXXX X  X\nX    e   X\nXXXXXXXXXX\n", "Health: 5 X: 1 Y: 18\nXXXXXXXXXX\nX     tTTX\nXXXXX XXXX\nXX    T  X\nXX XX XX X\nX  \u221eX X  X\nX   X X  X\nX   X X  X\nXX\u221eXX XXTX\nX   X X  X\nXX\u221eXX XTXX\nX  TX X TX\nX   X X TX\nX m X X  X\nXX XX XTXX\nX   X X  X\nX   X XXTX\nX XXX X  X\nXH   e   X\nXXXXXXXXXX\n", "Health: 5 X: 2 Y: 18\nXXXXXXXXXX\nX     tTTX\nXXXXX XXXX\nXX    T  X\nXX XX XX X\nX  \u221eX X  X\nX   X X  X\nX   X X  X\nXX\u221eXX XXTX\nX   X X  X\nXX\u221eXX XTXX\nX  TX X TX\nX   X X TX\nX   X X  X\nXXmXX XTXX\nX   X X  X\nX   X XXTX\nX XXX X  X\nX H  e   X\nXXXXXXXXXX\n", "Health: 5 X: 3 Y: 18\nXXXXXXXXXX\nX     tTTX\nXXXXX XXXX\nXX    T  X\nXX XX XX X\nX  \u221eX X  X\nX   X X  X\nX   X X  X\nXX\u221eXX XXTX\nX   X X  X\nXX\u221eXX XTXX\nX  TX X TX\nX   X X TX\nX   X X  X\nXX XX XTXX\nX m X X  X\nX   X XXTX\nX XXX X  X\nX  H e   X\nXXXXXXXXXX\n", "Health: 5 X: 4 Y: 18\nXXXXXXXXXX\nX     tTTX\nXXXXX XXXX\nXX    T  X\nXX XX XX X\nX  \u221eX X  X\nX   X X  X\nX   X X  X\nXX\u221eXX XXTX\nX   X X  X\nXX\u221eXX XTXX\nX  TX X TX\nX   X X TX\nX   X X  X\nXX XX XTXX\nX   X X  X\nX m X XXTX\nX XXX X  X\nX   He   X\nXXXXXXXXXX\n", "Health: 5 X: 5 Y: 18\nXXXXXXXXXX\nX     tTTX\nXXXXX XXXX\nXX    T  X\nXX XX XX X\nX  \u221eX X  X\nX   X X  X\nX   X X  X\nXX\u221eXX XXTX\nX   X X  X\nXX\u221eXX XTXX\nX  TX X TX\nX   X X TX\nX   X X  X\nXX XX XTXX\nX   X X  X\nXm  X XXTX\nX XXX X  X\nX    e   X\nXXXXXXXXXX\n"], "map_number": 100}, {"mechanics": [{"timestep": 2, "mechanic": "BlobPotion"}, {"timestep": 2, "mechanic": "BlobPotion"}, {"timestep": 3, "mechanic": "CollectPotion"}, {"timestep": 5, "mechanic": "BlobHit"}, {"timestep": 6, "mechanic": "OgreTreasure"}, {"timestep": 13, "mechanic": "MinitaurHit"}, {"timestep": 14, "mechanic": "MinitaurHit"}, {"timestep": 18, "mechanic": "OgreTreasure"}, {"timestep": 20, "mechanic": "OgreTreasure"}, {"timestep": 21, "mechanic": "CollectPotion"}, {"timestep": 39, "mechanic": "BlobCombine"}, {"timestep": 40, "mechanic": "CollectTreasure"}, {"timestep": 42, "mechanic": "CollectTreasure"}, {"timestep": 58, "mechanic": "MinitaurHit"}, {"timestep": 65, "mechanic": "MinitaurHit"}, {"timestep": 72, "mechanic": "CollectTreasure"}, {"timestep": 75, "mechanic": "MinitaurHit"}, {"timestep": 78, "mechanic": "GoblinMeleeHit"}, {"timestep": 82, "mechanic": "ReachStairs"}], "frequencies": {"BlobPotion": 2, "CollectPotion": 2, "BlobHit": 1, "OgreTreasure": 3, "MinitaurHit": 5, "BlobCombine": 1, "CollectTreasure": 3, "GoblinMeleeHit": 1, "ReachStairs": 1}, "levelReport": {"utilityGained": 0.0, "exitUtility": 1.0, "runnerUtility": 0.17000000000000004, "loitererUtility": 83.0, "completionistUtility": 0.7666666666666666, "monsterKillerUtility": 1.0, "treasureCollectorUtility": 0.6499999999999999, "turnsTaken": 83, "health": 9, "healthLost": 5, "alive": true, "javelinsThrown": 0, "monsterKills": 5, "minitaurKnockouts": 5, "treasuresCollected": 3, "potionsTaken": 2, "totalMonsters": 6, "totalTreasures": 6, "totalPotions": 4, "timeTaken": 0.0}, "positions": [{"X": 6, "Y": 11}, {"X": 7, "Y": 11}, {"X": 8, "Y": 11}, {"X": 8, "Y": 10}, {"X": 8, "Y": 11}, {"X": 8, "Y": 10}, {"X": 8, "Y": 9}, {"X": 8, "Y": 8}, {"X": 8, "Y": 7}, {"X": 8, "Y": 6}, {"X": 8, "Y": 7}, {"X": 8, "Y": 8}, {"X": 8, "Y": 9}, {"X": 8, "Y": 8}, {"X": 7, "Y": 8}, {"X": 6, "Y": 8}, {"X": 5, "Y": 8}, {"X": 4, "Y": 8}, {"X": 3, "Y": 8}, {"X": 3, "Y": 7}, {"X": 3, "Y": 6}, {"X": 2, "Y": 6}, {"X": 1, "Y": 6}, {"X": 1, "Y": 7}, {"X": 1, "Y": 8}, {"X": 1, "Y": 9}, {"X": 1, "Y": 10}, {"X": 2, "Y": 10}, {"X": 2, "Y": 11}, {"X": 2, "Y": 12}, {"X": 3, "Y": 12}, {"X": 4, "Y": 12}, {"X": 5, "Y": 12}, {"X": 6, "Y": 12}, {"X": 6, "Y": 13}, {"X": 6, "Y": 14}, {"X": 6, "Y": 15}, {"X": 6, "Y": 16}, {"X": 6, "Y": 17}, {"X": 6, "Y": 18}, {"X": 5, "Y": 18}, {"X": 6, "Y": 18}, {"X": 7, "Y": 18}, {"X": 6, "Y": 18}, {"X": 5, "Y": 18}, {"X": 5, "Y": 17}, {"X": 4, "Y": 17}, {"X": 4, "Y": 16}, {"X": 5, "Y": 16}, {"X": 5, "Y": 15}, {"X": 5, "Y": 14}, {"X": 5, "Y": 13}, {"X": 5, "Y": 12}, {"X": 5, "Y": 11}, {"X": 5, "Y": 10}, {"X": 5, "Y": 9}, {"X": 5, "Y": 8}, {"X": 4, "Y": 8}, {"X": 5, "Y": 8}, {"X": 6, "Y": 8}, {"X": 7, "Y": 8}, {"X": 8, "Y": 8}, {"X": 8, "Y": 7}, {"X": 8, "Y": 6}, {"X": 7, "Y": 6}, {"X": 6, "Y": 6}, {"X": 6, "Y": 5}, {"X": 6, "Y": 4}, {"X": 6, "Y": 3}, {"X": 6, "Y": 2}, {"X": 7, "Y": 2}, {"X": 8, "Y": 2}, {"X": 8, "Y": 1}, {"X": 8, "Y": 2}, {"X": 7, "Y": 2}, {"X": 6, "Y": 2}, {"X": 5, "Y": 2}, {"X": 4, "Y": 2}, {"X": 3, "Y": 2}, {"X": 4, "Y": 2}, {"X": 5, "Y": 2}, {"X": 4, "Y": 2}, {"X": 4, "Y": 1}], "levelStates": ["Health: 10 X: 6 Y: 11\nXXXXXXXXXX\nXMX e X TX\nX        X\nX   X   XX\nX   T    X\nXX  XX   X\nX P     bX\nX X X  X X\nXT     o X\nX        X\nX  X   XPX\nX     H  X\nXX      XX\nX        X\nXb      bX\nX X T  X X\nXP   m  PX\nX        X\nXT TXT TXX\nXXXXXXXXXX\n", "Health: 10 X: 7 Y: 11\nXXXXXXXXXX\nXMX e X TX\nX        X\nX   X   XX\nX   T    X\nXX  XX   X\nX P      X\nX X X  XbX\nXT    o  X\nX        X\nX  X   XPX\nX      H X\nXX      XX\nX        X\nX        X\nXbX Tm XbX\nXP      PX\nX        X\nXT TXT TXX\nXXXXXXXXXX\n", "Health: 10 X: 8 Y: 11\nXXXXXXXXXX\nXMX e X TX\nX        X\nX   X   XX\nX   T    X\nXX  XX   X\nX P      X\nX X X  X X\nXT   o  bX\nX        X\nX  X   XPX\nX       HX\nXX      XX\nX        X\nX    m   X\nX X T  X X\nX        X\nX        X\nXT TXT TXX\nXXXXXXXXXX\n", "Health: 12 X: 8 Y: 10\nXXXXXXXXXX\nXMX e X TX\nX        X\nX   X   XX\nX   T    X\nXX  XX   X\nX P      X\nX X X  X X\nXT  o    X\nX       bX\nX  X   X X\nX        X\nXX      XX\nX    m   X\nX        X\nX X T  X X\nX        X\nX        X\nXT TXT TXX\nXXXXXXXXXX\n", "Health: 12 X: 8 Y: 11\nXXXXXXXXXX\nXMX e X TX\nX        X\nX   X   XX\nX   T    X\nXX  XX   X\nX P      X\nX X X  X X\nXT o     X\nX        X\nX  X   X X\nX       HX\nXX   m  XX\nX        X\nX        X\nX X T  X X\nX        X\nX        X\nXT TXT TXX\nXXXXXXXXXX\n", "Health: 12 X: 8 Y: 10\nXXXXXXXXXX\nXMX e X TX\nX        X\nX   X   XX\nX   T    X\nXX  XX   X\nX P      X\nX X X  X X\nXTo      X\nX        X\nX  X   X X\nX    m   X\nXX      XX\nX        X\nX        X\nX X T  X X\nX        X\nX        X\nXT TXT TXX\nXXXXXXXXXX\n", "Health: 12 X: 8 Y: 9\nXXXXXXXXXX\nXMX e X TX\nX        X\nX   X   XX\nX   T    X\nXX  XX   X\nX P      X\nX X X  X X\nXo       X\nX       HX\nX  X m X X\nX        X\nXX      XX\nX        X\nX        X\nX X T  X X\nX        X\nX        X\nXT TXT TXX\nXXXXXXXXXX\n", "Health: 12 X: 8 Y: 8\nXXXXXXXXXX\nXMX e X TX\nX        X\nX   X   XX\nX   T    X\nXX  XX   X\nX P      X\nX X X  X X\nX o     HX\nX    m   X\nX  X   X X\nX        X\nXX      XX\nX        X\nX        X\nX X T  X X\nX        X\nX        X\nXT TXT TXX\nXXXXXXXXXX\n", "Health: 12 X: 8 Y: 7\nXXXXXXXXXX\nXMX e X TX\nX        X\nX   X   XX\nX   T    X\nXX  XX   X\nX P      X\nX X X  XHX\nX    m   X\nX o      X\nX  X   X X\nX        X\nXX      XX\nX        X\nX        X\nX X T  X X\nX        X\nX        X\nXT TXT TXX\nXXXXXXXXXX\n", "Health: 12 X: 8 Y: 6\nXXXXXXXXXX\nXMX e X TX\nX        X\nX   X   XX\nX   T    X\nXX  XX   X\nX P     HX\nX X Xm X X\nX        X\nX        X\nX oX   X X\nX        X\nXX      XX\nX        X\nX        X\nX X T  X X\nX        X\nX        X\nXT TXT TXX\nXXXXXXXXXX\n", "Health: 12 X: 8 Y: 7\nXXXXXXXXXX\nXMX e X TX\nX        X\nX   X   XX\nX   T    X\nXX  XX   X\nX P      X\nX X X mXHX\nX        X\nX        X\nX  X   X X\nX o      X\nXX      XX\nX        X\nX        X\nX X T  X X\nX        X\nX        X\nXT TXT TXX\nXXXXXXXXXX\n", "Health: 12 X: 8 Y: 8\nXXXXXXXXXX\nXMX e X TX\nX        X\nX   X   XX\nX   T    X\nXX  XX   X\nX P      X\nX X X  X X\nX     m HX\nX        X\nX  X   X X\nX        X\nXXo     XX\nX        X\nX        X\nX X T  X X\nX        X\nX        X\nXT TXT TXX\nXXXXXXXXXX\n", "Health: 12 X: 8 Y: 9\nXXXXXXXXXX\nXMX e X TX\nX        X\nX   X   XX\nX   T    X\nXX  XX   X\nX P      X\nX X X  X X\nX      m X\nX       HX\nX  X   X X\nX        X\nXX o    XX\nX        X\nX        X\nX X T  X X\nX        X\nX        X\nXT TXT TXX\nXXXXXXXXXX\n", "Health: 11 X: 8 Y: 8\nXXXXXXXXXX\nXMX e X TX\nX        X\nX   X   XX\nX   T    X\nXX  XX   X\nX P      X\nX X X  X X\nX      mHX\nX        X\nX  X   X X\nX        X\nXX      XX\nX  o     X\nX        X\nX X T  X X\nX        X\nX        X\nXT TXT TXX\nXXXXXXXXXX\n", "Health: 11 X: 7 Y: 8\nXXXXXXXXXX\nXMX e X TX\nX        X\nX   X   XX\nX   T    X\nXX  XX   X\nX P      X\nX X X  X X\nX      m X\nX        X\nX  X   X X\nX        X\nXX      XX\nX        X\nX  o     X\nX X T  X X\nX        X\nX        X\nXT TXT TXX\nXXXXXXXXXX\n", "Health: 11 X: 6 Y: 8\nXXXXXXXXXX\nXMX e X TX\nX        X\nX   X   XX\nX   T    X\nXX  XX   X\nX P      X\nX X X  X X\nX     Hm X\nX        X\nX  X   X X\nX        X\nXX      XX\nX        X\nX        X\nX XoT  X X\nX        X\nX        X\nXT TXT TXX\nXXXXXXXXXX\n", "Health: 11 X: 5 Y: 8\nXXXXXXXXXX\nXMX e X TX\nX        X\nX   X   XX\nX   T    X\nXX  XX   X\nX P      X\nX X X  X X\nX    H m X\nX        X\nX  X   X X\nX        X\nXX      XX\nX        X\nX        X\nX X T  X X\nX  o     X\nX        X\nXT TXT TXX\nXXXXXXXXXX\n", "Health: 11 X: 4 Y: 8\nXXXXXXXXXX\nXMX e X TX\nX        X\nX   X   XX\nX   T    X\nXX  XX   X\nX P      X\nX X X  X X\nX   H  m X\nX        X\nX  X   X X\nX        X\nXX      XX\nX        X\nX        X\nX X T  X X\nX        X\nX  o     X\nXT TXT TXX\nXXXXXXXXXX\n", "Health: 11 X: 3 Y: 8\nXXXXXXXXXX\nX X e X TX\nXM       X\nX   X   XX\nX   T    X\nXX  XX   X\nX P      X\nX X X  X X\nX  H   m X\nX        X\nX  X   X X\nX        X\nXX      XX\nX        X\nX        X\nX X T  X X\nX        X\nX        X\nXT  XT TXX\nXXXXXXXXXX\n", "Health: 11 X: 3 Y: 7\nXXXXXXXXXX\nX X e X TX\nX M      X\nX   X   XX\nX   T    X\nXX  XX   X\nX P      X\nX XHX  X X\nX     m  X\nX        X\nX  X   X X\nX        X\nXX      XX\nX        X\nX        X\nXbX T  X X\nX        X\nX        X\nXTo XT TXX\nXXXXXXXXXX\n", "Health: 11 X: 3 Y: 6\nXXXXXXXXXX\nX X e X TX\nX  M     X\nX   X   XX\nX   T    X\nXX  XX   X\nX PH     X\nX X X mX X\nX        X\nX        X\nX  X   X X\nX        X\nXX      XX\nX        X\nXb       X\nX X T  X X\nX        X\nX        X\nX   XT TXX\nXXXXXXXXXX\n", "Health: 13 X: 2 Y: 6\nXXXXXXXXXX\nX X e X TX\nX M      X\nX   X   XX\nX   T    X\nXX  XX   X\nX     m  X\nX X X  X X\nX        X\nX        X\nX  X   X X\nX        X\nXX      XX\nX        X\nXb       X\nX X T  X X\nX        X\nX        X\nX   XT TXX\nXXXXXXXXXX\n", "Health: 13 X: 1 Y: 6\nXXXXXXXXXX\nX X e X TX\nX M      X\nX   X   XX\nX   T    X\nXX  XX   X\nXH   m   X\nX X X  X X\nX        X\nX        X\nX  X   X X\nX        X\nXX      XX\nX        X\nXb       X\nX X T  X X\nX        X\nX        X\nX   XT TXX\nXXXXXXXXXX\n", "Health: 13 X: 1 Y: 7\nXXXXXXXXXX\nX X e X TX\nX M      X\nX   X   XX\nX   T    X\nXX  XX   X\nX   m    X\nXHX X  X X\nX        X\nX        X\nX  X   X X\nX        X\nXX      XX\nX        X\nXb       X\nX X T  X X\nX        X\nX        X\nX   XT TXX\nXXXXXXXXXX\n", "Health: 13 X: 1 Y: 8\nXXXXXXXXXX\nX X e X TX\nX M      X\nX   X   XX\nX   T    X\nXX  XX   X\nX  m     X\nX X X  X X\nX        X\nX        X\nX  X   X X\nX        X\nXX      XX\nX        X\nXb       X\nX X T  X X\nX        X\nX        X\nX   XT TXX\nXXXXXXXXXX\n", "Health: 13 X: 1 Y: 9\nXXXXXXXXXX\nX X e X TX\nX        X\nX M X   XX\nX   T    X\nXX  XX   X\nX m      X\nX X X  X X\nX        X\nXH       X\nX  X   X X\nX        X\nXX      XX\nX        X\nXb       X\nX X T  X X\nX        X\nX        X\nX   XT TXX\nXXXXXXXXXX\n", "Health: 13 X: 1 Y: 10\nXXXXXXXXXX\nX X e X TX\nX        X\nX M X   XX\nX   T    X\nXX  XX   X\nXm       X\nX X X  X X\nX        X\nX        X\nXH X   X X\nX        X\nXX      XX\nX        X\nXb       X\nX X T  X X\nX        X\nX        X\nX   XT TXX\nXXXXXXXXXX\n", "Health: 13 X: 2 Y: 10\nXXXXXXXXXX\nX X e X TX\nX        X\nX M X   XX\nX   T    X\nXX  XX   X\nX        X\nXmX X  X X\nX        X\nX        X\nX HX   X X\nX        X\nXX      XX\nX        X\nXb       X\nX X T  X X\nX        X\nXo       X\nX   XT TXX\nXXXXXXXXXX\n", "Health: 13 X: 2 Y: 11\nXXXXXXXXXX\nX X e X TX\nX        X\nX M X   XX\nX   T    X\nXX  XX   X\nX        X\nX X X  X X\nXm       X\nX        X\nX  X   X X\nX H      X\nXX      XX\nX        X\nXb       X\nX X T  X X\nX        X\nX        X\nX   XT TXX\nXXXXXXXXXX\n", "Health: 13 X: 2 Y: 12\nXXXXXXXXXX\nX X e X TX\nX        X\nX M X   XX\nX   T    X\nXX  XX   X\nX        X\nX X X  X X\nX m      X\nX        X\nX  X   X X\nX        X\nXXH     XX\nXb       X\nX        X\nXoX T  X X\nX        X\nX        X\nX   XT TXX\nXXXXXXXXXX\n", "Health: 13 X: 3 Y: 12\nXXXXXXXXXX\nX X e X TX\nX        X\nX M X   XX\nX   T    X\nXX  XX   X\nX        X\nX X X  X X\nX        X\nX m      X\nX  X   X X\nX        X\nXX H    XX\nX b      X\nXo       X\nX X T  X X\nX        X\nX        X\nX   XT TXX\nXXXXXXXXXX\n", "Health: 13 X: 4 Y: 12\nXXXXXXXXXX\nX X e X TX\nX        X\nX M X   XX\nX   T    X\nXX  XX   X\nX        X\nX X X  X X\nX        X\nX  m     X\nX  X   X X\nX        X\nXXb H   XX\nXo       X\nX        X\nX X T  X X\nX        X\nX        X\nX   XT TXX\nXXXXXXXXXX\n", "Health: 13 X: 5 Y: 12\nXXXXXXXXXX\nX X e X TX\nX        X\nX  MX   XX\nX   T    X\nXX  XX   X\nX        X\nX X X  X X\nX        X\nX   m    X\nX  X   X X\nX        X\nXX b H  XX\nX o      X\nX        X\nX X T  X X\nX        X\nX        X\nX   XT TXX\nXXXXXXXXXX\n", "Health: 13 X: 6 Y: 12\nXXXXXXXXXX\nX X e X TX\nX        X\nX  MX   XX\nX   T    X\nXX  XX   X\nX        X\nX X X  X X\nX        X\nX    m   X\nX  X   X X\nX        X\nXXo b H XX\nX        X\nX        X\nX X T  X X\nX        X\nX        X\nX   XT TXX\nXXXXXXXXXX\n", "Health: 13 X: 6 Y: 13\nXXXXXXXXXX\nX X e X TX\nX        X\nX  MX   XX\nX   T    X\nXX  XX   X\nX        X\nX X X  X X\nX        X\nX     m  X\nX  X   X X\nX        X\nXX o b  XX\nX     H  X\nX        X\nX X T  X X\nX        X\nX        X\nX   XT TXX\nXXXXXXXXXX\n", "Health: 13 X: 6 Y: 14\nXXXXXXXXXX\nX X e X TX\nX        X\nX  MX   XX\nX   T    X\nXX  XX   X\nX        X\nX X X  X X\nX        X\nX        X\nX  X  mX X\nX        X\nXX  o b XX\nX        X\nX     H  X\nX X T  X X\nX        X\nX        X\nX   XT TXX\nXXXXXXXXXX\n", "Health: 13 X: 6 Y: 15\nXXXXXXXXXX\nX X e X TX\nX        X\nX  MX   XX\nX   T    X\nXX  XX   X\nX        X\nX X X  X X\nX        X\nX        X\nX  X   X X\nX     m  X\nXX      XX\nX   o b  X\nX        X\nX X T HX X\nX        X\nX        X\nX   XT TXX\nXXXXXXXXXX\n", "Health: 13 X: 6 Y: 16\nXXXXXXXXXX\nX X e X TX\nX        X\nX  MX   XX\nX   T    X\nXX  XX   X\nX        X\nX X X  X X\nX        X\nX        X\nX  X   X X\nX        X\nXX    m XX\nX        X\nX   o b  X\nX X T  X X\nX     Hb X\nX        X\nX   XT TXX\nXXXXXXXXXX\n", "Health: 13 X: 6 Y: 17\nXXXXXXXXXX\nX X e X TX\nX        X\nX  MX   XX\nX   T    X\nXX  XX   X\nX        X\nX X X  X X\nX        X\nX        X\nX  X   X X\nX        X\nXX      XX\nX     m  X\nX    o   X\nX X T bX X\nX     b  X\nX     H  X\nX   XT TXX\nXXXXXXXXXX\n", "Health: 13 X: 6 Y: 18\nXXXXXXXXXX\nX X e X TX\nX        X\nX  MX   XX\nX   T    X\nXX  XX   X\nX        X\nX X X  X X\nX        X\nX        X\nX  X   X X\nX        X\nXX      XX\nX        X\nX     m  X\nX X To X X\nX     \u221e  X\nX        X\nX   XTHTXX\nXXXXXXXXXX\n", "Health: 13 X: 5 Y: 18\nXXXXXXXXXX\nX X e X TX\nX        X\nX  MX   XX\nX   T    X\nXX  XX   X\nX        X\nX X X  X X\nX        X\nX        X\nX  X   X X\nX        X\nXX      XX\nX        X\nX    m   X\nX X T  X X\nX    b\u221e  X\nX        X\nX   X  TXX\nXXXXXXXXXX\n", "Health: 13 X: 6 Y: 18\nXXXXXXXXXX\nX X e X TX\nX        X\nX  MX   XX\nX   T    X\nXX  XX   X\nX        X\nX X X  X X\nX        X\nX        X\nX  X   X X\nX        X\nXX      XX\nX        X\nX     m  X\nX X T  X X\nX    \u221e\u221e  X\nX        X\nX   X HTXX\nXXXXXXXXXX\n", "Health: 13 X: 7 Y: 18\nXXXXXXXXXX\nX X e X TX\nX        X\nX  MX   XX\nX   T    X\nXX  XX   X\nX        X\nX X X  X X\nX        X\nX        X\nX  X   X X\nX        X\nXX      XX\nX        X\nX        X\nX X T mX X\nX    \u221e\u221eb X\nX        X\nX   X   XX\nXXXXXXXXXX\n", "Health: 13 X: 6 Y: 18\nXXXXXXXXXX\nX X e X TX\nX        X\nX  MX   XX\nX   T    X\nXX  XX   X\nX        X\nX X X  X X\nX        X\nX        X\nX  X   X X\nX        X\nXX      XX\nX        X\nX        X\nX X T  X X\nX    \u221em  X\nX        X\nX   X H XX\nXXXXXXXXXX\n", "Health: 13 X: 5 Y: 18\nXXXXXXXXXX\nX X e X TX\nX        X\nX  MX   XX\nX   T    X\nXX  XX   X\nX        X\nX X X  X X\nX        X\nX        X\nX  X   X X\nX        X\nXX      XX\nX        X\nX        X\nX X T  X X\nX    \u221em  X\nX        X\nX   X   XX\nXXXXXXXXXX\n", "Health: 13 X: 5 Y: 17\nXXXXXXXXXX\nX X e X TX\nX        X\nX  MX   XX\nX   T    X\nXX  XX   X\nX        X\nX X X  X X\nX        X\nX        X\nX  X   X X\nX        X\nXX      XX\nX        X\nX        X\nX X T  X X\nX    \u221em  X\nX    H   X\nX   X   XX\nXXXXXXXXXX\n", "Health: 13 X: 4 Y: 17\nXXXXXXXXXX\nX X e X TX\nX        X\nX  MX   XX\nX   T    X\nXX  XX   X\nX        X\nX X X  X X\nX        X\nX        X\nX  X   X X\nX        X\nXX      XX\nX        X\nX        X\nX X T  X X\nX    \u221em  X\nX   H    X\nX   X   XX\nXXXXXXXXXX\n", "Health: 13 X: 4 Y: 16\nXXXXXXXXXX\nX X e X TX\nX        X\nX  MX   XX\nX   T    X\nXX  XX   X\nX        X\nX X X  X X\nX        X\nX        X\nX  X   X X\nX        X\nXX      XX\nX        X\nX        X\nX X T  X X\nX   H\u221em  X\nX        X\nX   X   XX\nXXXXXXXXXX\n", "Health: 13 X: 5 Y: 16\nXXXXXXXXXX\nX X e X TX\nX        X\nX  MX   XX\nX   T    X\nXX  XX   X\nX        X\nX X X  X X\nX        X\nX        X\nX  X   X X\nX        X\nXX      XX\nX        X\nX        X\nX X T  X X\nX    \u221em  X\nX        X\nX   X   XX\nXXXXXXXXXX\n", "Health: 13 X: 5 Y: 15\nXXXXXXXXXX\nX X e X TX\nX        X\nX  MX   XX\nX   T    X\nXX  XX   X\nX        X\nX X X  X X\nX        X\nX        X\nX  X   X X\nX        X\nXX      XX\nX        X\nX        X\nX X THmX X\nX    \u221e\u221e  X\nX        X\nX   X   XX\nXXXXXXXXXX\n", "Health: 13 X: 5 Y: 14\nXXXXXXXXXX\nX X e X TX\nX        X\nX  MX   XX\nX   T    X\nXX  XX   X\nX        X\nX X X  X X\nX        X\nX        X\nX  X   X X\nX        X\nXX      XX\nX        X\nX    Hm  X\nX X T  X X\nX    \u221e\u221e  X\nX        X\nX   X   XX\nXXXXXXXXXX\n", "Health: 13 X: 5 Y: 13\nXXXXXXXXXX\nX X e X TX\nX        X\nX  MX   XX\nX   T    X\nXX  XX   X\nX        X\nX X X  X X\nX        X\nX        X\nX  X   X X\nX        X\nXX      XX\nX    Hm  X\nX        X\nX X T  X X\nX    \u221e\u221e  X\nX        X\nX   X   XX\nXXXXXXXXXX\n", "Health: 13 X: 5 Y: 12\nXXXXXXXXXX\nX X e X TX\nX        X\nX  MX   XX\nX   T    X\nXX  XX   X\nX        X\nX X X  X X\nX        X\nX        X\nX  X   X X\nX        X\nXX   Hm XX\nX        X\nX        X\nX X T  X X\nX    \u221e\u221e  X\nX        X\nX   X   XX\nXXXXXXXXXX\n", "Health: 13 X: 5 Y: 11\nXXXXXXXXXX\nX X e X TX\nX        X\nX  MX   XX\nX   T    X\nXX  XX   X\nX        X\nX X X  X X\nX        X\nX        X\nX  X   X X\nX    Hm  X\nXX      XX\nX        X\nX        X\nX X T  X X\nX    \u221e\u221e  X\nX        X\nX   X   XX\nXXXXXXXXXX\n", "Health: 13 X: 5 Y: 10\nXXXXXXXXXX\nX X e X TX\nX        X\nX  MX   XX\nX   T    X\nXX  XX   X\nX        X\nX X X  X X\nX        X\nX        X\nX  X HmX X\nX        X\nXX      XX\nX        X\nX        X\nX X T  X X\nX    \u221e\u221e  X\nX        X\nX   X   XX\nXXXXXXXXXX\n", "Health: 13 X: 5 Y: 9\nXXXXXXXXXX\nX X e X TX\nX        X\nX  MX   XX\nX   T    X\nXX  XX   X\nX        X\nX X X  X X\nX        X\nX    Hm  X\nX  X   X X\nX        X\nXX      XX\nX        X\nX        X\nX X T  X X\nX    \u221e\u221e  X\nX        X\nX   X   XX\nXXXXXXXXXX\n", "Health: 13 X: 5 Y: 8\nXXXXXXXXXX\nX X e X TX\nX        X\nX  MX   XX\nX   T    X\nXX  XX   X\nX        X\nX X X  X X\nX    Hm  X\nX        X\nX  X   X X\nX        X\nXX      XX\nX        X\nX        X\nX X T  X X\nX    \u221e\u221e  X\nX        X\nX   X   XX\nXXXXXXXXXX\n", "Health: 13 X: 4 Y: 8\nXXXXXXXXXX\nX X e X TX\nX        X\nX  MX   XX\nX   T    X\nXX  XX   X\nX        X\nX X X  X X\nX   Hm   X\nX        X\nX  X   X X\nX        X\nXX      XX\nX        X\nX        X\nX X T  X X\nX    \u221e\u221e  X\nX        X\nX   X   XX\nXXXXXXXXXX\n", "Health: 12 X: 5 Y: 8\nXXXXXXXXXX\nX X e X TX\nX        X\nX  MX   XX\nX   T    X\nXX  XX   X\nX        X\nX X X  X X\nX    m   X\nX        X\nX  X   X X\nX        X\nXX      XX\nX        X\nX        X\nX X T  X X\nX    \u221e\u221e  X\nX        X\nX   X   XX\nXXXXXXXXXX\n", "Health: 12 X: 6 Y: 8\nXXXXXXXXXX\nX X e X TX\nX        X\nX  MX   XX\nX   T    X\nXX  XX   X\nX        X\nX X X  X X\nX    mH  X\nX        X\nX  X   X X\nX        X\nXX      XX\nX        X\nX        X\nX X T  X X\nX    \u221e\u221e  X\nX        X\nX   X   XX\nXXXXXXXXXX\n", "Health: 12 X: 7 Y: 8\nXXXXXXXXXX\nX X e X TX\nX        X\nX  MX   XX\nX   T    X\nXX  XX   X\nX        X\nX X X  X X\nX    m H X\nX        X\nX  X   X X\nX        X\nXX      XX\nX        X\nX        X\nX X T  X X\nX    \u221e\u221e  X\nX        X\nX   X   XX\nXXXXXXXXXX\n", "Health: 12 X: 8 Y: 8\nXXXXXXXXXX\nX X e X TX\nX        X\nX  MX   XX\nX   T    X\nXX  XX   X\nX        X\nX X X  X X\nX    m  HX\nX        X\nX  X   X X\nX        X\nXX      XX\nX        X\nX        X\nX X T  X X\nX    \u221e\u221e  X\nX        X\nX   X   XX\nXXXXXXXXXX\n", "Health: 12 X: 8 Y: 7\nXXXXXXXXXX\nX X e X TX\nX        X\nX  MX   XX\nX   T    X\nXX  XX   X\nX        X\nX X X  XHX\nX    m   X\nX        X\nX  X   X X\nX        X\nXX      XX\nX        X\nX        X\nX X T  X X\nX    \u221e\u221e  X\nX        X\nX   X   XX\nXXXXXXXXXX\n", "Health: 12 X: 8 Y: 6\nXXXXXXXXXX\nX X e X TX\nX        X\nX  MX   XX\nX   T    X\nXX  XX   X\nX       HX\nX X Xm X X\nX        X\nX        X\nX  X   X X\nX        X\nXX      XX\nX        X\nX        X\nX X T  X X\nX    \u221e\u221e  X\nX        X\nX   X   XX\nXXXXXXXXXX\n", "Health: 12 X: 7 Y: 6\nXXXXXXXXXX\nX X e X TX\nX        X\nX  MX   XX\nX   T    X\nXX  XX   X\nX    m H X\nX X X  X X\nX        X\nX        X\nX  X   X X\nX        X\nXX      XX\nX        X\nX        X\nX X T  X X\nX    \u221e\u221e  X\nX        X\nX   X   XX\nXXXXXXXXXX\n", "Health: 11 X: 6 Y: 6\nXXXXXXXXXX\nX X e X TX\nX        X\nX  MX   XX\nX   T    X\nXX  XX   X\nX    mH  X\nX X X  X X\nX        X\nX        X\nX  X   X X\nX        X\nXX      XX\nX        X\nX        X\nX X T  X X\nX    \u221e\u221e  X\nX        X\nX   X   XX\nXXXXXXXXXX\n", "Health: 11 X: 6 Y: 5\nXXXXXXXXXX\nX X e X TX\nX        X\nX  MX   XX\nX   T    X\nXX  XXH  X\nX    m   X\nX X X  X X\nX        X\nX        X\nX  X   X X\nX        X\nXX      XX\nX        X\nX        X\nX X T  X X\nX    \u221e\u221e  X\nX        X\nX   X   XX\nXXXXXXXXXX\n", "Health: 11 X: 6 Y: 4\nXXXXXXXXXX\nX X e X TX\nX        X\nX  MX   XX\nX   T H  X\nXX  XX   X\nX    m   X\nX X X  X X\nX        X\nX        X\nX  X   X X\nX        X\nXX      XX\nX        X\nX        X\nX X T  X X\nX    \u221e\u221e  X\nX        X\nX   X   XX\nXXXXXXXXXX\n", "Health: 11 X: 6 Y: 3\nXXXXXXXXXX\nX X e X TX\nX        X\nX  MX H XX\nX   T    X\nXX  XX   X\nX    m   X\nX X X  X X\nX        X\nX        X\nX  X   X X\nX        X\nXX      XX\nX        X\nX        X\nX X T  X X\nX    \u221e\u221e  X\nX        X\nX   X   XX\nXXXXXXXXXX\n", "Health: 11 X: 6 Y: 2\nXXXXXXXXXX\nX X e X TX\nX     H  X\nX  MX   XX\nX   T    X\nXX  XX   X\nX    m   X\nX X X  X X\nX        X\nX        X\nX  X   X X\nX        X\nXX      XX\nX        X\nX        X\nX X T  X X\nX    \u221e\u221e  X\nX        X\nX   X   XX\nXXXXXXXXXX\n", "Health: 11 X: 7 Y: 2\nXXXXXXXXXX\nX X e X TX\nX      H X\nX  MX   XX\nX   T    X\nXX  XX   X\nX    m   X\nX X X  X X\nX        X\nX        X\nX  X   X X\nX        X\nXX      XX\nX        X\nX        X\nX X T  X X\nX    \u221e\u221e  X\nX        X\nX   X   XX\nXXXXXXXXXX\n", "Health: 11 X: 8 Y: 2\nXXXXXXXXXX\nX X e X TX\nX       HX\nX  MX   XX\nX   T    X\nXX  XX   X\nX     m  X\nX X X  X X\nX        X\nX        X\nX  X   X X\nX        X\nXX      XX\nX        X\nX        X\nX X T  X X\nX    \u221e\u221e  X\nX        X\nX   X   XX\nXXXXXXXXXX\n", "Health: 11 X: 8 Y: 1\nXXXXXXXXXX\nX X e X  X\nX        X\nX  MX   XX\nX   T    X\nXX  XXm  X\nX        X\nX X X  X X\nX        X\nX        X\nX  X   X X\nX        X\nXX      XX\nX        X\nX        X\nX X T  X X\nX    \u221e\u221e  X\nX        X\nX   X   XX\nXXXXXXXXXX\n", "Health: 11 X: 8 Y: 2\nXXXXXXXXXX\nX X e X  X\nX       HX\nX  MX   XX\nX   T m  X\nXX  XX   X\nX        X\nX X X  X X\nX        X\nX        X\nX  X   X X\nX        X\nXX      XX\nX        X\nX        X\nX X T  X X\nX    \u221e\u221e  X\nX        X\nX   X   XX\nXXXXXXXXXX\n", "Health: 11 X: 7 Y: 2\nXXXXXXXXXX\nX X e X  X\nX      H X\nX  MX m XX\nX   T    X\nXX  XX   X\nX        X\nX X X  X X\nX        X\nX        X\nX  X   X X\nX        X\nXX      XX\nX        X\nX        X\nX X T  X X\nX    \u221e\u221e  X\nX        X\nX   X   XX\nXXXXXXXXXX\n", "Health: 10 X: 6 Y: 2\nXXXXXXXXXX\nX X e X  X\nX     H  X\nX  MX m XX\nX   T    X\nXX  XX   X\nX        X\nX X X  X X\nX        X\nX        X\nX  X   X X\nX        X\nXX      XX\nX        X\nX        X\nX X T  X X\nX    \u221e\u221e  X\nX        X\nX   X   XX\nXXXXXXXXXX\n", "Health: 10 X: 5 Y: 2\nXXXXXXXXXX\nX X e X  X\nX    H   X\nX  MX m XX\nX   T    X\nXX  XX   X\nX        X\nX X X  X X\nX        X\nX        X\nX  X   X X\nX        X\nXX      XX\nX        X\nX        X\nX X T  X X\nX    \u221e\u221e  X\nX        X\nX   X   XX\nXXXXXXXXXX\n", "Health: 10 X: 4 Y: 2\nXXXXXXXXXX\nX X e X  X\nX  MH    X\nX   X m XX\nX   T    X\nXX  XX   X\nX        X\nX X X  X X\nX        X\nX        X\nX  X   X X\nX        X\nXX      XX\nX        X\nX        X\nX X T  X X\nX    \u221e\u221e  X\nX        X\nX   X   XX\nXXXXXXXXXX\n", "Health: 9 X: 3 Y: 2\nXXXXXXXXXX\nX X e X  X\nX  \u221e     X\nX   X m XX\nX   T    X\nXX  XX   X\nX        X\nX X X  X X\nX        X\nX        X\nX  X   X X\nX        X\nXX      XX\nX        X\nX        X\nX X T  X X\nX    \u221e\u221e  X\nX        X\nX   X   XX\nXXXXXXXXXX\n", "Health: 9 X: 4 Y: 2\nXXXXXXXXXX\nX X e X  X\nX  \u221eH    X\nX   X m XX\nX   T    X\nXX  XX   X\nX        X\nX X X  X X\nX        X\nX        X\nX  X   X X\nX        X\nXX      XX\nX        X\nX        X\nX X T  X X\nX    \u221e\u221e  X\nX        X\nX   X   XX\nXXXXXXXXXX\n", "Health: 9 X: 5 Y: 2\nXXXXXXXXXX\nX X e X  X\nX  \u221e H   X\nX   X m XX\nX   T    X\nXX  XX   X\nX        X\nX X X  X X\nX        X\nX        X\nX  X   X X\nX        X\nXX      XX\nX        X\nX        X\nX X T  X X\nX    \u221e\u221e  X\nX        X\nX   X   XX\nXXXXXXXXXX\n", "Health: 9 X: 4 Y: 2\nXXXXXXXXXX\nX X e X  X\nX  \u221eH m  X\nX   X   XX\nX   T    X\nXX  XX   X\nX        X\nX X X  X X\nX        X\nX        X\nX  X   X X\nX        X\nXX      XX\nX        X\nX        X\nX X T  X X\nX    \u221e\u221e  X\nX        X\nX   X   XX\nXXXXXXXXXX\n", "Health: 9 X: 4 Y: 1\nXXXXXXXXXX\nX X e X  X\nX  \u221e m   X\nX   X   XX\nX   T    X\nXX  XX   X\nX        X\nX X X  X X\nX        X\nX        X\nX  X   X X\nX        X\nXX      XX\nX        X\nX        X\nX X T  X X\nX    \u221e\u221e  X\nX        X\nX   X   XX\nXXXXXXXXXX\n"], "map_number": 202}], "timestamp": "15-Aug-2021 07:12:04.341778", "ip": "197.210.64.95"}