{"Q1": "Never", "Q2": "Never", "Q3": "Never", "Q4": "Never", "Q5": "Rarely", "Q6": "Often", "Q7": "Rarely", "Q8": "Rarely", "Q9": "Rarely", "Q10": "Often", "results": [{"mechanics": [{"timestep": 1, "mechanic": "CollectTreasure"}, {"timestep": 3, "mechanic": "OgreTreasure"}, {"timestep": 5, "mechanic": "MinitaurHit"}, {"timestep": 6, "mechanic": "MinitaurHit"}, {"timestep": 8, "mechanic": "MinitaurHit"}, {"timestep": 10, "mechanic": "TriggerTrap"}, {"timestep": 11, "mechanic": "CollectTreasure"}, {"timestep": 12, "mechanic": "CollectTreasure"}, {"timestep": 14, "mechanic": "MinitaurHit"}, {"timestep": 14, "mechanic": "TriggerTrap"}, {"timestep": 18, "mechanic": "CollectTreasure"}, {"timestep": 22, "mechanic": "OgreHit"}, {"timestep": 23, "mechanic": "JavelinThrow"}, {"timestep": 28, "mechanic": "CollectTreasure"}, {"timestep": 29, "mechanic": "JavelinThrow"}, {"timestep": 31, "mechanic": "MinitaurHit"}, {"timestep": 36, "mechanic": "CollectTreasure"}, {"timestep": 38, "mechanic": "UsePortal"}, {"timestep": 38, "mechanic": "GoblinMeleeHit"}, {"timestep": 39, "mechanic": "GoblinRangedHit"}, {"timestep": 40, "mechanic": "JavelinThrow"}, {"timestep": 42, "mechanic": "CollectPotion"}, {"timestep": 44, "mechanic": "BlobHit"}, {"timestep": 60, "mechanic": "ReachStairs"}], "frequencies": {"CollectTreasure": 6, "OgreTreasure": 1, "MinitaurHit": 5, "TriggerTrap": 2, "OgreHit": 1, "JavelinThrow": 3, "UsePortal": 1, "GoblinMeleeHit": 1, "GoblinRangedHit": 1, "CollectPotion": 1, "BlobHit": 1, "ReachStairs": 1}, "levelReport": {"utilityGained": 0.0, "exitUtility": 1.0, "runnerUtility": 0.39, "loitererUtility": 61.0, "completionistUtility": 0.9066666666666665, "monsterKillerUtility": 1.0, "treasureCollectorUtility": 0.72, "turnsTaken": 61, "health": 4, "healthLost": 8, "alive": true, "javelinsThrown": 3, "monsterKills": 4, "minitaurKnockouts": 3, "treasuresCollected": 6, "potionsTaken": 1, "totalMonsters": 5, "totalTreasures": 10, "totalPotions": 1, "timeTaken": 0.0}, "positions": [{"X": 4, "Y": 3}, {"X": 3, "Y": 3}, {"X": 2, "Y": 3}, {"X": 3, "Y": 3}, {"X": 4, "Y": 3}, {"X": 5, "Y": 3}, {"X": 5, "Y": 2}, {"X": 5, "Y": 3}, {"X": 5, "Y": 2}, {"X": 5, "Y": 1}, {"X": 6, "Y": 1}, {"X": 7, "Y": 1}, {"X": 8, "Y": 1}, {"X": 7, "Y": 1}, {"X": 6, "Y": 1}, {"X": 5, "Y": 1}, {"X": 5, "Y": 2}, {"X": 5, "Y": 3}, {"X": 6, "Y": 3}, {"X": 7, "Y": 3}, {"X": 8, "Y": 3}, {"X": 8, "Y": 4}, {"X": 8, "Y": 5}, {"X": 8, "Y": 5}, {"X": 7, "Y": 5}, {"X": 7, "Y": 6}, {"X": 7, "Y": 7}, {"X": 8, "Y": 7}, {"X": 8, "Y": 8}, {"X": 8, "Y": 8}, {"X": 8, "Y": 7}, {"X": 8, "Y": 6}, {"X": 8, "Y": 7}, {"X": 8, "Y": 8}, {"X": 8, "Y": 9}, {"X": 7, "Y": 9}, {"X": 7, "Y": 10}, {"X": 7, "Y": 11}, {"X": 3, "Y": 11}, {"X": 2, "Y": 11}, {"X": 2, "Y": 11}, {"X": 2, "Y": 10}, {"X": 2, "Y": 9}, {"X": 2, "Y": 8}, {"X": 2, "Y": 7}, {"X": 2, "Y": 8}, {"X": 2, "Y": 9}, {"X": 2, "Y": 10}, {"X": 2, "Y": 11}, {"X": 2, "Y": 12}, {"X": 2, "Y": 13}, {"X": 2, "Y": 14}, {"X": 2, "Y": 15}, {"X": 2, "Y": 16}, {"X": 1, "Y": 16}, {"X": 1, "Y": 17}, {"X": 1, "Y": 18}, {"X": 2, "Y": 18}, {"X": 3, "Y": 18}, {"X": 4, "Y": 18}, {"X": 5, "Y": 18}], "levelStates": ["Health: 10 X: 4 Y: 3\nXXXXXXXXXX\nX m   tTTX\nXXXXX XXXX\nXX TH T  X\nXX XX XX X\nX   X X oX\nX   X X  X\nX  bX XT X\nXX XX XXTX\nX P X X  X\nXX XX XTXX\nX  TX X TX\nX M X X TX\nX   X X  X\nXX XX XTXX\nX R X X  X\nX   X XXTX\nX XXX X  X\nX    e   X\nXXXXXXXXXX\n", "Health: 10 X: 3 Y: 3\nXXXXXXXXXX\nX  m  tTTX\nXXXXX XXXX\nXX    T  X\nXX XX XX X\nX   X Xo X\nX   X X  X\nX  bX XT X\nXX XX XXTX\nX P X X  X\nXX XX XTXX\nX  TX X TX\nX M X X TX\nX   X X  X\nXX XX XTXX\nX R X X  X\nX   X XXTX\nX XXX X  X\nX    e   X\nXXXXXXXXXX\n", "Health: 10 X: 2 Y: 3\nXXXXXXXXXX\nX   m tTTX\nXXXXX XXXX\nXXH   T  X\nXX XX XX X\nX   X X  X\nX  bX Xo X\nX   X XT X\nXX XX XXTX\nX P X X  X\nXX XX XTXX\nX MTX X TX\nX   X X TX\nX   X X  X\nXXRXX XTXX\nX   X X  X\nX   X XXTX\nX XXX X  X\nX    e   X\nXXXXXXXXXX\n", "Health: 10 X: 3 Y: 3\nXXXXXXXXXX\nX    mtTTX\nXXXXX XXXX\nXX    T  X\nXX XX XX X\nX   X X  X\nX  bX X  X\nX   X X  X\nXX XX XXTX\nX P X X  X\nXX XX XTXX\nX MTX X TX\nX   X X TX\nX   X X  X\nXXRXX XTXX\nX   X X  X\nX   X XXTX\nX XXX X  X\nX    e   X\nXXXXXXXXXX\n", "Health: 10 X: 4 Y: 3\nXXXXXXXXXX\nX     tTTX\nXXXXXmXXXX\nXX  H T  X\nXX XX XX X\nX   X X  X\nX  bX X  X\nX   X X  X\nXX XX XXTX\nX P X X  X\nXX XX XTXX\nX MTX X TX\nX   X X TX\nX   X X  X\nXXRXX XTXX\nX   X X  X\nX   X XXTX\nX XXX X  X\nX    e   X\nXXXXXXXXXX\n", "Health: 9 X: 5 Y: 3\nXXXXXXXXXX\nX     tTTX\nXXXXXmXXXX\nXX   HT  X\nXX XX XX X\nX   X X  X\nX  bX X  X\nX   X X  X\nXX XX XXTX\nX P X X  X\nXX XX XTXX\nX MTX X TX\nX   X X TX\nX   X X  X\nXXRXX XTXX\nX   X X  X\nX   X XXTX\nX XXX X  X\nX    e   X\nXXXXXXXXXX\n", "Health: 9 X: 5 Y: 2\nXXXXXXXXXX\nX     tTTX\nXXXXXmXXXX\nXX    T  X\nXX XX XX X\nX   X X  X\nX  bX X  X\nX   X X  X\nXX XX XXTX\nX P X X  X\nXX XX XTXX\nX MTX X TX\nX   X X TX\nX   X X  X\nXXRXX XTXX\nX   X X  X\nX   X XXTX\nX XXX X  X\nX    e   X\nXXXXXXXXXX\n", "Health: 9 X: 5 Y: 3\nXXXXXXXXXX\nX     tTTX\nXXXXXmXXXX\nXX   HT  X\nXX XX XX X\nX   X X  X\nX  bX X  X\nX   X X  X\nXX XX XXTX\nX P X X  X\nXX XX XTXX\nX MTX X TX\nX   X X TX\nX   X X  X\nXXRXX XTXX\nX   X X  X\nX   X XXTX\nX XXX X  X\nX    e   X\nXXXXXXXXXX\n", "Health: 9 X: 5 Y: 2\nXXXXXXXXXX\nX     tTTX\nXXXXXmXXXX\nXX    T  X\nXX XX XX X\nX   X X  X\nX  bX X  X\nX   X X  X\nXX XX XXTX\nX P X X  X\nXX XX XTXX\nX MTX X TX\nX   X X TX\nX   X X  X\nXXRXX XTXX\nX   X X  X\nX   X XXTX\nX XXX X  X\nX    e   X\nXXXXXXXXXX\n", "Health: 9 X: 5 Y: 1\nXXXXXXXXXX\nX    HtTTX\nXXXXXmXXXX\nXX    T  X\nXX XX XX X\nX   X X  X\nX  bX X  X\nX   X X  X\nXX XX XXTX\nX P X X  X\nXX XX XTXX\nX MTX X TX\nX   X X TX\nX   X X  X\nXXRXX XTXX\nX   X X  X\nX   X XXTX\nX XXX X  X\nX    e   X\nXXXXXXXXXX\n", "Health: 8 X: 6 Y: 1\nXXXXXXXXXX\nX     tTTX\nXXXXXmXXXX\nXX    T  X\nXX XX XX X\nX   X X  X\nX  bX X  X\nX   X X  X\nXX XX XXTX\nX P X X  X\nXX XX XTXX\nX MTX X TX\nX   X X TX\nX   X X  X\nXXRXX XTXX\nX   X X  X\nX   X XXTX\nX XXX X  X\nX    e   X\nXXXXXXXXXX\n", "Health: 8 X: 7 Y: 1\nXXXXXXXXXX\nX    mt TX\nXXXXX XXXX\nXX    T  X\nXX XX XX X\nX   X X  X\nX  bX X  X\nX   X X  X\nXX XX XXTX\nX P X X  X\nXX XX XTXX\nX MTX X TX\nX   X X TX\nX   X X  X\nXXRXX XTXX\nX   X X  X\nX   X XXTX\nX XXX X  X\nX    e   X\nXXXXXXXXXX\n", "Health: 8 X: 8 Y: 1\nXXXXXXXXXX\nX     t  X\nXXXXX XXXX\nXX    T  X\nXX XX XX X\nX   X X  X\nX  bX X  X\nX   X X  X\nXX XX XXTX\nX P X X  X\nXX XX XTXX\nX MTX X TX\nX   X X TX\nX   X X  X\nXXRXX XTXX\nX   X X  X\nX   X XXTX\nX XXX X  X\nX    e   X\nXXXXXXXXXX\n", "Health: 8 X: 7 Y: 1\nXXXXXXXXXX\nX     t  X\nXXXXX XXXX\nXX    T  X\nXX XX XX X\nX   X X  X\nX  bX X  X\nX   X X  X\nXX XX XXTX\nX P X X  X\nXX XX XTXX\nX MTX X TX\nX   X X TX\nX   X X  X\nXXRXX XTXX\nX   X X  X\nX   X XXTX\nX XXX X  X\nX    e   X\nXXXXXXXXXX\n", "Health: 7 X: 6 Y: 1\nXXXXXXXXXX\nX     t  X\nXXXXX XXXX\nXX    T  X\nXX XX XX X\nX   X X  X\nX  bX X  X\nX   X X  X\nXX XX XXTX\nX P X X  X\nXX XX XTXX\nX MTX X TX\nX   X X TX\nX   X X  X\nXXRXX XTXX\nX   X X  X\nX   X XXTX\nX XXX X  X\nX    e   X\nXXXXXXXXXX\n", "Health: 7 X: 5 Y: 1\nXXXXXXXXXX\nX    Ht  X\nXXXXX XXXX\nXX    T  X\nXX XX XX X\nX   X X  X\nX  bX X  X\nX   X X  X\nXX XX XXTX\nX P X X  X\nXX XX XTXX\nX MTX X TX\nX   X X TX\nX   X X  X\nXXRXX XTXX\nX   X X  X\nX   X XXTX\nX XXX X  X\nX    e   X\nXXXXXXXXXX\n", "Health: 7 X: 5 Y: 2\nXXXXXXXXXX\nX     t  X\nXXXXXHXXXX\nXX    T  X\nXX XX XX X\nX   X X  X\nX  bX X  X\nX   X X  X\nXX XX XXTX\nX P X X  X\nXX XX XTXX\nX MTX X TX\nX   X X TX\nX   X X  X\nXXRXX XTXX\nX   X X  X\nX   X XXTX\nX XXX X  X\nX    e   X\nXXXXXXXXXX\n", "Health: 7 X: 5 Y: 3\nXXXXXXXXXX\nX     t  X\nXXXXX XXXX\nXX   HT  X\nXX XX XX X\nX   X X  X\nX  bX X  X\nX   X X  X\nXX XX XXTX\nX P X X  X\nXX XX XTXX\nX MTX X TX\nX   X X TX\nX   X X  X\nXXRXX XTXX\nX   X X  X\nX   X XXTX\nX XXX X  X\nX    e   X\nXXXXXXXXXX\n", "Health: 7 X: 6 Y: 3\nXXXXXXXXXX\nX    mt  X\nXXXXX XXXX\nXX       X\nXX XX XX X\nX   X X  X\nX  bX X  X\nX   X X  X\nXX XX XXTX\nX P X X  X\nXX XX XTXX\nX MTX X TX\nX   X X TX\nX   X X  X\nXXRXX XTXX\nX   X X  X\nX   X XXTX\nX XXX X  X\nX    e   X\nXXXXXXXXXX\n", "Health: 7 X: 7 Y: 3\nXXXXXXXXXX\nX     t  X\nXXXXXmXXXX\nXX     H X\nXX XX XX X\nX   X X  X\nX  bX X  X\nX   X X  X\nXX XX XXTX\nX P X X  X\nXX XX XTXX\nX MTX X TX\nX   X X TX\nX   X X  X\nXXRXX XTXX\nX   X X  X\nX   X XXTX\nX XXX X  X\nX    e   X\nXXXXXXXXXX\n", "Health: 7 X: 8 Y: 3\nXXXXXXXXXX\nX     t  X\nXXXXX XXXX\nXX   m  HX\nXX XX XX X\nX   X X  X\nX  bX Xo X\nX   X X  X\nXX XX XXTX\nX P X X  X\nXX XX XTXX\nX MTX X TX\nX   X X TX\nX   X X  X\nXXRXX XTXX\nX   X X  X\nX   X XXTX\nX XXX X  X\nX    e   X\nXXXXXXXXXX\n", "Health: 7 X: 8 Y: 4\nXXXXXXXXXX\nX     t  X\nXXXXX XXXX\nXX       X\nXX XX XXHX\nX   X Xo X\nX  bX X  X\nX   X X  X\nXX XX XXTX\nX P X X  X\nXX XX XTXX\nX MTX X TX\nX   X X TX\nX   X X  X\nXXRXX XTXX\nX   X X  X\nX   X XXTX\nX XXX X  X\nX    e   X\nXXXXXXXXXX\n", "Health: 5 X: 8 Y: 5\nXXXXXXXXXX\nX     t  X\nXXXXX XXXX\nXX     m X\nXX XX XX X\nX   X XoHX\nX  bX X  X\nX   X X  X\nXX XX XXTX\nX P X X  X\nXX XX XTXX\nX MTX X TX\nX   X X TX\nX   X X  X\nXXRXX XTXX\nX   X X  X\nX   X XXTX\nX XXX X  X\nX    e   X\nXXXXXXXXXX\n", "Health: 5 X: 8 Y: 5\nXXXXXXXXXX\nX     t  X\nXXXXX XXXX\nXX      mX\nXX XX XX X\nX   X X\u221eHX\nX  bX X  X\nX   X X  X\nXX XX XXTX\nX P X X  X\nXX XX XTXX\nX MTX X TX\nX   X X TX\nX   X X  X\nXXRXX XTXX\nX   X X  X\nX   X XXTX\nX XXX X  X\nX    e   X\nXXXXXXXXXX\n", "Health: 5 X: 7 Y: 5\nXXXXXXXXXX\nX     t  X\nXXXXX XXXX\nXX       X\nXX XX XXmX\nX   X X\u221e X\nX  bX X  X\nX   X X  X\nXX XX XXTX\nX P X X  X\nXX XX XTXX\nX MTX X TX\nX   X X TX\nX   X X  X\nXXRXX XTXX\nX   X X  X\nX   X XXTX\nX XXX X  X\nX    e   X\nXXXXXXXXXX\n", "Health: 5 X: 7 Y: 6\nXXXXXXXXXX\nX     t  X\nXXXXX XXXX\nXX       X\nXX XX XX X\nX   X X\u221emX\nX  bX XH X\nX   X X  X\nXX XX XXTX\nX P X X  X\nXX XX XTXX\nX MTX X TX\nX   X X TX\nX   X X  X\nXXRXX XTXX\nX   X X  X\nX   X XXTX\nX XXX X  X\nX    e   X\nXXXXXXXXXX\n", "Health: 5 X: 7 Y: 7\nXXXXXXXXXX\nX     t  X\nXXXXX XXXX\nXX       X\nXX XX XX X\nX   X X\u221e X\nX  bX X  X\nX   X X  X\nXX XX XXTX\nX P X X  X\nXX XX XTXX\nX MTX X TX\nX   X X TX\nX   X X  X\nXXRXX XTXX\nX   X X  X\nX   X XXTX\nX XXX X  X\nX    e   X\nXXXXXXXXXX\n", "Health: 5 X: 8 Y: 7\nXXXXXXXXXX\nX     t  X\nXXXXX XXXX\nXX       X\nXX XX XX X\nX   X X\u221emX\nX  bX X  X\nX   X X HX\nXX XX XXTX\nX P X X  X\nXX XX XTXX\nX MTX X TX\nX   X X TX\nX   X X  X\nXXRXX XTXX\nX   X X  X\nX   X XXTX\nX XXX X  X\nX    e   X\nXXXXXXXXXX\n", "Health: 5 X: 8 Y: 8\nXXXXXXXXXX\nX     t  X\nXXXXX XXXX\nXX       X\nXX XX XX X\nX   X X\u221e X\nX  bX X mX\nX   X X  X\nXX XX XX X\nX P X X  X\nXX XX XTXX\nX MTX X TX\nX   X X TX\nX   X X  X\nXXRXX XTXX\nX   X X  X\nX   X XXTX\nX XXX X  X\nX    e   X\nXXXXXXXXXX\n", "Health: 5 X: 8 Y: 8\nXXXXXXXXXX\nX     t  X\nXXXXX XXXX\nXX       X\nXX XX XX X\nX   X X\u221e X\nX  bX X mX\nX   X X  X\nXX XX XX X\nX P X X  X\nXX XX XTXX\nX MTX X TX\nX   X X TX\nX   X X  X\nXXRXX XTXX\nX   X X  X\nX   X XXTX\nX XXX X  X\nX    e   X\nXXXXXXXXXX\n", "Health: 5 X: 8 Y: 7\nXXXXXXXXXX\nX     t  X\nXXXXX XXXX\nXX       X\nXX XX XX X\nX   X X\u221e X\nX  bX X mX\nX   X X HX\nXX XX XX X\nX P X X  X\nXX XX XTXX\nX MTX X TX\nX   X X TX\nX   X X  X\nXXRXX XTXX\nX   X X  X\nX   X XXTX\nX XXX X  X\nX    e   X\nXXXXXXXXXX\n", "Health: 5 X: 8 Y: 6\nXXXXXXXXXX\nX     t  X\nXXXXX XXXX\nXX       X\nXX XX XX X\nX   X X\u221e X\nX  bX X mX\nX   X X  X\nXX XX XX X\nX P X X  X\nXX XX XTXX\nX MTX X TX\nX   X X TX\nX   X X  X\nXXRXX XTXX\nX   X X  X\nX   X XXTX\nX XXX X  X\nX    e   X\nXXXXXXXXXX\n", "Health: 5 X: 8 Y: 7\nXXXXXXXXXX\nX     t  X\nXXXXX XXXX\nXX       X\nXX XX XX X\nX   X X\u221e X\nX  bX X mX\nX   X X HX\nXX XX XX X\nX P X X  X\nXX XX XTXX\nX MTX X TX\nX   X X TX\nX   X X  X\nXXRXX XTXX\nX   X X  X\nX   X XXTX\nX XXX X  X\nX    e   X\nXXXXXXXXXX\n", "Health: 5 X: 8 Y: 8\nXXXXXXXXXX\nX     t  X\nXXXXX XXXX\nXX       X\nXX XX XX X\nX   X X\u221e X\nX  bX X mX\nX   X X  X\nXX XX XX X\nX P X X  X\nXX XX XTXX\nX MTX X TX\nX   X X TX\nX   X X  X\nXXRXX XTXX\nX   X X  X\nX   X XXTX\nX XXX X  X\nX    e   X\nXXXXXXXXXX\n", "Health: 5 X: 8 Y: 9\nXXXXXXXXXX\nX     t  X\nXXXXX XXXX\nXX       X\nXX XX XX X\nX   X X\u221e X\nX  bX X  X\nX   X X mX\nXX XX XX X\nX P X X HX\nXX XX XTXX\nX MTX X TX\nX   X X TX\nX   X X  X\nXXRXX XTXX\nX   X X  X\nX   X XXTX\nX XXX X  X\nX    e   X\nXXXXXXXXXX\n", "Health: 5 X: 7 Y: 9\nXXXXXXXXXX\nX     t  X\nXXXXX XXXX\nXX       X\nXX XX XX X\nX   X X\u221e X\nX  bX X  X\nX   X X  X\nXX XX XX X\nX P X XH X\nXX XX XTXX\nX MTX X TX\nX   X X TX\nX   X X  X\nXXRXX XTXX\nX   X X  X\nX   X XXTX\nX XXX X  X\nX    e   X\nXXXXXXXXXX\n", "Health: 5 X: 7 Y: 10\nXXXXXXXXXX\nX     t  X\nXXXXX XXXX\nXX       X\nXX XX XX X\nX   X X\u221e X\nX  bX X  X\nX   X X  X\nXX XX XX X\nX P X X mX\nXX XX X XX\nX MTX X TX\nX   X X TX\nX   X X  X\nXXRXX XTXX\nX   X X  X\nX   X XXTX\nX XXX X  X\nX    e   X\nXXXXXXXXXX\n", "Health: 5 X: 7 Y: 11\nXXXXXXXXXX\nX     t  X\nXXXXX XXXX\nXX       X\nXX XX XX X\nX   X X\u221e X\nX  bX X  X\nX   X X  X\nXX XX XX X\nX P X Xm X\nXX XX X XX\nX MTX XHTX\nX   X X TX\nX   X X  X\nXXRXX XTXX\nX   X X  X\nX   X XXTX\nX XXX X  X\nX    e   X\nXXXXXXXXXX\n", "Health: 4 X: 3 Y: 11\nXXXXXXXXXX\nX     t  X\nXXXXX XXXX\nXX       X\nXX XX XX X\nX   X X\u221e X\nX  bX X  X\nX   X X  X\nXX XX XX X\nX P X X mX\nXX XX X XX\nX \u221eTX X TX\nX   X X TX\nX R X X  X\nXX XX XTXX\nX   X X  X\nX   X XXTX\nX XXX X  X\nX    e   X\nXXXXXXXXXX\n", "Health: 3 X: 2 Y: 11\nXXXXXXXXXX\nX     t  X\nXXXXX XXXX\nXX       X\nXX XX XX X\nX   X X\u221e X\nX  bX X  X\nX   X X  X\nXX XX XX X\nX P X X  X\nXX XX X XX\nX \u221eTX X TX\nX   X X TX\nX R X X  X\nXX XX XTXX\nX   X X  X\nX   X XXTX\nX XXX X  X\nX    e   X\nXXXXXXXXXX\n", "Health: 3 X: 2 Y: 11\nXXXXXXXXXX\nX     t  X\nXXXXX XXXX\nXX       X\nXX XX XX X\nX   X X\u221e X\nX  bX X  X\nX   X X mX\nXX XX XX X\nX P X X  X\nXX XX X XX\nX \u221eTX X TX\nX   X X TX\nX \u221e X X  X\nXX XX XTXX\nX   X X  X\nX   X XXTX\nX XXX X  X\nX    e   X\nXXXXXXXXXX\n", "Health: 3 X: 2 Y: 10\nXXXXXXXXXX\nX     t  X\nXXXXX XXXX\nXX       X\nXX XX XX X\nX   X X\u221e X\nX  bX X mX\nX   X X  X\nXX XX XX X\nX P X X  X\nXXHXX X XX\nX \u221eTX X TX\nX   X X TX\nX \u221e X X  X\nXX XX XTXX\nX   X X  X\nX   X XXTX\nX XXX X  X\nX    e   X\nXXXXXXXXXX\n", "Health: 5 X: 2 Y: 9\nXXXXXXXXXX\nX     t  X\nXXXXX XXXX\nXX       X\nXX XX XX X\nX   X X\u221emX\nX  bX X  X\nX   X X  X\nXX XX XX X\nX   X X  X\nXX XX X XX\nX \u221eTX X TX\nX   X X TX\nX \u221e X X  X\nXX XX XTXX\nX   X X  X\nX   X XXTX\nX XXX X  X\nX    e   X\nXXXXXXXXXX\n", "Health: 5 X: 2 Y: 8\nXXXXXXXXXX\nX     t  X\nXXXXX XXXX\nXX       X\nXX XX XXmX\nX   X X\u221e X\nX b X X  X\nX   X X  X\nXXHXX XX X\nX   X X  X\nXX XX X XX\nX \u221eTX X TX\nX   X X TX\nX \u221e X X  X\nXX XX XTXX\nX   X X  X\nX   X XXTX\nX XXX X  X\nX    e   X\nXXXXXXXXXX\n", "Health: 4 X: 2 Y: 7\nXXXXXXXXXX\nX     t  X\nXXXXX XXXX\nXX      mX\nXX XX XX X\nX   X X\u221e X\nX \u221e X X  X\nX H X X  X\nXX XX XX X\nX   X X  X\nXX XX X XX\nX \u221eTX X TX\nX   X X TX\nX \u221e X X  X\nXX XX XTXX\nX   X X  X\nX   X XXTX\nX XXX X  X\nX    e   X\nXXXXXXXXXX\n", "Health: 4 X: 2 Y: 8\nXXXXXXXXXX\nX     t  X\nXXXXX XXXX\nXX     m X\nXX XX XX X\nX   X X\u221e X\nX \u221e X X  X\nX   X X  X\nXXHXX XX X\nX   X X  X\nXX XX X XX\nX \u221eTX X TX\nX   X X TX\nX \u221e X X  X\nXX XX XTXX\nX   X X  X\nX   X XXTX\nX XXX X  X\nX    e   X\nXXXXXXXXXX\n", "Health: 4 X: 2 Y: 9\nXXXXXXXXXX\nX     t  X\nXXXXX XXXX\nXX       X\nXX XX XX X\nX   X X\u221e X\nX \u221e X X  X\nX   X X  X\nXX XX XX X\nX   X X  X\nXX XX X XX\nX \u221eTX X TX\nX   X X TX\nX \u221e X X  X\nXX XX XTXX\nX   X X  X\nX   X XXTX\nX XXX X  X\nX    e   X\nXXXXXXXXXX\n", "Health: 4 X: 2 Y: 10\nXXXXXXXXXX\nX     t  X\nXXXXX XXXX\nXX   m   X\nXX XX XX X\nX   X X\u221e X\nX \u221e X X  X\nX   X X  X\nXX XX XX X\nX   X X  X\nXXHXX X XX\nX \u221eTX X TX\nX   X X TX\nX \u221e X X  X\nXX XX XTXX\nX   X X  X\nX   X XXTX\nX XXX X  X\nX    e   X\nXXXXXXXXXX\n", "Health: 4 X: 2 Y: 11\nXXXXXXXXXX\nX     t  X\nXXXXX XXXX\nXX  m    X\nXX XX XX X\nX   X X\u221e X\nX \u221e X X  X\nX   X X  X\nXX XX XX X\nX   X X  X\nXX XX X XX\nX \u221eTX X TX\nX   X X TX\nX \u221e X X  X\nXX XX XTXX\nX   X X  X\nX   X XXTX\nX XXX X  X\nX    e   X\nXXXXXXXXXX\n", "Health: 4 X: 2 Y: 12\nXXXXXXXXXX\nX     t  X\nXXXXX XXXX\nXX       X\nXX XX XX X\nX   X X\u221e X\nX \u221e X X  X\nX   X X  X\nXX XX XX X\nX   X X  X\nXX XX X XX\nX \u221eTX X TX\nX H X X TX\nX \u221e X X  X\nXX XX XTXX\nX   X X  X\nX   X XXTX\nX XXX X  X\nX    e   X\nXXXXXXXXXX\n", "Health: 4 X: 2 Y: 13\nXXXXXXXXXX\nX     t  X\nXXXXX XXXX\nXXm      X\nXX XX XX X\nX   X X\u221e X\nX \u221e X X  X\nX   X X  X\nXX XX XX X\nX   X X  X\nXX XX X XX\nX \u221eTX X TX\nX   X X TX\nX \u221e X X  X\nXX XX XTXX\nX   X X  X\nX   X XXTX\nX XXX X  X\nX    e   X\nXXXXXXXXXX\n", "Health: 4 X: 2 Y: 14\nXXXXXXXXXX\nX     t  X\nXXXXX XXXX\nXX       X\nXXmXX XX X\nX   X X\u221e X\nX \u221e X X  X\nX   X X  X\nXX XX XX X\nX   X X  X\nXX XX X XX\nX \u221eTX X TX\nX   X X TX\nX \u221e X X  X\nXXHXX XTXX\nX   X X  X\nX   X XXTX\nX XXX X  X\nX    e   X\nXXXXXXXXXX\n", "Health: 4 X: 2 Y: 15\nXXXXXXXXXX\nX     t  X\nXXXXX XXXX\nXX       X\nXX XX XX X\nX m X X\u221e X\nX \u221e X X  X\nX   X X  X\nXX XX XX X\nX   X X  X\nXX XX X XX\nX \u221eTX X TX\nX   X X TX\nX \u221e X X  X\nXX XX XTXX\nX H X X  X\nX   X XXTX\nX XXX X  X\nX    e   X\nXXXXXXXXXX\n", "Health: 4 X: 2 Y: 16\nXXXXXXXXXX\nX     t  X\nXXXXX XXXX\nXX       X\nXX XX XX X\nX   X X\u221e X\nX \u221e X X  X\nX   X X  X\nXX XX XX X\nX   X X  X\nXX XX X XX\nX \u221eTX X TX\nX   X X TX\nX \u221e X X  X\nXX XX XTXX\nX   X X  X\nX H X XXTX\nX XXX X  X\nX    e   X\nXXXXXXXXXX\n", "Health: 4 X: 1 Y: 16\nXXXXXXXXXX\nX     t  X\nXXXXX XXXX\nXX       X\nXX XX XX X\nX   X X\u221e X\nX \u221e X X  X\nX m X X  X\nXX XX XX X\nX   X X  X\nXX XX X XX\nX \u221eTX X TX\nX   X X TX\nX \u221e X X  X\nXX XX XTXX\nX   X X  X\nXH  X XXTX\nX XXX X  X\nX    e   X\nXXXXXXXXXX\n", "Health: 4 X: 1 Y: 17\nXXXXXXXXXX\nX     t  X\nXXXXX XXXX\nXX       X\nXX XX XX X\nX   X X\u221e X\nX \u221e X X  X\nX   X X  X\nXXmXX XX X\nX   X X  X\nXX XX X XX\nX \u221eTX X TX\nX   X X TX\nX \u221e X X  X\nXX XX XTXX\nX   X X  X\nX   X XXTX\nXHXXX X  X\nX    e   X\nXXXXXXXXXX\n", "Health: 4 X: 1 Y: 18\nXXXXXXXXXX\nX     t  X\nXXXXX XXXX\nXX       X\nXX XX XX X\nX   X X\u221e X\nX \u221e X X  X\nX   X X  X\nXX XX XX X\nX   X X  X\nXX XX X XX\nX \u221eTX X TX\nX   X X TX\nX \u221e X X  X\nXX XX XTXX\nX   X X  X\nX   X XXTX\nX XXX X  X\nXH   e   X\nXXXXXXXXXX\n", "Health: 4 X: 2 Y: 18\nXXXXXXXXXX\nX     t  X\nXXXXX XXXX\nXX       X\nXX XX XX X\nX   X X\u221e X\nX \u221e X X  X\nX   X X  X\nXX XX XX X\nX   X X  X\nXXmXX X XX\nX \u221eTX X TX\nX   X X TX\nX \u221e X X  X\nXX XX XTXX\nX   X X  X\nX   X XXTX\nX XXX X  X\nX H  e   X\nXXXXXXXXXX\n", "Health: 4 X: 3 Y: 18\nXXXXXXXXXX\nX     t  X\nXXXXX XXXX\nXX       X\nXX XX XX X\nX   X X\u221e X\nX \u221e X X  X\nX   X X  X\nXX XX XX X\nX   X X  X\nXX XX X XX\nX \u221eTX X TX\nX   X X TX\nX \u221e X X  X\nXX XX XTXX\nX   X X  X\nX   X XXTX\nX XXX X  X\nX  H e   X\nXXXXXXXXXX\n", "Health: 4 X: 4 Y: 18\nXXXXXXXXXX\nX     t  X\nXXXXX XXXX\nXX       X\nXX XX XX X\nX   X X\u221e X\nX \u221e X X  X\nX   X X  X\nXX XX XX X\nX   X X  X\nXX XX X XX\nX \u221eTX X TX\nX m X X TX\nX \u221e X X  X\nXX XX XTXX\nX   X X  X\nX   X XXTX\nX XXX X  X\nX   He   X\nXXXXXXXXXX\n", "Health: 4 X: 5 Y: 18\nXXXXXXXXXX\nX     t  X\nXXXXX XXXX\nXX       X\nXX XX XX X\nX   X X\u221e X\nX \u221e X X  X\nX   X X  X\nXX XX XX X\nX   X X  X\nXX XX X XX\nX \u221eTX X TX\nX   X X TX\nX \u221e X X  X\nXX XX XTXX\nX   X X  X\nX   X XXTX\nX XXX X  X\nX    e   X\nXXXXXXXXXX\n"], "map_number": 100}, {"mechanics": [{"timestep": 2, "mechanic": "OgreTreasure"}, {"timestep": 2, "mechanic": "BlobPotion"}, {"timestep": 3, "mechanic": "OgreTreasure"}, {"timestep": 3, "mechanic": "BlobPotion"}, {"timestep": 4, "mechanic": "MinitaurHit"}, {"timestep": 5, "mechanic": "MinitaurHit"}, {"timestep": 13, "mechanic": "CollectTreasure"}, {"timestep": 15, "mechanic": "CollectTreasure"}, {"timestep": 19, "mechanic": "JavelinThrow"}, {"timestep": 21, "mechanic": "MinitaurHit"}, {"timestep": 28, "mechanic": "OgreHit"}, {"timestep": 29, "mechanic": "JavelinThrow"}, {"timestep": 33, "mechanic": "MinitaurHit"}, {"timestep": 45, "mechanic": "CollectTreasure"}, {"timestep": 52, "mechanic": "CollectTreasure"}, {"timestep": 53, "mechanic": "CollectTreasure"}, {"timestep": 55, "mechanic": "CollectTreasure"}, {"timestep": 56, "mechanic": "CollectTreasure"}, {"timestep": 56, "mechanic": "MinitaurHit"}, {"timestep": 59, "mechanic": "MinitaurHit"}, {"timestep": 61, "mechanic": "JavelinThrow"}, {"timestep": 62, "mechanic": "BlobHit"}, {"timestep": 62, "mechanic": "MinitaurHit"}, {"timestep": 62, "mechanic": "BlobHit"}, {"timestep": 72, "mechanic": "JavelinThrow"}, {"timestep": 85, "mechanic": "ReachStairs"}], "frequencies": {"OgreTreasure": 2, "BlobPotion": 2, "MinitaurHit": 7, "CollectTreasure": 7, "JavelinThrow": 4, "OgreHit": 1, "BlobHit": 2, "ReachStairs": 1}, "levelReport": {"utilityGained": 0.0, "exitUtility": 1.0, "runnerUtility": 0.14, "loitererUtility": 86.0, "completionistUtility": 0.6214814814814814, "monsterKillerUtility": 0.72, "treasureCollectorUtility": 0.8444444444444443, "turnsTaken": 86, "health": 3, "healthLost": 7, "alive": true, "javelinsThrown": 4, "monsterKills": 3, "minitaurKnockouts": 6, "treasuresCollected": 7, "potionsTaken": 0, "totalMonsters": 6, "totalTreasures": 9, "totalPotions": 2, "timeTaken": 0.0}, "positions": [{"X": 7, "Y": 4}, {"X": 7, "Y": 5}, {"X": 7, "Y": 4}, {"X": 6, "Y": 4}, {"X": 6, "Y": 3}, {"X": 7, "Y": 3}, {"X": 6, "Y": 3}, {"X": 5, "Y": 3}, {"X": 4, "Y": 3}, {"X": 3, "Y": 3}, {"X": 2, "Y": 3}, {"X": 2, "Y": 2}, {"X": 2, "Y": 1}, {"X": 3, "Y": 1}, {"X": 2, "Y": 1}, {"X": 1, "Y": 1}, {"X": 1, "Y": 2}, {"X": 1, "Y": 3}, {"X": 1, "Y": 4}, {"X": 1, "Y": 4}, {"X": 1, "Y": 3}, {"X": 1, "Y": 2}, {"X": 1, "Y": 3}, {"X": 1, "Y": 4}, {"X": 2, "Y": 4}, {"X": 3, "Y": 4}, {"X": 2, "Y": 4}, {"X": 2, "Y": 5}, {"X": 2, "Y": 6}, {"X": 2, "Y": 6}, {"X": 3, "Y": 6}, {"X": 3, "Y": 7}, {"X": 3, "Y": 8}, {"X": 3, "Y": 7}, {"X": 2, "Y": 7}, {"X": 2, "Y": 8}, {"X": 2, "Y": 9}, {"X": 2, "Y": 10}, {"X": 2, "Y": 11}, {"X": 2, "Y": 12}, {"X": 2, "Y": 13}, {"X": 3, "Y": 13}, {"X": 4, "Y": 13}, {"X": 5, "Y": 13}, {"X": 6, "Y": 13}, {"X": 7, "Y": 13}, {"X": 8, "Y": 13}, {"X": 8, "Y": 14}, {"X": 7, "Y": 14}, {"X": 7, "Y": 15}, {"X": 7, "Y": 16}, {"X": 7, "Y": 17}, {"X": 6, "Y": 17}, {"X": 6, "Y": 18}, {"X": 7, "Y": 18}, {"X": 8, "Y": 18}, {"X": 8, "Y": 17}, {"X": 7, "Y": 17}, {"X": 7, "Y": 16}, {"X": 8, "Y": 16}, {"X": 7, "Y": 16}, {"X": 7, "Y": 16}, {"X": 7, "Y": 16}, {"X": 7, "Y": 15}, {"X": 7, "Y": 14}, {"X": 7, "Y": 13}, {"X": 7, "Y": 12}, {"X": 7, "Y": 11}, {"X": 7, "Y": 10}, {"X": 7, "Y": 9}, {"X": 7, "Y": 8}, {"X": 7, "Y": 7}, {"X": 7, "Y": 7}, {"X": 7, "Y": 6}, {"X": 7, "Y": 5}, {"X": 7, "Y": 6}, {"X": 6, "Y": 6}, {"X": 6, "Y": 7}, {"X": 6, "Y": 8}, {"X": 6, "Y": 9}, {"X": 6, "Y": 8}, {"X": 5, "Y": 8}, {"X": 4, "Y": 8}, {"X": 3, "Y": 8}, {"X": 2, "Y": 8}, {"X": 1, "Y": 8}], "levelStates": ["Health: 10 X: 7 Y: 4\nXXXXXXXXXX\nXT TX m  X\nX   XXX  X\nX        X\nX   XX H X\nXX XXXX XX\nX TTXXPP X\nX   XX   X\nXeo    b X\nX   XX   X\nXX XXXX XX\nX   XX   X\nX   XX   X\nX      T X\nX   XX   X\nXX XXXX XX\nX   XX   X\nXb bXXT TX\nX M XXT TX\nXXXXXXXXXX\n", "Health: 10 X: 7 Y: 5\nXXXXXXXXXX\nXT TX  m X\nX   XXX  X\nX        X\nX   XX   X\nXX XXXXHXX\nX TTXXPP X\nX o XX b X\nXe       X\nX   XX   X\nXX XXXX XX\nX   XX   X\nX   XX   X\nX      T X\nX   XX   X\nXX XXXX XX\nX   XX   X\nXb bXXT TX\nX M XXT TX\nXXXXXXXXXX\n", "Health: 10 X: 7 Y: 4\nXXXXXXXXXX\nXT TX    X\nX   XXXm X\nX        X\nX   XX H X\nXX XXXX XX\nX oTXXPb X\nX   XX   X\nXe       X\nX   XX   X\nXX XXXX XX\nX   XX   X\nX   XX   X\nX      T X\nX   XX   X\nXX XXXX XX\nX   XX   X\nXb bXXT TX\nX M XXT TX\nXXXXXXXXXX\n", "Health: 10 X: 6 Y: 4\nXXXXXXXXXX\nXT TX    X\nX   XXX  X\nX      m X\nX   XXH  X\nXX XXXX XX\nX  oXXb  X\nX   XX   X\nXe       X\nX   XX   X\nXX XXXX XX\nX   XX   X\nX   XX   X\nX      T X\nX   XX   X\nXX XXXX XX\nX   XX   X\nXb bXXT TX\nX M XXT TX\nXXXXXXXXXX\n", "Health: 9 X: 6 Y: 3\nXXXXXXXXXX\nXT TX    X\nX   XXX  X\nX     Hm X\nX   XX   X\nXX XXXX XX\nX  oXXb  X\nX   XX   X\nXe       X\nX   XX   X\nXX XXXX XX\nX   XX   X\nX   XX   X\nX      T X\nX   XX   X\nXX XXXX XX\nX   XX   X\nXb bXXT TX\nX M XXT TX\nXXXXXXXXXX\n", "Health: 9 X: 7 Y: 3\nXXXXXXXXXX\nXT TX    X\nX   XXX  X\nX      m X\nX   XX   X\nXX XXXX XX\nX  oXXb  X\nX   XX   X\nXe       X\nX   XX   X\nXX XXXX XX\nX   XX   X\nX   XX   X\nX      T X\nX   XX   X\nXX XXXX XX\nX   XX   X\nXb bXXT TX\nX M XXT TX\nXXXXXXXXXX\n", "Health: 9 X: 6 Y: 3\nXXXXXXXXXX\nXT TX    X\nX   XXX  X\nX     Hm X\nX   XX   X\nXX XXXX XX\nX  oXXb  X\nX   XX   X\nXe       X\nX   XX   X\nXX XXXX XX\nX   XX   X\nX   XX   X\nX      T X\nX   XX   X\nXX XXXX XX\nX   XX   X\nXb bXXT TX\nX M XXT TX\nXXXXXXXXXX\n", "Health: 9 X: 5 Y: 3\nXXXXXXXXXX\nXT TX    X\nX   XXX  X\nX    H m X\nX   XX   X\nXX XXXX XX\nX  oXXb  X\nX   XX   X\nXe       X\nX   XX   X\nXX XXXX XX\nX   XX   X\nX   XX   X\nX      T X\nX   XX   X\nXX XXXX XX\nX   XX   X\nXb bXXT TX\nX M XXT TX\nXXXXXXXXXX\n", "Health: 9 X: 4 Y: 3\nXXXXXXXXXX\nXT TX    X\nX   XXX  X\nX   H  m X\nX   XX   X\nXX XXXX XX\nX  oXXb  X\nX   XX   X\nXe       X\nX   XX   X\nXX XXXX XX\nX   XX   X\nX   XX   X\nX      T X\nX   XX   X\nXX XXXX XX\nX   XX   X\nXb bXXT TX\nX M XXT TX\nXXXXXXXXXX\n", "Health: 9 X: 3 Y: 3\nXXXXXXXXXX\nXT TX    X\nX   XXX  X\nX  H   m X\nX   XX   X\nXX XXXX XX\nX  oXXb  X\nX   XX   X\nXe       X\nX   XX   X\nXX XXXX XX\nX   XX   X\nX   XX   X\nX      T X\nX   XX   X\nXX XXXX XX\nX   XX   X\nXb bXXT TX\nX M XXT TX\nXXXXXXXXXX\n", "Health: 9 X: 2 Y: 3\nXXXXXXXXXX\nXT TX    X\nX   XXX  X\nX H   m  X\nX   XX   X\nXX XXXX XX\nX  oXXb  X\nX   XX   X\nXe       X\nX   XX   X\nXX XXXX XX\nX   XX   X\nX   XX   X\nX      T X\nX   XX   X\nXX XXXX XX\nX   XX   X\nXbMbXXT TX\nX   XXT TX\nXXXXXXXXXX\n", "Health: 9 X: 2 Y: 2\nXXXXXXXXXX\nXT TX    X\nX H XXX  X\nX    m   X\nX   XX   X\nXX XXXX XX\nX  oXXb  X\nX   XX   X\nXe       X\nX   XX   X\nXX XXXX XX\nX   XX   X\nX   XX   X\nX      T X\nX   XX   X\nXX XXXX XX\nX M XX   X\nXb bXXT TX\nX   XXT TX\nXXXXXXXXXX\n", "Health: 9 X: 2 Y: 1\nXXXXXXXXXX\nXTHTX    X\nX   XXX  X\nX   m    X\nX   XX   X\nXX XXXX XX\nX  oXXb  X\nX   XX   X\nXe       X\nX   XX   X\nXX XXXX XX\nX   XX   X\nX   XX   X\nX      T X\nX   XX   X\nXXMXXXX XX\nX   XX   X\nXb bXXT TX\nX   XXT TX\nXXXXXXXXXX\n", "Health: 9 X: 3 Y: 1\nXXXXXXXXXX\nXT  X    X\nX   XXX  X\nX  m     X\nX   XX   X\nXX XXXX XX\nX  oXXb  X\nX   XX   X\nXe       X\nX   XX   X\nXX XXXX XX\nX   XX   X\nX   XX   X\nX      T X\nX   XX   X\nXXMXXXX XX\nX   XX   X\nXb bXXT TX\nX   XXT TX\nXXXXXXXXXX\n", "Health: 9 X: 2 Y: 1\nXXXXXXXXXX\nXTH X    X\nX  mXXX  X\nX        X\nX   XX   X\nXX XXXX XX\nX  oXXb  X\nX   XX   X\nXe       X\nX   XX   X\nXX XXXX XX\nX   XX   X\nX   XX   X\nX      T X\nX M XX   X\nXX XXXX XX\nX   XX   X\nXb bXXT TX\nX   XXT TX\nXXXXXXXXXX\n", "Health: 9 X: 1 Y: 1\nXXXXXXXXXX\nX  mX    X\nX   XXX  X\nX        X\nX   XX   X\nXX XXXX XX\nX  oXXb  X\nX   XX   X\nXe       X\nX   XX   X\nXX XXXX XX\nX   XX   X\nX   XX   X\nX      T X\nX M XX   X\nXX XXXX XX\nX   XX   X\nXb bXXT TX\nX   XXT TX\nXXXXXXXXXX\n", "Health: 9 X: 1 Y: 2\nXXXXXXXXXX\nX m X    X\nXH  XXX  X\nX        X\nX   XX   X\nXX XXXX XX\nX  oXXb  X\nX   XX   X\nXe       X\nX   XX   X\nXX XXXX XX\nX   XX   X\nX   XX   X\nX      T X\nX M XX   X\nXX XXXX XX\nX   XX   X\nXb bXXT TX\nX   XXT TX\nXXXXXXXXXX\n", "Health: 9 X: 1 Y: 3\nXXXXXXXXXX\nXm  X    X\nX   XXX  X\nXH       X\nX   XX   X\nXX XXXX XX\nX  oXXb  X\nX   XX   X\nXe       X\nX   XX   X\nXX XXXX XX\nX   XX   X\nX   XX   X\nX      T X\nX M XX   X\nXX XXXX XX\nX   XX   X\nXb bXXT TX\nX   XXT TX\nXXXXXXXXXX\n", "Health: 9 X: 1 Y: 4\nXXXXXXXXXX\nX   X    X\nXm  XXX  X\nX        X\nXH  XX   X\nXX XXXX XX\nX  oXXb  X\nX   XX   X\nXe       X\nX   XX   X\nXX XXXX XX\nX   XX   X\nX   XX   X\nX      T X\nX M XX   X\nXX XXXX XX\nX   XX   X\nXb bXXT TX\nX   XXT TX\nXXXXXXXXXX\n", "Health: 9 X: 1 Y: 4\nXXXXXXXXXX\nX   X    X\nXm  XXX  X\nX        X\nXH  XX   X\nXX XXXX XX\nX  oXXb  X\nX   XX   X\nXe       X\nX   XX   X\nXX XXXX XX\nX   XX   X\nX   XX   X\nX      T X\nX M XX   X\nXX XXXX XX\nX   XX   X\nXb bXXT TX\nX   XXT TX\nXXXXXXXXXX\n", "Health: 9 X: 1 Y: 3\nXXXXXXXXXX\nX   X    X\nXm  XXX  X\nXH       X\nX   XX   X\nXX XXXX XX\nX  oXXb  X\nX   XX   X\nXe       X\nX   XX   X\nXX XXXX XX\nX   XX   X\nX   XX   X\nX      T X\nX M XX   X\nXX XXXX XX\nX   XX   X\nXb bXXT TX\nX   XXT TX\nXXXXXXXXXX\n", "Health: 9 X: 1 Y: 2\nXXXXXXXXXX\nX   X    X\nXm  XXX  X\nX        X\nX   XX   X\nXX XXXX XX\nX  oXXb  X\nX   XX   X\nXe       X\nX   XX   X\nXX XXXX XX\nX   XX   X\nX   XX   X\nX      T X\nX M XX   X\nXX XXXX XX\nX   XX   X\nXb bXXT TX\nX   XXT TX\nXXXXXXXXXX\n", "Health: 9 X: 1 Y: 3\nXXXXXXXXXX\nX   X    X\nXm  XXX  X\nXH       X\nX   XX   X\nXX XXXX XX\nX  oXXb  X\nX   XX   X\nXe       X\nX   XX   X\nXX XXXX XX\nX   XX   X\nX   XX   X\nX      T X\nX M XX   X\nXX XXXX XX\nX   XX   X\nXb bXXT TX\nX   XXT TX\nXXXXXXXXXX\n", "Health: 9 X: 1 Y: 4\nXXXXXXXXXX\nX   X    X\nXm  XXX  X\nX        X\nXH  XX   X\nXX XXXX XX\nX  oXXb  X\nX   XX   X\nXe       X\nX   XX   X\nXX XXXX XX\nX   XX   X\nX   XX   X\nX      T X\nX M XX   X\nXX XXXX XX\nX   XX   X\nXb bXXT TX\nX   XXT TX\nXXXXXXXXXX\n", "Health: 9 X: 2 Y: 4\nXXXXXXXXXX\nX   X    X\nX m XXX  X\nX        X\nX H XX   X\nXX XXXX XX\nX  oXXb  X\nX   XX   X\nXe       X\nX   XX   X\nXX XXXX XX\nX   XX   X\nX   XX   X\nX M    T X\nX   XX   X\nXX XXXX XX\nX   XX   X\nXb bXXT TX\nX   XXT TX\nXXXXXXXXXX\n", "Health: 9 X: 3 Y: 4\nXXXXXXXXXX\nX   X    X\nX  mXXX  X\nX        X\nX  HXX   X\nXX XXXX XX\nX  oXXb  X\nX   XX   X\nXe       X\nX   XX   X\nXX XXXX XX\nX   XX   X\nX   XX   X\nX M    T X\nX   XX   X\nXX XXXX XX\nX   XX   X\nXb bXXT TX\nX   XXT TX\nXXXXXXXXXX\n", "Health: 9 X: 2 Y: 4\nXXXXXXXXXX\nX   X    X\nX m XXX  X\nX        X\nX H XX   X\nXX XXXX XX\nX  oXXb  X\nX   XX   X\nXe       X\nX   XX   X\nXX XXXX XX\nX   XX   X\nX M XX   X\nX      T X\nX   XX   X\nXX XXXX XX\nX   XX   X\nXb bXXT TX\nX   XXT TX\nXXXXXXXXXX\n", "Health: 9 X: 2 Y: 5\nXXXXXXXXXX\nX   X    X\nX   XXX  X\nX m      X\nX   XX   X\nXXHXXXX XX\nX  oXXb  X\nX   XX   X\nXe       X\nX   XX   X\nXX XXXX XX\nX M XX   X\nX   XX   X\nX      T X\nX   XX   X\nXX XXXX XX\nX   XX   X\nXb bXXT TX\nX   XXT TX\nXXXXXXXXXX\n", "Health: 7 X: 2 Y: 6\nXXXXXXXXXX\nX   X    X\nX   XXX  X\nX        X\nX m XX   X\nXX XXXX XX\nX  oXXb  X\nX   XX   X\nXe       X\nX   XX   X\nXXMXXXX XX\nX   XX   X\nX   XX   X\nX      T X\nX   XX   X\nXX XXXX XX\nX   XX   X\nXb bXXT TX\nX   XXT TX\nXXXXXXXXXX\n", "Health: 7 X: 2 Y: 6\nXXXXXXXXXX\nX   X    X\nX   XXX  X\nX        X\nX   XX   X\nXXmXXXX XX\nX  \u221eXXb  X\nX   XX   X\nXe       X\nX M XX   X\nXX XXXX XX\nX   XX   X\nX   XX   X\nX      T X\nX   XX   X\nXX XXXX XX\nX   XX   X\nXb bXXT TX\nX   XXT TX\nXXXXXXXXXX\n", "Health: 7 X: 3 Y: 6\nXXXXXXXXXX\nX   X    X\nX   XXX  X\nX        X\nX   XX   X\nXX XXXX XX\nX  \u221eXXb  X\nX   XX   X\nXeM      X\nX   XX   X\nXX XXXX XX\nX   XX   X\nX   XX   X\nX      T X\nX   XX   X\nXX XXXX XX\nX   XX   X\nXb bXXT TX\nX   XXT TX\nXXXXXXXXXX\n", "Health: 7 X: 3 Y: 7\nXXXXXXXXXX\nX   X    X\nX   XXX  X\nX        X\nX   XX   X\nXX XXXX XX\nX  \u221eXXb  X\nX MHXX   X\nXe       X\nX   XX   X\nXX XXXX XX\nX   XX   X\nX   XX   X\nX      T X\nX   XX   X\nXX XXXX XX\nX   XX   X\nXb bXXT TX\nX   XXT TX\nXXXXXXXXXX\n", "Health: 7 X: 3 Y: 8\nXXXXXXXXXX\nX   X    X\nX   XXX  X\nX        X\nX   XX   X\nXX XXXX XX\nX  \u221eXXb  X\nX  \u221eXX   X\nXe H     X\nX   XX   X\nXX XXXX XX\nX   XX   X\nX   XX   X\nX      T X\nX   XX   X\nXX XXXX XX\nX   XX   X\nXb bXXT TX\nX   XXT TX\nXXXXXXXXXX\n", "Health: 7 X: 3 Y: 7\nXXXXXXXXXX\nX   X    X\nX   XXX  X\nX        X\nX   XX   X\nXX XXXX XX\nX  \u221eXXb  X\nX  \u221eXX   X\nXe       X\nX   XX   X\nXX XXXX XX\nX   XX   X\nX   XX   X\nX      T X\nX   XX   X\nXX XXXX XX\nX   XX   X\nXb bXXT TX\nX   XXT TX\nXXXXXXXXXX\n", "Health: 7 X: 2 Y: 7\nXXXXXXXXXX\nX   X    X\nX   XXX  X\nX        X\nX   XX   X\nXX XXXX XX\nX  \u221eXXb  X\nX H\u221eXX   X\nXe       X\nX   XX   X\nXX XXXX XX\nX   XX   X\nX   XX   X\nX      T X\nX   XX   X\nXX XXXX XX\nX   XX   X\nXb bXXT TX\nX   XXT TX\nXXXXXXXXXX\n", "Health: 7 X: 2 Y: 8\nXXXXXXXXXX\nX   X    X\nX   XXX  X\nX        X\nX   XX   X\nXX XXXX XX\nX  \u221eXXb  X\nX  \u221eXX   X\nXeH      X\nX   XX   X\nXX XXXX XX\nX   XX   X\nX   XX   X\nX      T X\nX   XX   X\nXX XXXX XX\nX   XX   X\nXb bXXT TX\nX   XXT TX\nXXXXXXXXXX\n", "Health: 7 X: 2 Y: 9\nXXXXXXXXXX\nX   X    X\nX   XXX  X\nX        X\nX   XX   X\nXX XXXX XX\nX  \u221eXXb  X\nX  \u221eXX   X\nXe       X\nX H XX   X\nXX XXXX XX\nX   XX   X\nX   XX   X\nX      T X\nX   XX   X\nXX XXXX XX\nX   XX   X\nXb bXXT TX\nX   XXT TX\nXXXXXXXXXX\n", "Health: 7 X: 2 Y: 10\nXXXXXXXXXX\nX   X    X\nX   XXX  X\nX        X\nX   XX   X\nXX XXXX XX\nX  \u221eXXb  X\nX  \u221eXX   X\nXe       X\nX   XX   X\nXXHXXXX XX\nX   XX   X\nX   XX   X\nX      T X\nX   XX   X\nXX XXXX XX\nX   XX   X\nXb bXXT TX\nX   XXT TX\nXXXXXXXXXX\n", "Health: 7 X: 2 Y: 11\nXXXXXXXXXX\nX   X    X\nX   XXX  X\nX        X\nX   XX   X\nXX XXXX XX\nX  \u221eXXb  X\nX m\u221eXX   X\nXe       X\nX   XX   X\nXX XXXX XX\nX H XX   X\nX   XX   X\nX      T X\nX   XX   X\nXX XXXX XX\nX   XX   X\nXb bXXT TX\nX   XXT TX\nXXXXXXXXXX\n", "Health: 7 X: 2 Y: 12\nXXXXXXXXXX\nX   X    X\nX   XXX  X\nX        X\nX   XX   X\nXX XXXX XX\nX  \u221eXXb  X\nX  \u221eXX   X\nXem      X\nX   XX   X\nXX XXXX XX\nX   XX   X\nX H XX   X\nX      T X\nX   XX   X\nXX XXXX XX\nX   XX   X\nXb bXXT TX\nX   XXT TX\nXXXXXXXXXX\n", "Health: 7 X: 2 Y: 13\nXXXXXXXXXX\nX   X    X\nX   XXX  X\nX        X\nX   XX   X\nXX XXXX XX\nX  \u221eXXb  X\nX  \u221eXX   X\nXe       X\nX m XX   X\nXX XXXX XX\nX   XX   X\nX   XX   X\nX H    T X\nX   XX   X\nXX XXXX XX\nX   XX   X\nXb bXXT TX\nX   XXT TX\nXXXXXXXXXX\n", "Health: 7 X: 3 Y: 13\nXXXXXXXXXX\nX   X    X\nX   XXX  X\nX        X\nX   XX   X\nXX XXXX XX\nX  \u221eXXb  X\nX  \u221eXX   X\nXe       X\nX   XX   X\nXXmXXXX XX\nX   XX   X\nX   XX   X\nX  H   T X\nX   XX   X\nXX XXXX XX\nXb  XX   X\nX  bXXT TX\nX   XXT TX\nXXXXXXXXXX\n", "Health: 7 X: 4 Y: 13\nXXXXXXXXXX\nX   X    X\nX   XXX  X\nX        X\nX   XX   X\nXX XXXX XX\nX  \u221eXXb  X\nX  \u221eXX   X\nXe       X\nX   XX   X\nXX XXXX XX\nX m XX   X\nX   XX   X\nX   H  T X\nX   XX   X\nXX XXXX XX\nXb  XX   X\nX  bXXT TX\nX   XXT TX\nXXXXXXXXXX\n", "Health: 7 X: 5 Y: 13\nXXXXXXXXXX\nX   X    X\nX   XXX  X\nX        X\nX   XX   X\nXX XXXX XX\nX  \u221eXXb  X\nX  \u221eXX   X\nXe       X\nX   XX   X\nXX XXXX XX\nX  mXX   X\nX   XX   X\nX    H T X\nX   XX   X\nXX XXXX XX\nXb  XX   X\nX  bXXT TX\nX   XXT TX\nXXXXXXXXXX\n", "Health: 7 X: 6 Y: 13\nXXXXXXXXXX\nX   X    X\nX   XXX  X\nX        X\nX   XX   X\nXX XXXX XX\nX  \u221eXXb  X\nX  \u221eXX   X\nXe       X\nX   XX   X\nXX XXXX XX\nX   XX   X\nX  mXX   X\nX     HT X\nX   XX   X\nXX XXXX XX\nXb  XX   X\nX  bXXT TX\nX   XXT TX\nXXXXXXXXXX\n", "Health: 7 X: 7 Y: 13\nXXXXXXXXXX\nX   X    X\nX   XXX  X\nX        X\nX   XX   X\nXX XXXX XX\nX  \u221eXXb  X\nX  \u221eXX   X\nXe       X\nX   XX   X\nXX XXXX XX\nX   XX   X\nX   XX   X\nX  m     X\nX   XX   X\nXX XXXX XX\nXb  XX   X\nX  bXXT TX\nX   XXT TX\nXXXXXXXXXX\n", "Health: 7 X: 8 Y: 13\nXXXXXXXXXX\nX   X    X\nX   XXX  X\nX        X\nX   XX   X\nXX XXXX XX\nX  \u221eXX b X\nX  \u221eXX   X\nXe       X\nX   XX   X\nXX XXXX XX\nX   XX   X\nX   XX   X\nX   m   HX\nX   XX   X\nXX XXXX XX\nXb  XX   X\nX  bXXT TX\nX   XXT TX\nXXXXXXXXXX\n", "Health: 7 X: 8 Y: 14\nXXXXXXXXXX\nX   X    X\nX   XXX  X\nX        X\nX   XX   X\nXX XXXX XX\nX  \u221eXX b X\nX  \u221eXX   X\nXe       X\nX   XX   X\nXX XXXX XX\nX   XX   X\nX   XX   X\nX    m   X\nX   XX  HX\nXX XXXX XX\nXb  XX   X\nX  bXXT TX\nX   XXT TX\nXXXXXXXXXX\n", "Health: 7 X: 7 Y: 14\nXXXXXXXXXX\nX   X    X\nX   XXX  X\nX        X\nX   XX   X\nXX XXXX XX\nX  \u221eXX   X\nX  \u221eXX b X\nXe       X\nX   XX   X\nXX XXXX XX\nX   XX   X\nX   XX   X\nX     m  X\nX   XX H X\nXX XXXX XX\nXb  XX   X\nX  bXXT TX\nX   XXT TX\nXXXXXXXXXX\n", "Health: 7 X: 7 Y: 15\nXXXXXXXXXX\nX   X    X\nX   XXX  X\nX        X\nX   XX   X\nXX XXXX XX\nX  \u221eXX   X\nX  \u221eXX   X\nXe     b X\nX   XX   X\nXX XXXX XX\nX   XX   X\nX   XX   X\nX        X\nX   XX   X\nXX XXXXHXX\nXb  XX   X\nX  bXXT TX\nX   XXT TX\nXXXXXXXXXX\n", "Health: 7 X: 7 Y: 16\nXXXXXXXXXX\nX   X    X\nX   XXX  X\nX        X\nX   XX   X\nXX XXXX XX\nX  \u221eXX   X\nX  \u221eXX   X\nXe       X\nX   XX b X\nXX XXXX XX\nX   XX   X\nX   XX   X\nX        X\nX   XX m X\nXX XXXX XX\nXb  XX H X\nX  bXXT TX\nX   XXT TX\nXXXXXXXXXX\n", "Health: 7 X: 7 Y: 17\nXXXXXXXXXX\nX   X    X\nX   XXX  X\nX        X\nX   XX   X\nXX XXXX XX\nX  \u221eXX   X\nX  \u221eXX   X\nXe       X\nX   XX   X\nXX XXXXbXX\nX   XX   X\nX   XX   X\nX        X\nX   XX   X\nXX XXXXmXX\nXb  XX   X\nX  bXXTHTX\nX   XXT TX\nXXXXXXXXXX\n", "Health: 7 X: 6 Y: 17\nXXXXXXXXXX\nX   X    X\nX   XXX  X\nX        X\nX   XX   X\nXX XXXX XX\nX  \u221eXX   X\nX  \u221eXX   X\nXe       X\nX   XX   X\nXX XXXXbXX\nX   XX   X\nX   XX   X\nX        X\nX   XX   X\nXX XXXX XX\nXb  XX m X\nX  bXX  TX\nX   XXT TX\nXXXXXXXXXX\n", "Health: 7 X: 6 Y: 18\nXXXXXXXXXX\nX   X    X\nX   XXX  X\nX        X\nX   XX   X\nXX XXXX XX\nX  \u221eXX   X\nX  \u221eXX   X\nXe       X\nX   XX   X\nXX XXXXbXX\nX   XX   X\nX   XX   X\nX        X\nX   XX   X\nXX XXXX XX\nXb  XXm  X\nX  bXX  TX\nX   XX  TX\nXXXXXXXXXX\n", "Health: 7 X: 7 Y: 18\nXXXXXXXXXX\nX   X    X\nX   XXX  X\nX        X\nX   XX   X\nXX XXXX XX\nX  \u221eXX   X\nX  \u221eXX   X\nXe       X\nX   XX   X\nXX XXXX XX\nX   XX b X\nX   XX   X\nX        X\nX   XX   X\nXX XXXX XX\nXb  XX m X\nX  bXX  TX\nX   XX HTX\nXXXXXXXXXX\n", "Health: 7 X: 8 Y: 18\nXXXXXXXXXX\nX   X    X\nX   XXX  X\nX        X\nX   XX   X\nXX XXXX XX\nX  \u221eXX   X\nX  \u221eXX   X\nXe       X\nX   XX   X\nXX XXXX XX\nX   XX b X\nX   XX   X\nX        X\nX   XX   X\nXX XXXX XX\nXb  XX  mX\nX  bXX  TX\nX   XX   X\nXXXXXXXXXX\n", "Health: 6 X: 8 Y: 17\nXXXXXXXXXX\nX   X    X\nX   XXX  X\nX        X\nX   XX   X\nXX XXXX XX\nX  \u221eXX   X\nX  \u221eXX   X\nXe       X\nX   XX   X\nXX XXXX XX\nX   XX b X\nX   XX   X\nX        X\nX   XX   X\nXX XXXX XX\nXb  XX  mX\nX  bXX   X\nX   XX   X\nXXXXXXXXXX\n", "Health: 6 X: 7 Y: 17\nXXXXXXXXXX\nX   X    X\nX   XXX  X\nX        X\nX   XX   X\nXX XXXX XX\nX  \u221eXX   X\nX  \u221eXX   X\nXe       X\nX   XX   X\nXX XXXX XX\nX   XX   X\nX   XX b X\nX        X\nX   XX   X\nXX XXXX XX\nXb  XX  mX\nX  bXX H X\nX   XX   X\nXXXXXXXXXX\n", "Health: 6 X: 7 Y: 16\nXXXXXXXXXX\nX   X    X\nX   XXX  X\nX        X\nX   XX   X\nXX XXXX XX\nX  \u221eXX   X\nX  \u221eXX   X\nXe       X\nX   XX   X\nXX XXXX XX\nX   XX   X\nX   XX   X\nX        X\nX   XX   X\nXX XXXX XX\nXb  XX HmX\nX  bXX   X\nX   XX   X\nXXXXXXXXXX\n", "Health: 6 X: 8 Y: 16\nXXXXXXXXXX\nX   X    X\nX   XXX  X\nX        X\nX   XX   X\nXX XXXX XX\nX  \u221eXX   X\nX  \u221eXX   X\nXe       X\nX   XX   X\nXX XXXX XX\nX   XX   X\nX   XX   X\nX        X\nX   XX   X\nXX XXXX XX\nXb  XX  mX\nX  bXX   X\nX   XX   X\nXXXXXXXXXX\n", "Health: 6 X: 7 Y: 16\nXXXXXXXXXX\nX   X    X\nX   XXX  X\nX        X\nX   XX   X\nXX XXXX XX\nX  \u221eXX   X\nX  \u221eXX   X\nXe       X\nX   XX   X\nXX XXXX XX\nX   XX   X\nX   XX   X\nX        X\nX   XX b X\nXX XXXX XX\nXb  XX HmX\nX  bXX   X\nX   XX   X\nXXXXXXXXXX\n", "Health: 6 X: 7 Y: 16\nXXXXXXXXXX\nX   X    X\nX   XXX  X\nX        X\nX   XX   X\nXX XXXX XX\nX  \u221eXX   X\nX  \u221eXX   X\nXe       X\nX   XX   X\nXX XXXX XX\nX   XX   X\nX   XX   X\nX        X\nX   XX   X\nXX XXXXbXX\nXb  XX HmX\nX  bXX   X\nX   XX   X\nXXXXXXXXXX\n", "Health: 3 X: 7 Y: 16\nXXXXXXXXXX\nX   X    X\nX   XXX  X\nX        X\nX   XX   X\nXX XXXX XX\nX  \u221eXX   X\nX  \u221eXX   X\nXe       X\nX   XX   X\nXX XXXX XX\nX   XX   X\nX   XX   X\nX        X\nX   XX   X\nXX XXXX\u221eXX\nXb  XX HmX\nX  bXX   X\nX   XX   X\nXXXXXXXXXX\n", "Health: 3 X: 7 Y: 15\nXXXXXXXXXX\nX   X    X\nX   XXX  X\nX        X\nX   XX   X\nXX XXXX XX\nX  \u221eXX   X\nX  \u221eXX   X\nXe       X\nX   XX   X\nXX XXXX XX\nX   XX   X\nX   XX   X\nX        X\nX   XX   X\nXX XXXX\u221eXX\nXb  XX  mX\nX  bXX   X\nX   XX   X\nXXXXXXXXXX\n", "Health: 3 X: 7 Y: 14\nXXXXXXXXXX\nX   X    X\nX   XXX  X\nX        X\nX   XX   X\nXX XXXX XX\nX  \u221eXX   X\nX  \u221eXX   X\nXe       X\nX   XX   X\nXX XXXX XX\nX   XX   X\nX   XX   X\nX        X\nX   XX H X\nXX XXXX\u221eXX\nXb  XX  mX\nX  bXX   X\nX   XX   X\nXXXXXXXXXX\n", "Health: 3 X: 7 Y: 13\nXXXXXXXXXX\nX   X    X\nX   XXX  X\nX        X\nX   XX   X\nXX XXXX XX\nX  \u221eXX   X\nX  \u221eXX   X\nXe       X\nX   XX   X\nXX XXXX XX\nX   XX   X\nX   XX   X\nX        X\nX   XX   X\nXX XXXX\u221eXX\nXb  XX  mX\nX  bXX   X\nX   XX   X\nXXXXXXXXXX\n", "Health: 3 X: 7 Y: 12\nXXXXXXXXXX\nX   X    X\nX   XXX  X\nX        X\nX   XX   X\nXX XXXX XX\nX  \u221eXX   X\nX  \u221eXX   X\nXe       X\nX   XX   X\nXX XXXX XX\nX   XX   X\nX   XX H X\nX        X\nX   XX   X\nXX XXXX\u221eXX\nXb  XX  mX\nX  bXX   X\nX   XX   X\nXXXXXXXXXX\n", "Health: 3 X: 7 Y: 11\nXXXXXXXXXX\nX   X    X\nX   XXX  X\nX        X\nX   XX   X\nXX XXXX XX\nX  \u221eXX   X\nX  \u221eXX   X\nXe       X\nX   XX   X\nXX XXXX XX\nX   XX H X\nX   XX   X\nX        X\nX   XX   X\nXX XXXX\u221eXX\nXb  XX  mX\nX  bXX   X\nX   XX   X\nXXXXXXXXXX\n", "Health: 3 X: 7 Y: 10\nXXXXXXXXXX\nX   X    X\nX   XXX  X\nX        X\nX   XX   X\nXX XXXX XX\nX  \u221eXX   X\nX  \u221eXX   X\nXe       X\nX   XX   X\nXX XXXXHXX\nX   XX   X\nX   XX   X\nX        X\nX   XX   X\nXX XXXX\u221eXX\nXb  XX m X\nX  bXX   X\nX   XX   X\nXXXXXXXXXX\n", "Health: 3 X: 7 Y: 9\nXXXXXXXXXX\nX   X    X\nX   XXX  X\nX        X\nX   XX   X\nXX XXXX XX\nX  \u221eXX   X\nX  \u221eXX   X\nXe       X\nX   XX H X\nXX XXXX XX\nX   XX   X\nX   XX   X\nX        X\nX   XX   X\nXX XXXX\u221eXX\nXb  XX   X\nX  bXX   X\nX   XX   X\nXXXXXXXXXX\n", "Health: 3 X: 7 Y: 8\nXXXXXXXXXX\nX   X    X\nX   XXX  X\nX        X\nX   XX   X\nXX XXXX XX\nX  \u221eXX   X\nX  \u221eXX   X\nXe     H X\nX   XX   X\nXX XXXX XX\nX   XX   X\nX   XX   X\nX        X\nX   XX m X\nXX XXXX\u221eXX\nXb  XX   X\nX  bXX   X\nX   XX   X\nXXXXXXXXXX\n", "Health: 3 X: 7 Y: 7\nXXXXXXXXXX\nX   X    X\nX   XXX  X\nX        X\nX   XX   X\nXX XXXX XX\nX  \u221eXX   X\nX  \u221eXX H X\nXe       X\nX   XX   X\nXX XXXX XX\nX   XX   X\nX   XX   X\nX        X\nX   XX   X\nXX XXXX\u221eXX\nXb  XX   X\nX  bXX   X\nX   XX   X\nXXXXXXXXXX\n", "Health: 3 X: 7 Y: 7\nXXXXXXXXXX\nX   X    X\nX   XXX  X\nX        X\nX   XX   X\nXX XXXX XX\nX  \u221eXX   X\nX  \u221eXX H X\nXe       X\nX   XX   X\nXX XXXX XX\nX   XX   X\nX   XX   X\nX        X\nX   XX   X\nXX XXXX\u221eXX\nXb  XX   X\nX  bXX   X\nX   XX   X\nXXXXXXXXXX\n", "Health: 3 X: 7 Y: 6\nXXXXXXXXXX\nX   X    X\nX   XXX  X\nX        X\nX   XX   X\nXX XXXX XX\nX  \u221eXX   X\nX  \u221eXX   X\nXe       X\nX   XX   X\nXX XXXX XX\nX   XX   X\nX   XX   X\nX        X\nX   XX   X\nXX XXXX\u221eXX\nXb  XX   X\nX  bXX   X\nX   XX   X\nXXXXXXXXXX\n", "Health: 3 X: 7 Y: 5\nXXXXXXXXXX\nX   X    X\nX   XXX  X\nX        X\nX   XX   X\nXX XXXXHXX\nX  \u221eXX   X\nX  \u221eXX   X\nXe       X\nX   XX   X\nXX XXXX XX\nX   XX   X\nX   XX   X\nX        X\nX   XX   X\nXX XXXX\u221eXX\nXb  XX   X\nX  bXX   X\nX   XX   X\nXXXXXXXXXX\n", "Health: 3 X: 7 Y: 6\nXXXXXXXXXX\nX   X    X\nX   XXX  X\nX        X\nX   XX   X\nXX XXXX XX\nX  \u221eXX   X\nX  \u221eXX   X\nXe       X\nX   XX   X\nXX XXXX XX\nX   XX   X\nX   XX   X\nX        X\nX   XX   X\nXX XXXX\u221eXX\nXb  XX   X\nX  bXX   X\nX   XX   X\nXXXXXXXXXX\n", "Health: 3 X: 6 Y: 6\nXXXXXXXXXX\nX   X    X\nX   XXX  X\nX        X\nX   XX   X\nXX XXXX XX\nX  \u221eXX   X\nX  \u221eXX   X\nXe       X\nX   XX   X\nXX XXXX XX\nX   XX   X\nX   XX   X\nX        X\nX   XX   X\nXX XXXX\u221eXX\nXb  XX   X\nX  bXX   X\nX   XX   X\nXXXXXXXXXX\n", "Health: 3 X: 6 Y: 7\nXXXXXXXXXX\nX   X    X\nX   XXX  X\nX        X\nX   XX   X\nXX XXXX XX\nX  \u221eXX   X\nX  \u221eXXH  X\nXe       X\nX   XX   X\nXX XXXX XX\nX   XX   X\nX   XX m X\nX        X\nX   XX   X\nXX XXXX\u221eXX\nXb  XX   X\nX  bXX   X\nX   XX   X\nXXXXXXXXXX\n", "Health: 3 X: 6 Y: 8\nXXXXXXXXXX\nX   X    X\nX   XXX  X\nX        X\nX   XX   X\nXX XXXX XX\nX  \u221eXX   X\nX  \u221eXX   X\nXe    H  X\nX   XX   X\nXX XXXX XX\nX   XX m X\nX   XX   X\nX        X\nX   XX   X\nXX XXXX\u221eXX\nXb  XX   X\nX  bXX   X\nX   XX   X\nXXXXXXXXXX\n", "Health: 3 X: 6 Y: 9\nXXXXXXXXXX\nX   X    X\nX   XXX  X\nX        X\nX   XX   X\nXX XXXX XX\nX  \u221eXX   X\nX  \u221eXX   X\nXe       X\nX   XXH  X\nXX XXXXmXX\nX   XX   X\nX   XX   X\nX        X\nX   XX   X\nXX XXXX\u221eXX\nXb  XX   X\nX  bXX   X\nX   XX   X\nXXXXXXXXXX\n", "Health: 3 X: 6 Y: 8\nXXXXXXXXXX\nX   X    X\nX   XXX  X\nX        X\nX   XX   X\nXX XXXX XX\nX  \u221eXX   X\nX  \u221eXX   X\nXe    H  X\nX   XX m X\nXX XXXX XX\nX   XX   X\nX   XX   X\nX        X\nX   XX   X\nXX XXXX\u221eXX\nXb  XX   X\nX  bXX   X\nX   XX   X\nXXXXXXXXXX\n", "Health: 3 X: 5 Y: 8\nXXXXXXXXXX\nX   X    X\nX   XXX  X\nX        X\nX   XX   X\nXX XXXX XX\nX  \u221eXX   X\nX  \u221eXX   X\nXe   H m X\nX   XX   X\nXX XXXX XX\nX   XX   X\nX   XX   X\nX        X\nX   XX   X\nXX XXXX\u221eXX\nXb  XX   X\nX  bXX   X\nX   XX   X\nXXXXXXXXXX\n", "Health: 3 X: 4 Y: 8\nXXXXXXXXXX\nX   X    X\nX   XXX  X\nX        X\nX   XX   X\nXX XXXX XX\nX  \u221eXX   X\nX  \u221eXX   X\nXe  H m  X\nX   XX   X\nXX XXXX XX\nX   XX   X\nX   XX   X\nX        X\nX   XX   X\nXX XXXX\u221eXX\nXb  XX   X\nX  bXX   X\nX   XX   X\nXXXXXXXXXX\n", "Health: 3 X: 3 Y: 8\nXXXXXXXXXX\nX   X    X\nX   XXX  X\nX        X\nX   XX   X\nXX XXXX XX\nX  \u221eXX   X\nX  \u221eXX   X\nXe H m   X\nX   XX   X\nXX XXXX XX\nX   XX   X\nX   XX   X\nX        X\nX   XX   X\nXX XXXX\u221eXX\nXb  XX   X\nX  bXX   X\nX   XX   X\nXXXXXXXXXX\n", "Health: 3 X: 2 Y: 8\nXXXXXXXXXX\nX   X    X\nX   XXX  X\nX        X\nX   XX   X\nXX XXXX XX\nX  \u221eXX   X\nX  \u221eXX   X\nXeH m    X\nX   XX   X\nXX XXXX XX\nX   XX   X\nX   XX   X\nX        X\nX   XX   X\nXX XXXX\u221eXX\nXb  XX   X\nX  bXX   X\nX   XX   X\nXXXXXXXXXX\n", "Health: 3 X: 1 Y: 8\nXXXXXXXXXX\nX   X    X\nX   XXX  X\nX        X\nX   XX   X\nXX XXXX XX\nX  \u221eXX   X\nX  \u221eXX   X\nXe m     X\nX   XX   X\nXX XXXX XX\nX   XX   X\nX   XX   X\nX        X\nX   XX   X\nXX XXXX\u221eXX\nXb  XX   X\nX  bXX   X\nX   XX   X\nXXXXXXXXXX\n"], "map_number": 101}, {"mechanics": [{"timestep": 2, "mechanic": "JavelinThrow"}, {"timestep": 2, "mechanic": "BlobPotion"}, {"timestep": 2, "mechanic": "BlobPotion"}, {"timestep": 4, "mechanic": "BlobPotion"}, {"timestep": 6, "mechanic": "OgreHit"}, {"timestep": 6, "mechanic": "OgreHit"}, {"timestep": 6, "mechanic": "MinitaurHit"}, {"timestep": 13, "mechanic": "CollectPotion"}, {"timestep": 25, "mechanic": "JavelinThrow"}, {"timestep": 27, "mechanic": "CollectTreasure"}, {"timestep": 30, "mechanic": "MinitaurHit"}, {"timestep": 31, "mechanic": "MinitaurHit"}, {"timestep": 39, "mechanic": "MinitaurHit"}, {"timestep": 40, "mechanic": "UsePortal"}, {"timestep": 46, "mechanic": "JavelinThrow"}, {"timestep": 46, "mechanic": "BlobHit"}, {"timestep": 55, "mechanic": "CollectTreasure"}, {"timestep": 57, "mechanic": "CollectTreasure"}, {"timestep": 61, "mechanic": "CollectTreasure"}, {"timestep": 63, "mechanic": "CollectTreasure"}, {"timestep": 64, "mechanic": "JavelinThrow"}, {"timestep": 64, "mechanic": "BlobHit"}, {"timestep": 66, "mechanic": "MinitaurHit"}, {"timestep": 72, "mechanic": "UsePortal"}, {"timestep": 79, "mechanic": "ReachStairs"}], "frequencies": {"JavelinThrow": 4, "BlobPotion": 3, "OgreHit": 2, "MinitaurHit": 5, "CollectPotion": 1, "CollectTreasure": 5, "UsePortal": 2, "BlobHit": 2, "ReachStairs": 1}, "levelReport": {"utilityGained": 0.0, "exitUtility": 1.0, "runnerUtility": 0.19999999999999996, "loitererUtility": 80.0, "completionistUtility": 0.7394444444444443, "monsterKillerUtility": 0.8599999999999999, "treasureCollectorUtility": 0.8833333333333333, "turnsTaken": 80, "health": 2, "healthLost": 10, "alive": true, "javelinsThrown": 4, "monsterKills": 4, "minitaurKnockouts": 5, "treasuresCollected": 5, "potionsTaken": 1, "totalMonsters": 6, "totalTreasures": 6, "totalPotions": 4, "timeTaken": 0.0}, "positions": [{"X": 4, "Y": 11}, {"X": 4, "Y": 10}, {"X": 4, "Y": 10}, {"X": 5, "Y": 10}, {"X": 4, "Y": 10}, {"X": 5, "Y": 10}, {"X": 5, "Y": 10}, {"X": 5, "Y": 9}, {"X": 5, "Y": 8}, {"X": 5, "Y": 7}, {"X": 5, "Y": 6}, {"X": 4, "Y": 6}, {"X": 3, "Y": 6}, {"X": 2, "Y": 6}, {"X": 1, "Y": 6}, {"X": 2, "Y": 6}, {"X": 2, "Y": 5}, {"X": 2, "Y": 4}, {"X": 2, "Y": 3}, {"X": 2, "Y": 2}, {"X": 3, "Y": 2}, {"X": 4, "Y": 2}, {"X": 5, "Y": 2}, {"X": 6, "Y": 2}, {"X": 7, "Y": 2}, {"X": 7, "Y": 2}, {"X": 8, "Y": 2}, {"X": 8, "Y": 1}, {"X": 8, "Y": 2}, {"X": 7, "Y": 2}, {"X": 6, "Y": 2}, {"X": 5, "Y": 2}, {"X": 4, "Y": 2}, {"X": 3, "Y": 2}, {"X": 3, "Y": 3}, {"X": 3, "Y": 4}, {"X": 3, "Y": 5}, {"X": 2, "Y": 5}, {"X": 3, "Y": 5}, {"X": 3, "Y": 4}, {"X": 4, "Y": 15}, {"X": 5, "Y": 15}, {"X": 6, "Y": 15}, {"X": 6, "Y": 16}, {"X": 6, "Y": 17}, {"X": 7, "Y": 17}, {"X": 7, "Y": 17}, {"X": 8, "Y": 17}, {"X": 8, "Y": 16}, {"X": 8, "Y": 15}, {"X": 8, "Y": 16}, {"X": 8, "Y": 17}, {"X": 7, "Y": 17}, {"X": 7, "Y": 16}, {"X": 7, "Y": 17}, {"X": 7, "Y": 18}, {"X": 6, "Y": 18}, {"X": 5, "Y": 18}, {"X": 5, "Y": 17}, {"X": 4, "Y": 17}, {"X": 3, "Y": 17}, {"X": 3, "Y": 18}, {"X": 2, "Y": 18}, {"X": 1, "Y": 18}, {"X": 1, "Y": 18}, {"X": 1, "Y": 17}, {"X": 1, "Y": 16}, {"X": 1, "Y": 15}, {"X": 1, "Y": 14}, {"X": 2, "Y": 14}, {"X": 3, "Y": 14}, {"X": 4, "Y": 14}, {"X": 4, "Y": 4}, {"X": 3, "Y": 4}, {"X": 2, "Y": 4}, {"X": 2, "Y": 3}, {"X": 2, "Y": 2}, {"X": 3, "Y": 2}, {"X": 3, "Y": 1}, {"X": 4, "Y": 1}], "levelStates": ["Health: 10 X: 4 Y: 11\nXXXXXXXXXX\nX X e X TX\nXM       X\nX   X   XX\nX   T    X\nXX  XX   X\nX P     bX\nX X X  X X\nXT       X\nX     o  X\nX  X   XPX\nX   H    X\nXX      XX\nX        X\nXb      bX\nX X T  X X\nXP   m  PX\nX        X\nXT TXT TXX\nXXXXXXXXXX\n", "Health: 10 X: 4 Y: 10\nXXXXXXXXXX\nX X e X TX\nX M      X\nX   X   XX\nX   T    X\nXX  XX   X\nX P      X\nX X X  XbX\nXT       X\nX    o   X\nX  XH  XPX\nX        X\nXX      XX\nX        X\nX        X\nXbX Tm XbX\nXP      PX\nX        X\nXT TXT TXX\nXXXXXXXXXX\n", "Health: 10 X: 4 Y: 10\nXXXXXXXXXX\nX X e X TX\nX \u221e      X\nX   X   XX\nX   T    X\nXX  XX   X\nX P      X\nX X X  X X\nXT      bX\nX   o    X\nX  XH  XPX\nX        X\nXX      XX\nX        X\nX    m   X\nX X T  X X\nX        X\nX        X\nXT TXT TXX\nXXXXXXXXXX\n", "Health: 10 X: 5 Y: 10\nXXXXXXXXXX\nX X e X TX\nX \u221e      X\nX   X   XX\nX   T    X\nXX  XX   X\nX P      X\nX X X  X X\nXT       X\nX    o  bX\nX  X H XPX\nX        X\nXX      XX\nX    m   X\nX        X\nX X T  X X\nX        X\nX        X\nXT TXT TXX\nXXXXXXXXXX\n", "Health: 10 X: 4 Y: 10\nXXXXXXXXXX\nX X e X TX\nX \u221e      X\nX   X   XX\nX   T    X\nXX  XX   X\nX P      X\nX X X  X X\nXT       X\nX   o    X\nX  XH  X X\nX        X\nXX   m  XX\nX        X\nX        X\nX X T  X X\nX        X\nX        X\nXT TXT TXX\nXXXXXXXXXX\n", "Health: 10 X: 5 Y: 10\nXXXXXXXXXX\nX X e X TX\nX \u221e      X\nX   X   XX\nX   T    X\nXX  XX   X\nX P      X\nX X X  X X\nXT       X\nX    o   X\nX  X H X X\nX    m   X\nXX      XX\nX        X\nX        X\nX X T  X X\nX        X\nX        X\nXT TXT TXX\nXXXXXXXXXX\n", "Health: 5 X: 5 Y: 10\nXXXXXXXXXX\nX X e X TX\nX \u221e      X\nX   X   XX\nX   T    X\nXX  XX   X\nX P      X\nX X X  X X\nXT       X\nX    \u221e   X\nX  X H X X\nX    m   X\nXX      XX\nX        X\nX        X\nX X T  X X\nX        X\nX        X\nXT TXT TXX\nXXXXXXXXXX\n", "Health: 5 X: 5 Y: 9\nXXXXXXXXXX\nX X e X TX\nX \u221e      X\nX   X   XX\nX   T    X\nXX  XX   X\nX P      X\nX X X  X X\nXT       X\nX    \u221e   X\nX  X   X X\nX    m   X\nXX      XX\nX        X\nX        X\nX X T  X X\nX        X\nX        X\nXT TXT TXX\nXXXXXXXXXX\n", "Health: 5 X: 5 Y: 8\nXXXXXXXXXX\nX X e X TX\nX \u221e      X\nX   X   XX\nX   T    X\nXX  XX   X\nX P      X\nX X X  X X\nXT   H   X\nX    \u221e   X\nX  X   X X\nX    m   X\nXX      XX\nX        X\nX        X\nX X T  X X\nX        X\nX        X\nXT TXT TXX\nXXXXXXXXXX\n", "Health: 5 X: 5 Y: 7\nXXXXXXXXXX\nX X e X TX\nX \u221e      X\nX   X   XX\nX   T    X\nXX  XX   X\nX P      X\nX X XH X X\nXT       X\nX    \u221e  bX\nX  X   X X\nX    m   X\nXX      XX\nX        X\nX        X\nX X T  XbX\nX        X\nX        X\nXT TXT TXX\nXXXXXXXXXX\n", "Health: 5 X: 5 Y: 6\nXXXXXXXXXX\nX X e X TX\nX \u221e      X\nX   X   XX\nX   T    X\nXX  XX   X\nX P  H   X\nX X X  X X\nXT       X\nX    \u221e  bX\nX  X   X X\nX    m   X\nXX      XX\nX        X\nX        X\nX X T  XbX\nX        X\nX        X\nXT TXT TXX\nXXXXXXXXXX\n", "Health: 5 X: 4 Y: 6\nXXXXXXXXXX\nX X e X TX\nX \u221e      X\nX   X   XX\nX   T    X\nXX  XX   X\nX P H    X\nX X X  X X\nXT      bX\nX    \u221e   X\nX  X   X X\nX    m   X\nXX      XX\nX        X\nX        X\nX X T  XbX\nX        X\nX        X\nXT TXT TXX\nXXXXXXXXXX\n", "Health: 5 X: 3 Y: 6\nXXXXXXXXXX\nX X e X TX\nX \u221e      X\nX   X   XX\nX   T    X\nXX  XX   X\nX PH     X\nX X X  X X\nXT      bX\nX    \u221e   X\nX  X m X X\nX        X\nXX      XX\nX        X\nX        X\nXbX T  XbX\nX        X\nX        X\nXT TXT TXX\nXXXXXXXXXX\n", "Health: 7 X: 2 Y: 6\nXXXXXXXXXX\nX X e X TX\nX \u221e      X\nX   X   XX\nX   T    X\nXX  XX   X\nX        X\nX X X  X X\nXT      bX\nX    m   X\nX  X   X X\nX        X\nXX      XX\nX        X\nX        X\nXbX T  XbX\nX        X\nX        X\nXT TXT TXX\nXXXXXXXXXX\n", "Health: 7 X: 1 Y: 6\nXXXXXXXXXX\nX X e X TX\nX \u221e      X\nX   X   XX\nX   T    X\nXX  XX   X\nXH       X\nX X X  X X\nXT   m  bX\nX    \u221e   X\nX  X   X X\nX        X\nXX      XX\nX        X\nX        X\nXbX T  XbX\nX        X\nX        X\nXT TXT TXX\nXXXXXXXXXX\n", "Health: 7 X: 2 Y: 6\nXXXXXXXXXX\nX X e X TX\nX \u221e      X\nX   X   XX\nX   T    X\nXX  XX   X\nX        X\nX X Xm X X\nXT      bX\nX    \u221e   X\nX  X   X X\nX        X\nXX      XX\nX        X\nX        X\nXbX T  XbX\nX        X\nX        X\nXT TXT TXX\nXXXXXXXXXX\n", "Health: 7 X: 2 Y: 5\nXXXXXXXXXX\nX X e X TX\nX \u221e      X\nX   X   XX\nX   T    X\nXXH XX   X\nX    m   X\nX X X  X X\nXT      bX\nX    \u221e   X\nX  X   X X\nX        X\nXX      XX\nX        X\nX        X\nXbX T  XbX\nX        X\nX        X\nXT TXT TXX\nXXXXXXXXXX\n", "Health: 7 X: 2 Y: 4\nXXXXXXXXXX\nX X e X TX\nX \u221e      X\nX   X   XX\nX H T    X\nXX  XX   X\nX   m    X\nX X X  X X\nXT      bX\nX    \u221e   X\nX  X   X X\nX        X\nXX      XX\nX        X\nX        X\nXbX T  XbX\nX        X\nX        X\nXT TXT TXX\nXXXXXXXXXX\n", "Health: 7 X: 2 Y: 3\nXXXXXXXXXX\nX X e X TX\nX \u221e      X\nX H X   XX\nX   T    X\nXX  XX   X\nX  m     X\nX X X  X X\nXT      bX\nX    \u221e   X\nX  X   X X\nX        X\nXX      XX\nX        X\nX        X\nXbX T  XbX\nX        X\nX        X\nXT TXT TXX\nXXXXXXXXXX\n", "Health: 7 X: 2 Y: 2\nXXXXXXXXXX\nX X e X TX\nX \u221e      X\nX   X   XX\nX   T    X\nXX mXX   X\nX        X\nX X X  X X\nXT      bX\nX    \u221e   X\nX  X   X X\nX        X\nXX      XX\nX        X\nX        X\nXbX T  XbX\nX        X\nX        X\nXT TXT TXX\nXXXXXXXXXX\n", "Health: 7 X: 3 Y: 2\nXXXXXXXXXX\nX X e X TX\nX \u221eH     X\nX   X   XX\nX  mT    X\nXX  XX   X\nX        X\nX X X  X X\nXT      bX\nX    \u221e   X\nX  X   X X\nX        X\nXX      XX\nX        X\nX        X\nXbX T  XbX\nX        X\nX        X\nXT TXT TXX\nXXXXXXXXXX\n", "Health: 7 X: 4 Y: 2\nXXXXXXXXXX\nX X e X TX\nX \u221e H    X\nX  mX   XX\nX   T    X\nXX  XX   X\nX        X\nX X X  X X\nXT      bX\nX    \u221e   X\nX  X   X X\nX        X\nXX      XX\nX        X\nX        X\nXbX T  XbX\nX        X\nX        X\nXT TXT TXX\nXXXXXXXXXX\n", "Health: 7 X: 5 Y: 2\nXXXXXXXXXX\nX X e X TX\nX \u221em H   X\nX   X   XX\nX   T    X\nXX  XX   X\nX        X\nX X X  X X\nXT      bX\nX    \u221e   X\nX  X   X X\nX        X\nXX      XX\nX        X\nX        X\nXbX T  XbX\nX        X\nX        X\nXT TXT TXX\nXXXXXXXXXX\n", "Health: 7 X: 6 Y: 2\nXXXXXXXXXX\nX X e X TX\nX \u221e m H  X\nX   X   XX\nX   T    X\nXX  XX   X\nX        X\nX X X  XbX\nXT       X\nX    \u221e   X\nX  X   X X\nX        X\nXX      XX\nX        X\nX        X\nXbX T  XbX\nX        X\nX        X\nXT TXT TXX\nXXXXXXXXXX\n", "Health: 7 X: 7 Y: 2\nXXXXXXXXXX\nX X e X TX\nX \u221e  m H X\nX   X   XX\nX   T    X\nXX  XX   X\nX       bX\nX X X  X X\nXT       X\nX    \u221e   X\nX  X   X X\nX        X\nXX      XX\nX        X\nX        X\nXbX T  XbX\nX        X\nX        X\nXT TXT TXX\nXXXXXXXXXX\n", "Health: 7 X: 7 Y: 2\nXXXXXXXXXX\nX X e X TX\nX \u221e  m H X\nX   X   XX\nX   T    X\nXX  XX  bX\nX        X\nX X X  X X\nXT       X\nX    \u221e   X\nX  X   X X\nX        X\nXX      XX\nX        X\nX        X\nXbX T  XbX\nX        X\nX        X\nXT TXT TXX\nXXXXXXXXXX\n", "Health: 7 X: 8 Y: 2\nXXXXXXXXXX\nX X e X TX\nX \u221e  m  HX\nX   X   XX\nX   T    X\nXX  XX  bX\nX        X\nX X X  X X\nXT       X\nX    \u221e   X\nX  X   X X\nX        X\nXX      XX\nX        X\nX        X\nXbX T  XbX\nX        X\nX        X\nXT TXT TXX\nXXXXXXXXXX\n", "Health: 7 X: 8 Y: 1\nXXXXXXXXXX\nX X e X  X\nX \u221e  m   X\nX   X   XX\nX   T    X\nXX  XX  bX\nX        X\nX X X  X X\nXT       X\nX    \u221e   X\nX  X   X X\nX        X\nXX      XX\nX        X\nX        X\nXbX T  XbX\nX        X\nX        X\nXT TXT TXX\nXXXXXXXXXX\n", "Health: 7 X: 8 Y: 2\nXXXXXXXXXX\nX X e X  X\nX \u221e  m  HX\nX   X   XX\nX   T    X\nXX  XX  bX\nX        X\nX X X  X X\nXT       X\nX    \u221e   X\nX  X   X X\nX        X\nXX      XX\nX        X\nX        X\nXbX T  XbX\nX        X\nX        X\nXT TXT TXX\nXXXXXXXXXX\n", "Health: 7 X: 7 Y: 2\nXXXXXXXXXX\nX X e X  X\nX \u221e  m H X\nX   X   XX\nX   T    X\nXX  XX  bX\nX        X\nX X X  X X\nXT       X\nX    \u221e   X\nX  X   X X\nX        X\nXX      XX\nX        X\nX        X\nXbX T  XbX\nX        X\nX        X\nXT TXT TXX\nXXXXXXXXXX\n", "Health: 6 X: 6 Y: 2\nXXXXXXXXXX\nX X e X  X\nX \u221e  mH  X\nX   X   XX\nX   T   bX\nXX  XX   X\nX        X\nX X X  X X\nXT       X\nX    \u221e   X\nX  X   X X\nX        X\nXX      XX\nX        X\nX        X\nXbX T  XbX\nX        X\nX        X\nXT TXT TXX\nXXXXXXXXXX\n", "Health: 6 X: 5 Y: 2\nXXXXXXXXXX\nX X e X  X\nX \u221e  m   X\nX   X   XX\nX   T  b X\nXX  XX   X\nX        X\nX X X  X X\nXT       X\nX    \u221e   X\nX  X   X X\nX        X\nXX      XX\nX        X\nX        X\nXbX T  XbX\nX        X\nX        X\nXT TXT TXX\nXXXXXXXXXX\n", "Health: 6 X: 4 Y: 2\nXXXXXXXXXX\nX X e X  X\nX \u221e Hm   X\nX   X  bXX\nX   T    X\nXX  XX   X\nX        X\nX X X  X X\nXT       X\nX    \u221e   X\nX  X   X X\nX        X\nXX      XX\nX        X\nX        X\nXbX T  XbX\nX        X\nX        X\nXT TXT TXX\nXXXXXXXXXX\n", "Health: 6 X: 3 Y: 2\nXXXXXXXXXX\nX X e X  X\nX \u221eH m b X\nX   X   XX\nX   T    X\nXX  XX   X\nX        X\nX X X  X X\nXT       X\nX    \u221e   X\nX  X   X X\nX        X\nXX      XX\nX        X\nX        X\nXbX T  XbX\nX        X\nX        X\nXT TXT TXX\nXXXXXXXXXX\n", "Health: 6 X: 3 Y: 3\nXXXXXXXXXX\nX X e X  X\nX \u221e  m b X\nX  HX   XX\nX   T    X\nXX  XX   X\nX        X\nX X X  X X\nXT       X\nX    \u221e   X\nX  X   X X\nX        X\nXX      XX\nX        X\nX        X\nXbX T  XbX\nX        X\nX        X\nXT TXT TXX\nXXXXXXXXXX\n", "Health: 6 X: 3 Y: 4\nXXXXXXXXXX\nX X e X  X\nX \u221e  m b X\nX   X   XX\nX  HT    X\nXX  XX   X\nX        X\nX X X  X X\nXT       X\nX    \u221e   X\nX  X   X X\nX        X\nXX      XX\nX        X\nX        X\nXbX T  XbX\nX        X\nX        X\nXT TXT TXX\nXXXXXXXXXX\n", "Health: 6 X: 3 Y: 5\nXXXXXXXXXX\nX X e X  X\nX \u221e m  b X\nX   X   XX\nX   T    X\nXX HXX   X\nX        X\nX X X  X X\nXT       X\nX    \u221e   X\nX  X   X X\nX        X\nXX      XX\nX        X\nX        X\nXbX T  XbX\nX        X\nX        X\nXT TXT TXX\nXXXXXXXXXX\n", "Health: 6 X: 2 Y: 5\nXXXXXXXXXX\nX X e X  X\nX \u221em  b  X\nX   X   XX\nX   T    X\nXXH XX   X\nX        X\nX X X  X X\nXT       X\nX    \u221e   X\nX  X   X X\nX        X\nXX      XX\nX        X\nX        X\nXbX T  XbX\nX        X\nX        X\nXT TXT TXX\nXXXXXXXXXX\n", "Health: 6 X: 3 Y: 5\nXXXXXXXXXX\nX X e X  X\nX \u221e   b  X\nX  mX   XX\nX   T    X\nXX HXX   X\nX        X\nX X X  X X\nXT       X\nX    \u221e   X\nX  X   X X\nX        X\nXX      XX\nX        X\nX        X\nXbX T  XbX\nX        X\nX        X\nXT TXT TXX\nXXXXXXXXXX\n", "Health: 5 X: 3 Y: 4\nXXXXXXXXXX\nX X e X  X\nX \u221e   b  X\nX  mX   XX\nX  HT    X\nXX  XX   X\nX        X\nX X X  X X\nXT       X\nX    \u221e   X\nX  X   X X\nX        X\nXX      XX\nX        X\nX        X\nXbX T  XbX\nX        X\nX        X\nXT TXT TXX\nXXXXXXXXXX\n", "Health: 5 X: 4 Y: 15\nXXXXXXXXXX\nX X e X  X\nX \u221e   b  X\nX  mX   XX\nX   T    X\nXX  XX   X\nX        X\nX X X  X X\nXT       X\nX    \u221e   X\nX  X   X X\nX        X\nXX      XX\nX        X\nX        X\nXbX T  XbX\nX        X\nX        X\nXT TXT TXX\nXXXXXXXXXX\n", "Health: 5 X: 5 Y: 15\nXXXXXXXXXX\nX X e X  X\nX \u221e      X\nX  mX b XX\nX   T    X\nXX  XX   X\nX        X\nX X X  X X\nXT       X\nX    \u221e   X\nX  X   X X\nX        X\nXX      XX\nX        X\nX        X\nXbX TH XbX\nX        X\nX        X\nXT TXT TXX\nXXXXXXXXXX\n", "Health: 5 X: 6 Y: 15\nXXXXXXXXXX\nX X e X  X\nX \u221e      X\nX  mX   XX\nX   T b  X\nXX  XX   X\nX        X\nX X X  X X\nXT       X\nX    \u221e   X\nX  X   X X\nX        X\nXX      XX\nX        X\nX        X\nXbX T HXbX\nX        X\nX        X\nXT TXT TXX\nXXXXXXXXXX\n", "Health: 5 X: 6 Y: 16\nXXXXXXXXXX\nX X e X  X\nX \u221e      X\nX  mX   XX\nX   T    X\nXX  XXb  X\nX        X\nX X X  X X\nXT       X\nX    \u221e   X\nX  X   X X\nX        X\nXX      XX\nX        X\nX        X\nXbX T  XbX\nX     H  X\nX        X\nXT TXT TXX\nXXXXXXXXXX\n", "Health: 5 X: 6 Y: 17\nXXXXXXXXXX\nX X e X  X\nX \u221e      X\nX  mX   XX\nX   T    X\nXX  XX   X\nX     b  X\nX X X  X X\nXT       X\nX    \u221e   X\nX  X   X X\nX        X\nXX      XX\nX        X\nX        X\nXbX T  X X\nX        X\nX     H  X\nXT TXT TXX\nXXXXXXXXXX\n", "Health: 5 X: 7 Y: 17\nXXXXXXXXXX\nX X e X  X\nX \u221e      X\nX   X   XX\nX  mT    X\nXX  XX   X\nX     b  X\nX X X  X X\nXT       X\nX    \u221e   X\nX  X   X X\nX        X\nXX      XX\nX        X\nX        X\nXbX T  X X\nX      b X\nX      H X\nXT TXT TXX\nXXXXXXXXXX\n", "Health: 4 X: 7 Y: 17\nXXXXXXXXXX\nX X e X  X\nX \u221e      X\nX   X   XX\nX   T    X\nXX mXX   X\nX     b  X\nX X X  X X\nXT       X\nX    \u221e   X\nX  X   X X\nX        X\nXX      XX\nX        X\nX        X\nXbX T  X X\nX      \u221e X\nX      H X\nXT TXT TXX\nXXXXXXXXXX\n", "Health: 4 X: 8 Y: 17\nXXXXXXXXXX\nX X e X  X\nX \u221e      X\nX   X   XX\nX   T    X\nXX  XX   X\nX  m  b  X\nX X X  X X\nXT       X\nX    \u221e   X\nX  X   X X\nX        X\nXX      XX\nX        X\nX        X\nXbX T  X X\nX      \u221e X\nX       HX\nXT TXT TXX\nXXXXXXXXXX\n", "Health: 4 X: 8 Y: 16\nXXXXXXXXXX\nX X e X  X\nX \u221e      X\nX   X   XX\nX   T    X\nXX  XX   X\nX     b  X\nX XmX  X X\nXT       X\nX    \u221e   X\nX  X   X X\nX        X\nXX      XX\nX        X\nX        X\nXbX T  X X\nX      \u221e X\nX        X\nXT TXT TXX\nXXXXXXXXXX\n", "Health: 4 X: 8 Y: 15\nXXXXXXXXXX\nX X e X  X\nX \u221e      X\nX   X   XX\nX   T    X\nXX  XX   X\nX     b  X\nX X X  X X\nXT m     X\nX    \u221e   X\nX  X   X X\nX        X\nXX      XX\nX        X\nX        X\nXbX T  XHX\nX      \u221e X\nX        X\nXT TXT TXX\nXXXXXXXXXX\n", "Health: 4 X: 8 Y: 16\nXXXXXXXXXX\nX X e X  X\nX \u221e      X\nX   X   XX\nX   T    X\nXX  XX   X\nX     b  X\nX X X  X X\nXT  m    X\nX    \u221e   X\nX  X   X X\nX        X\nXX      XX\nX        X\nX        X\nXbX T  X X\nX      \u221e X\nX        X\nXT TXT TXX\nXXXXXXXXXX\n", "Health: 4 X: 8 Y: 17\nXXXXXXXXXX\nX X e X  X\nX \u221e      X\nX   X   XX\nX   T    X\nXX  XX   X\nX     b  X\nX X X  X X\nXT   m   X\nX    \u221e   X\nX  X   X X\nX        X\nXX      XX\nX        X\nX        X\nXbX T  X X\nX      \u221e X\nX       HX\nXT TXT TXX\nXXXXXXXXXX\n", "Health: 4 X: 7 Y: 17\nXXXXXXXXXX\nX X e X  X\nX \u221e      X\nX   X   XX\nX   T    X\nXX  XX   X\nX     b  X\nX X X  X X\nXT       X\nX    m   X\nX  X   X X\nX        X\nXX      XX\nX        X\nX        X\nXbX T  X X\nX      \u221e X\nX      H X\nXT TXT TXX\nXXXXXXXXXX\n", "Health: 4 X: 7 Y: 16\nXXXXXXXXXX\nX X e X  X\nX \u221e      X\nX   X   XX\nX   T    X\nXX  XX   X\nX     b  X\nX X X  X X\nXT       X\nX    \u221e   X\nX  X m X X\nX        X\nXX      XX\nX        X\nX        X\nXbX T  X X\nX      \u221e X\nX        X\nXT TXT TXX\nXXXXXXXXXX\n", "Health: 4 X: 7 Y: 17\nXXXXXXXXXX\nX X e X  X\nX \u221e      X\nX   X   XX\nX   T    X\nXX  XX   X\nX     b  X\nX X X  X X\nXT       X\nX    \u221e   X\nX  X  mX X\nX        X\nXX      XX\nX        X\nX        X\nXbX T  X X\nX      \u221e X\nX      H X\nXT TXT TXX\nXXXXXXXXXX\n", "Health: 4 X: 7 Y: 18\nXXXXXXXXXX\nX X e X  X\nX \u221e      X\nX   X   XX\nX   T    X\nXX  XX   X\nX     b  X\nX X X  X X\nXT       X\nX    \u221e   X\nX  X   X X\nX     m  X\nXX      XX\nX        X\nX        X\nXbX T  X X\nX      \u221e X\nX        X\nXT TXT  XX\nXXXXXXXXXX\n", "Health: 4 X: 6 Y: 18\nXXXXXXXXXX\nX X e X  X\nX \u221e      X\nX   X   XX\nX   T    X\nXX  XX   X\nX        X\nX X X bX X\nXT       X\nX    \u221e   X\nX  X   X X\nX        X\nXX    m XX\nX        X\nX        X\nXbX T  X X\nX      \u221e X\nX        X\nXT TXTH XX\nXXXXXXXXXX\n", "Health: 4 X: 5 Y: 18\nXXXXXXXXXX\nX X e X  X\nX \u221e      X\nX   X   XX\nX   T    X\nXX  XX   X\nX        X\nX X Xb X X\nXT       X\nX    \u221e   X\nX  X   X X\nX        X\nXX   m  XX\nX        X\nX        X\nXbX T  X X\nX      \u221e X\nX        X\nXT TX   XX\nXXXXXXXXXX\n", "Health: 4 X: 5 Y: 17\nXXXXXXXXXX\nX X e X  X\nX \u221e      X\nX   X   XX\nX   T    X\nXX  XX   X\nX        X\nX X X  X X\nXT   b   X\nX    \u221e   X\nX  X   X X\nX        X\nXX      XX\nX    m   X\nX        X\nXbX T  X X\nX      \u221e X\nX    H   X\nXT TX   XX\nXXXXXXXXXX\n", "Health: 4 X: 4 Y: 17\nXXXXXXXXXX\nX X e X  X\nX \u221e      X\nX   X   XX\nX   T    X\nXX  XX   X\nX        X\nX X X  X X\nXT  b    X\nX    \u221e   X\nX  X   X X\nX        X\nXX      XX\nX   m    X\nX        X\nXbX T  X X\nX      \u221e X\nX   H    X\nXT TX   XX\nXXXXXXXXXX\n", "Health: 4 X: 3 Y: 17\nXXXXXXXXXX\nX X e X  X\nX \u221e      X\nX   X   XX\nX   T    X\nXX  XX   X\nX        X\nX X X  X X\nXT       X\nX   b\u221e   X\nX  X   X X\nX        X\nXX      XX\nX  m     X\nX        X\nX X T  X X\nX      \u221e X\nX  H     X\nXT TX   XX\nXXXXXXXXXX\n", "Health: 4 X: 3 Y: 18\nXXXXXXXXXX\nX X e X  X\nX \u221e      X\nX   X   XX\nX   T    X\nXX  XX   X\nX        X\nX X X  X X\nXT       X\nX    \u221e   X\nX  Xb  X X\nX        X\nXX      XX\nX        X\nX  m     X\nX X T  X X\nX b    \u221e X\nX        X\nXT  X   XX\nXXXXXXXXXX\n", "Health: 4 X: 2 Y: 18\nXXXXXXXXXX\nX X e X  X\nX \u221e      X\nX   X   XX\nX   T    X\nXX  XX   X\nX        X\nX X X  X X\nXT       X\nX    \u221e   X\nX  X   X X\nX   b    X\nXX      XX\nX        X\nX        X\nX XmT  X X\nX      \u221e X\nX b      X\nXTH X   XX\nXXXXXXXXXX\n", "Health: 4 X: 1 Y: 18\nXXXXXXXXXX\nX X e X  X\nX \u221e      X\nX   X   XX\nX   T    X\nXX  XX   X\nX        X\nX X X  X X\nXT       X\nX    \u221e   X\nX  X   X X\nX   b    X\nXX      XX\nX        X\nX        X\nX X T  X X\nX  m   \u221e X\nXb       X\nX   X   XX\nXXXXXXXXXX\n", "Health: 3 X: 1 Y: 18\nXXXXXXXXXX\nX X e X  X\nX \u221e      X\nX   X   XX\nX   T    X\nXX  XX   X\nX        X\nX X X  X X\nXT       X\nX    \u221e   X\nX  X   X X\nX   b    X\nXX      XX\nX        X\nX        X\nX X T  X X\nX m    \u221e X\nX\u221e       X\nX   X   XX\nXXXXXXXXXX\n", "Health: 3 X: 1 Y: 17\nXXXXXXXXXX\nX X e X  X\nX \u221e      X\nX   X   XX\nX   T    X\nXX  XX   X\nX        X\nX X X  X X\nXT       X\nX    \u221e   X\nX  X   X X\nX   b    X\nXX      XX\nX        X\nX        X\nX X T  X X\nXm     \u221e X\nX\u221e       X\nX   X   XX\nXXXXXXXXXX\n", "Health: 2 X: 1 Y: 16\nXXXXXXXXXX\nX X e X  X\nX \u221e      X\nX   X   XX\nX   T    X\nXX  XX   X\nX        X\nX X X  X X\nXT       X\nX    \u221e   X\nX  X   X X\nX   b    X\nXX      XX\nX        X\nX        X\nX X T  X X\nXm     \u221e X\nX\u221e       X\nX   X   XX\nXXXXXXXXXX\n", "Health: 2 X: 1 Y: 15\nXXXXXXXXXX\nX X e X  X\nX \u221e      X\nX   X   XX\nX   T    X\nXX  XX   X\nX        X\nX X X  X X\nXT       X\nX    \u221e   X\nX  X   X X\nX  b     X\nXX      XX\nX        X\nX        X\nXHX T  X X\nXm     \u221e X\nX\u221e       X\nX   X   XX\nXXXXXXXXXX\n", "Health: 2 X: 1 Y: 14\nXXXXXXXXXX\nX X e X  X\nX \u221e      X\nX   X   XX\nX   T    X\nXX  XX   X\nX        X\nX X X  X X\nXT       X\nX    \u221e   X\nX  X   X X\nX b      X\nXX      XX\nX        X\nXH       X\nX X T  X X\nXm     \u221e X\nX\u221e       X\nX   X   XX\nXXXXXXXXXX\n", "Health: 2 X: 2 Y: 14\nXXXXXXXXXX\nX X e X  X\nX \u221e      X\nX   X   XX\nX   T    X\nXX  XX   X\nX        X\nX X X  X X\nXT       X\nX    \u221e   X\nX  X   X X\nX        X\nXXb     XX\nX        X\nX H      X\nX X T  X X\nXm     \u221e X\nX\u221e       X\nX   X   XX\nXXXXXXXXXX\n", "Health: 2 X: 3 Y: 14\nXXXXXXXXXX\nX X e X  X\nX \u221e      X\nX   X   XX\nX   T    X\nXX  XX   X\nX        X\nX X X  X X\nXT       X\nX    \u221e   X\nX  X   X X\nX        X\nXX b    XX\nX        X\nX  H     X\nX X T  X X\nXm     \u221e X\nX\u221e       X\nX   X   XX\nXXXXXXXXXX\n", "Health: 2 X: 4 Y: 14\nXXXXXXXXXX\nX X e X  X\nX \u221e      X\nX   X   XX\nX   T    X\nXX  XX   X\nX        X\nX X X  X X\nXT       X\nX    \u221e   X\nX  X   X X\nX        X\nXX  b   XX\nX        X\nX   H    X\nXmX T  X X\nX      \u221e X\nX\u221e       X\nX   X   XX\nXXXXXXXXXX\n", "Health: 2 X: 4 Y: 4\nXXXXXXXXXX\nX X e X  X\nX \u221e      X\nX   X   XX\nX   T    X\nXX  XX   X\nX        X\nX X X  X X\nXT       X\nX    \u221e   X\nX  X   X X\nX        X\nXX  b   XX\nX        X\nXm       X\nX X T  X X\nX      \u221e X\nX\u221e       X\nX   X   XX\nXXXXXXXXXX\n", "Health: 2 X: 3 Y: 4\nXXXXXXXXXX\nX X e X  X\nX \u221e      X\nX   X   XX\nX  HT    X\nXX  XX   X\nX        X\nX X X  X X\nXT       X\nX    \u221e   X\nX  X   X X\nX   b    X\nXX      XX\nXm       X\nX        X\nX X T  X X\nX      \u221e X\nX\u221e       X\nX   X   XX\nXXXXXXXXXX\n", "Health: 2 X: 2 Y: 4\nXXXXXXXXXX\nX X e X  X\nX \u221e      X\nX   X   XX\nX H T    X\nXX  XX   X\nX        X\nX X X  X X\nXT       X\nX    \u221e   X\nX  Xb  X X\nX        X\nXX      XX\nX m      X\nX        X\nX X T  X X\nX      \u221e X\nX\u221e       X\nX   X   XX\nXXXXXXXXXX\n", "Health: 2 X: 2 Y: 3\nXXXXXXXXXX\nX X e X  X\nX \u221e      X\nX H X   XX\nX   T    X\nXX  XX   X\nX        X\nX X X  X X\nXT       X\nX   b\u221e   X\nX  X   X X\nX        X\nXXm     XX\nX        X\nX        X\nX X T  X X\nX      \u221e X\nX\u221e       X\nX   X   XX\nXXXXXXXXXX\n", "Health: 2 X: 2 Y: 2\nXXXXXXXXXX\nX X e X  X\nX \u221e      X\nX   X   XX\nX   T    X\nXX  XX   X\nX        X\nX X X  X X\nXT       X\nX   b\u221e   X\nX  X   X X\nX m      X\nXX      XX\nX        X\nX        X\nX X T  X X\nX      \u221e X\nX\u221e       X\nX   X   XX\nXXXXXXXXXX\n", "Health: 2 X: 3 Y: 2\nXXXXXXXXXX\nX X e X  X\nX \u221eH     X\nX   X   XX\nX   T    X\nXX  XX   X\nX        X\nX X X  X X\nXT       X\nX   b\u221e   X\nX mX   X X\nX        X\nXX      XX\nX        X\nX        X\nX X T  X X\nX      \u221e X\nX\u221e       X\nX   X   XX\nXXXXXXXXXX\n", "Health: 2 X: 3 Y: 1\nXXXXXXXXXX\nX XHe X  X\nX \u221e      X\nX   X   XX\nX   T    X\nXX  XX   X\nX        X\nX X X  X X\nXT       X\nX m b\u221e   X\nX  X   X X\nX        X\nXX      XX\nX        X\nX        X\nX X T  X X\nX      \u221e X\nX\u221e       X\nX   X   XX\nXXXXXXXXXX\n", "Health: 2 X: 4 Y: 1\nXXXXXXXXXX\nX X e X  X\nX \u221e      X\nX   X   XX\nX   T    X\nXX  XX   X\nX        X\nX X X  X X\nXTm      X\nX   b\u221e   X\nX  X   X X\nX        X\nXX      XX\nX        X\nX        X\nX X T  X X\nX      \u221e X\nX\u221e       X\nX   X   XX\nXXXXXXXXXX\n"], "map_number": 202}], "timestamp": "11-Aug-2021 02:59:47.714199", "ip": "107.2.240.146"}