{"Q1": "Never", "Q2": "Never", "Q3": "Never", "Q4": "Never", "Q5": "Never", "Q6": "Never", "Q7": "Never", "Q8": "Never", "Q9": "Never", "Q10": "Never", "results": [{"mechanics": [{"timestep": 2, "mechanic": "OgreTreasure"}, {"timestep": 2, "mechanic": "BlobPotion"}, {"timestep": 3, "mechanic": "OgreTreasure"}, {"timestep": 3, "mechanic": "BlobPotion"}, {"timestep": 7, "mechanic": "OgreHit"}, {"timestep": 9, "mechanic": "JavelinThrow"}, {"timestep": 9, "mechanic": "OgreHit"}, {"timestep": 13, "mechanic": "ReachStairs"}], "frequencies": {"OgreTreasure": 2, "BlobPotion": 2, "OgreHit": 2, "JavelinThrow": 1, "ReachStairs": 1}, "levelReport": {"utilityGained": 0.0, "exitUtility": 1.0, "runnerUtility": 0.86, "loitererUtility": 14.0, "completionistUtility": 0.3466666666666667, "monsterKillerUtility": 0.43999999999999995, "treasureCollectorUtility": 0.3, "turnsTaken": 14, "health": 6, "healthLost": 4, "alive": true, "javelinsThrown": 1, "monsterKills": 1, "minitaurKnockouts": 1, "treasuresCollected": 0, "potionsTaken": 0, "totalMonsters": 6, "totalTreasures": 9, "totalPotions": 2, "timeTaken": 0.0}, "positions": [{"X": 6, "Y": 3}, {"X": 5, "Y": 3}, {"X": 4, "Y": 3}, {"X": 3, "Y": 3}, {"X": 2, "Y": 3}, {"X": 2, "Y": 4}, {"X": 2, "Y": 5}, {"X": 2, "Y": 6}, {"X": 2, "Y": 7}, {"X": 2, "Y": 7}, {"X": 2, "Y": 8}, {"X": 2, "Y": 9}, {"X": 1, "Y": 9}, {"X": 1, "Y": 8}], "levelStates": ["Health: 10 X: 6 Y: 3\nXXXXXXXXXX\nXT TX m  X\nX   XXX  X\nX     H  X\nX   XX   X\nXX XXXX XX\nX TTXXPP X\nX   XX   X\nXeo    b X\nX   XX   X\nXX XXXX XX\nX   XX   X\nX   XX   X\nX      T X\nX   XX   X\nXX XXXX XX\nX   XX   X\nXb bXXT TX\nX M XXT TX\nXXXXXXXXXX\n", "Health: 10 X: 5 Y: 3\nXXXXXXXXXX\nXT TX  m X\nX   XXX  X\nX    H   X\nX   XX   X\nXX XXXX XX\nX TTXXPP X\nX o XX b X\nXe       X\nX   XX   X\nXX XXXX XX\nX   XX   X\nX   XX   X\nX      T X\nX   XX   X\nXX XXXX XX\nX   XX   X\nXb bXXT TX\nX M XXT TX\nXXXXXXXXXX\n", "Health: 10 X: 4 Y: 3\nXXXXXXXXXX\nXT TX    X\nX   XXXm X\nX   H    X\nX   XX   X\nXX XXXX XX\nX oTXXPb X\nX   XX   X\nXe       X\nX   XX   X\nXX XXXX XX\nX   XX   X\nX   XX   X\nX      T X\nX   XX   X\nXX XXXX XX\nX   XX   X\nXb bXXT TX\nX M XXT TX\nXXXXXXXXXX\n", "Health: 10 X: 3 Y: 3\nXXXXXXXXXX\nXT TX    X\nX   XXX  X\nX  H   m X\nX   XX   X\nXX XXXX XX\nX  oXXb  X\nX   XX   X\nXe       X\nX   XX   X\nXX XXXX XX\nX   XX   X\nX   XX   X\nX      T X\nX   XX   X\nXX XXXX XX\nX   XX   X\nXb bXXT TX\nX M XXT TX\nXXXXXXXXXX\n", "Health: 10 X: 2 Y: 3\nXXXXXXXXXX\nXT TX    X\nX   XXX  X\nX H   m  X\nX   XX   X\nXX XXXX XX\nX  oXXb  X\nX   XX   X\nXe       X\nX   XX   X\nXX XXXX XX\nX   XX   X\nX   XX   X\nX      T X\nX   XX   X\nXX XXXX XX\nX   XX   X\nXbMbXXT TX\nX   XXT TX\nXXXXXXXXXX\n", "Health: 10 X: 2 Y: 4\nXXXXXXXXXX\nXT TX    X\nX   XXX  X\nX    m   X\nX H XX   X\nXX XXXX XX\nX  oXXb  X\nX   XX   X\nXe       X\nX   XX   X\nXX XXXX XX\nX   XX   X\nX   XX   X\nX      T X\nX   XX   X\nXX XXXX XX\nX M XX   X\nXb bXXT TX\nX   XXT TX\nXXXXXXXXXX\n", "Health: 10 X: 2 Y: 5\nXXXXXXXXXX\nXT TX    X\nX   XXX  X\nX   m    X\nX   XX   X\nXXHXXXX XX\nX  oXXb  X\nX   XX   X\nXe       X\nX   XX   X\nXX XXXX XX\nX   XX   X\nX   XX   X\nX      T X\nX   XX   X\nXXMXXXX XX\nX   XX   X\nXb bXXT TX\nX   XXT TX\nXXXXXXXXXX\n", "Health: 8 X: 2 Y: 6\nXXXXXXXXXX\nXT TX    X\nX   XXX  X\nX  m     X\nX   XX   X\nXX XXXX XX\nX  oXXb  X\nX   XX   X\nXe       X\nX   XX   X\nXX XXXX XX\nX   XX   X\nX   XX   X\nX      T X\nX M XX   X\nXX XXXX XX\nX   XX   X\nXb bXXT TX\nX   XXT TX\nXXXXXXXXXX\n", "Health: 8 X: 2 Y: 7\nXXXXXXXXXX\nXT TX    X\nX   XXX  X\nX m      X\nX   XX   X\nXX XXXX XX\nX o XXb  X\nX H XX   X\nXe       X\nX   XX   X\nXX XXXX XX\nX   XX   X\nX   XX   X\nX M    T X\nX   XX   X\nXX XXXX XX\nX   XX   X\nXb bXXT TX\nX   XXT TX\nXXXXXXXXXX\n", "Health: 6 X: 2 Y: 7\nXXXXXXXXXX\nXT TX    X\nX   XXX  X\nX m      X\nX   XX   X\nXX XXXX XX\nX \u221e XXb  X\nX H XX   X\nXe       X\nX   XX   X\nXX XXXX XX\nX   XX   X\nX M XX   X\nX      T X\nX   XX   X\nXX XXXX XX\nX   XX   X\nXb bXXT TX\nX   XXT TX\nXXXXXXXXXX\n", "Health: 6 X: 2 Y: 8\nXXXXXXXXXX\nXT TX    X\nX   XXX  X\nX m      X\nX   XX   X\nXX XXXX XX\nX \u221e XXb  X\nX   XX   X\nXeH      X\nX   XX   X\nXX XXXX XX\nX M XX   X\nX   XX   X\nX      T X\nX   XX   X\nXX XXXX XX\nX   XX   X\nXb bXXT TX\nX   XXT TX\nXXXXXXXXXX\n", "Health: 6 X: 2 Y: 9\nXXXXXXXXXX\nXT TX    X\nX   XXX  X\nX m      X\nX   XX   X\nXX XXXX XX\nX \u221e XXb  X\nX   XX   X\nXe       X\nX H XX   X\nXXMXXXX XX\nX   XX   X\nX   XX   X\nX      T X\nX   XX   X\nXX XXXX XX\nX   XX   X\nXb bXXT TX\nX   XXT TX\nXXXXXXXXXX\n", "Health: 6 X: 1 Y: 9\nXXXXXXXXXX\nXT TX    X\nX   XXX  X\nX m      X\nX   XX   X\nXX XXXX XX\nX \u221e XXb  X\nX   XX   X\nXe       X\nXHM XX   X\nXX XXXX XX\nX   XX   X\nX   XX   X\nX      T X\nX   XX   X\nXX XXXX XX\nX   XX   X\nXb bXXT TX\nX   XXT TX\nXXXXXXXXXX\n", "Health: 6 X: 1 Y: 8\nXXXXXXXXXX\nXT TX    X\nX   XXX  X\nX m      X\nX   XX   X\nXX XXXX XX\nX \u221e XXb  X\nX   XX   X\nXeM      X\nX   XX   X\nXX XXXX XX\nX   XX   X\nX   XX   X\nX      T X\nX   XX   X\nXX XXXX XX\nX   XX   X\nXb bXXT TX\nX   XXT TX\nXXXXXXXXXX\n"], "map_number": 101}, {"mechanics": [{"timestep": 4, "mechanic": "ReachStairs"}], "frequencies": {"ReachStairs": 1}, "levelReport": {"utilityGained": 0.0, "exitUtility": 1.0, "runnerUtility": 0.95, "loitererUtility": 5.0, "completionistUtility": 0.3333333333333333, "monsterKillerUtility": 0.39999999999999997, "treasureCollectorUtility": 0.3, "turnsTaken": 5, "health": 10, "healthLost": 0, "alive": true, "javelinsThrown": 0, "monsterKills": 1, "minitaurKnockouts": 1, "treasuresCollected": 0, "potionsTaken": 0, "totalMonsters": 8, "totalTreasures": 7, "totalPotions": 2, "timeTaken": 0.0}, "positions": [{"X": 4, "Y": 10}, {"X": 3, "Y": 10}, {"X": 2, "Y": 10}, {"X": 1, "Y": 10}, {"X": 1, "Y": 9}], "levelStates": ["Health: 10 X: 4 Y: 10\nXXXXXXXXXX\nX   m    X\nX XXXXXX X\nXR      RX\nXXXX  XXXX\nX     M  X\nX  M     X\nX      M X\nXXX    XXX\nXe      PX\nX   H   PX\nXXXXX XXXX\nX     X TX\nX XXXXX XX\nX        X\nXXXXXX XXX\nXTTX   XTX\nXTTXX XXTX\nX    b   X\nXXXXXXXXXX\n", "Health: 10 X: 3 Y: 10\nXXXXXXXXXX\nX   m    X\nX XXXXXX X\nXR      RX\nXXXX  XXXX\nX    M   X\nX        X\nX  M  M  X\nXXX    XXX\nXe      PX\nX  H    PX\nXXXXX XXXX\nX     X TX\nX XXXXX XX\nX        X\nXXXXXX XXX\nXTTX   XTX\nXTTXX XXTX\nX    b   X\nXXXXXXXXXX\n", "Health: 10 X: 2 Y: 10\nXXXXXXXXXX\nX   m    X\nX XXXXXX X\nXR      RX\nXXXX  XXXX\nX        X\nX    M   X\nX    M   X\nXXXM   XXX\nXe      PX\nX H     PX\nXXXXX XXXX\nX     X TX\nX XXXXX XX\nX        X\nXXXXXX XXX\nXTTX   XTX\nXTTXX XXTX\nX    b   X\nXXXXXXXXXX\n", "Health: 10 X: 1 Y: 10\nXXXXXXXXXX\nX   m    X\nX XXXXXX X\nXR      RX\nXXXX  XXXX\nX        X\nX   M    X\nX   M    X\nXXX    XXX\nXe M    PX\nXH      PX\nXXXXX XXXX\nX     X TX\nX XXXXX XX\nX        X\nXXXXXX XXX\nXTTX   XTX\nXTTXX XXTX\nX    b   X\nXXXXXXXXXX\n", "Health: 10 X: 1 Y: 9\nXXXXXXXXXX\nX   m    X\nX XXXXXX X\nXR      RX\nXXXX  XXXX\nX        X\nX   M    X\nX   M    X\nXXX    XXX\nXeM     PX\nX       PX\nXXXXX XXXX\nX     X TX\nX XXXXX XX\nX        X\nXXXXXX XXX\nXTTX   XTX\nXTTXX XXTX\nX    b   X\nXXXXXXXXXX\n"], "map_number": 102}, {"mechanics": [{"timestep": 1, "mechanic": "OgreHit"}, {"timestep": 2, "mechanic": "JavelinThrow"}, {"timestep": 2, "mechanic": "BlobPotion"}, {"timestep": 2, "mechanic": "BlobPotion"}, {"timestep": 4, "mechanic": "BlobPotion"}, {"timestep": 15, "mechanic": "ReachStairs"}], "frequencies": {"OgreHit": 1, "JavelinThrow": 1, "BlobPotion": 3, "ReachStairs": 1}, "levelReport": {"utilityGained": 0.0, "exitUtility": 1.0, "runnerUtility": 0.84, "loitererUtility": 16.0, "completionistUtility": 0.3466666666666667, "monsterKillerUtility": 0.43999999999999995, "treasureCollectorUtility": 0.3, "turnsTaken": 16, "health": 8, "healthLost": 2, "alive": true, "javelinsThrown": 1, "monsterKills": 1, "minitaurKnockouts": 0, "treasuresCollected": 0, "potionsTaken": 0, "totalMonsters": 6, "totalTreasures": 6, "totalPotions": 4, "timeTaken": 0.0}, "positions": [{"X": 5, "Y": 10}, {"X": 5, "Y": 9}, {"X": 5, "Y": 9}, {"X": 5, "Y": 8}, {"X": 5, "Y": 7}, {"X": 5, "Y": 6}, {"X": 6, "Y": 6}, {"X": 7, "Y": 6}, {"X": 7, "Y": 5}, {"X": 7, "Y": 4}, {"X": 7, "Y": 3}, {"X": 6, "Y": 3}, {"X": 5, "Y": 3}, {"X": 5, "Y": 2}, {"X": 4, "Y": 2}, {"X": 4, "Y": 1}], "levelStates": ["Health: 10 X: 5 Y: 10\nXXXXXXXXXX\nXMX e X TX\nX        X\nX   X   XX\nX   T    X\nXX  XX   X\nX P     bX\nX X X  X X\nXT       X\nX     o  X\nX  X H XPX\nX        X\nXX      XX\nX        X\nXb      bX\nX X T  X X\nXP   m  PX\nX        X\nXT TXT TXX\nXXXXXXXXXX\n", "Health: 8 X: 5 Y: 9\nXXXXXXXXXX\nXMX e X TX\nX        X\nX   X   XX\nX   T    X\nXX  XX   X\nX P      X\nX X X  XbX\nXT       X\nX    Ho  X\nX  X   XPX\nX        X\nXX      XX\nX        X\nX        X\nXbX Tm XbX\nXP      PX\nX        X\nXT TXT TXX\nXXXXXXXXXX\n", "Health: 8 X: 5 Y: 9\nXXXXXXXXXX\nXMX e X TX\nX        X\nX   X   XX\nX   T    X\nXX  XX   X\nX P      X\nX X X  X X\nXT      bX\nX    H\u221e  X\nX  X   XPX\nX        X\nXX      XX\nX        X\nX    m   X\nX X T  X X\nX        X\nX        X\nXT TXT TXX\nXXXXXXXXXX\n", "Health: 8 X: 5 Y: 8\nXXXXXXXXXX\nXMX e X TX\nX        X\nX   X   XX\nX   T    X\nXX  XX   X\nX P      X\nX X X  X X\nXT   H   X\nX     \u221e bX\nX  X   XPX\nX        X\nXX      XX\nX    m   X\nX        X\nX X T  X X\nX        X\nX        X\nXT TXT TXX\nXXXXXXXXXX\n", "Health: 8 X: 5 Y: 7\nXXXXXXXXXX\nXMX e X TX\nX        X\nX   X   XX\nX   T    X\nXX  XX   X\nX P      X\nX X XH X X\nXT       X\nX     \u221e  X\nX  X   X X\nX        X\nXX   m  XX\nX        X\nX        X\nX X T  XbX\nX        X\nX        X\nXT TXT TXX\nXXXXXXXXXX\n", "Health: 8 X: 5 Y: 6\nXXXXXXXXXX\nXMX e X TX\nX        X\nX   X   XX\nX   T    X\nXX  XX   X\nX P  H   X\nX X X  X X\nXT       X\nX     \u221e bX\nX  X   X X\nX    m   X\nXX      XX\nX        X\nX        X\nX X T  XbX\nX        X\nX        X\nXT TXT TXX\nXXXXXXXXXX\n", "Health: 8 X: 6 Y: 6\nXXXXXXXXXX\nXMX e X TX\nX        X\nX   X   XX\nX   T    X\nXX  XX   X\nX P   H  X\nX X X  X X\nXT       X\nX     \u221e bX\nX  X m X X\nX        X\nXX      XX\nX        X\nX        X\nX X T  XbX\nX        X\nX        X\nXT TXT TXX\nXXXXXXXXXX\n", "Health: 8 X: 7 Y: 6\nXXXXXXXXXX\nXMX e X TX\nX        X\nX   X   XX\nX   T    X\nXX  XX   X\nX P    H X\nX X X  X X\nXT       X\nX    m\u221e bX\nX  X   X X\nX        X\nXX      XX\nX        X\nX        X\nX X T  XbX\nX        X\nX        X\nXT TXT TXX\nXXXXXXXXXX\n", "Health: 8 X: 7 Y: 5\nXXXXXXXXXX\nXMX e X TX\nX        X\nX   X   XX\nX   T    X\nXX  XX H X\nX P      X\nX X X  X X\nXT   m   X\nX     \u221e bX\nX  X   X X\nX        X\nXX      XX\nX        X\nX        X\nX X T  XbX\nX        X\nX        X\nXT TXT TXX\nXXXXXXXXXX\n", "Health: 8 X: 7 Y: 4\nXXXXXXXXXX\nXMX e X TX\nX        X\nX   X   XX\nX   T  H X\nXX  XX   X\nX P      X\nX X Xm X X\nXT      bX\nX     \u221e  X\nX  X   X X\nX        X\nXX      XX\nX        X\nX        X\nX X T  XbX\nX        X\nX        X\nXT TXT TXX\nXXXXXXXXXX\n", "Health: 8 X: 7 Y: 3\nXXXXXXXXXX\nXMX e X TX\nX        X\nX   X  HXX\nX   T    X\nXX  XX   X\nX P  m   X\nX X X  XbX\nXT       X\nX     \u221e  X\nX  X   X X\nX        X\nXX      XX\nX        X\nX        X\nX X T  XbX\nX        X\nX        X\nXT TXT TXX\nXXXXXXXXXX\n", "Health: 8 X: 6 Y: 3\nXXXXXXXXXX\nXMX e X TX\nX        X\nX   X H XX\nX   T    X\nXX  XX   X\nX P   m bX\nX X X  X X\nXT       X\nX     \u221e  X\nX  X   X X\nX        X\nXX      XX\nX        X\nX        X\nX X T  XbX\nX        X\nX        X\nXT TXT TXX\nXXXXXXXXXX\n", "Health: 8 X: 5 Y: 3\nXXXXXXXXXX\nXMX e X TX\nX        X\nX   XH  XX\nX   T    X\nXX  XXm bX\nX P      X\nX X X  X X\nXT       X\nX     \u221e  X\nX  X   X X\nX        X\nXX      XX\nX        X\nX        X\nX X T  XbX\nX        X\nX        X\nXT TXT TXX\nXXXXXXXXXX\n", "Health: 8 X: 5 Y: 2\nXXXXXXXXXX\nXMX e X TX\nX    H   X\nX   X   XX\nX   T m bX\nXX  XX   X\nX P      X\nX X X  X X\nXT       X\nX     \u221e  X\nX  X   X X\nX        X\nXX      XX\nX        X\nX        X\nX X T  XbX\nX        X\nX        X\nXT TXT TXX\nXXXXXXXXXX\n", "Health: 8 X: 4 Y: 2\nXXXXXXXXXX\nXMX e X TX\nX   H    X\nX   X m XX\nX   T  b X\nXX  XX   X\nX P      X\nX X X  X X\nXT       X\nX     \u221e  X\nX  X   X X\nX        X\nXX      XX\nX        X\nX        X\nX X T  XbX\nX        X\nX        X\nXT TXT TXX\nXXXXXXXXXX\n", "Health: 8 X: 4 Y: 1\nXXXXXXXXXX\nXMX e X TX\nX     m  X\nX   X  bXX\nX   T    X\nXX  XX   X\nX P      X\nX X X  X X\nXT       X\nX     \u221e  X\nX  X   X X\nX        X\nXX      XX\nX        X\nX        X\nX X T  XbX\nX        X\nX        X\nXT TXT TXX\nXXXXXXXXXX\n"], "map_number": 202}], "timestamp": "12-Aug-2021 04:03:18.654235", "ip": "172.90.190.189"}