{"Q1": "Never", "Q2": "Never", "Q3": "Never", "Q4": "Never", "Q5": "Never", "Q6": "Never", "Q7": "Never", "Q8": "Never", "Q9": "Never", "Q10": "Never", "results": [{"mechanics": [{"timestep": 2, "mechanic": "BlobPotion"}, {"timestep": 2, "mechanic": "BlobPotion"}, {"timestep": 3, "mechanic": "MinitaurHit"}, {"timestep": 4, "mechanic": "JavelinThrow"}, {"timestep": 4, "mechanic": "BlobPotion"}, {"timestep": 9, "mechanic": "OgreHit"}, {"timestep": 9, "mechanic": "OgreHit"}, {"timestep": 16, "mechanic": "CollectTreasure"}, {"timestep": 19, "mechanic": "CollectPotion"}, {"timestep": 26, "mechanic": "MinitaurHit"}, {"timestep": 32, "mechanic": "CollectTreasure"}, {"timestep": 35, "mechanic": "MinitaurHit"}, {"timestep": 36, "mechanic": "BlobHit"}, {"timestep": 48, "mechanic": "BlobCombine"}, {"timestep": 55, "mechanic": "BlobCombine"}, {"timestep": 56, "mechanic": "CollectTreasure"}, {"timestep": 58, "mechanic": "CollectTreasure"}, {"timestep": 59, "mechanic": "BlobHit"}, {"timestep": 59, "mechanic": "BlobHit"}, {"timestep": 59, "mechanic": "Die"}], "frequencies": {}, "levelReport": {"utilityGained": 0.0, "exitUtility": 0.0, "runnerUtility": 0.40909090909090906, "loitererUtility": 0.0, "completionistUtility": 0.12272727272727271, "monsterKillerUtility": 0.12272727272727271, "treasureCollectorUtility": 0.12272727272727271, "turnsTaken": 0, "health": 10, "healthLost": 0, "alive": true, "javelinsThrown": 0, "monsterKills": 0, "minitaurKnockouts": 0, "treasuresCollected": 0, "potionsTaken": 0, "totalMonsters": 6, "totalTreasures": 6, "totalPotions": 4, "timeTaken": 0.0}, "positions": [{"X": 8, "Y": 2}, {"X": 8, "Y": 3}, {"X": 7, "Y": 3}, {"X": 6, "Y": 3}, {"X": 5, "Y": 3}, {"X": 4, "Y": 3}, {"X": 3, "Y": 3}, {"X": 2, "Y": 3}, {"X": 1, "Y": 3}, {"X": 1, "Y": 4}, {"X": 1, "Y": 5}, {"X": 1, "Y": 6}, {"X": 1, "Y": 7}, {"X": 1, "Y": 8}, {"X": 1, "Y": 9}, {"X": 1, "Y": 10}, {"X": 1, "Y": 11}, {"X": 1, "Y": 12}, {"X": 1, "Y": 13}, {"X": 1, "Y": 14}, {"X": 1, "Y": 13}, {"X": 1, "Y": 12}, {"X": 1, "Y": 11}, {"X": 2, "Y": 11}, {"X": 3, "Y": 11}, {"X": 3, "Y": 11}, {"X": 4, "Y": 11}, {"X": 5, "Y": 11}, {"X": 6, "Y": 11}, {"X": 7, "Y": 11}, {"X": 8, "Y": 11}, {"X": 8, "Y": 10}, {"X": 8, "Y": 9}, {"X": 8, "Y": 8}, {"X": 8, "Y": 7}, {"X": 8, "Y": 6}, {"X": 7, "Y": 6}, {"X": 6, "Y": 6}, {"X": 6, "Y": 7}, {"X": 6, "Y": 8}, {"X": 6, "Y": 9}, {"X": 6, "Y": 8}, {"X": 6, "Y": 7}, {"X": 6, "Y": 6}, {"X": 7, "Y": 6}, {"X": 8, "Y": 6}, {"X": 8, "Y": 7}, {"X": 8, "Y": 8}, {"X": 8, "Y": 9}, {"X": 8, "Y": 10}, {"X": 8, "Y": 11}, {"X": 8, "Y": 12}, {"X": 8, "Y": 13}, {"X": 8, "Y": 14}, {"X": 8, "Y": 15}, {"X": 8, "Y": 16}, {"X": 7, "Y": 16}, {"X": 7, "Y": 17}, {"X": 6, "Y": 17}, {"X": 6, "Y": 16}, {"X": 5, "Y": 16}, {"X": 4, "Y": 16}, {"X": 4, "Y": 17}, {"X": 5, "Y": 17}], "levelStates": ["Health: 10 X: 8 Y: 2\nXXXXXXXXXX\nXXXT m   X\nXXXXXXXXHX\nX    b   X\nX XX XXXXX\nX XX XXXXX\nX MX XT tX\nX XX XTX X\nX XX XTX X\nX MX XTX X\nX XX XXX X\nX P o  P X\nX XXXXXX X\nXTX RR XTX\nX X    X X\nX XX  XX X\nX   TT   X\nXT   e   X\nXXXXXXXXXX\n", "Health: 10 X: 8 Y: 3\nXXXXXXXXXX\nXXXT  m  X\nXXXXXXXX X\nX     b HX\nX XX XXXXX\nX XX XXXXX\nX MX XT tX\nX XX XTX X\nX XX XTX X\nX MX XTX X\nX XX XXX X\nX P o  P X\nX XXXXXX X\nXTX RR XTX\nX X    X X\nX XX  XX X\nX   TT   X\nXT   e   X\nXXXXXXXXXX\n", "Health: 9 X: 7 Y: 3\nXXXXXXXXXX\nXXXT   m X\nXXXXXXXX X\nX     \u221eH X\nX XX XXXXX\nX XX XXXXX\nX MX XT tX\nX XX XTX X\nX XX XTX X\nX MX XTX X\nX XX XXX X\nX P o  P X\nX XXXXXX X\nXTX RR XTX\nX X    X X\nX XX  XX X\nX   TT   X\nXT   e   X\nXXXXXXXXXX\n", "Health: 9 X: 6 Y: 3\nXXXXXXXXXX\nXXXT    mX\nXXXXXXXX X\nX     \u221e  X\nX XX XXXXX\nX XX XXXXX\nX MX XT tX\nX XX XTX X\nX XX XTX X\nX MX XTX X\nX XX XXX X\nX P o  P X\nX XXXXXX X\nXTX RR XTX\nX X    X X\nX XX  XX X\nX   TT   X\nXT   e   X\nXXXXXXXXXX\n", "Health: 9 X: 5 Y: 3\nXXXXXXXXXX\nXXXT     X\nXXXXXXXXmX\nX    H\u221e  X\nX XX XXXXX\nX XX XXXXX\nX MX XT tX\nX XX XTX X\nX XX XTX X\nX MX XTX X\nX XX XXX X\nX P o  P X\nX XXXXXX X\nXTX RR XTX\nX X    X X\nX XX  XX X\nX   TT   X\nXT   e   X\nXXXXXXXXXX\n", "Health: 9 X: 4 Y: 3\nXXXXXXXXXX\nXXXT     X\nXXXXXXXX X\nX   H \u221e mX\nX XX XXXXX\nX XX XXXXX\nX MX XT tX\nX XX XTX X\nX XX XTX X\nX MX XTX X\nX XXoXXX X\nX P    P X\nX XXXXXX X\nXTX RR XTX\nX X    X X\nX XX  XX X\nX   TT   X\nXT   e   X\nXXXXXXXXXX\n", "Health: 9 X: 3 Y: 3\nXXXXXXXXXX\nXXXT     X\nXXXXXXXX X\nX  H  \u221em X\nX XX XXXXX\nX XX XXXXX\nX MX XT tX\nX XX XTX X\nX XX XTX X\nX MX XTX X\nX XXoXXX X\nX P    P X\nX XXXXXX X\nXTX RR XTX\nX X    X X\nX XX  XX X\nX   TT   X\nXT   e   X\nXXXXXXXXXX\n", "Health: 9 X: 2 Y: 3\nXXXXXXXXXX\nXXXT     X\nXXXXXXXX X\nX H   \u221e  X\nX XX XXXXX\nX XX XXXXX\nX MX XT tX\nX XX XTX X\nX XX XTX X\nX MX XTX X\nX XXoXXX X\nX P    P X\nX XXXXXX X\nXTX RR XTX\nX X    X X\nX XX  XX X\nX   TT   X\nXT   e   X\nXXXXXXXXXX\n", "Health: 9 X: 1 Y: 3\nXXXXXXXXXX\nXXXT     X\nXXXXXXXX X\nXH   m\u221e  X\nX XX XXXXX\nX XX XXXXX\nX MX XT tX\nX XX XTX X\nX XX XTX X\nX MX XTX X\nX XXoXXX X\nX P    P X\nX XXXXXX X\nXTX RR XTX\nX X    X X\nX XX  XX X\nX   TT   X\nXT   e   X\nXXXXXXXXXX\n", "Health: 9 X: 1 Y: 4\nXXXXXXXXXX\nXXXT     X\nXXXXXXXX X\nX   m \u221e  X\nXHXX XXXXX\nX XX XXXXX\nX MX XT tX\nX XX XTX X\nX XX XTX X\nX MX XTX X\nX XXoXXX X\nX P    P X\nX XXXXXX X\nXTX RR XTX\nX X    X X\nX XX  XX X\nX   TT   X\nXT   e   X\nXXXXXXXXXX\n", "Health: 9 X: 1 Y: 5\nXXXXXXXXXX\nXXXT     X\nXXXXXXXX X\nX  m  \u221e  X\nX XX XXXXX\nXHXX XXXXX\nX MX XT tX\nX XX XTX X\nX XX XTX X\nX MX XTX X\nX XXoXXX X\nX P    P X\nX XXXXXX X\nXTX RR XTX\nX X    X X\nX XX  XX X\nX   TT   X\nXT   e   X\nXXXXXXXXXX\n", "Health: 8 X: 1 Y: 6\nXXXXXXXXXX\nXXXT     X\nXXXXXXXX X\nX m   \u221e  X\nX XX XXXXX\nX XX XXXXX\nXH\u221eX XT tX\nX XX XTX X\nX XX XTX X\nX MX XTX X\nX XXoXXX X\nX P    P X\nX XXXXXX X\nXTX RR XTX\nX X    X X\nX XX  XX X\nX   TT   X\nXT   e   X\nXXXXXXXXXX\n", "Health: 8 X: 1 Y: 7\nXXXXXXXXXX\nXXXT     X\nXXXXXXXX X\nXm    \u221e  X\nX XX XXXXX\nX XX XXXXX\nX \u221eX XT tX\nXHXX XTX X\nX XX XTX X\nX MX XTX X\nX XXoXXX X\nX P    P X\nX XXXXXX X\nXTX RR XTX\nX X    X X\nX XX  XX X\nX   TT   X\nXT   e   X\nXXXXXXXXXX\n", "Health: 8 X: 1 Y: 8\nXXXXXXXXXX\nXXXT     X\nXXXXXXXX X\nX     \u221e  X\nXmXX XXXXX\nX XX XXXXX\nX \u221eX XT tX\nX XX XTX X\nXHXX XTX X\nX MX XTX X\nX XXoXXX X\nX P    P X\nX XXXXXX X\nXTX RR XTX\nX X    X X\nX XX  XX X\nX   TT   X\nXT   e   X\nXXXXXXXXXX\n", "Health: 7 X: 1 Y: 9\nXXXXXXXXXX\nXXXT     X\nXXXXXXXX X\nX     \u221e  X\nX XX XXXXX\nXmXX XXXXX\nX \u221eX XT tX\nX XX XTX X\nX XX XTX X\nXH\u221eX XTX X\nX XXoXXX X\nX P    P X\nX XXXXXX X\nXTX RR XTX\nX X    X X\nX XX  XX X\nX   TT   X\nXT   e   X\nXXXXXXXXXX\n", "Health: 7 X: 1 Y: 10\nXXXXXXXXXX\nXXXT     X\nXXXXXXXX X\nX     \u221e  X\nX XX XXXXX\nX XX XXXXX\nXm\u221eX XT tX\nX XX XTX X\nX XX XTX X\nX \u221eX XTX X\nXHXXoXXX X\nX P    P X\nX XXXXXX X\nXTX RR XTX\nX X    X X\nX XX  XX X\nX   TT   X\nXT   e   X\nXXXXXXXXXX\n", "Health: 7 X: 1 Y: 11\nXXXXXXXXXX\nXXXT     X\nXXXXXXXX X\nX     \u221e  X\nX XX XXXXX\nX XX XXXXX\nX \u221eX XT tX\nXmXX XTX X\nX XX XTX X\nX \u221eX XTX X\nX XXoXXX X\nXHP    P X\nX XXXXXX X\nXTX RR XTX\nX X    X X\nX XX  XX X\nX   TT   X\nXT   e   X\nXXXXXXXXXX\n", "Health: 7 X: 1 Y: 12\nXXXXXXXXXX\nXXXT     X\nXXXXXXXX X\nX     \u221e  X\nX XX XXXXX\nX XX XXXXX\nX \u221eX XT tX\nX XX XTX X\nXmXX XTX X\nX \u221eX XTX X\nX XXoXXX X\nX P    P X\nXHXXXXXX X\nXTX RR XTX\nX X    X X\nX XX  XX X\nX   TT   X\nXT   e   X\nXXXXXXXXXX\n", "Health: 7 X: 1 Y: 13\nXXXXXXXXXX\nXXXT     X\nXXXXXXXX X\nX     \u221e  X\nX XX XXXXX\nX XX XXXXX\nX \u221eX XT tX\nX XX XTX X\nX XX XTX X\nXm\u221eX XTX X\nX XXoXXX X\nX P    P X\nX XXXXXX X\nX X RR XTX\nX X    X X\nX XX  XX X\nX   TT   X\nXT   e   X\nXXXXXXXXXX\n", "Health: 7 X: 1 Y: 14\nXXXXXXXXXX\nXXXT     X\nXXXXXXXX X\nX     \u221e  X\nX XX XXXXX\nX XX XXXXX\nX \u221eX XT tX\nX XX XTX X\nX XX XTX X\nX \u221eX XTX X\nXmXXoXXX X\nX P    P X\nX XXXXXX X\nX X RR XTX\nXHX    X X\nX XX  XX X\nX   TT   X\nXT   e   X\nXXXXXXXXXX\n", "Health: 7 X: 1 Y: 13\nXXXXXXXXXX\nXXXT     X\nXXXXXXXX X\nX     \u221e  X\nX XX XXXXX\nX XX XXXXX\nX \u221eX XT tX\nX XX XTX X\nX XX XTX X\nX \u221eX XTX X\nX XXoXXX X\nXmP    P X\nX XXXXXX X\nX X RR XTX\nX X    X X\nX XX  XX X\nX   TT   X\nXT   e   X\nXXXXXXXXXX\n", "Health: 6 X: 1 Y: 12\nXXXXXXXXXX\nXXXT     X\nXXXXXXXX X\nX     \u221e  X\nX XX XXXXX\nX XX XXXXX\nX \u221eX XT tX\nX XX XTX X\nX XX XTX X\nX \u221eX XTX X\nX XXoXXX X\nXmP    P X\nXHXXXXXX X\nX X RR XTX\nX X    X X\nX XX  XX X\nX   TT   X\nXT   e   X\nXXXXXXXXXX\n", "Health: 6 X: 1 Y: 11\nXXXXXXXXXX\nXXXT     X\nXXXXXXXX X\nX     \u221e  X\nX XX XXXXX\nX XX XXXXX\nX \u221eX XT tX\nX XX XTX X\nX XX XTX X\nX \u221eX XTX X\nX XXoXXX X\nXmP    P X\nX XXXXXX X\nX X RR XTX\nX X    X X\nX XX  XX X\nX   TT   X\nXT   e   X\nXXXXXXXXXX\n", "Health: 8 X: 2 Y: 11\nXXXXXXXXXX\nXXXT     X\nXXXXXXXX X\nX     \u221e  X\nX XX XXXXX\nX XX XXXXX\nX \u221eX XT tX\nX XX XTX X\nX XX XTX X\nX \u221eX XTX X\nX XXoXXX X\nXm     P X\nX XXXXXX X\nX X RR XTX\nX X    X X\nX XX  XX X\nX   TT   X\nXT   e   X\nXXXXXXXXXX\n", "Health: 8 X: 3 Y: 11\nXXXXXXXXXX\nXXXT     X\nXXXXXXXX X\nX     \u221e  X\nX XX XXXXX\nX XX XXXXX\nX \u221eX XT tX\nX XX XTX X\nX XX XTX X\nX \u221eX XTX X\nX XX XXX X\nXm Ho  P X\nX XXXXXX X\nX X RR XTX\nX X    X X\nX XX  XX X\nX   TT   X\nXT   e   X\nXXXXXXXXXX\n", "Health: 4 X: 3 Y: 11\nXXXXXXXXXX\nXXXT     X\nXXXXXXXX X\nX     \u221e  X\nX XX XXXXX\nX XX XXXXX\nX \u221eX XT tX\nX XX XTX X\nX XX XTX X\nX \u221eX XTX X\nX XX XXX X\nXm H\u221e  P X\nX XXXXXX X\nX X RR XTX\nX X    X X\nX XX  XX X\nX   TT   X\nXT   e   X\nXXXXXXXXXX\n", "Health: 4 X: 4 Y: 11\nXXXXXXXXXX\nXXXT     X\nXXXXXXXX X\nX     \u221e  X\nX XX XXXXX\nX XX XXXXX\nX \u221eX XT tX\nX XX XTX X\nX XX XTX X\nX \u221eX XTX X\nX XX XXX X\nXm  \u221e  P X\nX XXXXXX X\nX X RR XTX\nX X    X X\nX XX  XX X\nX   TT   X\nXT   e   X\nXXXXXXXXXX\n", "Health: 4 X: 5 Y: 11\nXXXXXXXXXX\nXXXT     X\nXXXXXXXX X\nX     \u221e  X\nX XX XXXXX\nX XX XXXXX\nX \u221eX XT tX\nX XX XTX X\nX XX XTX X\nX \u221eX XTX X\nX XX XXX X\nX   \u221eH P X\nX XXXXXX X\nX X RR XTX\nX X    X X\nX XX  XX X\nX   TT   X\nXT   e   X\nXXXXXXXXXX\n", "Health: 4 X: 6 Y: 11\nXXXXXXXXXX\nXXXT     X\nXXXXXXXX X\nX     \u221e  X\nX XX XXXXX\nX XX XXXXX\nX \u221eX XT tX\nX XX XTX X\nX XX XTX X\nX \u221eX XTX X\nX XX XXX X\nX  m\u221e HP X\nX XXXXXX X\nX X RR XTX\nX X    X X\nX XX  XX X\nX   TT   X\nXT   e   X\nXXXXXXXXXX\n", "Health: 6 X: 7 Y: 11\nXXXXXXXXXX\nXXXT     X\nXXXXXXXX X\nX     \u221e  X\nX XX XXXXX\nX XX XXXXX\nX \u221eX XT tX\nX XX XTX X\nX XX XTX X\nX \u221eX XTX X\nX XX XXX X\nX   \u221e    X\nX XXXXXX X\nX X RR XTX\nX X    X X\nX XX  XX X\nX   TT   X\nXT   e   X\nXXXXXXXXXX\n", "Health: 6 X: 8 Y: 11\nXXXXXXXXXX\nXXXT     X\nXXXXXXXX X\nX     \u221e  X\nX XX XXXXX\nX XX XXXXX\nX \u221eX XT tX\nX XX XTX X\nX XX XTX X\nX \u221eX XTX X\nX XX XXX X\nX   \u221em  HX\nX XXXXXX X\nX X RR XTX\nX X    X X\nX XX  XX X\nX   TT   X\nXT   e   X\nXXXXXXXXXX\n", "Health: 6 X: 8 Y: 10\nXXXXXXXXXX\nXXXT     X\nXXXXXXXX X\nX     \u221e  X\nX XX XXXXX\nX XX XXXXX\nX \u221eX XT tX\nX XX XTX X\nX XX XTX X\nX \u221eX XTX X\nX XX XXXHX\nX   \u221e m  X\nX XXXXXX X\nX X RR XTX\nX X    X X\nX XX  XX X\nX   TT   X\nXT   e   X\nXXXXXXXXXX\n", "Health: 6 X: 8 Y: 9\nXXXXXXXXXX\nXXXT     X\nXXXXXXXX X\nX     \u221e  X\nX XX XXXXX\nX XX XXXXX\nX \u221eX XT tX\nX XX XTX X\nX XX XTX X\nX \u221eX XTXHX\nX XX XXX X\nX   \u221e    X\nX XXXXXX X\nX X RR XTX\nX X    X X\nX XX  XX X\nX   TT   X\nXT   e   X\nXXXXXXXXXX\n", "Health: 6 X: 8 Y: 8\nXXXXXXXXXX\nXXXT     X\nXXXXXXXX X\nX     \u221e  X\nX XX XXXXX\nX XX XXXXX\nX \u221eX XT tX\nX XX XTX X\nX XX XTXHX\nX \u221eX XTX X\nX XX XXX X\nX   \u221e   mX\nX XXXXXX X\nX X RR XTX\nX X    X X\nX XX  XX X\nX   TT   X\nXT   e   X\nXXXXXXXXXX\n", "Health: 6 X: 8 Y: 7\nXXXXXXXXXX\nXXXT     X\nXXXXXXXX X\nX     \u221e  X\nX XX XXXXX\nX XX XXXXX\nX \u221eX XT tX\nX XX XTXHX\nX XX XTX X\nX \u221eX XTX X\nX XX XXXmX\nX   \u221e    X\nX XXXXXX X\nX X RR XTX\nX X    X X\nX XX  XX X\nX   TT   X\nXT   e   X\nXXXXXXXXXX\n", "Health: 5 X: 8 Y: 6\nXXXXXXXXXX\nXXXT     X\nXXXXXXXX X\nX     \u221e  X\nX XX XXXXX\nX XX XXXXX\nX \u221eX XT tX\nX XX XTX X\nX XX XTX X\nX \u221eX XTXmX\nX XX XXX X\nX   \u221e    X\nX XXXXXX X\nX X RR XTX\nX X    X X\nX XX  XX X\nX   TT   X\nXT   e   X\nXXXXXXXXXX\n", "Health: 5 X: 7 Y: 6\nXXXXXXXXXX\nXXXT     X\nXXXXXXXX X\nX     \u221e  X\nX XX XXXXX\nX XX XXXXX\nX \u221eX XTHtX\nX XX XTX X\nX XX XTXmX\nX \u221eX XTX X\nX XX XXX X\nX   \u221e    X\nX XXXXXX X\nX X RR XTX\nX X    X X\nX XX  XX X\nX   TT   X\nXT   e   X\nXXXXXXXXXX\n", "Health: 5 X: 6 Y: 6\nXXXXXXXXXX\nXXXT     X\nXXXXXXXX X\nX     \u221e  X\nX XX XXXXX\nX XX XXXXX\nX \u221eX X  tX\nX XX XTXmX\nX XX XTX X\nX \u221eX XTX X\nX XX XXX X\nX   \u221e    X\nX XXXXXX X\nX X RR XTX\nX X    X X\nX XX  XX X\nX   TT   X\nXT   e   X\nXXXXXXXXXX\n", "Health: 5 X: 6 Y: 7\nXXXXXXXXXX\nXXXT     X\nXXXXXXXX X\nX     \u221e  X\nX XX XXXXX\nX XX XXXXX\nX \u221eX X  tX\nX XX X X X\nX XX XTX X\nX \u221eX XTX X\nX XX XXX X\nX   \u221e    X\nX XXXXXX X\nX X RR XTX\nX X    X X\nX XX  XX X\nX   TT   X\nXT   e   X\nXXXXXXXXXX\n", "Health: 5 X: 6 Y: 8\nXXXXXXXXXX\nXXXT     X\nXXXXXXXX X\nX     \u221e  X\nX XX XXXXX\nX XX XXXXX\nX \u221eX X  tX\nX XX X X X\nX XX X X X\nX \u221eX XTX X\nX XX XXX X\nX   \u221e    X\nX XXXXXX X\nX X RR XTX\nX X    X X\nX XX  XX X\nX   TT   X\nXT   e   X\nXXXXXXXXXX\n", "Health: 5 X: 6 Y: 9\nXXXXXXXXXX\nXXXT     X\nXXXXXXXX X\nX     \u221e  X\nX XX XXXXX\nX XX XXXXX\nX \u221eX X  tX\nX XX X X X\nX XX X X X\nX \u221eX X X X\nX XX XXX X\nX   \u221e    X\nX XXXXXX X\nX X RR XTX\nX X    X X\nX XX  XX X\nX   TT   X\nXT   e   X\nXXXXXXXXXX\n", "Health: 5 X: 6 Y: 8\nXXXXXXXXXX\nXXXT     X\nXXXXXXXX X\nX     \u221e  X\nX XX XXXXX\nX XX XXXXX\nX \u221eX X  tX\nX XX X X X\nX XX X X X\nX \u221eX X X X\nX XX XXX X\nX   \u221e    X\nX XXXXXX X\nX X RR XTX\nX X    X X\nX XX  XX X\nX   TT   X\nXT   e   X\nXXXXXXXXXX\n", "Health: 5 X: 6 Y: 7\nXXXXXXXXXX\nXXXT     X\nXXXXXXXX X\nX     \u221e  X\nX XX XXXXX\nX XX XXXXX\nX \u221eX X  tX\nX XX X X X\nX XX X X X\nX \u221eX X X X\nX XX XXX X\nX   \u221e    X\nX XXXXXX X\nX X RR XTX\nX X    X X\nX XX  XX X\nX   TT   X\nXT   e   X\nXXXXXXXXXX\n", "Health: 5 X: 6 Y: 6\nXXXXXXXXXX\nXXXT     X\nXXXXXXXX X\nX     \u221e  X\nX XX XXXXX\nX XX XXXXX\nX \u221eX X  tX\nX XX X X X\nX XX X X X\nX \u221eX X X X\nX XX XXX X\nX   \u221e    X\nX XXXXXX X\nX X RR XTX\nX X    X X\nX XX  XX X\nX   TT   X\nXT   e   X\nXXXXXXXXXX\n", "Health: 4 X: 7 Y: 6\nXXXXXXXXXX\nXXXT     X\nXXXXXXXX X\nX     \u221e  X\nX XX XXXXX\nX XX XXXXX\nX \u221eX X HtX\nX XX X X X\nX XX X X X\nX \u221eX X X X\nX XX XXX X\nX   \u221e    X\nX XXXXXX X\nX X RR XTX\nX X    X X\nX XX  XX X\nX   TT   X\nXT   e   X\nXXXXXXXXXX\n", "Health: 3 X: 8 Y: 6\nXXXXXXXXXX\nXXXT     X\nXXXXXXXX X\nX     \u221e  X\nX XX XXXXX\nX XX XXXXX\nX \u221eX X  tX\nX XX X X X\nX XX X X X\nX \u221eX X X X\nX XX XXX X\nX   \u221e    X\nX XXXXXX X\nX X RR XTX\nX X    X X\nX XX  XX X\nX   TT   X\nXT   e   X\nXXXXXXXXXX\n", "Health: 3 X: 8 Y: 7\nXXXXXXXXXX\nXXXT     X\nXXXXXXXX X\nX     \u221e  X\nX XX XXXXX\nX XX XXXXX\nX \u221eX X  tX\nX XX X XHX\nX XX X X X\nX \u221eX X X X\nX XX XXX X\nX   \u221e    X\nX XXXXXX X\nX X RR XTX\nX X    X X\nX XX  XX X\nX   TT   X\nXT   e   X\nXXXXXXXXXX\n", "Health: 3 X: 8 Y: 8\nXXXXXXXXXX\nXXXT     X\nXXXXXXXX X\nX     \u221e  X\nX XX XXXXX\nX XX XXXXX\nX \u221eX X  tX\nX XX X X X\nX XX X XHX\nX \u221eX X X X\nX XX XXX X\nX   \u221e    X\nX XXXXXX X\nX X RR XTX\nX X    X X\nX XX  XX X\nX   TT   X\nXT   e   X\nXXXXXXXXXX\n", "Health: 3 X: 8 Y: 9\nXXXXXXXXXX\nXXXT     X\nXXXXXXXX X\nX     \u221e  X\nX XX XXXXX\nX XX XXXXX\nX \u221eX X  tX\nX XX X X X\nX XX X X X\nX \u221eX X XHX\nX XX XXX X\nX   \u221e    X\nX XXXXXX X\nX X RR XTX\nX X    X X\nX XX  XX X\nX   TT   X\nXT   e   X\nXXXXXXXXXX\n", "Health: 3 X: 8 Y: 10\nXXXXXXXXXX\nXXXT     X\nXXXXXXXX X\nX     \u221e  X\nX XX XXXXX\nX XX XXXXX\nX \u221eX X  tX\nX XX X X X\nX XX X X X\nX \u221eX X X X\nX XX XXXHX\nX   \u221e    X\nX XXXXXX X\nX X RR XTX\nX X    X X\nX XX  XX X\nX   TT   X\nXT   e   X\nXXXXXXXXXX\n", "Health: 3 X: 8 Y: 11\nXXXXXXXXXX\nXXXT     X\nXXXXXXXX X\nX     \u221e  X\nX XX XXXXX\nX XX XXXXX\nX \u221eX X  tX\nX XX X XmX\nX XX X X X\nX \u221eX X X X\nX XX XXX X\nX   \u221e   HX\nX XXXXXX X\nX X RR XTX\nX X    X X\nX XX  XX X\nX   TT   X\nXT   e   X\nXXXXXXXXXX\n", "Health: 3 X: 8 Y: 12\nXXXXXXXXXX\nXXXT     X\nXXXXXXXX X\nX     \u221e  X\nX XX XXXXX\nX XX XXXXX\nX \u221eX X  tX\nX XX X X X\nX XX X XmX\nX \u221eX X X X\nX XX XXX X\nX   \u221e    X\nX XXXXXXHX\nX X RR XTX\nX X    X X\nX XX  XX X\nX   TT   X\nXT   e   X\nXXXXXXXXXX\n", "Health: 3 X: 8 Y: 13\nXXXXXXXXXX\nXXXT     X\nXXXXXXXX X\nX     \u221e  X\nX XX XXXXX\nX XX XXXXX\nX \u221eX X  tX\nX XX X X X\nX XX X X X\nX \u221eX X XmX\nX XX XXX X\nX   \u221e    X\nX XXXXXX X\nX X RR X X\nX X    X X\nX XX  XX X\nX   TT   X\nXT   e   X\nXXXXXXXXXX\n", "Health: 3 X: 8 Y: 14\nXXXXXXXXXX\nXXXT     X\nXXXXXXXX X\nX     \u221e  X\nX XX XXXXX\nX XX XXXXX\nX \u221eX X  tX\nX XX X X X\nX XX X X X\nX \u221eX X X X\nX XX XXXmX\nX   \u221e    X\nX XXXXXX X\nX X RR X X\nX X    XHX\nX XX  XX X\nX   TT   X\nXT   e   X\nXXXXXXXXXX\n", "Health: 3 X: 8 Y: 15\nXXXXXXXXXX\nXXXT     X\nXXXXXXXX X\nX     \u221e  X\nX XX XXXXX\nX XX XXXXX\nX \u221eX X  tX\nX XX X X X\nX XX X X X\nX \u221eX X X X\nX XX XXX X\nX   \u221e   mX\nX XXXXXX X\nX X RR X X\nX X    X X\nX XX  XXHX\nX   TT   X\nXT   e   X\nXXXXXXXXXX\n", "Health: 3 X: 8 Y: 16\nXXXXXXXXXX\nXXXT     X\nXXXXXXXX X\nX     \u221e  X\nX XX XXXXX\nX XX XXXXX\nX \u221eX X  tX\nX XX X X X\nX XX X X X\nX \u221eX X X X\nX XX XXX X\nX   \u221e    X\nX XXXXXXmX\nX X RR X X\nX X    X X\nX XX  XX X\nX   TT  HX\nXT   e   X\nXXXXXXXXXX\n", "Health: 3 X: 7 Y: 16\nXXXXXXXXXX\nXXXT     X\nXXXXXXXX X\nX     \u221e  X\nX XX XXXXX\nX XX XXXXX\nX \u221eX X  tX\nX XX X X X\nX XX X X X\nX \u221eX X X X\nX XX XXX X\nX   \u221e    X\nX XXXXXX X\nX X RR X X\nX X    X X\nX XX  XX X\nX   TT H X\nXT   e   X\nXXXXXXXXXX\n", "Health: 3 X: 7 Y: 17\nXXXXXXXXXX\nXXXT     X\nXXXXXXXX X\nX     \u221e  X\nX XX XXXXX\nX XX XXXXX\nX \u221eX X  tX\nX XX X X X\nX XX X X X\nX \u221eX X X X\nX XX XXX X\nX   \u221e    X\nX XXXXXX X\nX X RR X X\nX X    XmX\nX XX  XX X\nX   TT   X\nXT   e H X\nXXXXXXXXXX\n", "Health: 3 X: 6 Y: 17\nXXXXXXXXXX\nXXXT     X\nXXXXXXXX X\nX     \u221e  X\nX XX XXXXX\nX XX XXXXX\nX \u221eX X  tX\nX XX X X X\nX XX X X X\nX \u221eX X X X\nX XX XXX X\nX   \u221e    X\nX XXXXXX X\nX X RR X X\nX X    X X\nX XX  XXmX\nX   TT   X\nXT   eH  X\nXXXXXXXXXX\n", "Health: 3 X: 6 Y: 16\nXXXXXXXXXX\nXXXT     X\nXXXXXXXX X\nX     \u221e  X\nX XX XXXXX\nX XX XXXXX\nX \u221eX X  tX\nX XX X X X\nX XX X X X\nX \u221eX X X X\nX XX XXX X\nX   \u221e    X\nX XXXXXX X\nX X RR X X\nX X    X X\nX XX  XX X\nX   TTH mX\nXT   e   X\nXXXXXXXXXX\n", "Health: 2 X: 5 Y: 16\nXXXXXXXXXX\nXXXT     X\nXXXXXXXX X\nX     \u221e  X\nX XX XXXXX\nX XX XXXXX\nX \u221eX X  tX\nX XX X X X\nX XX X X X\nX \u221eX X X X\nX XX XXX X\nX   \u221e    X\nX XXXXXX X\nX X RR X X\nX X    X X\nX XX  XX X\nX   T  m X\nXT   e   X\nXXXXXXXXXX\n", "Health: 1 X: 4 Y: 16\nXXXXXXXXXX\nXXXT     X\nXXXXXXXX X\nX     \u221e  X\nX XX XXXXX\nX XX XXXXX\nX \u221eX X  tX\nX XX X X X\nX XX X X X\nX \u221eX X X X\nX XX XXX X\nX   \u221e    X\nX XXXXXX X\nX X RR X X\nX X    X X\nX XX  XX X\nX     m  X\nXT   e   X\nXXXXXXXXXX\n", "Health: 1 X: 4 Y: 17\nXXXXXXXXXX\nXXXT     X\nXXXXXXXX X\nX     \u221e  X\nX XX XXXXX\nX XX XXXXX\nX \u221eX X  tX\nX XX X X X\nX XX X X X\nX \u221eX X X X\nX XX XXX X\nX   \u221e    X\nX XXXXXX X\nX X R  X X\nX X R  X X\nX XX  XX X\nX        X\nXT  He   X\nXXXXXXXXXX\n", "Health: 0 X: 5 Y: 17\nXXXXXXXXXX\nXXXT     X\nXXXXXXXX X\nX     \u221e  X\nX XX XXXXX\nX XX XXXXX\nX \u221eX X  tX\nX XX X X X\nX XX X X X\nX \u221eX X X X\nX XX XXX X\nX   \u221e    X\nX XXXXXX X\nX X  R X X\nX X  R X X\nX XX  XX X\nX        X\nXT   e   X\nXXXXXXXXXX\n"], "map_number": 201}, {"mechanics": [{"timestep": 0, "mechanic": "JavelinThrow"}, {"timestep": 2, "mechanic": "OgreTreasure"}, {"timestep": 3, "mechanic": "CollectPotion"}, {"timestep": 3, "mechanic": "OgreTreasure"}, {"timestep": 11, "mechanic": "ReachStairs"}], "frequencies": {}, "levelReport": {"utilityGained": 0.0, "exitUtility": 0.0, "runnerUtility": 0.3529411764705882, "loitererUtility": 0.0, "completionistUtility": 0.10588235294117646, "monsterKillerUtility": 0.10588235294117646, "treasureCollectorUtility": 0.10588235294117646, "turnsTaken": 0, "health": 10, "healthLost": 0, "alive": true, "javelinsThrown": 0, "monsterKills": 0, "minitaurKnockouts": 0, "treasuresCollected": 0, "potionsTaken": 0, "totalMonsters": 6, "totalTreasures": 9, "totalPotions": 2, "timeTaken": 0.0}, "positions": [{"X": 6, "Y": 11}, {"X": 6, "Y": 12}, {"X": 6, "Y": 13}, {"X": 5, "Y": 13}, {"X": 5, "Y": 13}, {"X": 4, "Y": 13}, {"X": 3, "Y": 13}, {"X": 3, "Y": 12}, {"X": 3, "Y": 13}, {"X": 3, "Y": 13}, {"X": 2, "Y": 13}, {"X": 2, "Y": 12}, {"X": 2, "Y": 11}, {"X": 1, "Y": 11}, {"X": 1, "Y": 10}, {"X": 1, "Y": 9}, {"X": 1, "Y": 8}, {"X": 1, "Y": 7}, {"X": 1, "Y": 6}, {"X": 2, "Y": 6}, {"X": 3, "Y": 6}, {"X": 4, "Y": 6}, {"X": 5, "Y": 6}, {"X": 6, "Y": 6}, {"X": 7, "Y": 6}, {"X": 8, "Y": 6}, {"X": 7, "Y": 6}, {"X": 7, "Y": 5}, {"X": 7, "Y": 4}, {"X": 7, "Y": 3}, {"X": 7, "Y": 2}, {"X": 7, "Y": 1}, {"X": 8, "Y": 1}, {"X": 7, "Y": 1}, {"X": 7, "Y": 2}, {"X": 7, "Y": 3}, {"X": 7, "Y": 4}, {"X": 7, "Y": 5}, {"X": 7, "Y": 6}, {"X": 6, "Y": 6}, {"X": 5, "Y": 6}, {"X": 5, "Y": 7}, {"X": 5, "Y": 8}, {"X": 5, "Y": 9}, {"X": 5, "Y": 10}, {"X": 5, "Y": 11}, {"X": 5, "Y": 12}, {"X": 5, "Y": 13}, {"X": 5, "Y": 14}, {"X": 5, "Y": 15}, {"X": 5, "Y": 16}, {"X": 5, "Y": 17}, {"X": 6, "Y": 17}, {"X": 7, "Y": 17}, {"X": 8, "Y": 17}, {"X": 7, "Y": 17}, {"X": 7, "Y": 18}, {"X": 6, "Y": 18}, {"X": 5, "Y": 18}, {"X": 5, "Y": 18}], "levelStates": ["Health: 10 X: 6 Y: 11\nXXXXXXXXXX\nXMX e X TX\nX        X\nX   X   XX\nX   T    X\nXX  XX   X\nX P     bX\nX X X  X X\nXT     o X\nX        X\nX  X   XPX\nX     H  X\nXX      XX\nX        X\nXb      bX\nX X T  X X\nXP   m  PX\nX        X\nXT TXT TXX\nXXXXXXXXXX\n", "Health: 10 X: 6 Y: 12\nXXXXXXXXXX\nXMX e X TX\nX        X\nX   X   XX\nX   T    X\nXX  XX   X\nX P      X\nX X X  XbX\nXT    o  X\nX        X\nX  X   XPX\nX        X\nXX    H XX\nX        X\nX        X\nXbX Tm XbX\nXP      PX\nX        X\nXT TXT TXX\nXXXXXXXXXX\n", "Health: 10 X: 6 Y: 13\nXXXXXXXXXX\nXMX e X TX\nX        X\nX   X   XX\nX   T    X\nXX  XX   X\nX P      X\nX X X  X X\nXT      bX\nX     o  X\nX  X   XPX\nX        X\nXX      XX\nX     H  X\nX    m   X\nX X T  X X\nX        X\nX        X\nXT TXT TXX\nXXXXXXXXXX\n", "Health: 9 X: 5 Y: 13\nXXXXXXXXXX\nX X e X TX\nXM       X\nX   X   XX\nX   T    X\nXX  XX   X\nX P      X\nX X X  X X\nXT       X\nX    o  bX\nX  X   XPX\nX        X\nXX      XX\nX    H   X\nX    m   X\nX X T  X X\nX        X\nX        X\nXT TXT TXX\nXXXXXXXXXX\n", "Health: 9 X: 5 Y: 13\nXXXXXXXXXX\nX X e X TX\nX\u221e       X\nX   X   XX\nX   T    X\nXX  XX   X\nX P      X\nX X X  X X\nXT       X\nX        X\nX  X o X X\nX        X\nXX      XX\nX    H   X\nX    m   X\nX X T  X X\nX        X\nX        X\nXT TXT TXX\nXXXXXXXXXX\n", "Health: 9 X: 4 Y: 13\nXXXXXXXXXX\nX X e X TX\nX\u221e       X\nX   X   XX\nX   T    X\nXX  XX   X\nX P      X\nX X X  X X\nXT       X\nX        X\nX  Xo  X X\nX        X\nXX      XX\nX   H    X\nX    m   X\nX X T  X X\nX        X\nX        X\nXT TXT TXX\nXXXXXXXXXX\n", "Health: 9 X: 3 Y: 13\nXXXXXXXXXX\nX X e X TX\nX\u221e       X\nX   X   XX\nX   T    X\nXX  XX   X\nX P      X\nX X X  X X\nXT       X\nX        X\nX  X   X X\nX   o    X\nXX      XX\nX  H     X\nX    m   X\nX X T  X X\nX        X\nX        X\nXT TXT TXX\nXXXXXXXXXX\n", "Health: 9 X: 3 Y: 12\nXXXXXXXXXX\nX X e X TX\nX\u221e       X\nX   X   XX\nX   T    X\nXX  XX   X\nX P      X\nX X X  X X\nXT       X\nX        X\nX  X   X X\nX  o     X\nXX H    XX\nX        X\nX    m   X\nX X T  X X\nX        X\nX        X\nXT TXT TXX\nXXXXXXXXXX\n", "Health: 9 X: 3 Y: 13\nXXXXXXXXXX\nX X e X TX\nX\u221e       X\nX   X   XX\nX   T    X\nXX  XX   X\nX P      X\nX X X  X X\nXT       X\nX        X\nX  X   X X\nX        X\nXX o    XX\nX  H     X\nX    m   X\nX X T  X X\nX        X\nX        X\nXT TXT TXX\nXXXXXXXXXX\n", "Health: 5 X: 3 Y: 13\nXXXXXXXXXX\nX X e X TX\nX\u221e       X\nX   X   XX\nX   T    X\nXX  XX   X\nX P      X\nX X X  X X\nXT       X\nX        X\nX  X   X X\nX        X\nXX \u221e    XX\nX  H m   X\nX        X\nX X T  X X\nX        X\nX        X\nXT TXT TXX\nXXXXXXXXXX\n", "Health: 5 X: 2 Y: 13\nXXXXXXXXXX\nX X e X TX\nX\u221e       X\nX   X   XX\nX   T    X\nXX  XX   X\nX P      X\nX X X  X X\nXT       X\nX        X\nX  X   X X\nX        X\nXX \u221e    XX\nX H m    X\nX        X\nXbX T  X X\nX        X\nX        X\nXT TXT TXX\nXXXXXXXXXX\n", "Health: 5 X: 2 Y: 12\nXXXXXXXXXX\nX X e X TX\nX\u221e       X\nX   X   XX\nX   T    X\nXX  XX   X\nX P      X\nX X X  X X\nXT       X\nX        X\nX  X   X X\nX        X\nXXH\u221em   XX\nX        X\nXb       X\nX X T  X X\nX        X\nX        X\nXT TXT TXX\nXXXXXXXXXX\n", "Health: 5 X: 2 Y: 11\nXXXXXXXXXX\nX X e X TX\nX\u221e       X\nX   X   XX\nX   T    X\nXX  XX   X\nX P      X\nX X X  X X\nXT       X\nX        X\nX  X   X X\nX H m    X\nXX \u221e    XX\nX        X\nXb       X\nX X T  X X\nX        X\nX        X\nXT TXT TXX\nXXXXXXXXXX\n", "Health: 5 X: 1 Y: 11\nXXXXXXXXXX\nX X e X TX\nX\u221e       X\nX   X   XX\nX   T    X\nXX  XX   X\nX P      X\nX X X  X X\nXT       X\nX        X\nX  X   X X\nXH m     X\nXX \u221e    XX\nX        X\nXb       X\nX X T  X X\nX        X\nX        X\nXT TXT TXX\nXXXXXXXXXX\n", "Health: 5 X: 1 Y: 10\nXXXXXXXXXX\nX X e X TX\nX\u221e       X\nX   X   XX\nX   T    X\nXX  XX   X\nX P      X\nX X X  X X\nXT       X\nX        X\nXH X   X X\nX m      X\nXX \u221e    XX\nX        X\nXb       X\nX X T  X X\nX        X\nX        X\nXT TXT TXX\nXXXXXXXXXX\n", "Health: 5 X: 1 Y: 9\nXXXXXXXXXX\nX X e X TX\nX\u221e       X\nX   X   XX\nX   T    X\nXX  XX   X\nX P      X\nX X X  X X\nXT       X\nXH       X\nX mX   X X\nX        X\nXX \u221e    XX\nX        X\nXb       X\nX X T  X X\nX        X\nX        X\nXT TXT TXX\nXXXXXXXXXX\n", "Health: 5 X: 1 Y: 8\nXXXXXXXXXX\nX X e X TX\nX\u221e       X\nX   X   XX\nX   T    X\nXX  XX   X\nX P      X\nX X X  X X\nX        X\nX m      X\nX  X   X X\nX        X\nXX \u221e    XX\nX        X\nXb       X\nX X T  X X\nX        X\nX        X\nXT TXT TXX\nXXXXXXXXXX\n", "Health: 5 X: 1 Y: 7\nXXXXXXXXXX\nX X e X TX\nX\u221e       X\nX   X   XX\nX   T    X\nXX  XX   X\nX P      X\nXHX X  X X\nX m      X\nX        X\nX  X   X X\nX        X\nXX \u221e    XX\nX        X\nXb       X\nX X T  X X\nX        X\nX        X\nXT TXT TXX\nXXXXXXXXXX\n", "Health: 5 X: 1 Y: 6\nXXXXXXXXXX\nX X e X TX\nX\u221e       X\nX   X   XX\nX   T    X\nXX  XX   X\nXHP      X\nX X X  X X\nXm       X\nX        X\nX  X   X X\nX        X\nXX \u221e    XX\nX        X\nXb       X\nX X T  X X\nX        X\nX        X\nXT TXT TXX\nXXXXXXXXXX\n", "Health: 7 X: 2 Y: 6\nXXXXXXXXXX\nX X e X TX\nX\u221e       X\nX   X   XX\nX   T    X\nXX  XX   X\nX        X\nXmX X  X X\nX        X\nX        X\nX  X   X X\nX        X\nXX \u221e    XX\nX        X\nXb       X\nX X T  X X\nX        X\nX        X\nXT TXT TXX\nXXXXXXXXXX\n", "Health: 7 X: 3 Y: 6\nXXXXXXXXXX\nX X e X TX\nX\u221e       X\nX   X   XX\nX   T    X\nXX  XX   X\nXm H     X\nX X X  X X\nX        X\nX        X\nX  X   X X\nX        X\nXX \u221e    XX\nX        X\nXb       X\nX X T  X X\nX        X\nX        X\nXT TXT TXX\nXXXXXXXXXX\n", "Health: 7 X: 4 Y: 6\nXXXXXXXXXX\nX X e X TX\nX\u221e       X\nX   X   XX\nX   T    X\nXX  XX   X\nX m H    X\nX X X  X X\nX        X\nX       bX\nX  X   X X\nX        X\nXX \u221e    XX\nX        X\nXb       X\nX X T  X X\nX        X\nX        X\nXT TXT TXX\nXXXXXXXXXX\n", "Health: 7 X: 5 Y: 6\nXXXXXXXXXX\nX X e X TX\nX\u221e       X\nX   X   XX\nX   T    X\nXX  XX   X\nX  m H   X\nX X X  X X\nX        X\nX       bX\nX  X   X X\nX        X\nXX \u221e    XX\nX        X\nXb       X\nX X T  XbX\nX        X\nX        X\nXT TXT TXX\nXXXXXXXXXX\n", "Health: 7 X: 6 Y: 6\nXXXXXXXXXX\nX X e X TX\nX\u221e       X\nX   X   XX\nX   T    X\nXX  XX   X\nX   m H  X\nX X X  X X\nX        X\nX       bX\nX  X   X X\nX        X\nXX \u221e    XX\nX        X\nXb       X\nX X T  XbX\nX        X\nX        X\nXT TXT TXX\nXXXXXXXXXX\n", "Health: 7 X: 7 Y: 6\nXXXXXXXXXX\nX X e X TX\nX\u221e       X\nX   X   XX\nX   T    X\nXX  XX   X\nX    m H X\nX X X  X X\nX        X\nX       bX\nX  X   X X\nX        X\nXX \u221e    XX\nX        X\nXb       X\nX X T  XbX\nX        X\nX        X\nXT TXT TXX\nXXXXXXXXXX\n", "Health: 7 X: 8 Y: 6\nXXXXXXXXXX\nX X e X TX\nX\u221e       X\nX   X   XX\nX   T    X\nXX  XX   X\nX     m HX\nX X X  X X\nX       bX\nX        X\nX  X   X X\nX        X\nXX \u221e    XX\nX        X\nXb       X\nX X T  XbX\nX        X\nX        X\nXT TXT TXX\nXXXXXXXXXX\n", "Health: 6 X: 7 Y: 6\nXXXXXXXXXX\nX X e X TX\nX\u221e       X\nX   X   XX\nX   T    X\nXX  XX   X\nX     mH X\nX X X  X X\nX       bX\nX        X\nX  X   X X\nX        X\nXX \u221e    XX\nX        X\nXb       X\nX X T  XbX\nX        X\nX        X\nXT TXT TXX\nXXXXXXXXXX\n", "Health: 6 X: 7 Y: 5\nXXXXXXXXXX\nX X e X TX\nX\u221e       X\nX   X   XX\nX   T    X\nXX  XX H X\nX     m  X\nX X X  XbX\nX        X\nX        X\nX  X   X X\nX        X\nXX \u221e    XX\nX        X\nXb       X\nX X T  XbX\nX        X\nX        X\nXT TXT TXX\nXXXXXXXXXX\n", "Health: 6 X: 7 Y: 4\nXXXXXXXXXX\nX X e X TX\nX\u221e       X\nX   X   XX\nX   T  H X\nXX  XX   X\nX     m bX\nX X X  X X\nX        X\nX        X\nX  X   X X\nX        X\nXX \u221e    XX\nX        X\nXb       X\nX X T  XbX\nX        X\nX        X\nXT TXT TXX\nXXXXXXXXXX\n", "Health: 6 X: 7 Y: 3\nXXXXXXXXXX\nX X e X TX\nX\u221e       X\nX   X  HXX\nX   T    X\nXX  XX  bX\nX     m  X\nX X X  X X\nX        X\nX        X\nX  X   X X\nX        X\nXX \u221e    XX\nX        X\nXb       X\nX X T  XbX\nX        X\nX        X\nXT TXT TXX\nXXXXXXXXXX\n", "Health: 6 X: 7 Y: 2\nXXXXXXXXXX\nX X e X TX\nX\u221e     H X\nX   X   XX\nX   T    X\nXX  XX  bX\nX     m  X\nX X X  X X\nX        X\nX        X\nX  X   X X\nX        X\nXX \u221e    XX\nX        X\nXb       X\nX X T  XbX\nX        X\nX        X\nXT TXT TXX\nXXXXXXXXXX\n", "Health: 6 X: 7 Y: 1\nXXXXXXXXXX\nX X e XHTX\nX\u221e       X\nX   X   XX\nX   T    X\nXX  XX  bX\nX     m  X\nX X X  X X\nX        X\nX        X\nX  X   X X\nX        X\nXX \u221e    XX\nX        X\nXb       X\nX X T  XbX\nX        X\nX        X\nXT TXT TXX\nXXXXXXXXXX\n", "Health: 6 X: 8 Y: 1\nXXXXXXXXXX\nX X e X  X\nX\u221e       X\nX   X   XX\nX   T    X\nXX  XXm bX\nX        X\nX X X  X X\nX        X\nX        X\nX  X   X X\nX        X\nXX \u221e    XX\nX        X\nXb       X\nX X T  XbX\nX        X\nX        X\nXT TXT TXX\nXXXXXXXXXX\n", "Health: 6 X: 7 Y: 1\nXXXXXXXXXX\nX X e XH X\nX\u221e       X\nX   X   XX\nX   T m  X\nXX  XX  bX\nX        X\nX X X  X X\nX        X\nX        X\nX  X   X X\nX        X\nXX \u221e    XX\nX        X\nXb       X\nX X T  XbX\nX        X\nX        X\nXT TXT TXX\nXXXXXXXXXX\n", "Health: 6 X: 7 Y: 2\nXXXXXXXXXX\nX X e X  X\nX\u221e     H X\nX   X m XX\nX   T    X\nXX  XX  bX\nX        X\nX X X  X X\nX        X\nX        X\nX  X   X X\nX        X\nXX \u221e    XX\nX        X\nXb       X\nX X T  XbX\nX        X\nX        X\nXT TXT TXX\nXXXXXXXXXX\n", "Health: 5 X: 7 Y: 3\nXXXXXXXXXX\nX X e X  X\nX\u221e       X\nX   X mHXX\nX   T   bX\nXX  XX   X\nX        X\nX X X  X X\nX        X\nX        X\nX  X   X X\nX        X\nXX \u221e    XX\nX        X\nXb       X\nX X T  XbX\nX        X\nX        X\nXT TXT TXX\nXXXXXXXXXX\n", "Health: 3 X: 7 Y: 4\nXXXXXXXXXX\nX X e X  X\nX\u221e       X\nX   X m XX\nX   T  HbX\nXX  XX   X\nX        X\nX X X  X X\nX        X\nX        X\nX  X   X X\nX        X\nXX \u221e    XX\nX        X\nXb       X\nX X T  XbX\nX        X\nX        X\nXT TXT TXX\nXXXXXXXXXX\n", "Health: 3 X: 7 Y: 5\nXXXXXXXXXX\nX X e X  X\nX\u221e       X\nX   X m XX\nX   T  b X\nXX  XX H X\nX        X\nX X X  X X\nX        X\nX        X\nX  X   X X\nX        X\nXX \u221e    XX\nX        X\nXb       X\nX X T  XbX\nX        X\nX        X\nXT TXT TXX\nXXXXXXXXXX\n", "Health: 3 X: 7 Y: 6\nXXXXXXXXXX\nX X e X  X\nX\u221e       X\nX   X m XX\nX   T    X\nXX  XX b X\nX      H X\nX X X  X X\nX        X\nX        X\nX  X   X X\nX        X\nXX \u221e    XX\nX        X\nXb       X\nX X T  XbX\nX        X\nX        X\nXT TXT TXX\nXXXXXXXXXX\n", "Health: 3 X: 6 Y: 6\nXXXXXXXXXX\nX X e X  X\nX\u221e       X\nX   X m XX\nX   T    X\nXX  XXb  X\nX     H  X\nX X X  X X\nX        X\nX        X\nX  X   X X\nX        X\nXX \u221e    XX\nX        X\nXb       X\nX X T  XbX\nX        X\nX        X\nXT TXT TXX\nXXXXXXXXXX\n", "Health: 3 X: 5 Y: 6\nXXXXXXXXXX\nX X e X  X\nX\u221e       X\nX   X m XX\nX   T    X\nXX  XX   X\nX    Hb  X\nX X X  X X\nX        X\nX        X\nX  X   X X\nX        X\nXX \u221e    XX\nX        X\nXb       X\nX X T  XbX\nX        X\nX        X\nXT TXT TXX\nXXXXXXXXXX\n", "Health: 3 X: 5 Y: 7\nXXXXXXXXXX\nX X e X  X\nX\u221e       X\nX   X   XX\nX   T m  X\nXX  XX   X\nX    b   X\nX X XH X X\nX        X\nX        X\nX  X   X X\nX        X\nXX \u221e    XX\nX        X\nXb      bX\nX X T  X X\nX        X\nX        X\nXT TXT TXX\nXXXXXXXXXX\n", "Health: 3 X: 5 Y: 8\nXXXXXXXXXX\nX X e X  X\nX\u221e       X\nX   X   XX\nX   T    X\nXX  XXm  X\nX        X\nX X Xb X X\nX    H   X\nX        X\nX  X   X X\nX        X\nXX \u221e    XX\nX       bX\nXb       X\nX X T  X X\nX        X\nX        X\nXT TXT TXX\nXXXXXXXXXX\n", "Health: 3 X: 5 Y: 9\nXXXXXXXXXX\nX X e X  X\nX\u221e       X\nX   X   XX\nX   T    X\nXX  XX   X\nX     m  X\nX X X  X X\nX    b   X\nX    H   X\nX  X   X X\nX        X\nXX \u221e    XX\nXb      bX\nX        X\nX X T  X X\nX        X\nX        X\nXT TXT TXX\nXXXXXXXXXX\n", "Health: 3 X: 5 Y: 10\nXXXXXXXXXX\nX X e X  X\nX\u221e       X\nX   X   XX\nX   T    X\nXX  XX   X\nX    m   X\nX X X  X X\nX        X\nX    b   X\nX  X H X X\nX        X\nXX \u221e    XX\nX b     bX\nX        X\nX X T  X X\nX        X\nX        X\nXT TXT TXX\nXXXXXXXXXX\n", "Health: 3 X: 5 Y: 11\nXXXXXXXXXX\nX X e X  X\nX\u221e       X\nX   X   XX\nX   T    X\nXX  XX   X\nX        X\nX X Xm X X\nX        X\nX        X\nX  X b X X\nX    H   X\nXXb\u221e    XX\nX      b X\nX        X\nX X T  X X\nX        X\nX        X\nXT TXT TXX\nXXXXXXXXXX\n", "Health: 3 X: 5 Y: 12\nXXXXXXXXXX\nX X e X  X\nX\u221e       X\nX   X   XX\nX   T    X\nXX  XX   X\nX        X\nX X X  X X\nX    m   X\nX        X\nX  X   X X\nX    b   X\nXX b H bXX\nX        X\nX        X\nX X T  X X\nX        X\nX        X\nXT TXT TXX\nXXXXXXXXXX\n", "Health: 3 X: 5 Y: 13\nXXXXXXXXXX\nX X e X  X\nX\u221e       X\nX   X   XX\nX   T    X\nXX  XX   X\nX        X\nX X X  X X\nX        X\nX    m   X\nX  X   X X\nX        X\nXX \u221ebbb XX\nX    H   X\nX        X\nX X T  X X\nX        X\nX        X\nXT TXT TXX\nXXXXXXXXXX\n", "Health: 3 X: 5 Y: 14\nXXXXXXXXXX\nX X e X  X\nX\u221e       X\nX   X   XX\nX   T    X\nXX  XX   X\nX        X\nX X X  X X\nX        X\nX        X\nX  X m X X\nX        X\nXX \u221e b  XX\nX    b   X\nX    H   X\nX X T  X X\nX        X\nX        X\nXT TXT TXX\nXXXXXXXXXX\n", "Health: 3 X: 5 Y: 15\nXXXXXXXXXX\nX X e X  X\nX\u221e       X\nX   X   XX\nX   T    X\nXX  XX   X\nX        X\nX X X  X X\nX        X\nX        X\nX  X   X X\nX    m   X\nXX \u221e \u221e  XX\nX    b   X\nX    b   X\nX X TH X X\nX        X\nX        X\nXT TXT TXX\nXXXXXXXXXX\n", "Health: 3 X: 5 Y: 16\nXXXXXXXXXX\nX X e X  X\nX\u221e       X\nX   X   XX\nX   T    X\nXX  XX   X\nX        X\nX X X  X X\nX        X\nX        X\nX  X   X X\nX        X\nXX \u221e m  XX\nX        X\nX    b   X\nX X Tb X X\nX    H   X\nX        X\nXT TXT TXX\nXXXXXXXXXX\n", "Health: 3 X: 5 Y: 17\nXXXXXXXXXX\nX X e X  X\nX\u221e       X\nX   X   XX\nX   T    X\nXX  XX   X\nX        X\nX X X  X X\nX        X\nX        X\nX  X   X X\nX        X\nXX \u221e \u221e  XX\nX    m   X\nX        X\nX X Tb X X\nX    b   X\nX    H   X\nXT TXT TXX\nXXXXXXXXXX\n", "Health: 3 X: 6 Y: 17\nXXXXXXXXXX\nX X e X  X\nX\u221e       X\nX   X   XX\nX   T    X\nXX  XX   X\nX        X\nX X X  X X\nX        X\nX        X\nX  X   X X\nX        X\nXX \u221e \u221e  XX\nX     m  X\nX        X\nX X T bX X\nX     b  X\nX     H  X\nXT TXT TXX\nXXXXXXXXXX\n", "Health: 3 X: 7 Y: 17\nXXXXXXXXXX\nX X e X  X\nX\u221e       X\nX   X   XX\nX   T    X\nXX  XX   X\nX        X\nX X X  X X\nX        X\nX        X\nX  X   X X\nX        X\nXX \u221e \u221e  XX\nX        X\nX     m  X\nX X T  X X\nX     bb X\nX      H X\nXT TXT TXX\nXXXXXXXXXX\n", "Health: 3 X: 8 Y: 17\nXXXXXXXXXX\nX X e X  X\nX\u221e       X\nX   X   XX\nX   T    X\nXX  XX   X\nX        X\nX X X  X X\nX        X\nX        X\nX  X   X X\nX        X\nXX \u221e \u221e  XX\nX        X\nX      m X\nX X T  X X\nX      b X\nX       HX\nXT TXT TXX\nXXXXXXXXXX\n", "Health: 3 X: 7 Y: 17\nXXXXXXXXXX\nX X e X  X\nX\u221e       X\nX   X   XX\nX   T    X\nXX  XX   X\nX        X\nX X X  X X\nX        X\nX        X\nX  X   X X\nX        X\nXX \u221e \u221e  XX\nX        X\nX       mX\nX X T  X X\nX      \u221e X\nX      H X\nXT TXT TXX\nXXXXXXXXXX\n", "Health: 3 X: 7 Y: 18\nXXXXXXXXXX\nX X e X  X\nX\u221e       X\nX   X   XX\nX   T    X\nXX  XX   X\nX        X\nX X X  X X\nX        X\nX        X\nX  X   X X\nX        X\nXX \u221e \u221e  XX\nX        X\nX        X\nX X T  XmX\nX      \u221e X\nX      b X\nXT TXT  XX\nXXXXXXXXXX\n", "Health: 3 X: 6 Y: 18\nXXXXXXXXXX\nX X e X  X\nX\u221e       X\nX   X   XX\nX   T    X\nXX  XX   X\nX        X\nX X X  X X\nX        X\nX        X\nX  X   X X\nX        X\nXX \u221e \u221e  XX\nX        X\nX        X\nX X T  X X\nX      \u221emX\nX     b  X\nXT TXTH XX\nXXXXXXXXXX\n", "Health: 3 X: 5 Y: 18\nXXXXXXXXXX\nX X e X  X\nX\u221e       X\nX   X   XX\nX   T    X\nXX  XX   X\nX        X\nX X X  X X\nX        X\nX        X\nX  X   X X\nX        X\nXX \u221e \u221e  XX\nX        X\nX        X\nX X T  X X\nX      m X\nX    b   X\nXT TX   XX\nXXXXXXXXXX\n", "Health: -1 X: 5 Y: 18\nXXXXXXXXXX\nX X e X  X\nX\u221e       X\nX   X   XX\nX   T    X\nXX  XX   X\nX        X\nX X X  X X\nX        X\nX        X\nX  X   X X\nX        X\nXX \u221e \u221e  XX\nX        X\nX        X\nX X T  X X\nX     m\u221e X\nX        X\nXT TX   XX\nXXXXXXXXXX\n"], "map_number": 201}, {"mechanics": [{"timestep": 0, "mechanic": "JavelinThrow"}, {"timestep": 2, "mechanic": "OgreTreasure"}, {"timestep": 3, "mechanic": "CollectPotion"}, {"timestep": 3, "mechanic": "OgreTreasure"}, {"timestep": 11, "mechanic": "ReachStairs"}], "frequencies": {"JavelinThrow": 1, "OgreTreasure": 2, "CollectPotion": 1, "ReachStairs": 1}, "levelReport": {"utilityGained": 0.0, "exitUtility": 1.0, "runnerUtility": 0.88, "loitererUtility": 12.0, "completionistUtility": 0.46333333333333326, "monsterKillerUtility": 0.43999999999999995, "treasureCollectorUtility": 0.3, "turnsTaken": 12, "health": 12, "healthLost": 0, "alive": true, "javelinsThrown": 1, "monsterKills": 1, "minitaurKnockouts": 0, "treasuresCollected": 0, "potionsTaken": 1, "totalMonsters": 6, "totalTreasures": 9, "totalPotions": 2, "timeTaken": 0.0}, "positions": [{"X": 7, "Y": 3}, {"X": 7, "Y": 4}, {"X": 7, "Y": 5}, {"X": 7, "Y": 6}, {"X": 7, "Y": 7}, {"X": 7, "Y": 8}, {"X": 6, "Y": 8}, {"X": 5, "Y": 8}, {"X": 4, "Y": 8}, {"X": 3, "Y": 8}, {"X": 2, "Y": 8}, {"X": 1, "Y": 8}], "levelStates": ["Health: 10 X: 7 Y: 3\nXXXXXXXXXX\nXT TX m  X\nX   XXX  X\nX      H X\nX   XX   X\nXX XXXX XX\nX TTXXPP X\nX   XX   X\nXeo      X\nX   XX \u221e X\nXX XXXX XX\nX   XX   X\nX   XX   X\nX      T X\nX   XX   X\nXX XXXX XX\nX   XX   X\nXb bXXT TX\nX M XXT TX\nXXXXXXXXXX\n", "Health: 10 X: 7 Y: 4\nXXXXXXXXXX\nXT TX  m X\nX   XXX  X\nX        X\nX   XX H X\nXX XXXX XX\nX TTXXPP X\nX o XX   X\nXe       X\nX   XX \u221e X\nXX XXXX XX\nX   XX   X\nX   XX   X\nX      T X\nX   XX   X\nXX XXXX XX\nX   XX   X\nXb bXXT TX\nX M XXT TX\nXXXXXXXXXX\n", "Health: 10 X: 7 Y: 5\nXXXXXXXXXX\nXT TX    X\nX   XXXm X\nX        X\nX   XX   X\nXX XXXXHXX\nX oTXXPP X\nX   XX   X\nXe       X\nX   XX \u221e X\nXX XXXX XX\nX   XX   X\nX   XX   X\nX      T X\nX   XX   X\nXX XXXX XX\nX   XX   X\nXb bXXT TX\nX M XXT TX\nXXXXXXXXXX\n", "Health: 12 X: 7 Y: 6\nXXXXXXXXXX\nXT TX    X\nX   XXX  X\nX      m X\nX   XX   X\nXX XXXX XX\nX  oXXP  X\nX   XX   X\nXe       X\nX   XX \u221e X\nXX XXXX XX\nX   XX   X\nX   XX   X\nX      T X\nX   XX   X\nXX XXXX XX\nX   XX   X\nXb bXXT TX\nX M XXT TX\nXXXXXXXXXX\n", "Health: 12 X: 7 Y: 7\nXXXXXXXXXX\nXT TX    X\nX   XXX  X\nX        X\nX   XX m X\nXX XXXX XX\nX  oXXP  X\nX   XX H X\nXe       X\nX   XX \u221e X\nXX XXXX XX\nX   XX   X\nX   XX   X\nX      T X\nX   XX   X\nXX XXXX XX\nX   XX   X\nXb bXXT TX\nX M XXT TX\nXXXXXXXXXX\n", "Health: 12 X: 7 Y: 8\nXXXXXXXXXX\nXT TX    X\nX   XXX  X\nX        X\nX   XX   X\nXX XXXXmXX\nX  oXXP  X\nX   XX   X\nXe     H X\nX   XX \u221e X\nXX XXXX XX\nX   XX   X\nX   XX   X\nX      T X\nX   XX   X\nXX XXXX XX\nX   XX   X\nXb bXXT TX\nX M XXT TX\nXXXXXXXXXX\n", "Health: 12 X: 6 Y: 8\nXXXXXXXXXX\nXT TX    X\nX   XXX  X\nX        X\nX   XX   X\nXX XXXX XX\nX  oXXP  X\nX   XX   X\nXe    H  X\nX   XX \u221e X\nXX XXXX XX\nX   XX   X\nX   XX   X\nX      T X\nX   XX   X\nXX XXXX XX\nX   XX   X\nXb bXXT TX\nX M XXT TX\nXXXXXXXXXX\n", "Health: 12 X: 5 Y: 8\nXXXXXXXXXX\nXT TX    X\nX   XXX  X\nX        X\nX   XX   X\nXX XXXX XX\nX  oXXP  X\nX   XX   X\nXe   H   X\nX   XX \u221e X\nXX XXXX XX\nX   XX   X\nX   XX   X\nX      T X\nX   XX   X\nXX XXXX XX\nX   XX   X\nXb bXXT TX\nX M XXT TX\nXXXXXXXXXX\n", "Health: 12 X: 4 Y: 8\nXXXXXXXXXX\nXT TX    X\nX   XXX  X\nX        X\nX   XX   X\nXX XXXX XX\nX  oXXP  X\nX   XXm  X\nXe  H    X\nX   XX \u221e X\nXX XXXX XX\nX   XX   X\nX   XX   X\nX      T X\nX   XX   X\nXX XXXX XX\nX   XX   X\nXb bXXT TX\nX M XXT TX\nXXXXXXXXXX\n", "Health: 12 X: 3 Y: 8\nXXXXXXXXXX\nXT TX    X\nX   XXX  X\nX        X\nX   XX   X\nXX XXXX XX\nX   XXP  X\nX  oXX   X\nXe H  m  X\nX   XX \u221e X\nXX XXXX XX\nX   XX   X\nX   XX   X\nX      T X\nX   XX   X\nXX XXXX XX\nX   XX   X\nXb bXXT TX\nX M XXT TX\nXXXXXXXXXX\n", "Health: 12 X: 2 Y: 8\nXXXXXXXXXX\nXT TX    X\nX   XXX  X\nX        X\nX   XX   X\nXX XXXX XX\nX   XXP  X\nX o XX   X\nXeH  m   X\nX   XX \u221e X\nXX XXXX XX\nX   XX   X\nX   XX   X\nX      T X\nX   XX   X\nXX XXXX XX\nX   XX   X\nXbMbXXT TX\nX   XXT TX\nXXXXXXXXXX\n", "Health: 12 X: 1 Y: 8\nXXXXXXXXXX\nXT TX    X\nX   XXX  X\nX        X\nX   XX   X\nXX XXXX XX\nX   XXP  X\nXo  XX   X\nXe  m    X\nX   XX \u221e X\nXX XXXX XX\nX   XX   X\nX   XX   X\nX      T X\nX   XX   X\nXX XXXX XX\nX   XX   X\nXbMbXXT TX\nX   XXT TX\nXXXXXXXXXX\n"], "map_number": 201}], "timestamp": "11-Aug-2021 04:11:46.057549", "ip": "47.184.97.43"}