{"Q1": "Never", "Q2": "Never", "Q3": "Never", "Q4": "Never", "Q5": "Never", "Q6": "Never", "Q7": "Never", "Q8": "Never", "Q9": "Never", "Q10": "Never", "results": [{"mechanics": [{"timestep": 2, "mechanic": "BlobPotion"}, {"timestep": 2, "mechanic": "BlobPotion"}, {"timestep": 4, "mechanic": "BlobPotion"}, {"timestep": 5, "mechanic": "BlobHit"}, {"timestep": 5, "mechanic": "BlobHit"}, {"timestep": 6, "mechanic": "MinitaurHit"}, {"timestep": 7, "mechanic": "JavelinThrow"}, {"timestep": 10, "mechanic": "OgreTreasure"}, {"timestep": 14, "mechanic": "CollectTreasure"}, {"timestep": 16, "mechanic": "CollectTreasure"}, {"timestep": 17, "mechanic": "BlobHit"}, {"timestep": 22, "mechanic": "CollectTreasure"}, {"timestep": 24, "mechanic": "CollectTreasure"}, {"timestep": 25, "mechanic": "OgreHit"}, {"timestep": 26, "mechanic": "MinitaurHit"}, {"timestep": 32, "mechanic": "BlobHit"}, {"timestep": 36, "mechanic": "GoblinMeleeHit"}, {"timestep": 39, "mechanic": "CollectPotion"}, {"timestep": 50, "mechanic": "MinitaurHit"}, {"timestep": 52, "mechanic": "CollectTreasure"}, {"timestep": 55, "mechanic": "MinitaurHit"}, {"timestep": 56, "mechanic": "MinitaurHit"}, {"timestep": 60, "mechanic": "ReachStairs"}], "frequencies": {"BlobPotion": 3, "BlobHit": 4, "MinitaurHit": 5, "JavelinThrow": 1, "OgreTreasure": 1, "CollectTreasure": 5, "OgreHit": 1, "GoblinMeleeHit": 1, "CollectPotion": 1, "ReachStairs": 1}, "levelReport": {"utilityGained": 0.0, "exitUtility": 1.0, "runnerUtility": 0.39, "loitererUtility": 61.0, "completionistUtility": 0.7861111111111111, "monsterKillerUtility": 1.0, "treasureCollectorUtility": 0.8833333333333333, "turnsTaken": 61, "health": 3, "healthLost": 9, "alive": true, "javelinsThrown": 1, "monsterKills": 5, "minitaurKnockouts": 5, "treasuresCollected": 5, "potionsTaken": 1, "totalMonsters": 6, "totalTreasures": 6, "totalPotions": 4, "timeTaken": 0.0}, "positions": [{"X": 5, "Y": 12}, {"X": 5, "Y": 13}, {"X": 6, "Y": 13}, {"X": 7, "Y": 13}, {"X": 8, "Y": 13}, {"X": 8, "Y": 13}, {"X": 7, "Y": 13}, {"X": 7, "Y": 13}, {"X": 7, "Y": 14}, {"X": 6, "Y": 14}, {"X": 6, "Y": 15}, {"X": 6, "Y": 16}, {"X": 6, "Y": 17}, {"X": 7, "Y": 17}, {"X": 7, "Y": 18}, {"X": 6, "Y": 18}, {"X": 5, "Y": 18}, {"X": 5, "Y": 17}, {"X": 5, "Y": 16}, {"X": 4, "Y": 16}, {"X": 3, "Y": 16}, {"X": 3, "Y": 17}, {"X": 3, "Y": 18}, {"X": 2, "Y": 18}, {"X": 1, "Y": 18}, {"X": 1, "Y": 17}, {"X": 1, "Y": 16}, {"X": 1, "Y": 15}, {"X": 1, "Y": 14}, {"X": 2, "Y": 14}, {"X": 2, "Y": 13}, {"X": 2, "Y": 12}, {"X": 2, "Y": 11}, {"X": 1, "Y": 11}, {"X": 1, "Y": 10}, {"X": 1, "Y": 9}, {"X": 1, "Y": 8}, {"X": 1, "Y": 7}, {"X": 1, "Y": 6}, {"X": 2, "Y": 6}, {"X": 3, "Y": 6}, {"X": 4, "Y": 6}, {"X": 5, "Y": 6}, {"X": 6, "Y": 6}, {"X": 7, "Y": 6}, {"X": 7, "Y": 5}, {"X": 7, "Y": 4}, {"X": 7, "Y": 3}, {"X": 7, "Y": 2}, {"X": 8, "Y": 2}, {"X": 7, "Y": 2}, {"X": 8, "Y": 2}, {"X": 8, "Y": 1}, {"X": 8, "Y": 2}, {"X": 7, "Y": 2}, {"X": 6, "Y": 2}, {"X": 5, "Y": 2}, {"X": 4, "Y": 2}, {"X": 3, "Y": 2}, {"X": 3, "Y": 1}, {"X": 4, "Y": 1}], "levelStates": ["Health: 10 X: 5 Y: 12\nXXXXXXXXXX\nX X e X TX\nXM       X\nX   X   XX\nX   T    X\nXX  XX   X\nX P     bX\nX X X  X X\nXT     o X\nX        X\nX  X   XPX\nX        X\nXX   H  XX\nX        X\nXb      bX\nX X T  X X\nXP   m  PX\nX        X\nXT TXT TXX\nXXXXXXXXXX\n", "Health: 10 X: 5 Y: 13\nXXXXXXXXXX\nX X e X TX\nX M      X\nX   X   XX\nX   T    X\nXX  XX   X\nX P      X\nX X X  XbX\nXT    o  X\nX        X\nX  X   XPX\nX        X\nXX      XX\nX    H   X\nX        X\nXbX Tm XbX\nXP      PX\nX        X\nXT TXT TXX\nXXXXXXXXXX\n", "Health: 10 X: 6 Y: 13\nXXXXXXXXXX\nX X e X TX\nX M      X\nX   X   XX\nX   T    X\nXX  XX   X\nX P      X\nX X X  X X\nXT      bX\nX     o  X\nX  X   XPX\nX        X\nXX      XX\nX     H  X\nX    m   X\nX X T  X X\nX        X\nX        X\nXT TXT TXX\nXXXXXXXXXX\n", "Health: 10 X: 7 Y: 13\nXXXXXXXXXX\nX X e X TX\nX M      X\nX   X   XX\nX   T    X\nXX  XX   X\nX P      X\nX X X  X X\nXT       X\nX       bX\nX  X  oXPX\nX        X\nXX      XX\nX    m H X\nX        X\nX X T  XbX\nX        X\nX        X\nXT TXT TXX\nXXXXXXXXXX\n", "Health: 10 X: 8 Y: 13\nXXXXXXXXXX\nX X e X TX\nX M      X\nX   X   XX\nX   T    X\nXX  XX   X\nX P      X\nX X X  X X\nXT       X\nX     o  X\nX  X   X X\nX        X\nXX      XX\nX     m HX\nX       bX\nX X T  X X\nX        X\nX        X\nXT TXT TXX\nXXXXXXXXXX\n", "Health: 8 X: 8 Y: 13\nXXXXXXXXXX\nX X e X TX\nX M      X\nX   X   XX\nX   T    X\nXX  XX   X\nX P      X\nX X X  X X\nXT    o  X\nX        X\nX  X   X X\nX        X\nXX      XX\nX      mHX\nX       \u221eX\nX X T  X X\nX        X\nX        X\nXT TXT TXX\nXXXXXXXXXX\n", "Health: 7 X: 7 Y: 13\nXXXXXXXXXX\nX X e X TX\nX M      X\nX   X   XX\nX   T    X\nXX  XX   X\nX P      X\nX X X  X X\nXT   o   X\nX        X\nX  X   X X\nX        X\nXX      XX\nX      m X\nX       \u221eX\nX X T  X X\nX        X\nX        X\nXT TXT TXX\nXXXXXXXXXX\n", "Health: 7 X: 7 Y: 13\nXXXXXXXXXX\nX X e X TX\nX M      X\nX   X   XX\nX   T    X\nXX  XX   X\nX P      X\nX X X  X X\nXT  o    X\nX        X\nX  X   X X\nX        X\nXX      XX\nX      m X\nX       \u221eX\nX X T  X X\nX        X\nX        X\nXT TXT TXX\nXXXXXXXXXX\n", "Health: 7 X: 7 Y: 14\nXXXXXXXXXX\nX X e X TX\nX M      X\nX   X   XX\nX   T    X\nXX  XX   X\nX P      X\nX X X  X X\nXT o     X\nX        X\nX  X   X X\nX        X\nXX      XX\nX      m X\nX      H\u221eX\nX X T  X X\nX        X\nX        X\nXT TXT TXX\nXXXXXXXXXX\n", "Health: 7 X: 6 Y: 14\nXXXXXXXXXX\nX X e X TX\nX M      X\nX   X   XX\nX   T    X\nXX  XX   X\nX P      X\nX X X  X X\nXTo      X\nX        X\nX  X   X X\nX       bX\nXX      XX\nX      m X\nX     H \u221eX\nX X T  X X\nX        X\nX        X\nXT TXT TXX\nXXXXXXXXXX\n", "Health: 7 X: 6 Y: 15\nXXXXXXXXXX\nX X e X TX\nX M      X\nX   X   XX\nX   T    X\nXX  XX   X\nX P      X\nX X X  X X\nXo       X\nX        X\nX  X   X X\nX       bX\nXX      XX\nX      m X\nX       \u221eX\nX X T HX X\nX b      X\nX        X\nXT TXT TXX\nXXXXXXXXXX\n", "Health: 7 X: 6 Y: 16\nXXXXXXXXXX\nX X e X TX\nX M      X\nX   X   XX\nX   T    X\nXX  XX   X\nX P      X\nX X X  X X\nX o      X\nX        X\nX  X   X X\nX       bX\nXX      XX\nX     m  X\nX       \u221eX\nX X T  X X\nX  b  H  X\nX        X\nXT TXT TXX\nXXXXXXXXXX\n", "Health: 7 X: 6 Y: 17\nXXXXXXXXXX\nX X e X TX\nX  M     X\nX   X   XX\nX   T    X\nXX  XX   X\nX P      X\nX X X  X X\nX        X\nX o      X\nX  X   X X\nX       bX\nXX      XX\nX        X\nX     m \u221eX\nX X T  X X\nX   b    X\nX     H  X\nXT TXT TXX\nXXXXXXXXXX\n", "Health: 7 X: 7 Y: 17\nXXXXXXXXXX\nX X e X TX\nX  M     X\nX   X   XX\nX   T    X\nXX  XX   X\nX P      X\nX X X  X X\nX        X\nX        X\nX oX   X X\nX       bX\nXX      XX\nX        X\nX       \u221eX\nX X T mX X\nX    b   X\nX      H X\nXT TXT TXX\nXXXXXXXXXX\n", "Health: 7 X: 7 Y: 18\nXXXXXXXXXX\nX X e X TX\nX  M     X\nX   X   XX\nX   T    X\nXX  XX   X\nX P      X\nX X X  X X\nX        X\nX        X\nX  X   X X\nX o     bX\nXX      XX\nX        X\nX       \u221eX\nX X T mX X\nX     b  X\nX        X\nXT TXT  XX\nXXXXXXXXXX\n", "Health: 7 X: 6 Y: 18\nXXXXXXXXXX\nX X e X TX\nX  M     X\nX   X   XX\nX   T    X\nXX  XX   X\nX P      X\nX X X  X X\nX        X\nX        X\nX  X   X X\nX       bX\nXXo     XX\nX        X\nX       \u221eX\nX X T mX X\nX        X\nX     b  X\nXT TXTH XX\nXXXXXXXXXX\n", "Health: 7 X: 5 Y: 18\nXXXXXXXXXX\nX X e X TX\nX  M     X\nX   X   XX\nX   T    X\nXX  XX   X\nX P      X\nX X X  X X\nX        X\nX        X\nX  X   X X\nX       bX\nXX o    XX\nX        X\nX       \u221eX\nX X T mX X\nX        X\nX    b   X\nXT TX   XX\nXXXXXXXXXX\n", "Health: 7 X: 5 Y: 17\nXXXXXXXXXX\nX X e X TX\nX  M     X\nX   X   XX\nX   T    X\nXX  XX   X\nX P      X\nX X X  X X\nX        X\nX        X\nX  X   X X\nX       bX\nXX      XX\nX  o     X\nX       \u221eX\nX X T mX X\nX        X\nX    \u221e   X\nXT TX   XX\nXXXXXXXXXX\n", "Health: 7 X: 5 Y: 16\nXXXXXXXXXX\nX X e X TX\nX  M     X\nX   X   XX\nX   T    X\nXX  XX   X\nX P      X\nX X X  X X\nX        X\nX        X\nX  X   X X\nX       bX\nXX      XX\nX   o    X\nX       \u221eX\nX X T mX X\nX    H   X\nX    \u221e   X\nXT TX   XX\nXXXXXXXXXX\n", "Health: 7 X: 4 Y: 16\nXXXXXXXXXX\nX X e X TX\nX        X\nX  MX   XX\nX   T    X\nXX  XX   X\nX P      X\nX X X  X X\nX        X\nX        X\nX  X   X X\nX       bX\nXX      XX\nX        X\nX   o   \u221eX\nX X T mX X\nX   H    X\nX    \u221e   X\nXT TX   XX\nXXXXXXXXXX\n", "Health: 7 X: 3 Y: 16\nXXXXXXXXXX\nX X e X TX\nX        X\nX  MX   XX\nX   T    X\nXX  XX   X\nX P      X\nX X X  X X\nX        X\nX        X\nX  X   X X\nX       bX\nXX      XX\nX        X\nX  o    \u221eX\nX X Tm X X\nX  H     X\nX    \u221e   X\nXT TX   XX\nXXXXXXXXXX\n", "Health: 7 X: 3 Y: 17\nXXXXXXXXXX\nX X e X TX\nX        X\nX  MX   XX\nX   T    X\nXX  XX   X\nX P      X\nX X X  X X\nX        X\nX        X\nX  X   X X\nX       bX\nXX      XX\nX        X\nX       \u221eX\nX Xom  X X\nX        X\nX  H \u221e   X\nXT TX   XX\nXXXXXXXXXX\n", "Health: 7 X: 3 Y: 18\nXXXXXXXXXX\nX X e X TX\nX        X\nX  MX   XX\nX   T    X\nXX  XX   X\nX P      X\nX X X  X X\nX        X\nX        X\nX  X   X X\nX       bX\nXX      XX\nX        X\nX       \u221eX\nX XmT  X X\nX  o     X\nX    \u221e   X\nXT  X   XX\nXXXXXXXXXX\n", "Health: 7 X: 2 Y: 18\nXXXXXXXXXX\nX X e X TX\nX        X\nX  MX   XX\nX   T    X\nXX  XX   X\nX P      X\nX X X  X X\nX        X\nX        X\nX  X   X X\nX       bX\nXX      XX\nX        X\nX       \u221eX\nX X T  X X\nX om     X\nX    \u221e   X\nXTH X   XX\nXXXXXXXXXX\n", "Health: 7 X: 1 Y: 18\nXXXXXXXXXX\nX X e X TX\nX        X\nX  MX   XX\nX   T    X\nXX  XX   X\nX P      X\nX X X  X X\nX        X\nX        X\nX  X   X X\nX       bX\nXX      XX\nX        X\nX       \u221eX\nX X T  X X\nX m      X\nX    \u221e   X\nX   X   XX\nXXXXXXXXXX\n", "Health: 5 X: 1 Y: 17\nXXXXXXXXXX\nX X e X TX\nX        X\nX  MX   XX\nX   T    X\nXX  XX   X\nX P      X\nX X X  X X\nX        X\nX        X\nX  X   X X\nX      b X\nXX      XX\nX        X\nX       \u221eX\nX X T  X X\nXm       X\nXH   \u221e   X\nX   X   XX\nXXXXXXXXXX\n", "Health: 5 X: 1 Y: 16\nXXXXXXXXXX\nX X e X TX\nX        X\nX  MX   XX\nX   T    X\nXX  XX   X\nX P      X\nX X X  X X\nX        X\nX        X\nX  X   X X\nX      b X\nXX      XX\nX        X\nX       \u221eX\nX X T  X X\nXm       X\nX    \u221e   X\nX   X   XX\nXXXXXXXXXX\n", "Health: 5 X: 1 Y: 15\nXXXXXXXXXX\nX X e X TX\nX        X\nX  MX   XX\nX   T    X\nXX  XX   X\nX P      X\nX X X  X X\nX        X\nX        X\nX  X   X X\nX      b X\nXX      XX\nX        X\nX       \u221eX\nXHX T  X X\nXm       X\nX    \u221e   X\nX   X   XX\nXXXXXXXXXX\n", "Health: 5 X: 1 Y: 14\nXXXXXXXXXX\nX X e X TX\nX        X\nX  MX   XX\nX   T    X\nXX  XX   X\nX P      X\nX X X  X X\nX        X\nX        X\nX  X   X X\nX     b  X\nXX      XX\nX        X\nXH      \u221eX\nX X T  X X\nXm       X\nX    \u221e   X\nX   X   XX\nXXXXXXXXXX\n", "Health: 5 X: 2 Y: 14\nXXXXXXXXXX\nX X e X TX\nX        X\nX   X   XX\nX  MT    X\nXX  XX   X\nX P      X\nX X X  X X\nX        X\nX        X\nX  X   X X\nX    b   X\nXX      XX\nX        X\nX H     \u221eX\nX X T  X X\nXm       X\nX    \u221e   X\nX   X   XX\nXXXXXXXXXX\n", "Health: 5 X: 2 Y: 13\nXXXXXXXXXX\nX X e X TX\nX        X\nX   X   XX\nX   T    X\nXX MXX   X\nX P      X\nX X X  X X\nX        X\nX        X\nX  X   X X\nX   b    X\nXX      XX\nX H      X\nX       \u221eX\nX X T  X X\nXm       X\nX    \u221e   X\nX   X   XX\nXXXXXXXXXX\n", "Health: 5 X: 2 Y: 12\nXXXXXXXXXX\nX X e X TX\nX        X\nX   X   XX\nX   T    X\nXX  XX   X\nX PM     X\nX X X  X X\nX        X\nX        X\nX  X   X X\nX  b     X\nXXH     XX\nX        X\nX       \u221eX\nXmX T  X X\nX        X\nX    \u221e   X\nX   X   XX\nXXXXXXXXXX\n", "Health: 4 X: 2 Y: 11\nXXXXXXXXXX\nX X e X TX\nX        X\nX   X   XX\nX   T    X\nXX  XX   X\nX P      X\nX XMX  X X\nX        X\nX        X\nX  X   X X\nX H\u221e     X\nXX      XX\nX        X\nXm      \u221eX\nX X T  X X\nX        X\nX    \u221e   X\nX   X   XX\nXXXXXXXXXX\n", "Health: 4 X: 1 Y: 11\nXXXXXXXXXX\nX X e X TX\nX        X\nX   X   XX\nX   T    X\nXX  XX   X\nX P      X\nX X X  X X\nX  M     X\nX        X\nX  X   X X\nXH \u221e     X\nXX      XX\nXm       X\nX       \u221eX\nX X T  X X\nX        X\nX    \u221e   X\nX   X   XX\nXXXXXXXXXX\n", "Health: 4 X: 1 Y: 10\nXXXXXXXXXX\nX X e X TX\nX        X\nX   X   XX\nX   T    X\nXX  XX   X\nX P      X\nX X X  X X\nX M      X\nX        X\nXH X   X X\nX  \u221e     X\nXX      XX\nX m      X\nX       \u221eX\nX X T  X X\nX        X\nX    \u221e   X\nX   X   XX\nXXXXXXXXXX\n", "Health: 4 X: 1 Y: 9\nXXXXXXXXXX\nX X e X TX\nX        X\nX   X   XX\nX   T    X\nXX  XX   X\nX P      X\nX X X  X X\nX        X\nXH       X\nX  X   X X\nX  \u221e     X\nXXm     XX\nX        X\nX       \u221eX\nX X T  X X\nX        X\nX    \u221e   X\nX   X   XX\nXXXXXXXXXX\n", "Health: 3 X: 1 Y: 8\nXXXXXXXXXX\nX X e X TX\nX        X\nX   X   XX\nX   T    X\nXX  XX   X\nX P      X\nX X X  X X\nX        X\nX        X\nX  X   X X\nX m\u221e     X\nXX      XX\nX        X\nX       \u221eX\nX X T  X X\nX        X\nX    \u221e   X\nX   X   XX\nXXXXXXXXXX\n", "Health: 3 X: 1 Y: 7\nXXXXXXXXXX\nX X e X TX\nX        X\nX   X   XX\nX   T    X\nXX  XX   X\nX P      X\nXHX X  X X\nX        X\nX        X\nX mX   X X\nX  \u221e     X\nXX      XX\nX        X\nX       \u221eX\nX X T  X X\nX        X\nX    \u221e   X\nX   X   XX\nXXXXXXXXXX\n", "Health: 3 X: 1 Y: 6\nXXXXXXXXXX\nX X e X TX\nX        X\nX   X   XX\nX   T    X\nXX  XX   X\nXHP      X\nX X X  X X\nX        X\nX m      X\nX  X   X X\nX  \u221e     X\nXX      XX\nX        X\nX       \u221eX\nX X T  X X\nX        X\nX    \u221e   X\nX   X   XX\nXXXXXXXXXX\n", "Health: 5 X: 2 Y: 6\nXXXXXXXXXX\nX X e X TX\nX        X\nX   X   XX\nX   T    X\nXX  XX   X\nX        X\nX X X  X X\nX m      X\nX        X\nX  X   X X\nX  \u221e     X\nXX      XX\nX        X\nX       \u221eX\nX X T  X X\nX        X\nX    \u221e   X\nX   X   XX\nXXXXXXXXXX\n", "Health: 5 X: 3 Y: 6\nXXXXXXXXXX\nX X e X TX\nX        X\nX   X   XX\nX   T    X\nXX  XX   X\nX  H     X\nX X X  X X\nX  m     X\nX        X\nX  X   X X\nX  \u221e     X\nXX      XX\nX        X\nX       \u221eX\nX X T  X X\nX        X\nX    \u221e   X\nX   X   XX\nXXXXXXXXXX\n", "Health: 5 X: 4 Y: 6\nXXXXXXXXXX\nX X e X TX\nX        X\nX   X   XX\nX   T    X\nXX  XX   X\nX   H    X\nX XmX  X X\nX        X\nX        X\nX  X   X X\nX  \u221e     X\nXX      XX\nX        X\nX       \u221eX\nX X T  X X\nX        X\nX    \u221e   X\nX   X   XX\nXXXXXXXXXX\n", "Health: 5 X: 5 Y: 6\nXXXXXXXXXX\nX X e X TX\nX        X\nX   X   XX\nX   T    X\nXX  XX   X\nX  m H   X\nX X X  X X\nX        X\nX        X\nX  X   X X\nX  \u221e     X\nXX      XX\nX        X\nX       \u221eX\nX X T  X X\nX        X\nX    \u221e   X\nX   X   XX\nXXXXXXXXXX\n", "Health: 5 X: 6 Y: 6\nXXXXXXXXXX\nX X e X TX\nX        X\nX   X   XX\nX   T    X\nXX  XX   X\nX   m H  X\nX X X  X X\nX        X\nX        X\nX  X   X X\nX  \u221e     X\nXX      XX\nX        X\nX       \u221eX\nX X T  X X\nX        X\nX    \u221e   X\nX   X   XX\nXXXXXXXXXX\n", "Health: 5 X: 7 Y: 6\nXXXXXXXXXX\nX X e X TX\nX        X\nX   X   XX\nX   T    X\nXX  XX   X\nX    m H X\nX X X  X X\nX        X\nX        X\nX  X   X X\nX  \u221e     X\nXX      XX\nX        X\nX       \u221eX\nX X T  X X\nX        X\nX    \u221e   X\nX   X   XX\nXXXXXXXXXX\n", "Health: 5 X: 7 Y: 5\nXXXXXXXXXX\nX X e X TX\nX        X\nX   X   XX\nX   T    X\nXX  XX H X\nX     m  X\nX X X  X X\nX        X\nX        X\nX  X   X X\nX  \u221e     X\nXX      XX\nX        X\nX       \u221eX\nX X T  X X\nX        X\nX    \u221e   X\nX   X   XX\nXXXXXXXXXX\n", "Health: 5 X: 7 Y: 4\nXXXXXXXXXX\nX X e X TX\nX        X\nX   X   XX\nX   T  H X\nXX  XXm  X\nX        X\nX X X  X X\nX        X\nX        X\nX  X   X X\nX  \u221e     X\nXX      XX\nX        X\nX       \u221eX\nX X T  X X\nX        X\nX    \u221e   X\nX   X   XX\nXXXXXXXXXX\n", "Health: 5 X: 7 Y: 3\nXXXXXXXXXX\nX X e X TX\nX        X\nX   X  HXX\nX   T m  X\nXX  XX   X\nX        X\nX X X  X X\nX        X\nX        X\nX  X   X X\nX  \u221e     X\nXX      XX\nX        X\nX       \u221eX\nX X T  X X\nX        X\nX    \u221e   X\nX   X   XX\nXXXXXXXXXX\n", "Health: 5 X: 7 Y: 2\nXXXXXXXXXX\nX X e X TX\nX      H X\nX   X m XX\nX   T    X\nXX  XX   X\nX        X\nX X X  X X\nX        X\nX        X\nX  X   X X\nX  \u221e     X\nXX      XX\nX        X\nX       \u221eX\nX X T  X X\nX        X\nX    \u221e   X\nX   X   XX\nXXXXXXXXXX\n", "Health: 5 X: 8 Y: 2\nXXXXXXXXXX\nX X e X TX\nX     m HX\nX   X   XX\nX   T    X\nXX  XX   X\nX        X\nX X X  X X\nX        X\nX        X\nX  X   X X\nX  \u221e     X\nXX      XX\nX        X\nX       \u221eX\nX X T  X X\nX        X\nX    \u221e   X\nX   X   XX\nXXXXXXXXXX\n", "Health: 4 X: 7 Y: 2\nXXXXXXXXXX\nX X e X TX\nX     mH X\nX   X   XX\nX   T    X\nXX  XX   X\nX        X\nX X X  X X\nX        X\nX        X\nX  X   X X\nX  \u221e     X\nXX      XX\nX        X\nX       \u221eX\nX X T  X X\nX        X\nX    \u221e   X\nX   X   XX\nXXXXXXXXXX\n", "Health: 4 X: 8 Y: 2\nXXXXXXXXXX\nX X e X TX\nX     m HX\nX   X   XX\nX   T    X\nXX  XX   X\nX        X\nX X X  X X\nX        X\nX        X\nX  X   X X\nX  \u221e     X\nXX      XX\nX        X\nX       \u221eX\nX X T  X X\nX        X\nX    \u221e   X\nX   X   XX\nXXXXXXXXXX\n", "Health: 4 X: 8 Y: 1\nXXXXXXXXXX\nX X e X  X\nX     m  X\nX   X   XX\nX   T    X\nXX  XX   X\nX        X\nX X X  X X\nX        X\nX        X\nX  X   X X\nX  \u221e     X\nXX      XX\nX        X\nX       \u221eX\nX X T  X X\nX        X\nX    \u221e   X\nX   X   XX\nXXXXXXXXXX\n", "Health: 4 X: 8 Y: 2\nXXXXXXXXXX\nX X e X  X\nX     m HX\nX   X   XX\nX   T    X\nXX  XX   X\nX        X\nX X X  X X\nX        X\nX        X\nX  X   X X\nX  \u221e     X\nXX      XX\nX        X\nX       \u221eX\nX X T  X X\nX        X\nX    \u221e   X\nX   X   XX\nXXXXXXXXXX\n", "Health: 4 X: 7 Y: 2\nXXXXXXXXXX\nX X e X  X\nX     mH X\nX   X   XX\nX   T    X\nXX  XX   X\nX        X\nX X X  X X\nX        X\nX        X\nX  X   X X\nX  \u221e     X\nXX      XX\nX        X\nX       \u221eX\nX X T  X X\nX        X\nX    \u221e   X\nX   X   XX\nXXXXXXXXXX\n", "Health: 4 X: 6 Y: 2\nXXXXXXXXXX\nX X e X  X\nX     m  X\nX   X   XX\nX   T    X\nXX  XX   X\nX        X\nX X X  X X\nX        X\nX        X\nX  X   X X\nX  \u221e     X\nXX      XX\nX        X\nX       \u221eX\nX X T  X X\nX        X\nX    \u221e   X\nX   X   XX\nXXXXXXXXXX\n", "Health: 3 X: 5 Y: 2\nXXXXXXXXXX\nX X e X  X\nX    Hm  X\nX   X   XX\nX   T    X\nXX  XX   X\nX        X\nX X X  X X\nX        X\nX        X\nX  X   X X\nX  \u221e     X\nXX      XX\nX        X\nX       \u221eX\nX X T  X X\nX        X\nX    \u221e   X\nX   X   XX\nXXXXXXXXXX\n", "Health: 3 X: 4 Y: 2\nXXXXXXXXXX\nX X e X  X\nX   H m  X\nX   X   XX\nX   T    X\nXX  XX   X\nX        X\nX X X  X X\nX        X\nX        X\nX  X   X X\nX  \u221e     X\nXX      XX\nX        X\nX       \u221eX\nX X T  X X\nX        X\nX    \u221e   X\nX   X   XX\nXXXXXXXXXX\n", "Health: 3 X: 3 Y: 2\nXXXXXXXXXX\nX X e X  X\nX  H  m  X\nX   X   XX\nX   T    X\nXX  XX   X\nX        X\nX X X  X X\nX        X\nX        X\nX  X   X X\nX  \u221e     X\nXX      XX\nX        X\nX       \u221eX\nX X T  X X\nX        X\nX    \u221e   X\nX   X   XX\nXXXXXXXXXX\n", "Health: 3 X: 3 Y: 1\nXXXXXXXXXX\nX XHe X  X\nX     m  X\nX   X   XX\nX   T    X\nXX  XX   X\nX        X\nX X X  X X\nX        X\nX        X\nX  X   X X\nX  \u221e     X\nXX      XX\nX        X\nX       \u221eX\nX X T  X X\nX        X\nX    \u221e   X\nX   X   XX\nXXXXXXXXXX\n", "Health: 3 X: 4 Y: 1\nXXXXXXXXXX\nX X e X  X\nX     m  X\nX   X   XX\nX   T    X\nXX  XX   X\nX        X\nX X X  X X\nX        X\nX        X\nX  X   X X\nX  \u221e     X\nXX      XX\nX        X\nX       \u221eX\nX X T  X X\nX        X\nX    \u221e   X\nX   X   XX\nXXXXXXXXXX\n"], "map_number": 202}, {"mechanics": [{"timestep": 2, "mechanic": "OgreTreasure"}, {"timestep": 2, "mechanic": "BlobPotion"}, {"timestep": 3, "mechanic": "OgreTreasure"}, {"timestep": 3, "mechanic": "BlobPotion"}, {"timestep": 5, "mechanic": "CollectTreasure"}, {"timestep": 7, "mechanic": "CollectTreasure"}, {"timestep": 15, "mechanic": "OgreHit"}, {"timestep": 16, "mechanic": "OgreHit"}, {"timestep": 18, "mechanic": "MinitaurHit"}, {"timestep": 20, "mechanic": "GoblinMeleeHit"}, {"timestep": 31, "mechanic": "CollectTreasure"}, {"timestep": 36, "mechanic": "CollectTreasure"}, {"timestep": 37, "mechanic": "CollectTreasure"}, {"timestep": 39, "mechanic": "CollectTreasure"}, {"timestep": 40, "mechanic": "BlobHit"}, {"timestep": 40, "mechanic": "CollectTreasure"}, {"timestep": 40, "mechanic": "BlobHit"}, {"timestep": 57, "mechanic": "ReachStairs"}], "frequencies": {"OgreTreasure": 2, "BlobPotion": 2, "CollectTreasure": 7, "OgreHit": 2, "MinitaurHit": 1, "GoblinMeleeHit": 1, "BlobHit": 2, "ReachStairs": 1}, "levelReport": {"utilityGained": 0.0, "exitUtility": 1.0, "runnerUtility": 0.42000000000000004, "loitererUtility": 58.0, "completionistUtility": 0.6214814814814814, "monsterKillerUtility": 0.72, "treasureCollectorUtility": 0.8444444444444443, "turnsTaken": 58, "health": 1, "healthLost": 9, "alive": true, "javelinsThrown": 0, "monsterKills": 3, "minitaurKnockouts": 2, "treasuresCollected": 7, "potionsTaken": 0, "totalMonsters": 6, "totalTreasures": 9, "totalPotions": 2, "timeTaken": 0.0}, "positions": [{"X": 6, "Y": 3}, {"X": 5, "Y": 3}, {"X": 4, "Y": 3}, {"X": 3, "Y": 3}, {"X": 3, "Y": 2}, {"X": 3, "Y": 1}, {"X": 2, "Y": 1}, {"X": 1, "Y": 1}, {"X": 1, "Y": 2}, {"X": 1, "Y": 3}, {"X": 1, "Y": 4}, {"X": 2, "Y": 4}, {"X": 3, "Y": 4}, {"X": 2, "Y": 4}, {"X": 2, "Y": 5}, {"X": 2, "Y": 6}, {"X": 3, "Y": 6}, {"X": 3, "Y": 7}, {"X": 2, "Y": 7}, {"X": 2, "Y": 8}, {"X": 2, "Y": 9}, {"X": 3, "Y": 9}, {"X": 3, "Y": 8}, {"X": 4, "Y": 8}, {"X": 5, "Y": 8}, {"X": 6, "Y": 8}, {"X": 7, "Y": 8}, {"X": 7, "Y": 9}, {"X": 7, "Y": 10}, {"X": 7, "Y": 11}, {"X": 7, "Y": 12}, {"X": 7, "Y": 13}, {"X": 7, "Y": 14}, {"X": 7, "Y": 15}, {"X": 7, "Y": 16}, {"X": 7, "Y": 17}, {"X": 8, "Y": 17}, {"X": 8, "Y": 18}, {"X": 7, "Y": 18}, {"X": 6, "Y": 18}, {"X": 6, "Y": 18}, {"X": 6, "Y": 17}, {"X": 7, "Y": 17}, {"X": 7, "Y": 16}, {"X": 7, "Y": 15}, {"X": 7, "Y": 14}, {"X": 7, "Y": 13}, {"X": 6, "Y": 13}, {"X": 5, "Y": 13}, {"X": 4, "Y": 13}, {"X": 3, "Y": 13}, {"X": 2, "Y": 13}, {"X": 2, "Y": 12}, {"X": 2, "Y": 11}, {"X": 2, "Y": 10}, {"X": 2, "Y": 9}, {"X": 2, "Y": 8}, {"X": 1, "Y": 8}], "levelStates": ["Health: 10 X: 6 Y: 3\nXXXXXXXXXX\nXT TX m  X\nX   XXX  X\nX     H  X\nX   XX   X\nXX XXXX XX\nX TTXXPP X\nX   XX   X\nXeo    b X\nX   XX   X\nXX XXXX XX\nX   XX   X\nX   XX   X\nX      T X\nX   XX   X\nXX XXXX XX\nX   XX   X\nXb bXXT TX\nX M XXT TX\nXXXXXXXXXX\n", "Health: 10 X: 5 Y: 3\nXXXXXXXXXX\nXT TX  m X\nX   XXX  X\nX    H   X\nX   XX   X\nXX XXXX XX\nX TTXXPP X\nX o XX b X\nXe       X\nX   XX   X\nXX XXXX XX\nX   XX   X\nX   XX   X\nX      T X\nX   XX   X\nXX XXXX XX\nX   XX   X\nXb bXXT TX\nX M XXT TX\nXXXXXXXXXX\n", "Health: 10 X: 4 Y: 3\nXXXXXXXXXX\nXT TX    X\nX   XXXm X\nX   H    X\nX   XX   X\nXX XXXX XX\nX oTXXPb X\nX   XX   X\nXe       X\nX   XX   X\nXX XXXX XX\nX   XX   X\nX   XX   X\nX      T X\nX   XX   X\nXX XXXX XX\nX   XX   X\nXb bXXT TX\nX M XXT TX\nXXXXXXXXXX\n", "Health: 10 X: 3 Y: 3\nXXXXXXXXXX\nXT TX    X\nX   XXX  X\nX  H   m X\nX   XX   X\nXX XXXX XX\nX  oXXb  X\nX   XX   X\nXe       X\nX   XX   X\nXX XXXX XX\nX   XX   X\nX   XX   X\nX      T X\nX   XX   X\nXX XXXX XX\nX   XX   X\nXb bXXT TX\nX M XXT TX\nXXXXXXXXXX\n", "Health: 10 X: 3 Y: 2\nXXXXXXXXXX\nXT TX    X\nX  HXXX  X\nX     m  X\nX   XX   X\nXX XXXX XX\nX  oXXb  X\nX   XX   X\nXe       X\nX   XX   X\nXX XXXX XX\nX   XX   X\nX   XX   X\nX      T X\nX   XX   X\nXX XXXX XX\nX   XX   X\nXb bXXT TX\nX M XXT TX\nXXXXXXXXXX\n", "Health: 10 X: 3 Y: 1\nXXXXXXXXXX\nXT  X    X\nX   XXX  X\nX    m   X\nX   XX   X\nXX XXXX XX\nX  oXXb  X\nX   XX   X\nXe       X\nX   XX   X\nXX XXXX XX\nX   XX   X\nX   XX   X\nX      T X\nX   XX   X\nXX XXXX XX\nX   XX   X\nXb bXXT TX\nX M XXT TX\nXXXXXXXXXX\n", "Health: 10 X: 2 Y: 1\nXXXXXXXXXX\nXTH X    X\nX   XXX  X\nX   m    X\nX   XX   X\nXX XXXX XX\nX  oXXb  X\nX   XX   X\nXe       X\nX   XX   X\nXX XXXX XX\nX   XX   X\nX   XX   X\nX      T X\nX   XX   X\nXX XXXX XX\nX   XX   X\nXbMbXXT TX\nX   XXT TX\nXXXXXXXXXX\n", "Health: 10 X: 1 Y: 1\nXXXXXXXXXX\nX   X    X\nX   XXX  X\nX  m     X\nX   XX   X\nXX XXXX XX\nX  oXXb  X\nX   XX   X\nXe       X\nX   XX   X\nXX XXXX XX\nX   XX   X\nX   XX   X\nX      T X\nX   XX   X\nXX XXXX XX\nX   XX   X\nXbMbXXT TX\nX   XXT TX\nXXXXXXXXXX\n", "Health: 10 X: 1 Y: 2\nXXXXXXXXXX\nX   X    X\nXH mXXX  X\nX        X\nX   XX   X\nXX XXXX XX\nX  oXXb  X\nX   XX   X\nXe       X\nX   XX   X\nXX XXXX XX\nX   XX   X\nX   XX   X\nX      T X\nX   XX   X\nXX XXXX XX\nX   XX   X\nXbMbXXT TX\nX   XXT TX\nXXXXXXXXXX\n", "Health: 10 X: 1 Y: 3\nXXXXXXXXXX\nX   X    X\nX m XXX  X\nXH       X\nX   XX   X\nXX XXXX XX\nX  oXXb  X\nX   XX   X\nXe       X\nX   XX   X\nXX XXXX XX\nX   XX   X\nX   XX   X\nX      T X\nX   XX   X\nXX XXXX XX\nX   XX   X\nXbMbXXT TX\nX   XXT TX\nXXXXXXXXXX\n", "Health: 10 X: 1 Y: 4\nXXXXXXXXXX\nX   X    X\nXm  XXX  X\nX        X\nXH  XX   X\nXX XXXX XX\nX  oXXb  X\nX   XX   X\nXe       X\nX   XX   X\nXX XXXX XX\nX   XX   X\nX   XX   X\nX      T X\nX   XX   X\nXX XXXX XX\nX   XX   X\nXbMbXXT TX\nX   XXT TX\nXXXXXXXXXX\n", "Health: 10 X: 2 Y: 4\nXXXXXXXXXX\nX   X    X\nX m XXX  X\nX        X\nX H XX   X\nXX XXXX XX\nX  oXXb  X\nX   XX   X\nXe       X\nX   XX   X\nXX XXXX XX\nX   XX   X\nX   XX   X\nX      T X\nX   XX   X\nXX XXXX XX\nX M XX   X\nXb bXXT TX\nX   XXT TX\nXXXXXXXXXX\n", "Health: 10 X: 3 Y: 4\nXXXXXXXXXX\nX   X    X\nX  mXXX  X\nX        X\nX  HXX   X\nXX XXXX XX\nX  oXXb  X\nX   XX   X\nXe       X\nX   XX   X\nXX XXXX XX\nX   XX   X\nX   XX   X\nX      T X\nX   XX   X\nXX XXXX XX\nX M XX   X\nXb bXXT TX\nX   XXT TX\nXXXXXXXXXX\n", "Health: 10 X: 2 Y: 4\nXXXXXXXXXX\nX   X    X\nX m XXX  X\nX        X\nX H XX   X\nXX XXXX XX\nX  oXXb  X\nX   XX   X\nXe       X\nX   XX   X\nXX XXXX XX\nX   XX   X\nX   XX   X\nX      T X\nX   XX   X\nXXMXXXX XX\nX   XX   X\nXb bXXT TX\nX   XXT TX\nXXXXXXXXXX\n", "Health: 10 X: 2 Y: 5\nXXXXXXXXXX\nX   X    X\nX   XXX  X\nX m      X\nX   XX   X\nXXHXXXX XX\nX  oXXb  X\nX   XX   X\nXe       X\nX   XX   X\nXX XXXX XX\nX   XX   X\nX   XX   X\nX      T X\nX M XX   X\nXX XXXX XX\nX   XX   X\nXb bXXT TX\nX   XXT TX\nXXXXXXXXXX\n", "Health: 8 X: 2 Y: 6\nXXXXXXXXXX\nX   X    X\nX   XXX  X\nX        X\nX m XX   X\nXX XXXX XX\nX  oXXb  X\nX   XX   X\nXe       X\nX   XX   X\nXX XXXX XX\nX   XX   X\nX   XX   X\nX M    T X\nX   XX   X\nXX XXXX XX\nX   XX   X\nXb bXXT TX\nX   XXT TX\nXXXXXXXXXX\n", "Health: 6 X: 3 Y: 6\nXXXXXXXXXX\nX   X    X\nX   XXX  X\nX        X\nX   XX   X\nXXmXXXX XX\nX  \u221eXXb  X\nX   XX   X\nXe       X\nX   XX   X\nXX XXXX XX\nX   XX   X\nX M XX   X\nX      T X\nX   XX   X\nXX XXXX XX\nX   XX   X\nXb bXXT TX\nX   XXT TX\nXXXXXXXXXX\n", "Health: 6 X: 3 Y: 7\nXXXXXXXXXX\nX   X    X\nX   XXX  X\nX        X\nX   XX   X\nXX XXXX XX\nX  \u221eXXb  X\nX  HXX   X\nXe       X\nX   XX   X\nXX XXXX XX\nX M XX   X\nX   XX   X\nX      T X\nX   XX   X\nXX XXXX XX\nX   XX   X\nXb bXXT TX\nX   XXT TX\nXXXXXXXXXX\n", "Health: 5 X: 2 Y: 7\nXXXXXXXXXX\nX   X    X\nX   XXX  X\nX        X\nX   XX   X\nXX XXXX XX\nX  \u221eXXb  X\nX H XX   X\nXe       X\nX   XX   X\nXXMXXXX XX\nX   XX   X\nX   XX   X\nX      T X\nX   XX   X\nXX XXXX XX\nX   XX   X\nXb bXXT TX\nX   XXT TX\nXXXXXXXXXX\n", "Health: 5 X: 2 Y: 8\nXXXXXXXXXX\nX   X    X\nX   XXX  X\nX        X\nX   XX   X\nXX XXXX XX\nX  \u221eXXb  X\nX   XX   X\nXeH      X\nX M XX   X\nXX XXXX XX\nX   XX   X\nX   XX   X\nX      T X\nX   XX   X\nXX XXXX XX\nX   XX   X\nXb bXXT TX\nX   XXT TX\nXXXXXXXXXX\n", "Health: 4 X: 2 Y: 9\nXXXXXXXXXX\nX   X    X\nX   XXX  X\nX        X\nX   XX   X\nXX XXXX XX\nX  \u221eXXb  X\nX   XX   X\nXe       X\nX \u221e XX   X\nXX XXXX XX\nX   XX   X\nX   XX   X\nX      T X\nX   XX   X\nXX XXXX XX\nX   XX   X\nXb bXXT TX\nX   XXT TX\nXXXXXXXXXX\n", "Health: 4 X: 3 Y: 9\nXXXXXXXXXX\nX   X    X\nX   XXX  X\nX        X\nX   XX   X\nXX XXXX XX\nX  \u221eXXb  X\nX   XX   X\nXe       X\nX \u221eHXX   X\nXX XXXX XX\nX   XX   X\nX   XX   X\nX      T X\nX   XX   X\nXX XXXX XX\nX   XX   X\nXb bXXT TX\nX   XXT TX\nXXXXXXXXXX\n", "Health: 4 X: 3 Y: 8\nXXXXXXXXXX\nX   X    X\nX   XXX  X\nX        X\nX   XX   X\nXX XXXX XX\nX  \u221eXXb  X\nX   XX   X\nXe H     X\nX \u221e XX   X\nXX XXXX XX\nX   XX   X\nX   XX   X\nX      T X\nX   XX   X\nXX XXXX XX\nX   XX   X\nXb bXXT TX\nX   XXT TX\nXXXXXXXXXX\n", "Health: 4 X: 4 Y: 8\nXXXXXXXXXX\nX   X    X\nX   XXX  X\nX        X\nX   XX   X\nXX XXXX XX\nX  \u221eXXb  X\nX   XX   X\nXe  H    X\nX \u221e XX   X\nXX XXXX XX\nX   XX   X\nX   XX   X\nX      T X\nX   XX   X\nXX XXXX XX\nX   XX   X\nXb bXXT TX\nX   XXT TX\nXXXXXXXXXX\n", "Health: 4 X: 5 Y: 8\nXXXXXXXXXX\nX   X    X\nX   XXX  X\nX        X\nX   XX   X\nXX XXXX XX\nX  \u221eXXb  X\nX   XX   X\nXe   H   X\nX \u221e XX   X\nXX XXXX XX\nX   XX   X\nX   XX   X\nX      T X\nX   XX   X\nXX XXXX XX\nX   XX   X\nXb bXXT TX\nX   XXT TX\nXXXXXXXXXX\n", "Health: 4 X: 6 Y: 8\nXXXXXXXXXX\nX   X    X\nX   XXX  X\nX        X\nX   XX   X\nXX XXXX XX\nX  \u221eXX   X\nX  mXXb  X\nXe    H  X\nX \u221e XX   X\nXX XXXX XX\nX   XX   X\nX   XX   X\nX      T X\nX   XX   X\nXX XXXX XX\nX   XX   X\nXb bXXT TX\nX   XXT TX\nXXXXXXXXXX\n", "Health: 4 X: 7 Y: 8\nXXXXXXXXXX\nX   X    X\nX   XXX  X\nX        X\nX   XX   X\nXX XXXX XX\nX  \u221eXX   X\nX   XX b X\nXe m   H X\nX \u221e XX   X\nXX XXXX XX\nX   XX   X\nX   XX   X\nX      T X\nX   XX   X\nXX XXXX XX\nX   XX   X\nXb bXXT TX\nX   XXT TX\nXXXXXXXXXX\n", "Health: 4 X: 7 Y: 9\nXXXXXXXXXX\nX   X    X\nX   XXX  X\nX        X\nX   XX   X\nXX XXXX XX\nX  \u221eXX   X\nX   XX   X\nXe  m  b X\nX \u221e XX H X\nXX XXXX XX\nX   XX   X\nX   XX   X\nX      T X\nX   XX   X\nXX XXXX XX\nX   XX   X\nXb bXXT TX\nX   XXT TX\nXXXXXXXXXX\n", "Health: 4 X: 7 Y: 10\nXXXXXXXXXX\nX   X    X\nX   XXX  X\nX        X\nX   XX   X\nXX XXXX XX\nX  \u221eXX   X\nX   XX   X\nXe   m   X\nX \u221e XX b X\nXX XXXXHXX\nX   XX   X\nX   XX   X\nX      T X\nX   XX   X\nXX XXXX XX\nX   XX   X\nXb bXXT TX\nX   XXT TX\nXXXXXXXXXX\n", "Health: 4 X: 7 Y: 11\nXXXXXXXXXX\nX   X    X\nX   XXX  X\nX        X\nX   XX   X\nXX XXXX XX\nX  \u221eXX   X\nX   XX   X\nXe    m  X\nX \u221e XX   X\nXX XXXXbXX\nX   XX H X\nX   XX   X\nX      T X\nX   XX   X\nXX XXXX XX\nX   XX   X\nXb bXXT TX\nX   XXT TX\nXXXXXXXXXX\n", "Health: 4 X: 7 Y: 12\nXXXXXXXXXX\nX   X    X\nX   XXX  X\nX        X\nX   XX   X\nXX XXXX XX\nX  \u221eXX   X\nX   XX   X\nXe     m X\nX \u221e XX   X\nXX XXXX XX\nX   XX b X\nX   XX H X\nX      T X\nX   XX   X\nXX XXXX XX\nX   XX   X\nXb bXXT TX\nX   XXT TX\nXXXXXXXXXX\n", "Health: 4 X: 7 Y: 13\nXXXXXXXXXX\nX   X    X\nX   XXX  X\nX        X\nX   XX   X\nXX XXXX XX\nX  \u221eXX   X\nX   XX   X\nXe       X\nX \u221e XX m X\nXX XXXX XX\nX   XX   X\nX   XX b X\nX        X\nX   XX   X\nXX XXXX XX\nX   XX   X\nXb bXXT TX\nX   XXT TX\nXXXXXXXXXX\n", "Health: 4 X: 7 Y: 14\nXXXXXXXXXX\nX   X    X\nX   XXX  X\nX        X\nX   XX   X\nXX XXXX XX\nX  \u221eXX   X\nX   XX   X\nXe       X\nX \u221e XX   X\nXX XXXXmXX\nX   XX   X\nX   XX   X\nX        X\nX   XX H X\nXX XXXX XX\nX   XX   X\nXb bXXT TX\nX   XXT TX\nXXXXXXXXXX\n", "Health: 4 X: 7 Y: 15\nXXXXXXXXXX\nX   X    X\nX   XXX  X\nX        X\nX   XX   X\nXX XXXX XX\nX  \u221eXX   X\nX   XX   X\nXe       X\nX \u221e XX   X\nXX XXXX XX\nX   XX m X\nX   XX   X\nX        X\nX   XX b X\nXX XXXXHXX\nX   XX   X\nXb bXXT TX\nX   XXT TX\nXXXXXXXXXX\n", "Health: 4 X: 7 Y: 16\nXXXXXXXXXX\nX   X    X\nX   XXX  X\nX        X\nX   XX   X\nXX XXXX XX\nX  \u221eXX   X\nX   XX   X\nXe       X\nX \u221e XX   X\nXX XXXX XX\nX   XX   X\nX   XX m X\nX        X\nX   XX   X\nXX XXXXbXX\nX   XX H X\nXb bXXT TX\nX   XXT TX\nXXXXXXXXXX\n", "Health: 4 X: 7 Y: 17\nXXXXXXXXXX\nX   X    X\nX   XXX  X\nX        X\nX   XX   X\nXX XXXX XX\nX  \u221eXX   X\nX   XX   X\nXe       X\nX \u221e XX   X\nXX XXXX XX\nX   XX   X\nX   XX   X\nX        X\nX   XX   X\nXX XXXX XX\nX   XX b X\nXb bXXTHTX\nX   XXT TX\nXXXXXXXXXX\n", "Health: 4 X: 8 Y: 17\nXXXXXXXXXX\nX   X    X\nX   XXX  X\nX        X\nX   XX   X\nXX XXXX XX\nX  \u221eXX   X\nX   XX   X\nXe       X\nX \u221e XX   X\nXX XXXX XX\nX   XX   X\nX   XX   X\nX        X\nX   XX m X\nXX XXXX XX\nX   XX  bX\nXb bXXT  X\nX   XXT TX\nXXXXXXXXXX\n", "Health: 4 X: 8 Y: 18\nXXXXXXXXXX\nX   X    X\nX   XXX  X\nX        X\nX   XX   X\nXX XXXX XX\nX  \u221eXX   X\nX   XX   X\nXe       X\nX \u221e XX   X\nXX XXXX XX\nX   XX   X\nX   XX   X\nX        X\nX   XX   X\nXX XXXXmXX\nX   XX   X\nXb bXXT  X\nX   XXT  X\nXXXXXXXXXX\n", "Health: 4 X: 7 Y: 18\nXXXXXXXXXX\nX   X    X\nX   XXX  X\nX        X\nX   XX   X\nXX XXXX XX\nX  \u221eXX   X\nX   XX   X\nXe       X\nX \u221e XX   X\nXX XXXX XX\nX   XX   X\nX   XX   X\nX        X\nX   XX   X\nXX XXXX XX\nX   XX m X\nXb bXXTb X\nX   XXTH X\nXXXXXXXXXX\n", "Health: 4 X: 6 Y: 18\nXXXXXXXXXX\nX   X    X\nX   XXX  X\nX        X\nX   XX   X\nXX XXXX XX\nX  \u221eXX   X\nX   XX   X\nXe       X\nX \u221e XX   X\nXX XXXX XX\nX   XX   X\nX   XX   X\nX        X\nX   XX   X\nXX XXXX XX\nX   XXm  X\nXb bXXT  X\nX   XX   X\nXXXXXXXXXX\n", "Health: 1 X: 6 Y: 18\nXXXXXXXXXX\nX   X    X\nX   XXX  X\nX        X\nX   XX   X\nXX XXXX XX\nX  \u221eXX   X\nX   XX   X\nXe       X\nX \u221e XX   X\nXX XXXX XX\nX   XX   X\nX   XX   X\nX        X\nX   XX   X\nXX XXXX XX\nX   XXm  X\nXb bXX   X\nX   XX   X\nXXXXXXXXXX\n", "Health: 1 X: 6 Y: 17\nXXXXXXXXXX\nX   X    X\nX   XXX  X\nX        X\nX   XX   X\nXX XXXX XX\nX  \u221eXX   X\nX   XX   X\nXe       X\nX \u221e XX   X\nXX XXXX XX\nX   XX   X\nX   XX   X\nX        X\nX   XX   X\nXX XXXX XX\nX   XXm  X\nXb bXX   X\nX   XX   X\nXXXXXXXXXX\n", "Health: 1 X: 7 Y: 17\nXXXXXXXXXX\nX   X    X\nX   XXX  X\nX        X\nX   XX   X\nXX XXXX XX\nX  \u221eXX   X\nX   XX   X\nXe       X\nX \u221e XX   X\nXX XXXX XX\nX   XX   X\nX   XX   X\nX        X\nX   XX   X\nXX XXXX XX\nX   XXm  X\nXb bXX H X\nX   XX   X\nXXXXXXXXXX\n", "Health: 1 X: 7 Y: 16\nXXXXXXXXXX\nX   X    X\nX   XXX  X\nX        X\nX   XX   X\nXX XXXX XX\nX  \u221eXX   X\nX   XX   X\nXe       X\nX \u221e XX   X\nXX XXXX XX\nX   XX   X\nX   XX   X\nX        X\nX   XX   X\nXX XXXX XX\nX   XXmH X\nXb bXX   X\nX   XX   X\nXXXXXXXXXX\n", "Health: 1 X: 7 Y: 15\nXXXXXXXXXX\nX   X    X\nX   XXX  X\nX        X\nX   XX   X\nXX XXXX XX\nX  \u221eXX   X\nX   XX   X\nXe       X\nX \u221e XX   X\nXX XXXX XX\nX   XX   X\nX   XX   X\nX        X\nX   XX   X\nXX XXXXHXX\nX   XXm  X\nXb bXX   X\nX   XX   X\nXXXXXXXXXX\n", "Health: 1 X: 7 Y: 14\nXXXXXXXXXX\nX   X    X\nX   XXX  X\nX        X\nX   XX   X\nXX XXXX XX\nX  \u221eXX   X\nX   XX   X\nXe       X\nX \u221e XX   X\nXX XXXX XX\nX   XX   X\nX   XX   X\nX        X\nX   XX H X\nXX XXXX XX\nX   XXm  X\nXb bXX   X\nX   XX   X\nXXXXXXXXXX\n", "Health: 1 X: 7 Y: 13\nXXXXXXXXXX\nX   X    X\nX   XXX  X\nX        X\nX   XX   X\nXX XXXX XX\nX  \u221eXX   X\nX   XX   X\nXe       X\nX \u221e XX   X\nXX XXXX XX\nX   XX   X\nX   XX   X\nX        X\nX   XX   X\nXX XXXX XX\nX   XX m X\nXb bXX   X\nX   XX   X\nXXXXXXXXXX\n", "Health: 1 X: 6 Y: 13\nXXXXXXXXXX\nX   X    X\nX   XXX  X\nX        X\nX   XX   X\nXX XXXX XX\nX  \u221eXX   X\nX   XX   X\nXe       X\nX \u221e XX   X\nXX XXXX XX\nX   XX   X\nX   XX   X\nX     H  X\nX   XX   X\nXX XXXXmXX\nX   XX   X\nXb bXX   X\nX   XX   X\nXXXXXXXXXX\n", "Health: 1 X: 5 Y: 13\nXXXXXXXXXX\nX   X    X\nX   XXX  X\nX        X\nX   XX   X\nXX XXXX XX\nX  \u221eXX   X\nX   XX   X\nXe       X\nX \u221e XX   X\nXX XXXX XX\nX   XX   X\nX   XX   X\nX    H   X\nX   XX m X\nXX XXXX XX\nX   XX   X\nXb bXX   X\nX   XX   X\nXXXXXXXXXX\n", "Health: 1 X: 4 Y: 13\nXXXXXXXXXX\nX   X    X\nX   XXX  X\nX        X\nX   XX   X\nXX XXXX XX\nX  \u221eXX   X\nX   XX   X\nXe       X\nX \u221e XX   X\nXX XXXX XX\nX   XX   X\nX   XX   X\nX   H    X\nX   XX   X\nXX XXXX XX\nX   XX   X\nXb bXX   X\nX   XX   X\nXXXXXXXXXX\n", "Health: 1 X: 3 Y: 13\nXXXXXXXXXX\nX   X    X\nX   XXX  X\nX        X\nX   XX   X\nXX XXXX XX\nX  \u221eXX   X\nX   XX   X\nXe       X\nX \u221e XX   X\nXX XXXX XX\nX   XX   X\nX   XX   X\nX  H  m  X\nX   XX   X\nXX XXXX XX\nXb  XX   X\nX  bXX   X\nX   XX   X\nXXXXXXXXXX\n", "Health: 1 X: 2 Y: 13\nXXXXXXXXXX\nX   X    X\nX   XXX  X\nX        X\nX   XX   X\nXX XXXX XX\nX  \u221eXX   X\nX   XX   X\nXe       X\nX \u221e XX   X\nXX XXXX XX\nX   XX   X\nX   XX   X\nX H  m   X\nX   XX   X\nXX XXXX XX\nXb  XX   X\nX  bXX   X\nX   XX   X\nXXXXXXXXXX\n", "Health: 1 X: 2 Y: 12\nXXXXXXXXXX\nX   X    X\nX   XXX  X\nX        X\nX   XX   X\nXX XXXX XX\nX  \u221eXX   X\nX   XX   X\nXe       X\nX \u221e XX   X\nXX XXXX XX\nX   XX   X\nX H XX   X\nX   m    X\nX   XX   X\nXX XXXX XX\nXb  XX   X\nX  bXX   X\nX   XX   X\nXXXXXXXXXX\n", "Health: 1 X: 2 Y: 11\nXXXXXXXXXX\nX   X    X\nX   XXX  X\nX        X\nX   XX   X\nXX XXXX XX\nX  \u221eXX   X\nX   XX   X\nXe       X\nX \u221e XX   X\nXX XXXX XX\nX H XX   X\nX   XX   X\nX  m     X\nX   XX   X\nXX XXXX XX\nXb  XX   X\nX  bXX   X\nX   XX   X\nXXXXXXXXXX\n", "Health: 1 X: 2 Y: 10\nXXXXXXXXXX\nX   X    X\nX   XXX  X\nX        X\nX   XX   X\nXX XXXX XX\nX  \u221eXX   X\nX   XX   X\nXe       X\nX \u221e XX   X\nXXHXXXX XX\nX   XX   X\nX  mXX   X\nX        X\nX   XX   X\nXX XXXX XX\nXb  XX   X\nX  bXX   X\nX   XX   X\nXXXXXXXXXX\n", "Health: 1 X: 2 Y: 9\nXXXXXXXXXX\nX   X    X\nX   XXX  X\nX        X\nX   XX   X\nXX XXXX XX\nX  \u221eXX   X\nX   XX   X\nXe       X\nX \u221e XX   X\nXX XXXX XX\nX  mXX   X\nX   XX   X\nX        X\nX   XX   X\nXX XXXX XX\nXb  XX   X\nX  bXX   X\nX   XX   X\nXXXXXXXXXX\n", "Health: 1 X: 2 Y: 8\nXXXXXXXXXX\nX   X    X\nX   XXX  X\nX        X\nX   XX   X\nXX XXXX XX\nX  \u221eXX   X\nX   XX   X\nXeH      X\nX \u221e XX   X\nXX XXXX XX\nX m XX   X\nX   XX   X\nX        X\nX   XX   X\nXX XXXX XX\nXb  XX   X\nX  bXX   X\nX   XX   X\nXXXXXXXXXX\n", "Health: 1 X: 1 Y: 8\nXXXXXXXXXX\nX   X    X\nX   XXX  X\nX        X\nX   XX   X\nXX XXXX XX\nX  \u221eXX   X\nX   XX   X\nXe       X\nX \u221e XX   X\nXXmXXXX XX\nX   XX   X\nX   XX   X\nX        X\nX   XX   X\nXX XXXX XX\nXb  XX   X\nX  bXX   X\nX   XX   X\nXXXXXXXXXX\n"], "map_number": 101}, {"mechanics": [{"timestep": 1, "mechanic": "BlobHit"}, {"timestep": 9, "mechanic": "GoblinMeleeHit"}, {"timestep": 12, "mechanic": "GoblinMeleeHit"}, {"timestep": 16, "mechanic": "CollectTreasure"}, {"timestep": 22, "mechanic": "CollectTreasure"}, {"timestep": 22, "mechanic": "GoblinRangedHit"}, {"timestep": 23, "mechanic": "CollectTreasure"}, {"timestep": 23, "mechanic": "GoblinRangedHit"}, {"timestep": 24, "mechanic": "JavelinThrow"}, {"timestep": 30, "mechanic": "CollectTreasure"}, {"timestep": 37, "mechanic": "TriggerTrap"}, {"timestep": 39, "mechanic": "CollectTreasure"}, {"timestep": 40, "mechanic": "CollectTreasure"}, {"timestep": 41, "mechanic": "CollectTreasure"}, {"timestep": 42, "mechanic": "CollectTreasure"}, {"timestep": 47, "mechanic": "MinitaurHit"}, {"timestep": 47, "mechanic": "TriggerTrap"}, {"timestep": 48, "mechanic": "MinitaurHit"}, {"timestep": 53, "mechanic": "CollectPotion"}, {"timestep": 56, "mechanic": "OgreHit"}, {"timestep": 56, "mechanic": "OgreHit"}, {"timestep": 59, "mechanic": "CollectPotion"}, {"timestep": 66, "mechanic": "UsePortal"}, {"timestep": 70, "mechanic": "UsePortal"}, {"timestep": 74, "mechanic": "ReachStairs"}], "frequencies": {"BlobHit": 1, "GoblinMeleeHit": 2, "CollectTreasure": 8, "GoblinRangedHit": 2, "JavelinThrow": 1, "TriggerTrap": 2, "MinitaurHit": 2, "CollectPotion": 2, "OgreHit": 2, "UsePortal": 2, "ReachStairs": 1}, "levelReport": {"utilityGained": 0.0, "exitUtility": 1.0, "runnerUtility": 0.25, "loitererUtility": 75.0, "completionistUtility": 0.961111111111111, "monsterKillerUtility": 0.8833333333333333, "treasureCollectorUtility": 1.0, "turnsTaken": 75, "health": 3, "healthLost": 11, "alive": true, "javelinsThrown": 1, "monsterKills": 5, "minitaurKnockouts": 2, "treasuresCollected": 8, "potionsTaken": 2, "totalMonsters": 7, "totalTreasures": 8, "totalPotions": 2, "timeTaken": 0.0}, "positions": [{"X": 7, "Y": 3}, {"X": 6, "Y": 3}, {"X": 5, "Y": 3}, {"X": 4, "Y": 3}, {"X": 3, "Y": 3}, {"X": 2, "Y": 3}, {"X": 1, "Y": 3}, {"X": 1, "Y": 4}, {"X": 1, "Y": 5}, {"X": 1, "Y": 6}, {"X": 1, "Y": 7}, {"X": 1, "Y": 8}, {"X": 1, "Y": 9}, {"X": 1, "Y": 10}, {"X": 1, "Y": 11}, {"X": 1, "Y": 12}, {"X": 1, "Y": 13}, {"X": 1, "Y": 14}, {"X": 1, "Y": 15}, {"X": 1, "Y": 16}, {"X": 2, "Y": 16}, {"X": 3, "Y": 16}, {"X": 4, "Y": 16}, {"X": 5, "Y": 16}, {"X": 5, "Y": 16}, {"X": 6, "Y": 16}, {"X": 7, "Y": 16}, {"X": 8, "Y": 16}, {"X": 8, "Y": 15}, {"X": 8, "Y": 14}, {"X": 8, "Y": 13}, {"X": 8, "Y": 12}, {"X": 8, "Y": 11}, {"X": 8, "Y": 10}, {"X": 8, "Y": 9}, {"X": 8, "Y": 8}, {"X": 8, "Y": 7}, {"X": 8, "Y": 6}, {"X": 7, "Y": 6}, {"X": 6, "Y": 6}, {"X": 6, "Y": 7}, {"X": 6, "Y": 8}, {"X": 6, "Y": 9}, {"X": 6, "Y": 8}, {"X": 6, "Y": 7}, {"X": 6, "Y": 6}, {"X": 7, "Y": 6}, {"X": 8, "Y": 6}, {"X": 8, "Y": 7}, {"X": 8, "Y": 8}, {"X": 8, "Y": 9}, {"X": 8, "Y": 10}, {"X": 8, "Y": 11}, {"X": 7, "Y": 11}, {"X": 6, "Y": 11}, {"X": 5, "Y": 11}, {"X": 5, "Y": 11}, {"X": 4, "Y": 11}, {"X": 3, "Y": 11}, {"X": 2, "Y": 11}, {"X": 1, "Y": 11}, {"X": 1, "Y": 12}, {"X": 1, "Y": 13}, {"X": 1, "Y": 14}, {"X": 1, "Y": 15}, {"X": 1, "Y": 16}, {"X": 3, "Y": 1}, {"X": 4, "Y": 1}, {"X": 5, "Y": 1}, {"X": 4, "Y": 1}, {"X": 1, "Y": 17}, {"X": 2, "Y": 17}, {"X": 3, "Y": 17}, {"X": 4, "Y": 17}, {"X": 5, "Y": 17}], "levelStates": ["Health: 10 X: 7 Y: 3\nXXXXXXXXXX\nXXXT m   X\nXXXXXXXX X\nX     bH X\nX XX XXXXX\nX XX XXXXX\nX MX XT tX\nX XX XTX X\nX XX XTX X\nX MX XTX X\nX XX XXX X\nX P o  P X\nX XXXXXX X\nXTX RR XTX\nX X    X X\nX XX  XX X\nX   TT   X\nXT   e   X\nXXXXXXXXXX\n", "Health: 10 X: 6 Y: 3\nXXXXXXXXXX\nXXXT  m  X\nXXXXXXXX X\nX     \u221e  X\nX XX XXXXX\nX XX XXXXX\nX MX XT tX\nX XX XTX X\nX XX XTX X\nX MX XTX X\nX XX XXX X\nX P o  P X\nX XXXXXX X\nXTX RR XTX\nX X    X X\nX XX  XX X\nX   TT   X\nXT   e   X\nXXXXXXXXXX\n", "Health: 10 X: 5 Y: 3\nXXXXXXXXXX\nXXXT   m X\nXXXXXXXX X\nX    H\u221e  X\nX XX XXXXX\nX XX XXXXX\nX MX XT tX\nX XX XTX X\nX XX XTX X\nX MX XTX X\nX XX XXX X\nX P o  P X\nX XXXXXX X\nXTX RR XTX\nX X    X X\nX XX  XX X\nX   TT   X\nXT   e   X\nXXXXXXXXXX\n", "Health: 10 X: 4 Y: 3\nXXXXXXXXXX\nXXXT    mX\nXXXXXXXX X\nX   H \u221e  X\nX XX XXXXX\nX XX XXXXX\nX MX XT tX\nX XX XTX X\nX XX XTX X\nX MX XTX X\nX XXoXXX X\nX P    P X\nX XXXXXX X\nXTX RR XTX\nX X    X X\nX XX  XX X\nX   TT   X\nXT   e   X\nXXXXXXXXXX\n", "Health: 10 X: 3 Y: 3\nXXXXXXXXXX\nXXXT     X\nXXXXXXXXmX\nX  H  \u221e  X\nX XX XXXXX\nX XX XXXXX\nX MX XT tX\nX XX XTX X\nX XX XTX X\nX MX XTX X\nX XXoXXX X\nX P    P X\nX XXXXXX X\nXTX RR XTX\nX X    X X\nX XX  XX X\nX   TT   X\nXT   e   X\nXXXXXXXXXX\n", "Health: 10 X: 2 Y: 3\nXXXXXXXXXX\nXXXT     X\nXXXXXXXX X\nX H   \u221e mX\nX XX XXXXX\nX XX XXXXX\nX MX XT tX\nX XX XTX X\nX XX XTX X\nX MX XTX X\nX XXoXXX X\nX P    P X\nX XXXXXX X\nXTX RR XTX\nX X    X X\nX XX  XX X\nX   TT   X\nXT   e   X\nXXXXXXXXXX\n", "Health: 10 X: 1 Y: 3\nXXXXXXXXXX\nXXXT     X\nXXXXXXXX X\nXH    \u221em X\nX XX XXXXX\nX XX XXXXX\nX MX XT tX\nX XX XTX X\nX XX XTX X\nX MX XTX X\nX XXoXXX X\nX P    P X\nX XXXXXX X\nXTX RR XTX\nX X    X X\nX XX  XX X\nX   TT   X\nXT   e   X\nXXXXXXXXXX\n", "Health: 10 X: 1 Y: 4\nXXXXXXXXXX\nXXXT     X\nXXXXXXXX X\nX     \u221e  X\nXHXX XXXXX\nX XX XXXXX\nX MX XT tX\nX XX XTX X\nX XX XTX X\nX MX XTX X\nX XXoXXX X\nX P    P X\nX XXXXXX X\nXTX RR XTX\nX X    X X\nX XX  XX X\nX   TT   X\nXT   e   X\nXXXXXXXXXX\n", "Health: 10 X: 1 Y: 5\nXXXXXXXXXX\nXXXT     X\nXXXXXXXX X\nX    m\u221e  X\nX XX XXXXX\nXHXX XXXXX\nX MX XT tX\nX XX XTX X\nX XX XTX X\nX MX XTX X\nX XXoXXX X\nX P    P X\nX XXXXXX X\nXTX RR XTX\nX X    X X\nX XX  XX X\nX   TT   X\nXT   e   X\nXXXXXXXXXX\n", "Health: 9 X: 1 Y: 6\nXXXXXXXXXX\nXXXT     X\nXXXXXXXX X\nX   m \u221e  X\nX XX XXXXX\nX XX XXXXX\nXH\u221eX XT tX\nX XX XTX X\nX XX XTX X\nX MX XTX X\nX XXoXXX X\nX P    P X\nX XXXXXX X\nXTX RR XTX\nX X    X X\nX XX  XX X\nX   TT   X\nXT   e   X\nXXXXXXXXXX\n", "Health: 9 X: 1 Y: 7\nXXXXXXXXXX\nXXXT     X\nXXXXXXXX X\nX  m  \u221e  X\nX XX XXXXX\nX XX XXXXX\nX \u221eX XT tX\nXHXX XTX X\nX XX XTX X\nX MX XTX X\nX XXoXXX X\nX P    P X\nX XXXXXX X\nXTX RR XTX\nX X    X X\nX XX  XX X\nX   TT   X\nXT   e   X\nXXXXXXXXXX\n", "Health: 9 X: 1 Y: 8\nXXXXXXXXXX\nXXXT     X\nXXXXXXXX X\nX m   \u221e  X\nX XX XXXXX\nX XX XXXXX\nX \u221eX XT tX\nX XX XTX X\nXHXX XTX X\nX MX XTX X\nX XXoXXX X\nX P    P X\nX XXXXXX X\nXTX RR XTX\nX X    X X\nX XX  XX X\nX   TT   X\nXT   e   X\nXXXXXXXXXX\n", "Health: 8 X: 1 Y: 9\nXXXXXXXXXX\nXXXT     X\nXXXXXXXX X\nXm    \u221e  X\nX XX XXXXX\nX XX XXXXX\nX \u221eX XT tX\nX XX XTX X\nX XX XTX X\nXH\u221eX XTX X\nX XXoXXX X\nX P    P X\nX XXXXXX X\nXTX RR XTX\nX X    X X\nX XX  XX X\nX   TT   X\nXT   e   X\nXXXXXXXXXX\n", "Health: 8 X: 1 Y: 10\nXXXXXXXXXX\nXXXT     X\nXXXXXXXX X\nX     \u221e  X\nXmXX XXXXX\nX XX XXXXX\nX \u221eX XT tX\nX XX XTX X\nX XX XTX X\nX \u221eX XTX X\nXHXXoXXX X\nX P    P X\nX XXXXXX X\nXTX RR XTX\nX X    X X\nX XX  XX X\nX   TT   X\nXT   e   X\nXXXXXXXXXX\n", "Health: 8 X: 1 Y: 11\nXXXXXXXXXX\nXXXT     X\nXXXXXXXX X\nX     \u221e  X\nX XX XXXXX\nXmXX XXXXX\nX \u221eX XT tX\nX XX XTX X\nX XX XTX X\nX \u221eX XTX X\nX XXoXXX X\nXHP    P X\nX XXXXXX X\nXTX RR XTX\nX X    X X\nX XX  XX X\nX   TT   X\nXT   e   X\nXXXXXXXXXX\n", "Health: 8 X: 1 Y: 12\nXXXXXXXXXX\nXXXT     X\nXXXXXXXX X\nX     \u221e  X\nX XX XXXXX\nX XX XXXXX\nXm\u221eX XT tX\nX XX XTX X\nX XX XTX X\nX \u221eX XTX X\nX XXoXXX X\nX P    P X\nXHXXXXXX X\nXTX RR XTX\nX X    X X\nX XX  XX X\nX   TT   X\nXT   e   X\nXXXXXXXXXX\n", "Health: 8 X: 1 Y: 13\nXXXXXXXXXX\nXXXT     X\nXXXXXXXX X\nX     \u221e  X\nX XX XXXXX\nX XX XXXXX\nX \u221eX XT tX\nXmXX XTX X\nX XX XTX X\nX \u221eX XTX X\nX XXoXXX X\nX P    P X\nX XXXXXX X\nX X RR XTX\nX X    X X\nX XX  XX X\nX   TT   X\nXT   e   X\nXXXXXXXXXX\n", "Health: 8 X: 1 Y: 14\nXXXXXXXXXX\nXXXT     X\nXXXXXXXX X\nX     \u221e  X\nX XX XXXXX\nX XX XXXXX\nX \u221eX XT tX\nX XX XTX X\nXmXX XTX X\nX \u221eX XTX X\nX XXoXXX X\nX P    P X\nX XXXXXX X\nX X RR XTX\nXHX    X X\nX XX  XX X\nX   TT   X\nXT   e   X\nXXXXXXXXXX\n", "Health: 8 X: 1 Y: 15\nXXXXXXXXXX\nXXXT     X\nXXXXXXXX X\nX     \u221e  X\nX XX XXXXX\nX XX XXXXX\nX \u221eX XT tX\nX XX XTX X\nX XX XTX X\nXm\u221eX XTX X\nX XXoXXX X\nX P    P X\nX XXXXXX X\nX X RR XTX\nX X    X X\nXHXX  XX X\nX   TT   X\nXT   e   X\nXXXXXXXXXX\n", "Health: 8 X: 1 Y: 16\nXXXXXXXXXX\nXXXT     X\nXXXXXXXX X\nX     \u221e  X\nX XX XXXXX\nX XX XXXXX\nX \u221eX XT tX\nX XX XTX X\nX XX XTX X\nX \u221eX XTX X\nXmXXoXXX X\nX P    P X\nX XXXXXX X\nX X RR XTX\nX X    X X\nX XX  XX X\nXH  TT   X\nXT   e   X\nXXXXXXXXXX\n", "Health: 8 X: 2 Y: 16\nXXXXXXXXXX\nXXXT     X\nXXXXXXXX X\nX     \u221e  X\nX XX XXXXX\nX XX XXXXX\nX \u221eX XT tX\nX XX XTX X\nX XX XTX X\nX \u221eX XTX X\nX XXoXXX X\nXmP    P X\nX XXXXXX X\nX X RR XTX\nX X    X X\nX XX  XX X\nX H TT   X\nXT   e   X\nXXXXXXXXXX\n", "Health: 8 X: 3 Y: 16\nXXXXXXXXXX\nXXXT     X\nXXXXXXXX X\nX     \u221e  X\nX XX XXXXX\nX XX XXXXX\nX \u221eX XT tX\nX XX XTX X\nX XX XTX X\nX \u221eX XTX X\nX XXoXXX X\nX P    P X\nXmXXXXXX X\nX X RR XTX\nX X    X X\nX XX  XX X\nX  HTT   X\nXT   e   X\nXXXXXXXXXX\n", "Health: 7 X: 4 Y: 16\nXXXXXXXXXX\nXXXT     X\nXXXXXXXX X\nX     \u221e  X\nX XX XXXXX\nX XX XXXXX\nX \u221eX XT tX\nX XX XTX X\nX XX XTX X\nX \u221eX XTX X\nX XXoXXX X\nX P    P X\nX XXXXXX X\nX X RR XTX\nX X    X X\nX XX  XX X\nX    T   X\nXT   e   X\nXXXXXXXXXX\n", "Health: 6 X: 5 Y: 16\nXXXXXXXXXX\nXXXT     X\nXXXXXXXX X\nX     \u221e  X\nX XX XXXXX\nX XX XXXXX\nX \u221eX XT tX\nX XX XTX X\nX XX XTX X\nX \u221eX XTX X\nX XXoXXX X\nX P    P X\nX XXXXXX X\nX X RR XTX\nXmX    X X\nX XX  XX X\nX        X\nXT   e   X\nXXXXXXXXXX\n", "Health: 6 X: 5 Y: 16\nXXXXXXXXXX\nXXXT     X\nXXXXXXXX X\nX     \u221e  X\nX XX XXXXX\nX XX XXXXX\nX \u221eX XT tX\nX XX XTX X\nX XX XTX X\nX \u221eX XTX X\nX XXoXXX X\nX P    P X\nX XXXXXX X\nX X  \u221e XTX\nX X    X X\nXmXX  XX X\nX        X\nXT   e   X\nXXXXXXXXXX\n", "Health: 6 X: 6 Y: 16\nXXXXXXXXXX\nXXXT     X\nXXXXXXXX X\nX     \u221e  X\nX XX XXXXX\nX XX XXXXX\nX \u221eX XT tX\nX XX XTX X\nX XX XTX X\nX \u221eX XTX X\nX XXoXXX X\nX P    P X\nX XXXXXX X\nX X  \u221e XTX\nX X    X X\nX XX  XX X\nXm    H  X\nXT   e   X\nXXXXXXXXXX\n", "Health: 6 X: 7 Y: 16\nXXXXXXXXXX\nXXXT     X\nXXXXXXXX X\nX     \u221e  X\nX XX XXXXX\nX XX XXXXX\nX \u221eX XT tX\nX XX XTX X\nX XX XTX X\nX \u221eX XTX X\nX XXoXXX X\nX P    P X\nX XXXXXX X\nX X  \u221e XTX\nX X    X X\nX XX  XX X\nX m    H X\nXT   e   X\nXXXXXXXXXX\n", "Health: 6 X: 8 Y: 16\nXXXXXXXXXX\nXXXT     X\nXXXXXXXX X\nX     \u221e  X\nX XX XXXXX\nX XX XXXXX\nX \u221eX XT tX\nX XX XTX X\nX XX XTX X\nX \u221eX XTX X\nX XXoXXX X\nX P    P X\nX XXXXXX X\nX X  \u221e XTX\nX X    X X\nX XX  XX X\nX  m    HX\nXT   e   X\nXXXXXXXXXX\n", "Health: 6 X: 8 Y: 15\nXXXXXXXXXX\nXXXT     X\nXXXXXXXX X\nX     \u221e  X\nX XX XXXXX\nX XX XXXXX\nX \u221eX XT tX\nX XX XTX X\nX XX XTX X\nX \u221eX XTX X\nX XXoXXX X\nX P    P X\nX XXXXXX X\nX X  \u221e XTX\nX X    X X\nX XX  XXHX\nX        X\nXT   e   X\nXXXXXXXXXX\n", "Health: 6 X: 8 Y: 14\nXXXXXXXXXX\nXXXT     X\nXXXXXXXX X\nX     \u221e  X\nX XX XXXXX\nX XX XXXXX\nX \u221eX XT tX\nX XX XTX X\nX XX XTX X\nX \u221eX XTX X\nX XXoXXX X\nX P    P X\nX XXXXXX X\nX X  \u221e XTX\nX X    XHX\nX XX  XX X\nX        X\nXT   e   X\nXXXXXXXXXX\n", "Health: 6 X: 8 Y: 13\nXXXXXXXXXX\nXXXT     X\nXXXXXXXX X\nX     \u221e  X\nX XX XXXXX\nX XX XXXXX\nX \u221eX XT tX\nX XX XTX X\nX XX XTX X\nX \u221eX XTX X\nX XXoXXX X\nX P    P X\nX XXXXXX X\nX X  \u221e X X\nX X    X X\nX XX  XX X\nX     m  X\nXT   e   X\nXXXXXXXXXX\n", "Health: 6 X: 8 Y: 12\nXXXXXXXXXX\nXXXT     X\nXXXXXXXX X\nX     \u221e  X\nX XX XXXXX\nX XX XXXXX\nX \u221eX XT tX\nX XX XTX X\nX XX XTX X\nX \u221eX XTX X\nX XXoXXX X\nX P    P X\nX XXXXXXHX\nX X  \u221e X X\nX X    X X\nX XX  XX X\nX      m X\nXT   e   X\nXXXXXXXXXX\n", "Health: 6 X: 8 Y: 11\nXXXXXXXXXX\nXXXT     X\nXXXXXXXX X\nX     \u221e  X\nX XX XXXXX\nX XX XXXXX\nX \u221eX XT tX\nX XX XTX X\nX XX XTX X\nX \u221eX XTX X\nX XXoXXX X\nX P    PHX\nX XXXXXX X\nX X  \u221e X X\nX X    X X\nX XX  XX X\nX       mX\nXT   e   X\nXXXXXXXXXX\n", "Health: 6 X: 8 Y: 10\nXXXXXXXXXX\nXXXT     X\nXXXXXXXX X\nX     \u221e  X\nX XX XXXXX\nX XX XXXXX\nX \u221eX XT tX\nX XX XTX X\nX XX XTX X\nX \u221eX XTX X\nX XXoXXXHX\nX P    P X\nX XXXXXX X\nX X  \u221e X X\nX X    X X\nX XX  XXmX\nX        X\nXT   e   X\nXXXXXXXXXX\n", "Health: 6 X: 8 Y: 9\nXXXXXXXXXX\nXXXT     X\nXXXXXXXX X\nX     \u221e  X\nX XX XXXXX\nX XX XXXXX\nX \u221eX XT tX\nX XX XTX X\nX XX XTX X\nX \u221eX XTXHX\nX XXoXXX X\nX P    P X\nX XXXXXX X\nX X  \u221e X X\nX X    XmX\nX XX  XX X\nX        X\nXT   e   X\nXXXXXXXXXX\n", "Health: 6 X: 8 Y: 8\nXXXXXXXXXX\nXXXT     X\nXXXXXXXX X\nX     \u221e  X\nX XX XXXXX\nX XX XXXXX\nX \u221eX XT tX\nX XX XTX X\nX XX XTXHX\nX \u221eX XTX X\nX XXoXXX X\nX P    P X\nX XXXXXX X\nX X  \u221e X X\nX X    X X\nX XX  XX X\nX        X\nXT   e   X\nXXXXXXXXXX\n", "Health: 6 X: 8 Y: 7\nXXXXXXXXXX\nXXXT     X\nXXXXXXXX X\nX     \u221e  X\nX XX XXXXX\nX XX XXXXX\nX \u221eX XT tX\nX XX XTXHX\nX XX XTX X\nX \u221eX XTX X\nX XXoXXX X\nX P    P X\nX XXXXXXmX\nX X  \u221e X X\nX X    X X\nX XX  XX X\nX        X\nXT   e   X\nXXXXXXXXXX\n", "Health: 5 X: 8 Y: 6\nXXXXXXXXXX\nXXXT     X\nXXXXXXXX X\nX     \u221e  X\nX XX XXXXX\nX XX XXXXX\nX \u221eX XT tX\nX XX XTX X\nX XX XTX X\nX \u221eX XTX X\nX XXoXXX X\nX P    PmX\nX XXXXXX X\nX X  \u221e X X\nX X    X X\nX XX  XX X\nX        X\nXT   e   X\nXXXXXXXXXX\n", "Health: 5 X: 7 Y: 6\nXXXXXXXXXX\nXXXT     X\nXXXXXXXX X\nX     \u221e  X\nX XX XXXXX\nX XX XXXXX\nX \u221eX XTHtX\nX XX XTX X\nX XX XTX X\nX \u221eX XTX X\nX XXoXXXmX\nX P    P X\nX XXXXXX X\nX X  \u221e X X\nX X    X X\nX XX  XX X\nX        X\nXT   e   X\nXXXXXXXXXX\n", "Health: 5 X: 6 Y: 6\nXXXXXXXXXX\nXXXT     X\nXXXXXXXX X\nX     \u221e  X\nX XX XXXXX\nX XX XXXXX\nX \u221eX X  tX\nX XX XTX X\nX XX XTX X\nX \u221eX XTXmX\nX XXoXXX X\nX P    P X\nX XXXXXX X\nX X  \u221e X X\nX X    X X\nX XX  XX X\nX        X\nXT   e   X\nXXXXXXXXXX\n", "Health: 5 X: 6 Y: 7\nXXXXXXXXXX\nXXXT     X\nXXXXXXXX X\nX     \u221e  X\nX XX XXXXX\nX XX XXXXX\nX \u221eX X  tX\nX XX X X X\nX XX XTXmX\nX \u221eX XTX X\nX XXoXXX X\nX P    P X\nX XXXXXX X\nX X  \u221e X X\nX X    X X\nX XX  XX X\nX        X\nXT   e   X\nXXXXXXXXXX\n", "Health: 5 X: 6 Y: 8\nXXXXXXXXXX\nXXXT     X\nXXXXXXXX X\nX     \u221e  X\nX XX XXXXX\nX XX XXXXX\nX \u221eX X  tX\nX XX X XmX\nX XX X X X\nX \u221eX XTX X\nX XXoXXX X\nX P    P X\nX XXXXXX X\nX X  \u221e X X\nX X    X X\nX XX  XX X\nX        X\nXT   e   X\nXXXXXXXXXX\n", "Health: 5 X: 6 Y: 9\nXXXXXXXXXX\nXXXT     X\nXXXXXXXX X\nX     \u221e  X\nX XX XXXXX\nX XX XXXXX\nX \u221eX X  tX\nX XX X X X\nX XX X X X\nX \u221eX X X X\nX XXoXXX X\nX P    P X\nX XXXXXX X\nX X  \u221e X X\nX X    X X\nX XX  XX X\nX        X\nXT   e   X\nXXXXXXXXXX\n", "Health: 5 X: 6 Y: 8\nXXXXXXXXXX\nXXXT     X\nXXXXXXXX X\nX     \u221e  X\nX XX XXXXX\nX XX XXXXX\nX \u221eX X  tX\nX XX X X X\nX XX X X X\nX \u221eX X X X\nX XXoXXX X\nX P    P X\nX XXXXXX X\nX X  \u221e X X\nX X    X X\nX XX  XX X\nX        X\nXT   e   X\nXXXXXXXXXX\n", "Health: 5 X: 6 Y: 7\nXXXXXXXXXX\nXXXT     X\nXXXXXXXX X\nX     \u221e  X\nX XX XXXXX\nX XX XXXXX\nX \u221eX X  tX\nX XX X X X\nX XX X X X\nX \u221eX X X X\nX XXoXXX X\nX P    P X\nX XXXXXX X\nX X  \u221e X X\nX X    X X\nX XX  XX X\nX        X\nXT   e   X\nXXXXXXXXXX\n", "Health: 5 X: 6 Y: 6\nXXXXXXXXXX\nXXXT     X\nXXXXXXXX X\nX     \u221e  X\nX XX XXXXX\nX XX XXXXX\nX \u221eX X  tX\nX XX X X X\nX XX X X X\nX \u221eX X X X\nX XXoXXX X\nX P    P X\nX XXXXXX X\nX X  \u221e X X\nX X    X X\nX XX  XX X\nX        X\nXT   e   X\nXXXXXXXXXX\n", "Health: 5 X: 7 Y: 6\nXXXXXXXXXX\nXXXT     X\nXXXXXXXX X\nX     \u221e  X\nX XX XXXXX\nX XX XXXXX\nX \u221eX X HtX\nX XX X X X\nX XX X X X\nX \u221eX X X X\nX XXoXXX X\nX P    P X\nX XXXXXX X\nX X  \u221e X X\nX X    X X\nX XX  XX X\nX        X\nXT   e   X\nXXXXXXXXXX\n", "Health: 4 X: 8 Y: 6\nXXXXXXXXXX\nXXXT     X\nXXXXXXXX X\nX     \u221e  X\nX XX XXXXX\nX XX XXXXX\nX \u221eX X  tX\nX XX X X X\nX XX X X X\nX \u221eX X X X\nX XXoXXX X\nX P    P X\nX XXXXXX X\nX X  \u221e X X\nX X    X X\nX XX  XX X\nX        X\nXT   e   X\nXXXXXXXXXX\n", "Health: 3 X: 8 Y: 7\nXXXXXXXXXX\nXXXT     X\nXXXXXXXX X\nX     \u221e  X\nX XX XXXXX\nX XX XXXXX\nX \u221eX X  tX\nX XX X XHX\nX XX X X X\nX \u221eX X X X\nX XXoXXX X\nX P    P X\nX XXXXXX X\nX X  \u221e X X\nX X    X X\nX XX  XX X\nX        X\nXT   e   X\nXXXXXXXXXX\n", "Health: 3 X: 8 Y: 8\nXXXXXXXXXX\nXXXT     X\nXXXXXXXX X\nX     \u221e  X\nX XX XXXXX\nX XX XXXXX\nX \u221eX X  tX\nX XX X X X\nX XX X XHX\nX \u221eX X X X\nX XXoXXX X\nX P    P X\nX XXXXXX X\nX X  \u221e X X\nX X    X X\nX XX  XX X\nX        X\nXT   e   X\nXXXXXXXXXX\n", "Health: 3 X: 8 Y: 9\nXXXXXXXXXX\nXXXT     X\nXXXXXXXX X\nX     \u221e  X\nX XX XXXXX\nX XX XXXXX\nX \u221eX X  tX\nX XX X X X\nX XX X X X\nX \u221eX X XHX\nX XXoXXX X\nX P    P X\nX XXXXXX X\nX X  \u221e X X\nX X    X X\nX XX  XX X\nX        X\nXT   e   X\nXXXXXXXXXX\n", "Health: 3 X: 8 Y: 10\nXXXXXXXXXX\nXXXT     X\nXXXXXXXX X\nX     \u221e  X\nX XX XXXXX\nX XX XXXXX\nX \u221eX X  tX\nX XX X X X\nX XX X X X\nX \u221eX X X X\nX XXoXXXHX\nX P    P X\nX XXXXXX X\nX X  \u221e X X\nX X    X X\nX XX  XX X\nX        X\nXT   e   X\nXXXXXXXXXX\n", "Health: 3 X: 8 Y: 11\nXXXXXXXXXX\nXXXT     X\nXXXXXXXX X\nX     \u221e  X\nX XX XXXXX\nX XX XXXXX\nX \u221eX X  tX\nX XX X X X\nX XX X X X\nX \u221eX X X X\nX XXoXXX X\nX P    PHX\nX XXXXXX X\nX X  \u221e X X\nX X    X X\nX XX  XX X\nX        X\nXT   e   X\nXXXXXXXXXX\n", "Health: 5 X: 7 Y: 11\nXXXXXXXXXX\nXXXT     X\nXXXXXXXX X\nX     \u221e  X\nX XX XXXXX\nX XX XXXXX\nX \u221eX X  tX\nX XX X X X\nX XX X X X\nX \u221eX X X X\nX XXoXXX X\nX P      X\nX XXXXXX X\nX X  \u221e X X\nX X    X X\nX XX  XX X\nX        X\nXT   e   X\nXXXXXXXXXX\n", "Health: 5 X: 6 Y: 11\nXXXXXXXXXX\nXXXT     X\nXXXXXXXX X\nX     \u221e  X\nX XX XXXXX\nX XX XXXXX\nX \u221eX X  tX\nX XX X XmX\nX XX X X X\nX \u221eX X X X\nX XXoXXX X\nX P   H  X\nX XXXXXX X\nX X  \u221e X X\nX X    X X\nX XX  XX X\nX        X\nXT   e   X\nXXXXXXXXXX\n", "Health: 5 X: 5 Y: 11\nXXXXXXXXXX\nXXXT     X\nXXXXXXXX X\nX     \u221e  X\nX XX XXXXX\nX XX XXXXX\nX \u221eX X  tX\nX XX X X X\nX XX X XmX\nX \u221eX X X X\nX XX XXX X\nX P oH   X\nX XXXXXX X\nX X  \u221e X X\nX X    X X\nX XX  XX X\nX        X\nXT   e   X\nXXXXXXXXXX\n", "Health: 1 X: 5 Y: 11\nXXXXXXXXXX\nXXXT     X\nXXXXXXXX X\nX     \u221e  X\nX XX XXXXX\nX XX XXXXX\nX \u221eX X  tX\nX XX X X X\nX XX X X X\nX \u221eX X XmX\nX XX XXX X\nX P \u221eH   X\nX XXXXXX X\nX X  \u221e X X\nX X    X X\nX XX  XX X\nX        X\nXT   e   X\nXXXXXXXXXX\n", "Health: 1 X: 4 Y: 11\nXXXXXXXXXX\nXXXT     X\nXXXXXXXX X\nX     \u221e  X\nX XX XXXXX\nX XX XXXXX\nX \u221eX X  tX\nX XX X X X\nX XX X X X\nX \u221eX X X X\nX XX XXXmX\nX P \u221e    X\nX XXXXXX X\nX X  \u221e X X\nX X    X X\nX XX  XX X\nX        X\nXT   e   X\nXXXXXXXXXX\n", "Health: 1 X: 3 Y: 11\nXXXXXXXXXX\nXXXT     X\nXXXXXXXX X\nX     \u221e  X\nX XX XXXXX\nX XX XXXXX\nX \u221eX X  tX\nX XX X X X\nX XX X X X\nX \u221eX X X X\nX XX XXX X\nX PH\u221e   mX\nX XXXXXX X\nX X  \u221e X X\nX X    X X\nX XX  XX X\nX        X\nXT   e   X\nXXXXXXXXXX\n", "Health: 3 X: 2 Y: 11\nXXXXXXXXXX\nXXXT     X\nXXXXXXXX X\nX     \u221e  X\nX XX XXXXX\nX XX XXXXX\nX \u221eX X  tX\nX XX X X X\nX XX X X X\nX \u221eX X X X\nX XX XXX X\nX   \u221e    X\nX XXXXXX X\nX X  \u221e X X\nX X    X X\nX XX  XX X\nX        X\nXT   e   X\nXXXXXXXXXX\n", "Health: 3 X: 1 Y: 11\nXXXXXXXXXX\nXXXT     X\nXXXXXXXX X\nX     \u221e  X\nX XX XXXXX\nX XX XXXXX\nX \u221eX X  tX\nX XX X X X\nX XX X X X\nX \u221eX X X X\nX XX XXX X\nXH  \u221e m  X\nX XXXXXX X\nX X  \u221e X X\nX X    X X\nX XX  XX X\nX        X\nXT   e   X\nXXXXXXXXXX\n", "Health: 3 X: 1 Y: 12\nXXXXXXXXXX\nXXXT     X\nXXXXXXXX X\nX     \u221e  X\nX XX XXXXX\nX XX XXXXX\nX \u221eX X  tX\nX XX X X X\nX XX X X X\nX \u221eX X X X\nX XX XXX X\nX   \u221em   X\nXHXXXXXX X\nX X  \u221e X X\nX X    X X\nX XX  XX X\nX        X\nXT   e   X\nXXXXXXXXXX\n", "Health: 3 X: 1 Y: 13\nXXXXXXXXXX\nXXXT     X\nXXXXXXXX X\nX     \u221e  X\nX XX XXXXX\nX XX XXXXX\nX \u221eX X  tX\nX XX X X X\nX XX X X X\nX \u221eX X X X\nX XX XXX X\nX   \u221e    X\nX XXXXXX X\nX X  \u221e X X\nX X    X X\nX XX  XX X\nX        X\nXT   e   X\nXXXXXXXXXX\n", "Health: 3 X: 1 Y: 14\nXXXXXXXXXX\nXXXT     X\nXXXXXXXX X\nX     \u221e  X\nX XX XXXXX\nX XX XXXXX\nX \u221eX X  tX\nX XX X X X\nX XX X X X\nX \u221eX X X X\nX XX XXX X\nX  m\u221e    X\nX XXXXXX X\nX X  \u221e X X\nXHX    X X\nX XX  XX X\nX        X\nXT   e   X\nXXXXXXXXXX\n", "Health: 3 X: 1 Y: 15\nXXXXXXXXXX\nXXXT     X\nXXXXXXXX X\nX     \u221e  X\nX XX XXXXX\nX XX XXXXX\nX \u221eX X  tX\nX XX X X X\nX XX X X X\nX \u221eX X X X\nX XX XXX X\nX   \u221e    X\nX XXXXXX X\nX X  \u221e X X\nX X    X X\nXHXX  XX X\nX        X\nXT   e   X\nXXXXXXXXXX\n", "Health: 3 X: 1 Y: 16\nXXXXXXXXXX\nXXXT     X\nXXXXXXXX X\nX     \u221e  X\nX XX XXXXX\nX XX XXXXX\nX \u221eX X  tX\nX XX X X X\nX XX X X X\nX \u221eX X X X\nX XX XXX X\nXm  \u221e    X\nX XXXXXX X\nX X  \u221e X X\nX X    X X\nX XX  XX X\nXH       X\nXT   e   X\nXXXXXXXXXX\n", "Health: 3 X: 3 Y: 1\nXXXXXXXXXX\nXXXT     X\nXXXXXXXX X\nX     \u221e  X\nX XX XXXXX\nX XX XXXXX\nX \u221eX X  tX\nX XX X X X\nX XX X X X\nX \u221eX X X X\nXmXX XXX X\nX   \u221e    X\nX XXXXXX X\nX X  \u221e X X\nX X    X X\nX XX  XX X\nX        X\nXT   e   X\nXXXXXXXXXX\n", "Health: 3 X: 4 Y: 1\nXXXXXXXXXX\nXXXTH    X\nXXXXXXXX X\nX     \u221e  X\nX XX XXXXX\nX XX XXXXX\nX \u221eX X  tX\nX XX X X X\nX XX X X X\nXm\u221eX X X X\nX XX XXX X\nX   \u221e    X\nX XXXXXX X\nX X  \u221e X X\nX X    X X\nX XX  XX X\nX        X\nXT   e   X\nXXXXXXXXXX\n", "Health: 3 X: 5 Y: 1\nXXXXXXXXXX\nXXXT H   X\nXXXXXXXX X\nX     \u221e  X\nX XX XXXXX\nX XX XXXXX\nX \u221eX X  tX\nX XX X X X\nXmXX X X X\nX \u221eX X X X\nX XX XXX X\nX   \u221e    X\nX XXXXXX X\nX X  \u221e X X\nX X    X X\nX XX  XX X\nX        X\nXT   e   X\nXXXXXXXXXX\n", "Health: 3 X: 4 Y: 1\nXXXXXXXXXX\nXXXTH    X\nXXXXXXXX X\nX     \u221e  X\nX XX XXXXX\nX XX XXXXX\nX \u221eX X  tX\nXmXX X X X\nX XX X X X\nX \u221eX X X X\nX XX XXX X\nX   \u221e    X\nX XXXXXX X\nX X  \u221e X X\nX X    X X\nX XX  XX X\nX        X\nXT   e   X\nXXXXXXXXXX\n", "Health: 3 X: 1 Y: 17\nXXXXXXXXXX\nXXXT     X\nXXXXXXXX X\nX     \u221e  X\nX XX XXXXX\nX XX XXXXX\nX \u221eX X  tX\nX XX X X X\nXmXX X X X\nX \u221eX X X X\nX XX XXX X\nX   \u221e    X\nX XXXXXX X\nX X  \u221e X X\nX X    X X\nX XX  XX X\nX        X\nXT   e   X\nXXXXXXXXXX\n", "Health: 3 X: 2 Y: 17\nXXXXXXXXXX\nXXXT     X\nXXXXXXXX X\nX     \u221e  X\nX XX XXXXX\nX XX XXXXX\nX \u221eX X  tX\nX XX X X X\nX XX X X X\nXm\u221eX X X X\nX XX XXX X\nX   \u221e    X\nX XXXXXX X\nX X  \u221e X X\nX X    X X\nX XX  XX X\nX        X\nXTH  e   X\nXXXXXXXXXX\n", "Health: 3 X: 3 Y: 17\nXXXXXXXXXX\nXXXT     X\nXXXXXXXX X\nX     \u221e  X\nX XX XXXXX\nX XX XXXXX\nX \u221eX X  tX\nX XX X X X\nX XX X X X\nX \u221eX X X X\nXmXX XXX X\nX   \u221e    X\nX XXXXXX X\nX X R\u221e X X\nX X    X X\nX XX  XX X\nX        X\nXT H e   X\nXXXXXXXXXX\n", "Health: 3 X: 4 Y: 17\nXXXXXXXXXX\nXXXT     X\nXXXXXXXX X\nX     \u221e  X\nX XX XXXXX\nX XX XXXXX\nX \u221eX X  tX\nX XX X X X\nX XX X X X\nX \u221eX X X X\nX XX XXX X\nXm  \u221e    X\nX XXXXXX X\nX X  \u221e X X\nX X R  X X\nX XX  XX X\nX        X\nXT  He   X\nXXXXXXXXXX\n", "Health: 3 X: 5 Y: 17\nXXXXXXXXXX\nXXXT     X\nXXXXXXXX X\nX     \u221e  X\nX XX XXXXX\nX XX XXXXX\nX \u221eX X  tX\nX XX X X X\nX XX X X X\nX \u221eX X X X\nX XX XXX X\nX   \u221e    X\nXmXXXXXX X\nX X  \u221e X X\nX X  R X X\nX XX  XX X\nX        X\nXT   e   X\nXXXXXXXXXX\n"], "map_number": 201}], "timestamp": "10-Aug-2021 20:12:25.923399", "ip": "76.126.145.126"}