{"Q1": "Every day", "Q2": "Sometimes", "Q3": "Rarely", "Q4": "Often", "Q5": "Sometimes", "Q6": "Often", "Q7": "Rarely", "Q8": "Rarely", "Q9": "Sometimes", "Q10": "Often", "results": [{"mechanics": [{"timestep": 0, "mechanic": "CollectTreasure"}, {"timestep": 3, "mechanic": "CollectTreasure"}, {"timestep": 3, "mechanic": "OgreTreasure"}, {"timestep": 6, "mechanic": "JavelinThrow"}, {"timestep": 9, "mechanic": "JavelinThrow"}, {"timestep": 13, "mechanic": "JavelinThrow"}, {"timestep": 13, "mechanic": "GoblinRangedHit"}, {"timestep": 15, "mechanic": "MinitaurHit"}, {"timestep": 16, "mechanic": "GoblinRangedHit"}, {"timestep": 17, "mechanic": "JavelinThrow"}, {"timestep": 20, "mechanic": "CollectPotion"}, {"timestep": 22, "mechanic": "JavelinThrow"}, {"timestep": 25, "mechanic": "MinitaurHit"}, {"timestep": 28, "mechanic": "JavelinThrow"}, {"timestep": 29, "mechanic": "MinitaurHit"}, {"timestep": 31, "mechanic": "UsePortal"}, {"timestep": 32, "mechanic": "CollectTreasure"}, {"timestep": 35, "mechanic": "CollectTreasure"}, {"timestep": 38, "mechanic": "CollectTreasure"}, {"timestep": 39, "mechanic": "JavelinThrow"}, {"timestep": 40, "mechanic": "OgreHit"}, {"timestep": 56, "mechanic": "UsePortal"}, {"timestep": 70, "mechanic": "MinitaurHit"}, {"timestep": 92, "mechanic": "JavelinThrow"}, {"timestep": 94, "mechanic": "MinitaurHit"}, {"timestep": 103, "mechanic": "UsePortal"}, {"timestep": 119, "mechanic": "TriggerTrap"}, {"timestep": 120, "mechanic": "CollectTreasure"}, {"timestep": 121, "mechanic": "CollectTreasure"}, {"timestep": 123, "mechanic": "TriggerTrap"}, {"timestep": 128, "mechanic": "JavelinThrow"}, {"timestep": 129, "mechanic": "MinitaurHit"}, {"timestep": 152, "mechanic": "ReachStairs"}], "frequencies": {"CollectTreasure": 7, "OgreTreasure": 1, "JavelinThrow": 9, "GoblinRangedHit": 2, "MinitaurHit": 6, "CollectPotion": 1, "UsePortal": 3, "OgreHit": 1, "TriggerTrap": 2, "ReachStairs": 1}, "levelReport": {"utilityGained": 0.0, "exitUtility": 1.0, "runnerUtility": -0.53, "loitererUtility": 153.0, "completionistUtility": 0.9299999999999999, "monsterKillerUtility": 1.0, "treasureCollectorUtility": 0.7899999999999999, "turnsTaken": 153, "health": 5, "healthLost": 7, "alive": true, "javelinsThrown": 9, "monsterKills": 4, "minitaurKnockouts": 6, "treasuresCollected": 7, "potionsTaken": 1, "totalMonsters": 5, "totalTreasures": 10, "totalPotions": 1, "timeTaken": 0.0}, "positions": [{"X": 6, "Y": 3}, {"X": 5, "Y": 3}, {"X": 4, "Y": 3}, {"X": 3, "Y": 3}, {"X": 2, "Y": 3}, {"X": 2, "Y": 4}, {"X": 2, "Y": 4}, {"X": 2, "Y": 5}, {"X": 3, "Y": 5}, {"X": 3, "Y": 5}, {"X": 3, "Y": 6}, {"X": 3, "Y": 7}, {"X": 2, "Y": 7}, {"X": 2, "Y": 7}, {"X": 2, "Y": 6}, {"X": 2, "Y": 5}, {"X": 2, "Y": 6}, {"X": 2, "Y": 6}, {"X": 2, "Y": 7}, {"X": 2, "Y": 8}, {"X": 2, "Y": 9}, {"X": 2, "Y": 10}, {"X": 2, "Y": 10}, {"X": 2, "Y": 11}, {"X": 2, "Y": 10}, {"X": 2, "Y": 9}, {"X": 2, "Y": 10}, {"X": 2, "Y": 11}, {"X": 2, "Y": 11}, {"X": 2, "Y": 10}, {"X": 2, "Y": 11}, {"X": 8, "Y": 11}, {"X": 8, "Y": 12}, {"X": 7, "Y": 12}, {"X": 7, "Y": 11}, {"X": 7, "Y": 10}, {"X": 7, "Y": 9}, {"X": 8, "Y": 9}, {"X": 8, "Y": 8}, {"X": 8, "Y": 8}, {"X": 8, "Y": 7}, {"X": 7, "Y": 7}, {"X": 8, "Y": 7}, {"X": 8, "Y": 6}, {"X": 8, "Y": 5}, {"X": 8, "Y": 4}, {"X": 8, "Y": 3}, {"X": 8, "Y": 4}, {"X": 8, "Y": 5}, {"X": 8, "Y": 6}, {"X": 8, "Y": 7}, {"X": 8, "Y": 8}, {"X": 8, "Y": 9}, {"X": 7, "Y": 9}, {"X": 7, "Y": 10}, {"X": 7, "Y": 11}, {"X": 3, "Y": 11}, {"X": 2, "Y": 11}, {"X": 2, "Y": 10}, {"X": 2, "Y": 9}, {"X": 2, "Y": 8}, {"X": 2, "Y": 7}, {"X": 2, "Y": 6}, {"X": 2, "Y": 5}, {"X": 2, "Y": 4}, {"X": 2, "Y": 3}, {"X": 2, "Y": 4}, {"X": 2, "Y": 5}, {"X": 2, "Y": 4}, {"X": 2, "Y": 5}, {"X": 2, "Y": 4}, {"X": 2, "Y": 5}, {"X": 2, "Y": 6}, {"X": 2, "Y": 7}, {"X": 2, "Y": 8}, {"X": 2, "Y": 9}, {"X": 2, "Y": 10}, {"X": 2, "Y": 11}, {"X": 2, "Y": 12}, {"X": 2, "Y": 13}, {"X": 2, "Y": 14}, {"X": 2, "Y": 15}, {"X": 2, "Y": 16}, {"X": 1, "Y": 16}, {"X": 1, "Y": 17}, {"X": 1, "Y": 18}, {"X": 2, "Y": 18}, {"X": 3, "Y": 18}, {"X": 4, "Y": 18}, {"X": 3, "Y": 18}, {"X": 2, "Y": 18}, {"X": 3, "Y": 18}, {"X": 3, "Y": 18}, {"X": 2, "Y": 18}, {"X": 1, "Y": 18}, {"X": 1, "Y": 17}, {"X": 1, "Y": 16}, {"X": 2, "Y": 16}, {"X": 2, "Y": 15}, {"X": 2, "Y": 14}, {"X": 2, "Y": 13}, {"X": 3, "Y": 13}, {"X": 3, "Y": 12}, {"X": 8, "Y": 11}, {"X": 7, "Y": 11}, {"X": 7, "Y": 10}, {"X": 7, "Y": 9}, {"X": 8, "Y": 9}, {"X": 8, "Y": 8}, {"X": 8, "Y": 7}, {"X": 8, "Y": 6}, {"X": 8, "Y": 5}, {"X": 8, "Y": 4}, {"X": 8, "Y": 3}, {"X": 7, "Y": 3}, {"X": 6, "Y": 3}, {"X": 5, "Y": 3}, {"X": 5, "Y": 2}, {"X": 5, "Y": 1}, {"X": 6, "Y": 1}, {"X": 7, "Y": 1}, {"X": 8, "Y": 1}, {"X": 7, "Y": 1}, {"X": 6, "Y": 1}, {"X": 5, "Y": 1}, {"X": 5, "Y": 2}, {"X": 5, "Y": 3}, {"X": 4, "Y": 3}, {"X": 4, "Y": 3}, {"X": 5, "Y": 3}, {"X": 4, "Y": 3}, {"X": 3, "Y": 3}, {"X": 2, "Y": 3}, {"X": 2, "Y": 4}, {"X": 2, "Y": 5}, {"X": 2, "Y": 6}, {"X": 2, "Y": 7}, {"X": 2, "Y": 8}, {"X": 2, "Y": 9}, {"X": 2, "Y": 10}, {"X": 2, "Y": 11}, {"X": 2, "Y": 12}, {"X": 2, "Y": 13}, {"X": 2, "Y": 14}, {"X": 2, "Y": 15}, {"X": 2, "Y": 16}, {"X": 1, "Y": 16}, {"X": 1, "Y": 17}, {"X": 1, "Y": 18}, {"X": 2, "Y": 18}, {"X": 3, "Y": 18}, {"X": 4, "Y": 18}, {"X": 5, "Y": 18}], "levelStates": ["Health: 10 X: 6 Y: 3\nXXXXXXXXXX\nX m   tTTX\nXXXXX XXXX\nXX T     X\nXX XX XX X\nX   X X oX\nX   X X  X\nX  bX XT X\nXX XX XXTX\nX P X X  X\nXX XX XTXX\nX  TX X TX\nX M X X TX\nX   X X  X\nXX XX XTXX\nX R X X  X\nX   X XXTX\nX XXX X  X\nX    e   X\nXXXXXXXXXX\n", "Health: 10 X: 5 Y: 3\nXXXXXXXXXX\nX  m  tTTX\nXXXXX XXXX\nXX T H   X\nXX XX XX X\nX   X Xo X\nX   X X  X\nX  bX XT X\nXX XX XXTX\nX P X X  X\nXX XX XTXX\nX  TX X TX\nX M X X TX\nX   X X  X\nXX XX XTXX\nX R X X  X\nX   X XXTX\nX XXX X  X\nX    e   X\nXXXXXXXXXX\n", "Health: 10 X: 4 Y: 3\nXXXXXXXXXX\nX   m tTTX\nXXXXX XXXX\nXX TH    X\nXX XX XX X\nX   X X  X\nX   X Xo X\nX  bX XT X\nXX XX XXTX\nX P X X  X\nXX XX XTXX\nX  TX X TX\nX M X X TX\nX   X X  X\nXX XX XTXX\nX R X X  X\nX   X XXTX\nX XXX X  X\nX    e   X\nXXXXXXXXXX\n", "Health: 10 X: 3 Y: 3\nXXXXXXXXXX\nX    mtTTX\nXXXXX XXXX\nXX       X\nXX XX XX X\nX   X X  X\nX   X X  X\nX  bX X  X\nXX XX XXTX\nX P X X  X\nXX XX XTXX\nX  TX X TX\nX M X X TX\nX   X X  X\nXX XX XTXX\nX R X X  X\nX   X XXTX\nX XXX X  X\nX    e   X\nXXXXXXXXXX\n", "Health: 10 X: 2 Y: 3\nXXXXXXXXXX\nX     tTTX\nXXXXXmXXXX\nXXH      X\nXX XX XX X\nX   X X  X\nX  bX X  X\nX   X X  X\nXX XX XXTX\nX P X X  X\nXX XX XTXX\nX MTX X TX\nX   X X TX\nX   X X  X\nXXRXX XTXX\nX   X X  X\nX   X XXTX\nX XXX X  X\nX    e   X\nXXXXXXXXXX\n", "Health: 10 X: 2 Y: 4\nXXXXXXXXXX\nX     tTTX\nXXXXX XXXX\nXX   m   X\nXXHXX XX X\nX  bX X  X\nX   X X  X\nX   X X  X\nXX XX XXTX\nX P X X  X\nXXMXX XTXX\nX  TX X TX\nX   X X TX\nX R X X  X\nXX XX XTXX\nX   X X  X\nX   X XXTX\nX XXX X  X\nX    e   X\nXXXXXXXXXX\n", "Health: 10 X: 2 Y: 4\nXXXXXXXXXX\nX     tTTX\nXXXXX XXXX\nXX  m    X\nXXHXX XX X\nX  \u221eX X  X\nX   X X  X\nX   X X  X\nXX XX XXTX\nX M X X  X\nXX XX XTXX\nX  TX X TX\nX R X X TX\nX   X X  X\nXX XX XTXX\nX   X X  X\nX   X XXTX\nX XXX X  X\nX    e   X\nXXXXXXXXXX\n", "Health: 10 X: 2 Y: 5\nXXXXXXXXXX\nX     tTTX\nXXXXX XXXX\nXX       X\nXX XX XX X\nX H\u221eX X  X\nX   X X  X\nX   X X  X\nXXMXX XXTX\nX P X X  X\nXX XX XTXX\nX RTX X TX\nX   X X TX\nX   X X  X\nXX XX XTXX\nX   X X  X\nX   X XXTX\nX XXX X  X\nX    e   X\nXXXXXXXXXX\n", "Health: 10 X: 3 Y: 5\nXXXXXXXXXX\nX     tTTX\nXXXXX XXXX\nXXm      X\nXX XX XX X\nX  \u221eX X  X\nX   X X  X\nX M X X  X\nXX XX XXTX\nX P X X  X\nXX XX XTXX\nX RTX X TX\nX   X X TX\nX   X X  X\nXX XX XTXX\nX   X X  X\nX   X XXTX\nX XXX X  X\nX    e   X\nXXXXXXXXXX\n", "Health: 10 X: 3 Y: 5\nXXXXXXXXXX\nX     tTTX\nXXXXX XXXX\nXX       X\nXXmXX XX X\nX  \u221eX X  X\nX   X X  X\nX \u221e X X  X\nXX XX XXTX\nX P X X  X\nXX XX XTXX\nX RTX X TX\nX   X X TX\nX   X X  X\nXX XX XTXX\nX   X X  X\nX   X XXTX\nX XXX X  X\nX    e   X\nXXXXXXXXXX\n", "Health: 10 X: 3 Y: 6\nXXXXXXXXXX\nX     tTTX\nXXXXX XXXX\nXX       X\nXX XX XX X\nX m\u221eX X  X\nX  HX X  X\nX \u221e X X  X\nXX XX XXTX\nX P X X  X\nXX XX XTXX\nX RTX X TX\nX   X X TX\nX   X X  X\nXX XX XTXX\nX   X X  X\nX   X XXTX\nX XXX X  X\nX    e   X\nXXXXXXXXXX\n", "Health: 10 X: 3 Y: 7\nXXXXXXXXXX\nX     tTTX\nXXXXX XXXX\nXX       X\nXX XX XX X\nX  \u221eX X  X\nX   X X  X\nX \u221eHX X  X\nXX XX XXTX\nX P X X  X\nXX XX XTXX\nX RTX X TX\nX   X X TX\nX   X X  X\nXX XX XTXX\nX   X X  X\nX   X XXTX\nX XXX X  X\nX    e   X\nXXXXXXXXXX\n", "Health: 10 X: 2 Y: 7\nXXXXXXXXXX\nX     tTTX\nXXXXX XXXX\nXX       X\nXX XX XX X\nX m\u221eX X  X\nX   X X  X\nX \u221e X X  X\nXX XX XXTX\nX P X X  X\nXXRXX XTXX\nX  TX X TX\nX   X X TX\nX   X X  X\nXX XX XTXX\nX   X X  X\nX   X XXTX\nX XXX X  X\nX    e   X\nXXXXXXXXXX\n", "Health: 9 X: 2 Y: 7\nXXXXXXXXXX\nX     tTTX\nXXXXX XXXX\nXX       X\nXX XX XX X\nX m\u221eX X  X\nX   X X  X\nX \u221e X X  X\nXX XX XXTX\nX P X X  X\nXXRXX XTXX\nX  TX X TX\nX   X X TX\nX   X X  X\nXX XX XTXX\nX   X X  X\nX   X XXTX\nX XXX X  X\nX    e   X\nXXXXXXXXXX\n", "Health: 9 X: 2 Y: 6\nXXXXXXXXXX\nX     tTTX\nXXXXX XXXX\nXX       X\nXX XX XX X\nX m\u221eX X  X\nX H X X  X\nX \u221e X X  X\nXX XX XXTX\nX R X X  X\nXX XX XTXX\nX  TX X TX\nX   X X TX\nX   X X  X\nXX XX XTXX\nX   X X  X\nX   X XXTX\nX XXX X  X\nX    e   X\nXXXXXXXXXX\n", "Health: 9 X: 2 Y: 5\nXXXXXXXXXX\nX     tTTX\nXXXXX XXXX\nXX       X\nXX XX XX X\nX m\u221eX X  X\nX   X X  X\nX \u221e X X  X\nXXRXX XXTX\nX P X X  X\nXX XX XTXX\nX  TX X TX\nX   X X TX\nX   X X  X\nXX XX XTXX\nX   X X  X\nX   X XXTX\nX XXX X  X\nX    e   X\nXXXXXXXXXX\n", "Health: 8 X: 2 Y: 6\nXXXXXXXXXX\nX     tTTX\nXXXXX XXXX\nXX       X\nXX XX XX X\nX m\u221eX X  X\nX H X X  X\nX \u221e X X  X\nXXRXX XXTX\nX P X X  X\nXX XX XTXX\nX  TX X TX\nX   X X TX\nX   X X  X\nXX XX XTXX\nX   X X  X\nX   X XXTX\nX XXX X  X\nX    e   X\nXXXXXXXXXX\n", "Health: 8 X: 2 Y: 6\nXXXXXXXXXX\nX     tTTX\nXXXXX XXXX\nXX       X\nXX XX XX X\nX m\u221eX X  X\nX H X X  X\nX \u221e X X  X\nXX\u221eXX XXTX\nX P X X  X\nXX XX XTXX\nX  TX X TX\nX   X X TX\nX   X X  X\nXX XX XTXX\nX   X X  X\nX   X XXTX\nX XXX X  X\nX    e   X\nXXXXXXXXXX\n", "Health: 8 X: 2 Y: 7\nXXXXXXXXXX\nX     tTTX\nXXXXX XXXX\nXX       X\nXX XX XX X\nX  \u221eX X  X\nX m X X  X\nX \u221e X X  X\nXX\u221eXX XXTX\nX P X X  X\nXX XX XTXX\nX  TX X TX\nX   X X TX\nX   X X  X\nXX XX XTXX\nX   X X  X\nX   X XXTX\nX XXX X  X\nX    e   X\nXXXXXXXXXX\n", "Health: 8 X: 2 Y: 8\nXXXXXXXXXX\nX     tTTX\nXXXXX XXXX\nXX       X\nXX XX XX X\nX  \u221eX X  X\nX   X X  X\nX \u221e X X  X\nXX\u221eXX XXTX\nX P X X  X\nXX XX XTXX\nX  TX X TX\nX   X X TX\nX   X X  X\nXX XX XTXX\nX   X X  X\nX   X XXTX\nX XXX X  X\nX    e   X\nXXXXXXXXXX\n", "Health: 10 X: 2 Y: 9\nXXXXXXXXXX\nX     tTTX\nXXXXX XXXX\nXX       X\nXX XX XX X\nX  \u221eX X  X\nX   X X  X\nX \u221e X X  X\nXX\u221eXX XXTX\nX   X X  X\nXX XX XTXX\nX  TX X TX\nX   X X TX\nX   X X  X\nXX XX XTXX\nX   X X  X\nX   X XXTX\nX XXX X  X\nX    e   X\nXXXXXXXXXX\n", "Health: 10 X: 2 Y: 10\nXXXXXXXXXX\nX     tTTX\nXXXXX XXXX\nXX       X\nXX XX XX X\nX  \u221eX X  X\nX   X X  X\nX \u221e X X  X\nXX\u221eXX XXTX\nX   X X  X\nXXHXX XTXX\nX  TX X TX\nX   X X TX\nX   X X  X\nXX XX XTXX\nX   X X  X\nX   X XXTX\nX XXX X  X\nX    e   X\nXXXXXXXXXX\n", "Health: 10 X: 2 Y: 10\nXXXXXXXXXX\nX     tTTX\nXXXXX XXXX\nXX       X\nXX XX XX X\nX  \u221eX X  X\nX   X X  X\nX \u221e X X  X\nXX\u221eXX XXTX\nX   X X  X\nXXHXX XTXX\nX  TX X TX\nX   X X TX\nX   X X  X\nXX XX XTXX\nX   X X  X\nX   X XXTX\nX XXX X  X\nX    e   X\nXXXXXXXXXX\n", "Health: 10 X: 2 Y: 11\nXXXXXXXXXX\nX     tTTX\nXXXXX XXXX\nXX       X\nXX XX XX X\nX  \u221eX X  X\nX   X X  X\nX \u221e X X  X\nXX\u221eXX XXTX\nX   X X  X\nXX XX XTXX\nX HTX X TX\nX   X X TX\nX   X X  X\nXX XX XTXX\nX   X X  X\nX   X XXTX\nX XXX X  X\nX    e   X\nXXXXXXXXXX\n", "Health: 10 X: 2 Y: 10\nXXXXXXXXXX\nX     tTTX\nXXXXX XXXX\nXX       X\nXX XX XX X\nX  \u221eX X  X\nX   X X  X\nX \u221e X X  X\nXX\u221eXX XXTX\nX   X X  X\nXXHXX XTXX\nX  TX X TX\nX   X X TX\nX   X X  X\nXX XX XTXX\nX   X X  X\nX   X XXTX\nX XXX X  X\nX    e   X\nXXXXXXXXXX\n", "Health: 10 X: 2 Y: 9\nXXXXXXXXXX\nX     tTTX\nXXXXX XXXX\nXX       X\nXX XX XX X\nX  \u221eX X  X\nX   X X  X\nX \u221e X X  X\nXX\u221eXX XXTX\nX   X X  X\nXX XX XTXX\nX  TX X TX\nX   X X TX\nX   X X  X\nXX XX XTXX\nX   X X  X\nX   X XXTX\nX XXX X  X\nX    e   X\nXXXXXXXXXX\n", "Health: 10 X: 2 Y: 10\nXXXXXXXXXX\nX     tTTX\nXXXXX XXXX\nXX       X\nXX XX XX X\nX  \u221eX X  X\nX   X X  X\nX \u221e X X  X\nXX\u221eXX XXTX\nX   X X  X\nXXHXX XTXX\nX  TX X TX\nX   X X TX\nX   X X  X\nXX XX XTXX\nX   X X  X\nX   X XXTX\nX XXX X  X\nX    e   X\nXXXXXXXXXX\n", "Health: 10 X: 2 Y: 11\nXXXXXXXXXX\nX     tTTX\nXXXXX XXXX\nXX       X\nXX XX XX X\nX  \u221eX X  X\nX   X X  X\nX \u221e X X  X\nXX\u221eXX XXTX\nX   X X  X\nXXmXX XTXX\nX HTX X TX\nX   X X TX\nX   X X  X\nXX XX XTXX\nX   X X  X\nX   X XXTX\nX XXX X  X\nX    e   X\nXXXXXXXXXX\n", "Health: 10 X: 2 Y: 11\nXXXXXXXXXX\nX     tTTX\nXXXXX XXXX\nXX       X\nXX XX XX X\nX  \u221eX X  X\nX   X X  X\nX \u221e X X  X\nXX\u221eXX XXTX\nX   X X  X\nXXmXX XTXX\nX HTX X TX\nX   X X TX\nX   X X  X\nXX XX XTXX\nX   X X  X\nX   X XXTX\nX XXX X  X\nX    e   X\nXXXXXXXXXX\n", "Health: 10 X: 2 Y: 10\nXXXXXXXXXX\nX     tTTX\nXXXXX XXXX\nXX       X\nXX XX XX X\nX  \u221eX X  X\nX   X X  X\nX \u221e X X  X\nXX\u221eXX XXTX\nX   X X  X\nXXmXX XTXX\nX  TX X TX\nX   X X TX\nX   X X  X\nXX XX XTXX\nX   X X  X\nX   X XXTX\nX XXX X  X\nX    e   X\nXXXXXXXXXX\n", "Health: 10 X: 2 Y: 11\nXXXXXXXXXX\nX     tTTX\nXXXXX XXXX\nXX       X\nXX XX XX X\nX  \u221eX X  X\nX   X X  X\nX \u221e X X  X\nXX\u221eXX XXTX\nX   X X  X\nXXmXX XTXX\nX HTX X TX\nX   X X TX\nX   X X  X\nXX XX XTXX\nX   X X  X\nX   X XXTX\nX XXX X  X\nX    e   X\nXXXXXXXXXX\n", "Health: 10 X: 8 Y: 11\nXXXXXXXXXX\nX     tTTX\nXXXXX XXXX\nXX       X\nXX XX XX X\nX  \u221eX X  X\nX   X X  X\nX \u221e X X  X\nXX\u221eXX XXTX\nX   X X  X\nXXmXX XTXX\nX  TX X TX\nX   X X TX\nX   X X  X\nXX XX XTXX\nX   X X  X\nX   X XXTX\nX XXX X  X\nX    e   X\nXXXXXXXXXX\n", "Health: 10 X: 8 Y: 12\nXXXXXXXXXX\nX     tTTX\nXXXXX XXXX\nXX       X\nXX XX XX X\nX  \u221eX X  X\nX   X X  X\nX \u221e X X  X\nXX\u221eXX XXTX\nX   X X  X\nXXmXX XTXX\nX  TX X TX\nX   X X  X\nX   X X  X\nXX XX XTXX\nX   X X  X\nX   X XXTX\nX XXX X  X\nX    e   X\nXXXXXXXXXX\n", "Health: 10 X: 7 Y: 12\nXXXXXXXXXX\nX     tTTX\nXXXXX XXXX\nXX       X\nXX XX XX X\nX  \u221eX X  X\nX   X X  X\nX \u221e X X  X\nXX\u221eXX XXTX\nX   X X  X\nXX XX XTXX\nX mTX X TX\nX   X XH X\nX   X X  X\nXX XX XTXX\nX   X X  X\nX   X XXTX\nX XXX X  X\nX    e   X\nXXXXXXXXXX\n", "Health: 10 X: 7 Y: 11\nXXXXXXXXXX\nX     tTTX\nXXXXX XXXX\nXX       X\nXX XX XX X\nX  \u221eX X  X\nX   X X  X\nX \u221e X X  X\nXX\u221eXX XXTX\nX   X X  X\nXXmXX XTXX\nX  TX XHTX\nX   X X  X\nX   X X  X\nXX XX XTXX\nX   X X  X\nX   X XXTX\nX XXX X  X\nX    e   X\nXXXXXXXXXX\n", "Health: 10 X: 7 Y: 10\nXXXXXXXXXX\nX     tTTX\nXXXXX XXXX\nXX       X\nXX XX XX X\nX  \u221eX X  X\nX   X X  X\nX \u221e X X  X\nXX\u221eXX XXTX\nX   X X  X\nXX XX X XX\nX  TX X TX\nX   X X  X\nX   X X  X\nXX XX XTXX\nX   X X  X\nX   X XXTX\nX XXX X  X\nX    e   X\nXXXXXXXXXX\n", "Health: 10 X: 7 Y: 9\nXXXXXXXXXX\nX     tTTX\nXXXXX XXXX\nXX       X\nXX XX XX X\nX  \u221eX X  X\nX   X X  X\nX \u221e X X  X\nXX\u221eXX XXTX\nX   X XH X\nXX XX X XX\nX  TX X TX\nX   X X  X\nX   X X  X\nXX XX XTXX\nX   X X  X\nX   X XXTX\nX XXX X  X\nX    e   X\nXXXXXXXXXX\n", "Health: 10 X: 8 Y: 9\nXXXXXXXXXX\nX     tTTX\nXXXXX XXXX\nXX       X\nXX XX XX X\nX  \u221eX X  X\nX   X X  X\nX \u221e X X  X\nXX\u221eXX XXTX\nX   X X HX\nXX XX X XX\nX  TX X TX\nX   X X  X\nX   X X  X\nXX XX XTXX\nX   X X  X\nX   X XXTX\nX XXX X  X\nX    e   X\nXXXXXXXXXX\n", "Health: 10 X: 8 Y: 8\nXXXXXXXXXX\nX     tTTX\nXXXXX XXXX\nXX       X\nXX XX XX X\nX  \u221eX X  X\nX m X X  X\nX \u221e X X  X\nXX\u221eXX XX X\nX   X X  X\nXX XX X XX\nX  TX X TX\nX   X X  X\nX   X X  X\nXX XX XTXX\nX   X X  X\nX   X XXTX\nX XXX X  X\nX    e   X\nXXXXXXXXXX\n", "Health: 10 X: 8 Y: 8\nXXXXXXXXXX\nX     tTTX\nXXXXX XXXX\nXX       X\nXX XX XX X\nX m\u221eX X  X\nX   X X  X\nX \u221e X X  X\nXX\u221eXX XX X\nX   X X  X\nXX XX X XX\nX  TX X TX\nX   X X  X\nX   X X  X\nXX XX XTXX\nX   X X  X\nX   X XXTX\nX XXX X  X\nX    e   X\nXXXXXXXXXX\n", "Health: 8 X: 8 Y: 7\nXXXXXXXXXX\nX     tTTX\nXXXXX XXXX\nXX       X\nXXmXX XX X\nX  \u221eX X  X\nX   X X  X\nX \u221e X X HX\nXX\u221eXX XX X\nX   X X  X\nXX XX X XX\nX  TX X TX\nX   X X  X\nX   X X  X\nXX XX XTXX\nX   X X  X\nX   X XXTX\nX XXX X  X\nX    e   X\nXXXXXXXXXX\n", "Health: 8 X: 7 Y: 7\nXXXXXXXXXX\nX     tTTX\nXXXXX XXXX\nXXm      X\nXX XX XX X\nX  \u221eX X  X\nX   X X  X\nX \u221e X X  X\nXX\u221eXX XX X\nX   X X  X\nXX XX X XX\nX  TX X TX\nX   X X  X\nX   X X  X\nXX XX XTXX\nX   X X  X\nX   X XXTX\nX XXX X  X\nX    e   X\nXXXXXXXXXX\n", "Health: 8 X: 8 Y: 7\nXXXXXXXXXX\nX     tTTX\nXXXXX XXXX\nXX       X\nXX XX XX X\nX  \u221eX X  X\nX   X X  X\nX \u221e X X HX\nXX\u221eXX XX X\nX   X X  X\nXX XX X XX\nX  TX X TX\nX   X X  X\nX   X X  X\nXX XX XTXX\nX   X X  X\nX   X XXTX\nX XXX X  X\nX    e   X\nXXXXXXXXXX\n", "Health: 8 X: 8 Y: 6\nXXXXXXXXXX\nX     tTTX\nXXXXX XXXX\nXX  m    X\nXX XX XX X\nX  \u221eX X  X\nX   X X HX\nX \u221e X X  X\nXX\u221eXX XX X\nX   X X  X\nXX XX X XX\nX  TX X TX\nX   X X  X\nX   X X  X\nXX XX XTXX\nX   X X  X\nX   X XXTX\nX XXX X  X\nX    e   X\nXXXXXXXXXX\n", "Health: 8 X: 8 Y: 5\nXXXXXXXXXX\nX     tTTX\nXXXXX XXXX\nXX   m   X\nXX XX XX X\nX  \u221eX X HX\nX   X X  X\nX \u221e X X  X\nXX\u221eXX XX X\nX   X X  X\nXX XX X XX\nX  TX X TX\nX   X X  X\nX   X X  X\nXX XX XTXX\nX   X X  X\nX   X XXTX\nX XXX X  X\nX    e   X\nXXXXXXXXXX\n", "Health: 8 X: 8 Y: 4\nXXXXXXXXXX\nX     tTTX\nXXXXX XXXX\nXX       X\nXX XX XXHX\nX  \u221eX X  X\nX   X X  X\nX \u221e X X  X\nXX\u221eXX XX X\nX   X X  X\nXX XX X XX\nX  TX X TX\nX   X X  X\nX   X X  X\nXX XX XTXX\nX   X X  X\nX   X XXTX\nX XXX X  X\nX    e   X\nXXXXXXXXXX\n", "Health: 8 X: 8 Y: 3\nXXXXXXXXXX\nX     tTTX\nXXXXX XXXX\nXX     mHX\nXX XX XX X\nX  \u221eX X  X\nX   X X  X\nX \u221e X X  X\nXX\u221eXX XX X\nX   X X  X\nXX XX X XX\nX  TX X TX\nX   X X  X\nX   X X  X\nXX XX XTXX\nX   X X  X\nX   X XXTX\nX XXX X  X\nX    e   X\nXXXXXXXXXX\n", "Health: 8 X: 8 Y: 4\nXXXXXXXXXX\nX     tTTX\nXXXXX XXXX\nXX      mX\nXX XX XXHX\nX  \u221eX X  X\nX   X X  X\nX \u221e X X  X\nXX\u221eXX XX X\nX   X X  X\nXX XX X XX\nX  TX X TX\nX   X X  X\nX   X X  X\nXX XX XTXX\nX   X X  X\nX   X XXTX\nX XXX X  X\nX    e   X\nXXXXXXXXXX\n", "Health: 8 X: 8 Y: 5\nXXXXXXXXXX\nX     tTTX\nXXXXX XXXX\nXX       X\nXX XX XXmX\nX  \u221eX X HX\nX   X X  X\nX \u221e X X  X\nXX\u221eXX XX X\nX   X X  X\nXX XX X XX\nX  TX X TX\nX   X X  X\nX   X X  X\nXX XX XTXX\nX   X X  X\nX   X XXTX\nX XXX X  X\nX    e   X\nXXXXXXXXXX\n", "Health: 8 X: 8 Y: 6\nXXXXXXXXXX\nX     tTTX\nXXXXX XXXX\nXX       X\nXX XX XX X\nX  \u221eX X mX\nX   X X HX\nX \u221e X X  X\nXX\u221eXX XX X\nX   X X  X\nXX XX X XX\nX  TX X TX\nX   X X  X\nX   X X  X\nXX XX XTXX\nX   X X  X\nX   X XXTX\nX XXX X  X\nX    e   X\nXXXXXXXXXX\n", "Health: 8 X: 8 Y: 7\nXXXXXXXXXX\nX     tTTX\nXXXXX XXXX\nXX       X\nXX XX XX X\nX  \u221eX X  X\nX   X X mX\nX \u221e X X HX\nXX\u221eXX XX X\nX   X X  X\nXX XX X XX\nX  TX X TX\nX   X X  X\nX   X X  X\nXX XX XTXX\nX   X X  X\nX   X XXTX\nX XXX X  X\nX    e   X\nXXXXXXXXXX\n", "Health: 8 X: 8 Y: 8\nXXXXXXXXXX\nX     tTTX\nXXXXX XXXX\nXX       X\nXX XX XX X\nX  \u221eX X  X\nX   X X  X\nX \u221e X X mX\nXX\u221eXX XX X\nX   X X  X\nXX XX X XX\nX  TX X TX\nX   X X  X\nX   X X  X\nXX XX XTXX\nX   X X  X\nX   X XXTX\nX XXX X  X\nX    e   X\nXXXXXXXXXX\n", "Health: 8 X: 8 Y: 9\nXXXXXXXXXX\nX     tTTX\nXXXXX XXXX\nXX       X\nXX XX XX X\nX  \u221eX X  X\nX   X X  X\nX \u221e X X  X\nXX\u221eXX XX X\nX   X X HX\nXX XX X XX\nX  TX X TX\nX   X X  X\nX   X X  X\nXX XX XTXX\nX   X X  X\nX   X XXTX\nX XXX X  X\nX    e   X\nXXXXXXXXXX\n", "Health: 8 X: 7 Y: 9\nXXXXXXXXXX\nX     tTTX\nXXXXX XXXX\nXX       X\nXX XX XX X\nX  \u221eX X  X\nX   X X  X\nX \u221e X X  X\nXX\u221eXX XX X\nX   X XHmX\nXX XX X XX\nX  TX X TX\nX   X X  X\nX   X X  X\nXX XX XTXX\nX   X X  X\nX   X XXTX\nX XXX X  X\nX    e   X\nXXXXXXXXXX\n", "Health: 8 X: 7 Y: 10\nXXXXXXXXXX\nX     tTTX\nXXXXX XXXX\nXX       X\nXX XX XX X\nX  \u221eX X  X\nX   X X  X\nX \u221e X X  X\nXX\u221eXX XX X\nX   X Xm X\nXX XX X XX\nX  TX X TX\nX   X X  X\nX   X X  X\nXX XX XTXX\nX   X X  X\nX   X XXTX\nX XXX X  X\nX    e   X\nXXXXXXXXXX\n", "Health: 8 X: 7 Y: 11\nXXXXXXXXXX\nX     tTTX\nXXXXX XXXX\nXX       X\nXX XX XX X\nX  \u221eX X  X\nX   X X  X\nX \u221e X X  X\nXX\u221eXX XX X\nX   X X  X\nXX XX X XX\nX  TX XHTX\nX   X X  X\nX   X X  X\nXX XX XTXX\nX   X X  X\nX   X XXTX\nX XXX X  X\nX    e   X\nXXXXXXXXXX\n", "Health: 8 X: 3 Y: 11\nXXXXXXXXXX\nX     tTTX\nXXXXX XXXX\nXX       X\nXX XX XX X\nX  \u221eX X  X\nX   X X  X\nX \u221e X X  X\nXX\u221eXX XX X\nX   X Xm X\nXX XX X XX\nX  TX X TX\nX   X X  X\nX   X X  X\nXX XX XTXX\nX   X X  X\nX   X XXTX\nX XXX X  X\nX    e   X\nXXXXXXXXXX\n", "Health: 8 X: 2 Y: 11\nXXXXXXXXXX\nX     tTTX\nXXXXX XXXX\nXX       X\nXX XX XX X\nX  \u221eX X  X\nX   X X  X\nX \u221e X X  X\nXX\u221eXX XX X\nX   X X mX\nXX XX X XX\nX HTX X TX\nX   X X  X\nX   X X  X\nXX XX XTXX\nX   X X  X\nX   X XXTX\nX XXX X  X\nX    e   X\nXXXXXXXXXX\n", "Health: 8 X: 2 Y: 10\nXXXXXXXXXX\nX     tTTX\nXXXXX XXXX\nXX       X\nXX XX XX X\nX  \u221eX X  X\nX   X X  X\nX \u221e X X  X\nXX\u221eXX XX X\nX   X X  X\nXXHXX X XX\nX  TX X TX\nX   X X  X\nX   X X  X\nXX XX XTXX\nX   X X  X\nX   X XXTX\nX XXX X  X\nX    e   X\nXXXXXXXXXX\n", "Health: 8 X: 2 Y: 9\nXXXXXXXXXX\nX     tTTX\nXXXXX XXXX\nXX       X\nXX XX XX X\nX  \u221eX X  X\nX   X X  X\nX \u221e X X mX\nXX\u221eXX XX X\nX   X X  X\nXX XX X XX\nX  TX X TX\nX   X X  X\nX   X X  X\nXX XX XTXX\nX   X X  X\nX   X XXTX\nX XXX X  X\nX    e   X\nXXXXXXXXXX\n", "Health: 8 X: 2 Y: 8\nXXXXXXXXXX\nX     tTTX\nXXXXX XXXX\nXX       X\nXX XX XX X\nX  \u221eX X  X\nX   X X mX\nX \u221e X X  X\nXX\u221eXX XX X\nX   X X  X\nXX XX X XX\nX  TX X TX\nX   X X  X\nX   X X  X\nXX XX XTXX\nX   X X  X\nX   X XXTX\nX XXX X  X\nX    e   X\nXXXXXXXXXX\n", "Health: 8 X: 2 Y: 7\nXXXXXXXXXX\nX     tTTX\nXXXXX XXXX\nXX       X\nXX XX XX X\nX  \u221eX X mX\nX   X X  X\nX \u221e X X  X\nXX\u221eXX XX X\nX   X X  X\nXX XX X XX\nX  TX X TX\nX   X X  X\nX   X X  X\nXX XX XTXX\nX   X X  X\nX   X XXTX\nX XXX X  X\nX    e   X\nXXXXXXXXXX\n", "Health: 8 X: 2 Y: 6\nXXXXXXXXXX\nX     tTTX\nXXXXX XXXX\nXX       X\nXX XX XXmX\nX  \u221eX X  X\nX H X X  X\nX \u221e X X  X\nXX\u221eXX XX X\nX   X X  X\nXX XX X XX\nX  TX X TX\nX   X X  X\nX   X X  X\nXX XX XTXX\nX   X X  X\nX   X XXTX\nX XXX X  X\nX    e   X\nXXXXXXXXXX\n", "Health: 8 X: 2 Y: 5\nXXXXXXXXXX\nX     tTTX\nXXXXX XXXX\nXX      mX\nXX XX XX X\nX H\u221eX X  X\nX   X X  X\nX \u221e X X  X\nXX\u221eXX XX X\nX   X X  X\nXX XX X XX\nX  TX X TX\nX   X X  X\nX   X X  X\nXX XX XTXX\nX   X X  X\nX   X XXTX\nX XXX X  X\nX    e   X\nXXXXXXXXXX\n", "Health: 8 X: 2 Y: 4\nXXXXXXXXXX\nX     tTTX\nXXXXX XXXX\nXX     m X\nXXHXX XX X\nX  \u221eX X  X\nX   X X  X\nX \u221e X X  X\nXX\u221eXX XX X\nX   X X  X\nXX XX X XX\nX  TX X TX\nX   X X  X\nX   X X  X\nXX XX XTXX\nX   X X  X\nX   X XXTX\nX XXX X  X\nX    e   X\nXXXXXXXXXX\n", "Health: 8 X: 2 Y: 3\nXXXXXXXXXX\nX     tTTX\nXXXXX XXXX\nXXH      X\nXX XX XX X\nX  \u221eX X  X\nX   X X  X\nX \u221e X X  X\nXX\u221eXX XX X\nX   X X  X\nXX XX X XX\nX  TX X TX\nX   X X  X\nX   X X  X\nXX XX XTXX\nX   X X  X\nX   X XXTX\nX XXX X  X\nX    e   X\nXXXXXXXXXX\n", "Health: 8 X: 2 Y: 4\nXXXXXXXXXX\nX     tTTX\nXXXXX XXXX\nXX   m   X\nXXHXX XX X\nX  \u221eX X  X\nX   X X  X\nX \u221e X X  X\nXX\u221eXX XX X\nX   X X  X\nXX XX X XX\nX  TX X TX\nX   X X  X\nX   X X  X\nXX XX XTXX\nX   X X  X\nX   X XXTX\nX XXX X  X\nX    e   X\nXXXXXXXXXX\n", "Health: 8 X: 2 Y: 5\nXXXXXXXXXX\nX     tTTX\nXXXXX XXXX\nXX  m    X\nXX XX XX X\nX H\u221eX X  X\nX   X X  X\nX \u221e X X  X\nXX\u221eXX XX X\nX   X X  X\nXX XX X XX\nX  TX X TX\nX   X X  X\nX   X X  X\nXX XX XTXX\nX   X X  X\nX   X XXTX\nX XXX X  X\nX    e   X\nXXXXXXXXXX\n", "Health: 8 X: 2 Y: 4\nXXXXXXXXXX\nX     tTTX\nXXXXX XXXX\nXX       X\nXXHXX XX X\nX  \u221eX X  X\nX   X X  X\nX \u221e X X  X\nXX\u221eXX XX X\nX   X X  X\nXX XX X XX\nX  TX X TX\nX   X X  X\nX   X X  X\nXX XX XTXX\nX   X X  X\nX   X XXTX\nX XXX X  X\nX    e   X\nXXXXXXXXXX\n", "Health: 8 X: 2 Y: 5\nXXXXXXXXXX\nX     tTTX\nXXXXX XXXX\nXXm      X\nXX XX XX X\nX H\u221eX X  X\nX   X X  X\nX \u221e X X  X\nXX\u221eXX XX X\nX   X X  X\nXX XX X XX\nX  TX X TX\nX   X X  X\nX   X X  X\nXX XX XTXX\nX   X X  X\nX   X XXTX\nX XXX X  X\nX    e   X\nXXXXXXXXXX\n", "Health: 7 X: 2 Y: 4\nXXXXXXXXXX\nX     tTTX\nXXXXX XXXX\nXXm      X\nXXHXX XX X\nX  \u221eX X  X\nX   X X  X\nX \u221e X X  X\nXX\u221eXX XX X\nX   X X  X\nXX XX X XX\nX  TX X TX\nX   X X  X\nX   X X  X\nXX XX XTXX\nX   X X  X\nX   X XXTX\nX XXX X  X\nX    e   X\nXXXXXXXXXX\n", "Health: 7 X: 2 Y: 5\nXXXXXXXXXX\nX     tTTX\nXXXXX XXXX\nXXm      X\nXX XX XX X\nX H\u221eX X  X\nX   X X  X\nX \u221e X X  X\nXX\u221eXX XX X\nX   X X  X\nXX XX X XX\nX  TX X TX\nX   X X  X\nX   X X  X\nXX XX XTXX\nX   X X  X\nX   X XXTX\nX XXX X  X\nX    e   X\nXXXXXXXXXX\n", "Health: 7 X: 2 Y: 6\nXXXXXXXXXX\nX     tTTX\nXXXXX XXXX\nXXm      X\nXX XX XX X\nX  \u221eX X  X\nX H X X  X\nX \u221e X X  X\nXX\u221eXX XX X\nX   X X  X\nXX XX X XX\nX  TX X TX\nX   X X  X\nX   X X  X\nXX XX XTXX\nX   X X  X\nX   X XXTX\nX XXX X  X\nX    e   X\nXXXXXXXXXX\n", "Health: 7 X: 2 Y: 7\nXXXXXXXXXX\nX     tTTX\nXXXXX XXXX\nXXm      X\nXX XX XX X\nX  \u221eX X  X\nX   X X  X\nX \u221e X X  X\nXX\u221eXX XX X\nX   X X  X\nXX XX X XX\nX  TX X TX\nX   X X  X\nX   X X  X\nXX XX XTXX\nX   X X  X\nX   X XXTX\nX XXX X  X\nX    e   X\nXXXXXXXXXX\n", "Health: 7 X: 2 Y: 8\nXXXXXXXXXX\nX     tTTX\nXXXXX XXXX\nXXm      X\nXX XX XX X\nX  \u221eX X  X\nX   X X  X\nX \u221e X X  X\nXX\u221eXX XX X\nX   X X  X\nXX XX X XX\nX  TX X TX\nX   X X  X\nX   X X  X\nXX XX XTXX\nX   X X  X\nX   X XXTX\nX XXX X  X\nX    e   X\nXXXXXXXXXX\n", "Health: 7 X: 2 Y: 9\nXXXXXXXXXX\nX     tTTX\nXXXXX XXXX\nXXm      X\nXX XX XX X\nX  \u221eX X  X\nX   X X  X\nX \u221e X X  X\nXX\u221eXX XX X\nX   X X  X\nXX XX X XX\nX  TX X TX\nX   X X  X\nX   X X  X\nXX XX XTXX\nX   X X  X\nX   X XXTX\nX XXX X  X\nX    e   X\nXXXXXXXXXX\n", "Health: 7 X: 2 Y: 10\nXXXXXXXXXX\nX     tTTX\nXXXXX XXXX\nXX       X\nXXmXX XX X\nX  \u221eX X  X\nX   X X  X\nX \u221e X X  X\nXX\u221eXX XX X\nX   X X  X\nXXHXX X XX\nX  TX X TX\nX   X X  X\nX   X X  X\nXX XX XTXX\nX   X X  X\nX   X XXTX\nX XXX X  X\nX    e   X\nXXXXXXXXXX\n", "Health: 7 X: 2 Y: 11\nXXXXXXXXXX\nX     tTTX\nXXXXX XXXX\nXX       X\nXX XX XX X\nX m\u221eX X  X\nX   X X  X\nX \u221e X X  X\nXX\u221eXX XX X\nX   X X  X\nXX XX X XX\nX HTX X TX\nX   X X  X\nX   X X  X\nXX XX XTXX\nX   X X  X\nX   X XXTX\nX XXX X  X\nX    e   X\nXXXXXXXXXX\n", "Health: 7 X: 2 Y: 12\nXXXXXXXXXX\nX     tTTX\nXXXXX XXXX\nXX       X\nXX XX XX X\nX  \u221eX X  X\nX m X X  X\nX \u221e X X  X\nXX\u221eXX XX X\nX   X X  X\nXX XX X XX\nX  TX X TX\nX H X X  X\nX   X X  X\nXX XX XTXX\nX   X X  X\nX   X XXTX\nX XXX X  X\nX    e   X\nXXXXXXXXXX\n", "Health: 7 X: 2 Y: 13\nXXXXXXXXXX\nX     tTTX\nXXXXX XXXX\nXX       X\nXX XX XX X\nX  \u221eX X  X\nX   X X  X\nX \u221e X X  X\nXX\u221eXX XX X\nX   X X  X\nXX XX X XX\nX  TX X TX\nX   X X  X\nX H X X  X\nXX XX XTXX\nX   X X  X\nX   X XXTX\nX XXX X  X\nX    e   X\nXXXXXXXXXX\n", "Health: 7 X: 2 Y: 14\nXXXXXXXXXX\nX     tTTX\nXXXXX XXXX\nXX       X\nXX XX XX X\nX  \u221eX X  X\nX   X X  X\nX \u221e X X  X\nXX\u221eXX XX X\nX   X X  X\nXX XX X XX\nX  TX X TX\nX   X X  X\nX   X X  X\nXXHXX XTXX\nX   X X  X\nX   X XXTX\nX XXX X  X\nX    e   X\nXXXXXXXXXX\n", "Health: 7 X: 2 Y: 15\nXXXXXXXXXX\nX     tTTX\nXXXXX XXXX\nXX       X\nXX XX XX X\nX  \u221eX X  X\nX   X X  X\nX \u221e X X  X\nXX\u221eXX XX X\nX   X X  X\nXX XX X XX\nX  TX X TX\nX   X X  X\nX   X X  X\nXX XX XTXX\nX H X X  X\nX   X XXTX\nX XXX X  X\nX    e   X\nXXXXXXXXXX\n", "Health: 7 X: 2 Y: 16\nXXXXXXXXXX\nX     tTTX\nXXXXX XXXX\nXX       X\nXX XX XX X\nX  \u221eX X  X\nX   X X  X\nX \u221e X X  X\nXX\u221eXX XX X\nX   X X  X\nXXmXX X XX\nX  TX X TX\nX   X X  X\nX   X X  X\nXX XX XTXX\nX   X X  X\nX H X XXTX\nX XXX X  X\nX    e   X\nXXXXXXXXXX\n", "Health: 7 X: 1 Y: 16\nXXXXXXXXXX\nX     tTTX\nXXXXX XXXX\nXX       X\nXX XX XX X\nX  \u221eX X  X\nX   X X  X\nX \u221e X X  X\nXX\u221eXX XX X\nX   X X  X\nXX XX X XX\nX mTX X TX\nX   X X  X\nX   X X  X\nXX XX XTXX\nX   X X  X\nXH  X XXTX\nX XXX X  X\nX    e   X\nXXXXXXXXXX\n", "Health: 7 X: 1 Y: 17\nXXXXXXXXXX\nX     tTTX\nXXXXX XXXX\nXX       X\nXX XX XX X\nX  \u221eX X  X\nX   X X  X\nX \u221e X X  X\nXX\u221eXX XX X\nX   X X  X\nXX XX X XX\nX  TX X TX\nX m X X  X\nX   X X  X\nXX XX XTXX\nX   X X  X\nX   X XXTX\nXHXXX X  X\nX    e   X\nXXXXXXXXXX\n", "Health: 7 X: 1 Y: 18\nXXXXXXXXXX\nX     tTTX\nXXXXX XXXX\nXX       X\nXX XX XX X\nX  \u221eX X  X\nX   X X  X\nX \u221e X X  X\nXX\u221eXX XX X\nX   X X  X\nXX XX X XX\nX  TX X TX\nX   X X  X\nX m X X  X\nXX XX XTXX\nX   X X  X\nX   X XXTX\nX XXX X  X\nXH   e   X\nXXXXXXXXXX\n", "Health: 7 X: 2 Y: 18\nXXXXXXXXXX\nX     tTTX\nXXXXX XXXX\nXX       X\nXX XX XX X\nX  \u221eX X  X\nX   X X  X\nX \u221e X X  X\nXX\u221eXX XX X\nX   X X  X\nXX XX X XX\nX  TX X TX\nX   X X  X\nX   X X  X\nXXmXX XTXX\nX   X X  X\nX   X XXTX\nX XXX X  X\nX H  e   X\nXXXXXXXXXX\n", "Health: 7 X: 3 Y: 18\nXXXXXXXXXX\nX     tTTX\nXXXXX XXXX\nXX       X\nXX XX XX X\nX  \u221eX X  X\nX   X X  X\nX \u221e X X  X\nXX\u221eXX XX X\nX   X X  X\nXX XX X XX\nX  TX X TX\nX   X X  X\nX   X X  X\nXX XX XTXX\nX m X X  X\nX   X XXTX\nX XXX X  X\nX  H e   X\nXXXXXXXXXX\n", "Health: 7 X: 4 Y: 18\nXXXXXXXXXX\nX     tTTX\nXXXXX XXXX\nXX       X\nXX XX XX X\nX  \u221eX X  X\nX   X X  X\nX \u221e X X  X\nXX\u221eXX XX X\nX   X X  X\nXX XX X XX\nX  TX X TX\nX   X X  X\nX   X X  X\nXX XX XTXX\nX   X X  X\nX m X XXTX\nX XXX X  X\nX   He   X\nXXXXXXXXXX\n", "Health: 7 X: 3 Y: 18\nXXXXXXXXXX\nX     tTTX\nXXXXX XXXX\nXX       X\nXX XX XX X\nX  \u221eX X  X\nX   X X  X\nX \u221e X X  X\nXX\u221eXX XX X\nX   X X  X\nXX XX X XX\nX  TX X TX\nX   X X  X\nX   X X  X\nXX XX XTXX\nX   X X  X\nXm  X XXTX\nX XXX X  X\nX  H e   X\nXXXXXXXXXX\n", "Health: 7 X: 2 Y: 18\nXXXXXXXXXX\nX     tTTX\nXXXXX XXXX\nXX       X\nXX XX XX X\nX  \u221eX X  X\nX   X X  X\nX \u221e X X  X\nXX\u221eXX XX X\nX   X X  X\nXX XX X XX\nX  TX X TX\nX   X X  X\nX   X X  X\nXX XX XTXX\nX   X X  X\nX   X XXTX\nXmXXX X  X\nX H  e   X\nXXXXXXXXXX\n", "Health: 7 X: 3 Y: 18\nXXXXXXXXXX\nX     tTTX\nXXXXX XXXX\nXX       X\nXX XX XX X\nX  \u221eX X  X\nX   X X  X\nX \u221e X X  X\nXX\u221eXX XX X\nX   X X  X\nXX XX X XX\nX  TX X TX\nX   X X  X\nX   X X  X\nXX XX XTXX\nX   X X  X\nX   X XXTX\nX XXX X  X\nXm H e   X\nXXXXXXXXXX\n", "Health: 7 X: 3 Y: 18\nXXXXXXXXXX\nX     tTTX\nXXXXX XXXX\nXX       X\nXX XX XX X\nX  \u221eX X  X\nX   X X  X\nX \u221e X X  X\nXX\u221eXX XX X\nX   X X  X\nXX XX X XX\nX  TX X TX\nX   X X  X\nX   X X  X\nXX XX XTXX\nX   X X  X\nX   X XXTX\nX XXX X  X\nXm H e   X\nXXXXXXXXXX\n", "Health: 7 X: 2 Y: 18\nXXXXXXXXXX\nX     tTTX\nXXXXX XXXX\nXX       X\nXX XX XX X\nX  \u221eX X  X\nX   X X  X\nX \u221e X X  X\nXX\u221eXX XX X\nX   X X  X\nXX XX X XX\nX  TX X TX\nX   X X  X\nX   X X  X\nXX XX XTXX\nX   X X  X\nX   X XXTX\nX XXX X  X\nXmH  e   X\nXXXXXXXXXX\n", "Health: 7 X: 1 Y: 18\nXXXXXXXXXX\nX     tTTX\nXXXXX XXXX\nXX       X\nXX XX XX X\nX  \u221eX X  X\nX   X X  X\nX \u221e X X  X\nXX\u221eXX XX X\nX   X X  X\nXX XX X XX\nX  TX X TX\nX   X X  X\nX   X X  X\nXX XX XTXX\nX   X X  X\nX   X XXTX\nX XXX X  X\nXm   e   X\nXXXXXXXXXX\n", "Health: 7 X: 1 Y: 17\nXXXXXXXXXX\nX     tTTX\nXXXXX XXXX\nXX       X\nXX XX XX X\nX  \u221eX X  X\nX   X X  X\nX \u221e X X  X\nXX\u221eXX XX X\nX   X X  X\nXX XX X XX\nX  TX X TX\nX   X X  X\nX   X X  X\nXX XX XTXX\nX   X X  X\nX   X XXTX\nXHXXX X  X\nXm   e   X\nXXXXXXXXXX\n", "Health: 7 X: 1 Y: 16\nXXXXXXXXXX\nX     tTTX\nXXXXX XXXX\nXX       X\nXX XX XX X\nX  \u221eX X  X\nX   X X  X\nX \u221e X X  X\nXX\u221eXX XX X\nX   X X  X\nXX XX X XX\nX  TX X TX\nX   X X  X\nX   X X  X\nXX XX XTXX\nX   X X  X\nXH  X XXTX\nX XXX X  X\nXm   e   X\nXXXXXXXXXX\n", "Health: 7 X: 2 Y: 16\nXXXXXXXXXX\nX     tTTX\nXXXXX XXXX\nXX       X\nXX XX XX X\nX  \u221eX X  X\nX   X X  X\nX \u221e X X  X\nXX\u221eXX XX X\nX   X X  X\nXX XX X XX\nX  TX X TX\nX   X X  X\nX   X X  X\nXX XX XTXX\nX   X X  X\nX H X XXTX\nXmXXX X  X\nX    e   X\nXXXXXXXXXX\n", "Health: 7 X: 2 Y: 15\nXXXXXXXXXX\nX     tTTX\nXXXXX XXXX\nXX       X\nXX XX XX X\nX  \u221eX X  X\nX   X X  X\nX \u221e X X  X\nXX\u221eXX XX X\nX   X X  X\nXX XX X XX\nX  TX X TX\nX   X X  X\nX   X X  X\nXX XX XTXX\nX H X X  X\nXm  X XXTX\nX XXX X  X\nX    e   X\nXXXXXXXXXX\n", "Health: 7 X: 2 Y: 14\nXXXXXXXXXX\nX     tTTX\nXXXXX XXXX\nXX       X\nXX XX XX X\nX  \u221eX X  X\nX   X X  X\nX \u221e X X  X\nXX\u221eXX XX X\nX   X X  X\nXX XX X XX\nX  TX X TX\nX   X X  X\nX   X X  X\nXXHXX XTXX\nXm  X X  X\nX   X XXTX\nX XXX X  X\nX    e   X\nXXXXXXXXXX\n", "Health: 7 X: 2 Y: 13\nXXXXXXXXXX\nX     tTTX\nXXXXX XXXX\nXX       X\nXX XX XX X\nX  \u221eX X  X\nX   X X  X\nX \u221e X X  X\nXX\u221eXX XX X\nX   X X  X\nXX XX X XX\nX  TX X TX\nX   X X  X\nX H X X  X\nXX XX XTXX\nX m X X  X\nX   X XXTX\nX XXX X  X\nX    e   X\nXXXXXXXXXX\n", "Health: 7 X: 3 Y: 13\nXXXXXXXXXX\nX     tTTX\nXXXXX XXXX\nXX       X\nXX XX XX X\nX  \u221eX X  X\nX   X X  X\nX \u221e X X  X\nXX\u221eXX XX X\nX   X X  X\nXX XX X XX\nX  TX X TX\nX   X X  X\nX  HX X  X\nXXmXX XTXX\nX   X X  X\nX   X XXTX\nX XXX X  X\nX    e   X\nXXXXXXXXXX\n", "Health: 7 X: 3 Y: 12\nXXXXXXXXXX\nX     tTTX\nXXXXX XXXX\nXX       X\nXX XX XX X\nX  \u221eX X  X\nX   X X  X\nX \u221e X X  X\nXX\u221eXX XX X\nX   X X  X\nXX XX X XX\nX  TX X TX\nX  HX X  X\nX m X X  X\nXX XX XTXX\nX   X X  X\nX   X XXTX\nX XXX X  X\nX    e   X\nXXXXXXXXXX\n", "Health: 7 X: 8 Y: 11\nXXXXXXXXXX\nX     tTTX\nXXXXX XXXX\nXX       X\nXX XX XX X\nX  \u221eX X  X\nX   X X  X\nX \u221e X X  X\nXX\u221eXX XX X\nX   X X  X\nXX XX X XX\nX  TX X TX\nX   X X  X\nX   X X  X\nXXmXX XTXX\nX   X X  X\nX   X XXTX\nX XXX X  X\nX    e   X\nXXXXXXXXXX\n", "Health: 7 X: 7 Y: 11\nXXXXXXXXXX\nX     tTTX\nXXXXX XXXX\nXX       X\nXX XX XX X\nX  \u221eX X  X\nX   X X  X\nX \u221e X X  X\nXX\u221eXX XX X\nX   X X  X\nXX XX X XX\nX  TX XHTX\nX   X X  X\nX   X X  X\nXX XX XTXX\nX m X X  X\nX   X XXTX\nX XXX X  X\nX    e   X\nXXXXXXXXXX\n", "Health: 7 X: 7 Y: 10\nXXXXXXXXXX\nX     tTTX\nXXXXX XXXX\nXX       X\nXX XX XX X\nX  \u221eX X  X\nX   X X  X\nX \u221e X X  X\nXX\u221eXX XX X\nX   X X  X\nXX XX X XX\nX  TX X TX\nX   X X  X\nX   X X  X\nXX XX XTXX\nX   X X  X\nX m X XXTX\nX XXX X  X\nX    e   X\nXXXXXXXXXX\n", "Health: 7 X: 7 Y: 9\nXXXXXXXXXX\nX     tTTX\nXXXXX XXXX\nXX       X\nXX XX XX X\nX  \u221eX X  X\nX   X X  X\nX \u221e X X  X\nXX\u221eXX XX X\nX   X XH X\nXX XX X XX\nX  TX X TX\nX   X X  X\nX   X X  X\nXX XX XTXX\nX   X X  X\nXm  X XXTX\nX XXX X  X\nX    e   X\nXXXXXXXXXX\n", "Health: 7 X: 8 Y: 9\nXXXXXXXXXX\nX     tTTX\nXXXXX XXXX\nXX       X\nXX XX XX X\nX  \u221eX X  X\nX   X X  X\nX \u221e X X  X\nXX\u221eXX XX X\nX   X X HX\nXX XX X XX\nX  TX X TX\nX   X X  X\nX   X X  X\nXX XX XTXX\nX   X X  X\nX   X XXTX\nXmXXX X  X\nX    e   X\nXXXXXXXXXX\n", "Health: 7 X: 8 Y: 8\nXXXXXXXXXX\nX     tTTX\nXXXXX XXXX\nXX       X\nXX XX XX X\nX  \u221eX X  X\nX   X X  X\nX \u221e X X  X\nXX\u221eXX XX X\nX   X X  X\nXX XX X XX\nX  TX X TX\nX   X X  X\nX   X X  X\nXX XX XTXX\nX   X X  X\nX   X XXTX\nX XXX X  X\nXm   e   X\nXXXXXXXXXX\n", "Health: 7 X: 8 Y: 7\nXXXXXXXXXX\nX     tTTX\nXXXXX XXXX\nXX       X\nXX XX XX X\nX  \u221eX X  X\nX   X X  X\nX \u221e X X HX\nXX\u221eXX XX X\nX   X X  X\nXX XX X XX\nX  TX X TX\nX   X X  X\nX   X X  X\nXX XX XTXX\nX   X X  X\nX   X XXTX\nX XXX X  X\nX m  e   X\nXXXXXXXXXX\n", "Health: 7 X: 8 Y: 6\nXXXXXXXXXX\nX     tTTX\nXXXXX XXXX\nXX       X\nXX XX XX X\nX  \u221eX X  X\nX   X X HX\nX \u221e X X  X\nXX\u221eXX XX X\nX   X X  X\nXX XX X XX\nX  TX X TX\nX   X X  X\nX   X X  X\nXX XX XTXX\nX   X X  X\nX   X XXTX\nX XXX X  X\nX  m e   X\nXXXXXXXXXX\n", "Health: 7 X: 8 Y: 5\nXXXXXXXXXX\nX     tTTX\nXXXXX XXXX\nXX       X\nXX XX XX X\nX  \u221eX X HX\nX   X X  X\nX \u221e X X  X\nXX\u221eXX XX X\nX   X X  X\nXX XX X XX\nX  TX X TX\nX   X X  X\nX   X X  X\nXX XX XTXX\nX   X X  X\nX   X XXTX\nX XXX X  X\nX   me   X\nXXXXXXXXXX\n", "Health: 7 X: 8 Y: 4\nXXXXXXXXXX\nX     tTTX\nXXXXX XXXX\nXX       X\nXX XX XXHX\nX  \u221eX X  X\nX   X X  X\nX \u221e X X  X\nXX\u221eXX XX X\nX   X X  X\nXX XX X XX\nX  TX X TX\nX   X X  X\nX   X X  X\nXX XX XTXX\nX   X X  X\nX   X XXTX\nX XXX X  X\nX    e   X\nXXXXXXXXXX\n", "Health: 7 X: 8 Y: 3\nXXXXXXXXXX\nX     tTTX\nXXXXX XXXX\nXX      HX\nXX XX XX X\nX  \u221eX X  X\nX   X X  X\nX \u221e X X  X\nXX\u221eXX XX X\nX   X X  X\nXX XX X XX\nX  TX X TX\nX   X X  X\nX   X X  X\nXX XX XTXX\nX   X X  X\nX   X XXTX\nX XXXmX  X\nX    e   X\nXXXXXXXXXX\n", "Health: 7 X: 7 Y: 3\nXXXXXXXXXX\nX     tTTX\nXXXXX XXXX\nXX     H X\nXX XX XX X\nX  \u221eX X  X\nX   X X  X\nX \u221e X X  X\nXX\u221eXX XX X\nX   X X  X\nXX XX X XX\nX  TX X TX\nX   X X  X\nX   X X  X\nXX XX XTXX\nX   X X  X\nX   XmXXTX\nX XXX X  X\nX    e   X\nXXXXXXXXXX\n", "Health: 7 X: 6 Y: 3\nXXXXXXXXXX\nX     tTTX\nXXXXX XXXX\nXX       X\nXX XX XX X\nX  \u221eX X  X\nX   X X  X\nX \u221e X X  X\nXX\u221eXX XX X\nX   X X  X\nXX XX X XX\nX  TX X TX\nX   X X  X\nX   X X  X\nXX XX XTXX\nX   XmX  X\nX   X XXTX\nX XXX X  X\nX    e   X\nXXXXXXXXXX\n", "Health: 7 X: 5 Y: 3\nXXXXXXXXXX\nX     tTTX\nXXXXX XXXX\nXX   H   X\nXX XX XX X\nX  \u221eX X  X\nX   X X  X\nX \u221e X X  X\nXX\u221eXX XX X\nX   X X  X\nXX XX X XX\nX  TX X TX\nX   X X  X\nX   X X  X\nXX XXmXTXX\nX   X X  X\nX   X XXTX\nX XXX X  X\nX    e   X\nXXXXXXXXXX\n", "Health: 7 X: 5 Y: 2\nXXXXXXXXXX\nX     tTTX\nXXXXXHXXXX\nXX       X\nXX XX XX X\nX  \u221eX X  X\nX   X X  X\nX \u221e X X  X\nXX\u221eXX XX X\nX   X X  X\nXX XX X XX\nX  TX X TX\nX   X X  X\nX   XmX  X\nXX XX XTXX\nX   X X  X\nX   X XXTX\nX XXX X  X\nX    e   X\nXXXXXXXXXX\n", "Health: 7 X: 5 Y: 1\nXXXXXXXXXX\nX    HtTTX\nXXXXX XXXX\nXX       X\nXX XX XX X\nX  \u221eX X  X\nX   X X  X\nX \u221e X X  X\nXX\u221eXX XX X\nX   X X  X\nXX XX X XX\nX  TX X TX\nX   XmX  X\nX   X X  X\nXX XX XTXX\nX   X X  X\nX   X XXTX\nX XXX X  X\nX    e   X\nXXXXXXXXXX\n", "Health: 6 X: 6 Y: 1\nXXXXXXXXXX\nX     tTTX\nXXXXX XXXX\nXX       X\nXX XX XX X\nX  \u221eX X  X\nX   X X  X\nX \u221e X X  X\nXX\u221eXX XX X\nX   X X  X\nXX XX X XX\nX  TXmX TX\nX   X X  X\nX   X X  X\nXX XX XTXX\nX   X X  X\nX   X XXTX\nX XXX X  X\nX    e   X\nXXXXXXXXXX\n", "Health: 6 X: 7 Y: 1\nXXXXXXXXXX\nX     t TX\nXXXXX XXXX\nXX       X\nXX XX XX X\nX  \u221eX X  X\nX   X X  X\nX \u221e X X  X\nXX\u221eXX XX X\nX   X X  X\nXX XXmX XX\nX  TX X TX\nX   X X  X\nX   X X  X\nXX XX XTXX\nX   X X  X\nX   X XXTX\nX XXX X  X\nX    e   X\nXXXXXXXXXX\n", "Health: 6 X: 8 Y: 1\nXXXXXXXXXX\nX     t  X\nXXXXX XXXX\nXX       X\nXX XX XX X\nX  \u221eX X  X\nX   X X  X\nX \u221e X X  X\nXX\u221eXX XX X\nX   XmX  X\nXX XX X XX\nX  TX X TX\nX   X X  X\nX   X X  X\nXX XX XTXX\nX   X X  X\nX   X XXTX\nX XXX X  X\nX    e   X\nXXXXXXXXXX\n", "Health: 6 X: 7 Y: 1\nXXXXXXXXXX\nX     t  X\nXXXXX XXXX\nXX       X\nXX XX XX X\nX  \u221eX X  X\nX   X X  X\nX \u221e X X  X\nXX\u221eXXmXX X\nX   X X  X\nXX XX X XX\nX  TX X TX\nX   X X  X\nX   X X  X\nXX XX XTXX\nX   X X  X\nX   X XXTX\nX XXX X  X\nX    e   X\nXXXXXXXXXX\n", "Health: 5 X: 6 Y: 1\nXXXXXXXXXX\nX     t  X\nXXXXX XXXX\nXX       X\nXX XX XX X\nX  \u221eX X  X\nX   X X  X\nX \u221e XmX  X\nXX\u221eXX XX X\nX   X X  X\nXX XX X XX\nX  TX X TX\nX   X X  X\nX   X X  X\nXX XX XTXX\nX   X X  X\nX   X XXTX\nX XXX X  X\nX    e   X\nXXXXXXXXXX\n", "Health: 5 X: 5 Y: 1\nXXXXXXXXXX\nX    Ht  X\nXXXXX XXXX\nXX       X\nXX XX XX X\nX  \u221eX X  X\nX   XmX  X\nX \u221e X X  X\nXX\u221eXX XX X\nX   X X  X\nXX XX X XX\nX  TX X TX\nX   X X  X\nX   X X  X\nXX XX XTXX\nX   X X  X\nX   X XXTX\nX XXX X  X\nX    e   X\nXXXXXXXXXX\n", "Health: 5 X: 5 Y: 2\nXXXXXXXXXX\nX     t  X\nXXXXXHXXXX\nXX       X\nXX XX XX X\nX  \u221eXmX  X\nX   X X  X\nX \u221e X X  X\nXX\u221eXX XX X\nX   X X  X\nXX XX X XX\nX  TX X TX\nX   X X  X\nX   X X  X\nXX XX XTXX\nX   X X  X\nX   X XXTX\nX XXX X  X\nX    e   X\nXXXXXXXXXX\n", "Health: 5 X: 5 Y: 3\nXXXXXXXXXX\nX     t  X\nXXXXX XXXX\nXX   H   X\nXX XXmXX X\nX  \u221eX X  X\nX   X X  X\nX \u221e X X  X\nXX\u221eXX XX X\nX   X X  X\nXX XX X XX\nX  TX X TX\nX   X X  X\nX   X X  X\nXX XX XTXX\nX   X X  X\nX   X XXTX\nX XXX X  X\nX    e   X\nXXXXXXXXXX\n", "Health: 5 X: 4 Y: 3\nXXXXXXXXXX\nX     t  X\nXXXXX XXXX\nXX  Hm   X\nXX XX XX X\nX  \u221eX X  X\nX   X X  X\nX \u221e X X  X\nXX\u221eXX XX X\nX   X X  X\nXX XX X XX\nX  TX X TX\nX   X X  X\nX   X X  X\nXX XX XTXX\nX   X X  X\nX   X XXTX\nX XXX X  X\nX    e   X\nXXXXXXXXXX\n", "Health: 5 X: 4 Y: 3\nXXXXXXXXXX\nX     t  X\nXXXXX XXXX\nXX  Hm   X\nXX XX XX X\nX  \u221eX X  X\nX   X X  X\nX \u221e X X  X\nXX\u221eXX XX X\nX   X X  X\nXX XX X XX\nX  TX X TX\nX   X X  X\nX   X X  X\nXX XX XTXX\nX   X X  X\nX   X XXTX\nX XXX X  X\nX    e   X\nXXXXXXXXXX\n", "Health: 5 X: 5 Y: 3\nXXXXXXXXXX\nX     t  X\nXXXXX XXXX\nXX   m   X\nXX XX XX X\nX  \u221eX X  X\nX   X X  X\nX \u221e X X  X\nXX\u221eXX XX X\nX   X X  X\nXX XX X XX\nX  TX X TX\nX   X X  X\nX   X X  X\nXX XX XTXX\nX   X X  X\nX   X XXTX\nX XXX X  X\nX    e   X\nXXXXXXXXXX\n", "Health: 5 X: 4 Y: 3\nXXXXXXXXXX\nX     t  X\nXXXXX XXXX\nXX  Hm   X\nXX XX XX X\nX  \u221eX X  X\nX   X X  X\nX \u221e X X  X\nXX\u221eXX XX X\nX   X X  X\nXX XX X XX\nX  TX X TX\nX   X X  X\nX   X X  X\nXX XX XTXX\nX   X X  X\nX   X XXTX\nX XXX X  X\nX    e   X\nXXXXXXXXXX\n", "Health: 5 X: 3 Y: 3\nXXXXXXXXXX\nX     t  X\nXXXXX XXXX\nXX   m   X\nXX XX XX X\nX  \u221eX X  X\nX   X X  X\nX \u221e X X  X\nXX\u221eXX XX X\nX   X X  X\nXX XX X XX\nX  TX X TX\nX   X X  X\nX   X X  X\nXX XX XTXX\nX   X X  X\nX   X XXTX\nX XXX X  X\nX    e   X\nXXXXXXXXXX\n", "Health: 5 X: 2 Y: 3\nXXXXXXXXXX\nX     t  X\nXXXXX XXXX\nXXH  m   X\nXX XX XX X\nX  \u221eX X  X\nX   X X  X\nX \u221e X X  X\nXX\u221eXX XX X\nX   X X  X\nXX XX X XX\nX  TX X TX\nX   X X  X\nX   X X  X\nXX XX XTXX\nX   X X  X\nX   X XXTX\nX XXX X  X\nX    e   X\nXXXXXXXXXX\n", "Health: 5 X: 2 Y: 4\nXXXXXXXXXX\nX     t  X\nXXXXX XXXX\nXX  m    X\nXXHXX XX X\nX  \u221eX X  X\nX   X X  X\nX \u221e X X  X\nXX\u221eXX XX X\nX   X X  X\nXX XX X XX\nX  TX X TX\nX   X X  X\nX   X X  X\nXX XX XTXX\nX   X X  X\nX   X XXTX\nX XXX X  X\nX    e   X\nXXXXXXXXXX\n", "Health: 5 X: 2 Y: 5\nXXXXXXXXXX\nX     t  X\nXXXXX XXXX\nXX       X\nXX XX XX X\nX H\u221eX X  X\nX   X X  X\nX \u221e X X  X\nXX\u221eXX XX X\nX   X X  X\nXX XX X XX\nX  TX X TX\nX   X X  X\nX   X X  X\nXX XX XTXX\nX   X X  X\nX   X XXTX\nX XXX X  X\nX    e   X\nXXXXXXXXXX\n", "Health: 5 X: 2 Y: 6\nXXXXXXXXXX\nX     t  X\nXXXXX XXXX\nXXm      X\nXX XX XX X\nX  \u221eX X  X\nX H X X  X\nX \u221e X X  X\nXX\u221eXX XX X\nX   X X  X\nXX XX X XX\nX  TX X TX\nX   X X  X\nX   X X  X\nXX XX XTXX\nX   X X  X\nX   X XXTX\nX XXX X  X\nX    e   X\nXXXXXXXXXX\n", "Health: 5 X: 2 Y: 7\nXXXXXXXXXX\nX     t  X\nXXXXX XXXX\nXX       X\nXXmXX XX X\nX  \u221eX X  X\nX   X X  X\nX \u221e X X  X\nXX\u221eXX XX X\nX   X X  X\nXX XX X XX\nX  TX X TX\nX   X X  X\nX   X X  X\nXX XX XTXX\nX   X X  X\nX   X XXTX\nX XXX X  X\nX    e   X\nXXXXXXXXXX\n", "Health: 5 X: 2 Y: 8\nXXXXXXXXXX\nX     t  X\nXXXXX XXXX\nXX       X\nXX XX XX X\nX m\u221eX X  X\nX   X X  X\nX \u221e X X  X\nXX\u221eXX XX X\nX   X X  X\nXX XX X XX\nX  TX X TX\nX   X X  X\nX   X X  X\nXX XX XTXX\nX   X X  X\nX   X XXTX\nX XXX X  X\nX    e   X\nXXXXXXXXXX\n", "Health: 5 X: 2 Y: 9\nXXXXXXXXXX\nX     t  X\nXXXXX XXXX\nXX       X\nXX XX XX X\nX  \u221eX X  X\nX m X X  X\nX \u221e X X  X\nXX\u221eXX XX X\nX   X X  X\nXX XX X XX\nX  TX X TX\nX   X X  X\nX   X X  X\nXX XX XTXX\nX   X X  X\nX   X XXTX\nX XXX X  X\nX    e   X\nXXXXXXXXXX\n", "Health: 5 X: 2 Y: 10\nXXXXXXXXXX\nX     t  X\nXXXXX XXXX\nXX       X\nXX XX XX X\nX  \u221eX X  X\nX   X X  X\nX \u221e X X  X\nXX\u221eXX XX X\nX   X X  X\nXXHXX X XX\nX  TX X TX\nX   X X  X\nX   X X  X\nXX XX XTXX\nX   X X  X\nX   X XXTX\nX XXX X  X\nX    e   X\nXXXXXXXXXX\n", "Health: 5 X: 2 Y: 11\nXXXXXXXXXX\nX     t  X\nXXXXX XXXX\nXX       X\nXX XX XX X\nX  \u221eX X  X\nX   X X  X\nX \u221e X X  X\nXX\u221eXX XX X\nX   X X  X\nXX XX X XX\nX HTX X TX\nX   X X  X\nX   X X  X\nXX XX XTXX\nX   X X  X\nX   X XXTX\nX XXX X  X\nX    e   X\nXXXXXXXXXX\n", "Health: 5 X: 2 Y: 12\nXXXXXXXXXX\nX     t  X\nXXXXX XXXX\nXX       X\nXX XX XX X\nX  \u221eX X  X\nX   X X  X\nX \u221e X X  X\nXX\u221eXX XX X\nX   X X  X\nXX XX X XX\nX  TX X TX\nX H X X  X\nX   X X  X\nXX XX XTXX\nX   X X  X\nX   X XXTX\nX XXX X  X\nX    e   X\nXXXXXXXXXX\n", "Health: 5 X: 2 Y: 13\nXXXXXXXXXX\nX     t  X\nXXXXX XXXX\nXX       X\nXX XX XX X\nX  \u221eX X  X\nX   X X  X\nX \u221e X X  X\nXX\u221eXX XX X\nX   X X  X\nXXmXX X XX\nX  TX X TX\nX   X X  X\nX H X X  X\nXX XX XTXX\nX   X X  X\nX   X XXTX\nX XXX X  X\nX    e   X\nXXXXXXXXXX\n", "Health: 5 X: 2 Y: 14\nXXXXXXXXXX\nX     t  X\nXXXXX XXXX\nXX       X\nXX XX XX X\nX  \u221eX X  X\nX   X X  X\nX \u221e X X  X\nXX\u221eXX XX X\nX   X X  X\nXX XX X XX\nX mTX X TX\nX   X X  X\nX   X X  X\nXXHXX XTXX\nX   X X  X\nX   X XXTX\nX XXX X  X\nX    e   X\nXXXXXXXXXX\n", "Health: 5 X: 2 Y: 15\nXXXXXXXXXX\nX     t  X\nXXXXX XXXX\nXX       X\nXX XX XX X\nX  \u221eX X  X\nX   X X  X\nX \u221e X X  X\nXX\u221eXX XX X\nX   X X  X\nXX XX X XX\nX  TX X TX\nX m X X  X\nX   X X  X\nXX XX XTXX\nX H X X  X\nX   X XXTX\nX XXX X  X\nX    e   X\nXXXXXXXXXX\n", "Health: 5 X: 2 Y: 16\nXXXXXXXXXX\nX     t  X\nXXXXX XXXX\nXX       X\nXX XX XX X\nX  \u221eX X  X\nX   X X  X\nX \u221e X X  X\nXX\u221eXX XX X\nX   X X  X\nXX XX X XX\nX  TX X TX\nX   X X  X\nX m X X  X\nXX XX XTXX\nX   X X  X\nX H X XXTX\nX XXX X  X\nX    e   X\nXXXXXXXXXX\n", "Health: 5 X: 1 Y: 16\nXXXXXXXXXX\nX     t  X\nXXXXX XXXX\nXX       X\nXX XX XX X\nX  \u221eX X  X\nX   X X  X\nX \u221e X X  X\nXX\u221eXX XX X\nX   X X  X\nXX XX X XX\nX  TX X TX\nX   X X  X\nX   X X  X\nXXmXX XTXX\nX   X X  X\nXH  X XXTX\nX XXX X  X\nX    e   X\nXXXXXXXXXX\n", "Health: 5 X: 1 Y: 17\nXXXXXXXXXX\nX     t  X\nXXXXX XXXX\nXX       X\nXX XX XX X\nX  \u221eX X  X\nX   X X  X\nX \u221e X X  X\nXX\u221eXX XX X\nX   X X  X\nXX XX X XX\nX  TX X TX\nX   X X  X\nX   X X  X\nXX XX XTXX\nX m X X  X\nX   X XXTX\nXHXXX X  X\nX    e   X\nXXXXXXXXXX\n", "Health: 5 X: 1 Y: 18\nXXXXXXXXXX\nX     t  X\nXXXXX XXXX\nXX       X\nXX XX XX X\nX  \u221eX X  X\nX   X X  X\nX \u221e X X  X\nXX\u221eXX XX X\nX   X X  X\nXX XX X XX\nX  TX X TX\nX   X X  X\nX   X X  X\nXX XX XTXX\nXm  X X  X\nX   X XXTX\nX XXX X  X\nXH   e   X\nXXXXXXXXXX\n", "Health: 5 X: 2 Y: 18\nXXXXXXXXXX\nX     t  X\nXXXXX XXXX\nXX       X\nXX XX XX X\nX  \u221eX X  X\nX   X X  X\nX \u221e X X  X\nXX\u221eXX XX X\nX   X X  X\nXX XX X XX\nX  TX X TX\nX   X X  X\nX   X X  X\nXX XX XTXX\nX   X X  X\nXm  X XXTX\nX XXX X  X\nX H  e   X\nXXXXXXXXXX\n", "Health: 5 X: 3 Y: 18\nXXXXXXXXXX\nX     t  X\nXXXXX XXXX\nXX       X\nXX XX XX X\nX  \u221eX X  X\nX   X X  X\nX \u221e X X  X\nXX\u221eXX XX X\nX   X X  X\nXX XX X XX\nX  TX X TX\nX   X X  X\nX   X X  X\nXX XX XTXX\nX   X X  X\nX   X XXTX\nXmXXX X  X\nX  H e   X\nXXXXXXXXXX\n", "Health: 5 X: 4 Y: 18\nXXXXXXXXXX\nX     t  X\nXXXXX XXXX\nXX       X\nXX XX XX X\nX  \u221eX X  X\nX   X X  X\nX \u221e X X  X\nXX\u221eXX XX X\nX   X X  X\nXX XX X XX\nX  TX X TX\nX   X X  X\nX   X X  X\nXX XX XTXX\nX   X X  X\nX   X XXTX\nX XXX X  X\nXm  He   X\nXXXXXXXXXX\n", "Health: 5 X: 5 Y: 18\nXXXXXXXXXX\nX     t  X\nXXXXX XXXX\nXX       X\nXX XX XX X\nX  \u221eX X  X\nX   X X  X\nX \u221e X X  X\nXX\u221eXX XX X\nX   X X  X\nXX XX X XX\nX  TX X TX\nX   X X  X\nX   X X  X\nXX XX XTXX\nX   X X  X\nX   X XXTX\nX XXX X  X\nX m  e   X\nXXXXXXXXXX\n"], "map_number": 100}, {"mechanics": [{"timestep": 0, "mechanic": "JavelinThrow"}, {"timestep": 6, "mechanic": "JavelinThrow"}, {"timestep": 8, "mechanic": "OgreHit"}, {"timestep": 16, "mechanic": "CollectPotion"}, {"timestep": 22, "mechanic": "TriggerTrap"}, {"timestep": 24, "mechanic": "CollectTreasure"}, {"timestep": 25, "mechanic": "CollectTreasure"}, {"timestep": 26, "mechanic": "CollectTreasure"}, {"timestep": 27, "mechanic": "CollectTreasure"}, {"timestep": 32, "mechanic": "MinitaurHit"}, {"timestep": 32, "mechanic": "TriggerTrap"}, {"timestep": 39, "mechanic": "CollectTreasure"}, {"timestep": 45, "mechanic": "CollectTreasure"}, {"timestep": 45, "mechanic": "GoblinRangedHit"}, {"timestep": 46, "mechanic": "CollectTreasure"}, {"timestep": 46, "mechanic": "GoblinRangedHit"}, {"timestep": 50, "mechanic": "UsePortal"}, {"timestep": 71, "mechanic": "CollectPotion"}, {"timestep": 74, "mechanic": "CollectTreasure"}, {"timestep": 82, "mechanic": "ReachStairs"}], "frequencies": {"JavelinThrow": 2, "OgreHit": 1, "CollectPotion": 2, "TriggerTrap": 2, "CollectTreasure": 8, "MinitaurHit": 1, "GoblinRangedHit": 2, "UsePortal": 1, "ReachStairs": 1}, "levelReport": {"utilityGained": 0.0, "exitUtility": 1.0, "runnerUtility": 0.17000000000000004, "loitererUtility": 83.0, "completionistUtility": 0.8444444444444443, "monsterKillerUtility": 0.5333333333333333, "treasureCollectorUtility": 1.0, "turnsTaken": 83, "health": 7, "healthLost": 7, "alive": true, "javelinsThrown": 2, "monsterKills": 2, "minitaurKnockouts": 2, "treasuresCollected": 8, "potionsTaken": 2, "totalMonsters": 7, "totalTreasures": 8, "totalPotions": 2, "timeTaken": 0.0}, "positions": [{"X": 8, "Y": 3}, {"X": 7, "Y": 3}, {"X": 6, "Y": 3}, {"X": 5, "Y": 3}, {"X": 4, "Y": 3}, {"X": 4, "Y": 4}, {"X": 4, "Y": 4}, {"X": 4, "Y": 5}, {"X": 4, "Y": 6}, {"X": 4, "Y": 7}, {"X": 4, "Y": 8}, {"X": 4, "Y": 9}, {"X": 4, "Y": 10}, {"X": 4, "Y": 11}, {"X": 5, "Y": 11}, {"X": 6, "Y": 11}, {"X": 7, "Y": 11}, {"X": 8, "Y": 11}, {"X": 8, "Y": 10}, {"X": 8, "Y": 9}, {"X": 8, "Y": 8}, {"X": 8, "Y": 7}, {"X": 8, "Y": 6}, {"X": 7, "Y": 6}, {"X": 6, "Y": 6}, {"X": 6, "Y": 7}, {"X": 6, "Y": 8}, {"X": 6, "Y": 9}, {"X": 6, "Y": 8}, {"X": 6, "Y": 7}, {"X": 6, "Y": 6}, {"X": 7, "Y": 6}, {"X": 8, "Y": 6}, {"X": 8, "Y": 7}, {"X": 8, "Y": 8}, {"X": 8, "Y": 9}, {"X": 8, "Y": 10}, {"X": 8, "Y": 11}, {"X": 8, "Y": 12}, {"X": 8, "Y": 13}, {"X": 8, "Y": 14}, {"X": 8, "Y": 15}, {"X": 8, "Y": 16}, {"X": 7, "Y": 16}, {"X": 6, "Y": 16}, {"X": 5, "Y": 16}, {"X": 4, "Y": 16}, {"X": 3, "Y": 16}, {"X": 2, "Y": 16}, {"X": 1, "Y": 16}, {"X": 3, "Y": 1}, {"X": 4, "Y": 1}, {"X": 5, "Y": 1}, {"X": 6, "Y": 1}, {"X": 7, "Y": 1}, {"X": 8, "Y": 1}, {"X": 8, "Y": 2}, {"X": 8, "Y": 3}, {"X": 7, "Y": 3}, {"X": 6, "Y": 3}, {"X": 5, "Y": 3}, {"X": 4, "Y": 3}, {"X": 4, "Y": 4}, {"X": 4, "Y": 5}, {"X": 4, "Y": 6}, {"X": 4, "Y": 7}, {"X": 4, "Y": 8}, {"X": 4, "Y": 9}, {"X": 4, "Y": 10}, {"X": 4, "Y": 11}, {"X": 3, "Y": 11}, {"X": 2, "Y": 11}, {"X": 1, "Y": 11}, {"X": 1, "Y": 12}, {"X": 1, "Y": 13}, {"X": 1, "Y": 14}, {"X": 1, "Y": 15}, {"X": 1, "Y": 16}, {"X": 2, "Y": 16}, {"X": 2, "Y": 17}, {"X": 3, "Y": 17}, {"X": 4, "Y": 17}, {"X": 5, "Y": 17}], "levelStates": ["Health: 10 X: 8 Y: 3\nXXXXXXXXXX\nXXXT m   X\nXXXXXXXX X\nX    \u221e  HX\nX XX XXXXX\nX XX XXXXX\nX MX XT tX\nX XX XTX X\nX XX XTX X\nX MX XTX X\nX XX XXX X\nX P o  P X\nX XXXXXX X\nXTX RR XTX\nX X    X X\nX XX  XX X\nX   TT   X\nXT   e   X\nXXXXXXXXXX\n", "Health: 10 X: 7 Y: 3\nXXXXXXXXXX\nXXXT  m  X\nXXXXXXXX X\nX    \u221e H X\nX XX XXXXX\nX XX XXXXX\nX MX XT tX\nX XX XTX X\nX XX XTX X\nX MX XTX X\nX XX XXX X\nX P o  P X\nX XXXXXX X\nXTX RR XTX\nX X    X X\nX XX  XX X\nX   TT   X\nXT   e   X\nXXXXXXXXXX\n", "Health: 10 X: 6 Y: 3\nXXXXXXXXXX\nXXXT   m X\nXXXXXXXX X\nX    \u221eH  X\nX XX XXXXX\nX XX XXXXX\nX MX XT tX\nX XX XTX X\nX XX XTX X\nX MX XTX X\nX XX XXX X\nX P o  P X\nX XXXXXX X\nXTX RR XTX\nX X    X X\nX XX  XX X\nX   TT   X\nXT   e   X\nXXXXXXXXXX\n", "Health: 10 X: 5 Y: 3\nXXXXXXXXXX\nXXXT    mX\nXXXXXXXX X\nX    \u221e   X\nX XX XXXXX\nX XX XXXXX\nX MX XT tX\nX XX XTX X\nX XX XTX X\nX MX XTX X\nX XX XXX X\nX P o  P X\nX XXXXXX X\nXTX RR XTX\nX X    X X\nX XX  XX X\nX   TT   X\nXT   e   X\nXXXXXXXXXX\n", "Health: 10 X: 4 Y: 3\nXXXXXXXXXX\nXXXT     X\nXXXXXXXXmX\nX   H\u221e   X\nX XX XXXXX\nX XX XXXXX\nX MX XT tX\nX XX XTX X\nX XX XTX X\nX MX XTX X\nX XXoXXX X\nX P    P X\nX XXXXXX X\nXTX RR XTX\nX X    X X\nX XX  XX X\nX   TT   X\nXT   e   X\nXXXXXXXXXX\n", "Health: 10 X: 4 Y: 4\nXXXXXXXXXX\nXXXT     X\nXXXXXXXX X\nX    \u221e  mX\nX XXHXXXXX\nX XX XXXXX\nX MX XT tX\nX XX XTX X\nX XX XTX X\nX MXoXTX X\nX XX XXX X\nX P    P X\nX XXXXXX X\nXTX RR XTX\nX X    X X\nX XX  XX X\nX   TT   X\nXT   e   X\nXXXXXXXXXX\n", "Health: 10 X: 4 Y: 4\nXXXXXXXXXX\nXXXT     X\nXXXXXXXX X\nX    \u221e m X\nX XXHXXXXX\nX XX XXXXX\nX MX XT tX\nX XX XTX X\nX XXoXTX X\nX MX XTX X\nX XX XXX X\nX P    P X\nX XXXXXX X\nXTX RR XTX\nX X    X X\nX XX  XX X\nX   TT   X\nXT   e   X\nXXXXXXXXXX\n", "Health: 10 X: 4 Y: 5\nXXXXXXXXXX\nXXXT     X\nXXXXXXXX X\nX    \u221em  X\nX XX XXXXX\nX XXHXXXXX\nX MX XT tX\nX XXoXTX X\nX XX XTX X\nX MX XTX X\nX XX XXX X\nX P    P X\nX XXXXXX X\nXTX RR XTX\nX X    X X\nX XX  XX X\nX   TT   X\nXT   e   X\nXXXXXXXXXX\n", "Health: 8 X: 4 Y: 6\nXXXXXXXXXX\nXXXT     X\nXXXXXXXX X\nX    \u221e   X\nX XX XXXXX\nX XX XXXXX\nX MXHXT tX\nX XX\u221eXTX X\nX XX XTX X\nX MX XTX X\nX XX XXX X\nX P    P X\nX XXXXXX X\nXTX RR XTX\nX X    X X\nX XX  XX X\nX   TT   X\nXT   e   X\nXXXXXXXXXX\n", "Health: 8 X: 4 Y: 7\nXXXXXXXXXX\nXXXT     X\nXXXXXXXX X\nX   m\u221e   X\nX XX XXXXX\nX XX XXXXX\nX MX XT tX\nX XX\u221eXTX X\nX XX XTX X\nX MX XTX X\nX XX XXX X\nX P    P X\nX XXXXXX X\nXTX RR XTX\nX X    X X\nX XX  XX X\nX   TT   X\nXT   e   X\nXXXXXXXXXX\n", "Health: 8 X: 4 Y: 8\nXXXXXXXXXX\nXXXT     X\nXXXXXXXX X\nX    \u221e   X\nX XXmXXXXX\nX XX XXXXX\nX MX XT tX\nX XX\u221eXTX X\nX XXHXTX X\nX MX XTX X\nX XX XXX X\nX P    P X\nX XXXXXX X\nXTX RR XTX\nX X    X X\nX XX  XX X\nX   TT   X\nXT   e   X\nXXXXXXXXXX\n", "Health: 8 X: 4 Y: 9\nXXXXXXXXXX\nXXXT     X\nXXXXXXXX X\nX    \u221e   X\nX XX XXXXX\nX XXmXXXXX\nX MX XT tX\nX XX\u221eXTX X\nX XX XTX X\nX MXHXTX X\nX XX XXX X\nX P    P X\nX XXXXXX X\nXTX RR XTX\nX X    X X\nX XX  XX X\nX   TT   X\nXT   e   X\nXXXXXXXXXX\n", "Health: 8 X: 4 Y: 10\nXXXXXXXXXX\nXXXT     X\nXXXXXXXX X\nX    \u221e   X\nX XX XXXXX\nX XX XXXXX\nX MXmXT tX\nX XX\u221eXTX X\nX XX XTX X\nX MX XTX X\nX XXHXXX X\nX P    P X\nX XXXXXX X\nXTX RR XTX\nX X    X X\nX XX  XX X\nX   TT   X\nXT   e   X\nXXXXXXXXXX\n", "Health: 8 X: 4 Y: 11\nXXXXXXXXXX\nXXXT     X\nXXXXXXXX X\nX    \u221e   X\nX XX XXXXX\nX XX XXXXX\nX MX XT tX\nX XX\u221eXTX X\nX XX XTX X\nX MX XTX X\nX XX XXX X\nX P H  P X\nX XXXXXX X\nXTX RR XTX\nX X    X X\nX XX  XX X\nX   TT   X\nXT   e   X\nXXXXXXXXXX\n", "Health: 8 X: 5 Y: 11\nXXXXXXXXXX\nXXXT     X\nXXXXXXXX X\nX    \u221e   X\nX XX XXXXX\nX XX XXXXX\nX MX XT tX\nX XX\u221eXTX X\nX XXmXTX X\nX MX XTX X\nX XX XXX X\nX P  H P X\nX XXXXXX X\nXTX RR XTX\nX X    X X\nX XX  XX X\nX   TT   X\nXT   e   X\nXXXXXXXXXX\n", "Health: 8 X: 6 Y: 11\nXXXXXXXXXX\nXXXT     X\nXXXXXXXX X\nX    \u221e   X\nX XX XXXXX\nX XX XXXXX\nX MX XT tX\nX XX\u221eXTX X\nX XX XTX X\nX MXmXTX X\nX XX XXX X\nX P   HP X\nX XXXXXX X\nXTX RR XTX\nX X    X X\nX XX  XX X\nX   TT   X\nXT   e   X\nXXXXXXXXXX\n", "Health: 10 X: 7 Y: 11\nXXXXXXXXXX\nXXXT     X\nXXXXXXXX X\nX    \u221e   X\nX XX XXXXX\nX XX XXXXX\nX MX XT tX\nX XX\u221eXTX X\nX XX XTX X\nX MX XTX X\nX XXmXXX X\nX P      X\nX XXXXXX X\nXTX RR XTX\nX X    X X\nX XX  XX X\nX   TT   X\nXT   e   X\nXXXXXXXXXX\n", "Health: 10 X: 8 Y: 11\nXXXXXXXXXX\nXXXT     X\nXXXXXXXX X\nX    \u221e   X\nX XX XXXXX\nX XX XXXXX\nX MX XT tX\nX XX\u221eXTX X\nX XX XTX X\nX MX XTX X\nX XX XXX X\nX P m   HX\nX XXXXXX X\nXTX RR XTX\nX X    X X\nX XX  XX X\nX   TT   X\nXT   e   X\nXXXXXXXXXX\n", "Health: 10 X: 8 Y: 10\nXXXXXXXXXX\nXXXT     X\nXXXXXXXX X\nX    \u221e   X\nX XX XXXXX\nX XX XXXXX\nX MX XT tX\nX XX\u221eXTX X\nX XX XTX X\nX MX XTX X\nX XX XXXHX\nX P  m   X\nX XXXXXX X\nXTX RR XTX\nX X    X X\nX XX  XX X\nX   TT   X\nXT   e   X\nXXXXXXXXXX\n", "Health: 10 X: 8 Y: 9\nXXXXXXXXXX\nXXXT     X\nXXXXXXXX X\nX    \u221e   X\nX XX XXXXX\nX XX XXXXX\nX MX XT tX\nX XX\u221eXTX X\nX XX XTX X\nX MX XTXHX\nX XX XXX X\nX P   m  X\nX XXXXXX X\nXTX RR XTX\nX X    X X\nX XX  XX X\nX   TT   X\nXT   e   X\nXXXXXXXXXX\n", "Health: 10 X: 8 Y: 8\nXXXXXXXXXX\nXXXT     X\nXXXXXXXX X\nX    \u221e   X\nX XX XXXXX\nX XX XXXXX\nX MX XT tX\nX XX\u221eXTX X\nX XX XTXHX\nX MX XTX X\nX XX XXX X\nX P      X\nX XXXXXX X\nXTX RR XTX\nX X    X X\nX XX  XX X\nX   TT   X\nXT   e   X\nXXXXXXXXXX\n", "Health: 10 X: 8 Y: 7\nXXXXXXXXXX\nXXXT     X\nXXXXXXXX X\nX    \u221e   X\nX XX XXXXX\nX XX XXXXX\nX MX XT tX\nX XX\u221eXTXHX\nX XX XTX X\nX MX XTX X\nX XX XXX X\nX P     mX\nX XXXXXX X\nXTX RR XTX\nX X    X X\nX XX  XX X\nX   TT   X\nXT   e   X\nXXXXXXXXXX\n", "Health: 9 X: 8 Y: 6\nXXXXXXXXXX\nXXXT     X\nXXXXXXXX X\nX    \u221e   X\nX XX XXXXX\nX XX XXXXX\nX MX XT tX\nX XX\u221eXTX X\nX XX XTX X\nX MX XTX X\nX XX XXXmX\nX P      X\nX XXXXXX X\nXTX RR XTX\nX X    X X\nX XX  XX X\nX   TT   X\nXT   e   X\nXXXXXXXXXX\n", "Health: 9 X: 7 Y: 6\nXXXXXXXXXX\nXXXT     X\nXXXXXXXX X\nX    \u221e   X\nX XX XXXXX\nX XX XXXXX\nX MX XTHtX\nX XX\u221eXTX X\nX XX XTX X\nX MX XTXmX\nX XX XXX X\nX P      X\nX XXXXXX X\nXTX RR XTX\nX X    X X\nX XX  XX X\nX   TT   X\nXT   e   X\nXXXXXXXXXX\n", "Health: 9 X: 6 Y: 6\nXXXXXXXXXX\nXXXT     X\nXXXXXXXX X\nX    \u221e   X\nX XX XXXXX\nX XX XXXXX\nX MX X  tX\nX XX\u221eXTX X\nX XX XTXmX\nX MX XTX X\nX XX XXX X\nX P      X\nX XXXXXX X\nXTX RR XTX\nX X    X X\nX XX  XX X\nX   TT   X\nXT   e   X\nXXXXXXXXXX\n", "Health: 9 X: 6 Y: 7\nXXXXXXXXXX\nXXXT     X\nXXXXXXXX X\nX    \u221e   X\nX XX XXXXX\nX XX XXXXX\nX MX X  tX\nX XX\u221eX XmX\nX XX XTX X\nX MX XTX X\nX XX XXX X\nX P      X\nX XXXXXX X\nXTX RR XTX\nX X    X X\nX XX  XX X\nX   TT   X\nXT   e   X\nXXXXXXXXXX\n", "Health: 9 X: 6 Y: 8\nXXXXXXXXXX\nXXXT     X\nXXXXXXXX X\nX    \u221e   X\nX XX XXXXX\nX XX XXXXX\nX MX X  tX\nX XX\u221eX X X\nX XX X X X\nX MX XTX X\nX XX XXX X\nX P      X\nX XXXXXX X\nXTX RR XTX\nX X    X X\nX XX  XX X\nX   TT   X\nXT   e   X\nXXXXXXXXXX\n", "Health: 9 X: 6 Y: 9\nXXXXXXXXXX\nXXXT     X\nXXXXXXXX X\nX    \u221e   X\nX XX XXXXX\nX XX XXXXX\nX MX X  tX\nX XX\u221eX X X\nX XX X X X\nX MX X X X\nX XX XXX X\nX P      X\nX XXXXXX X\nXTX RR XTX\nX X    X X\nX XX  XX X\nX   TT   X\nXT   e   X\nXXXXXXXXXX\n", "Health: 9 X: 6 Y: 8\nXXXXXXXXXX\nXXXT     X\nXXXXXXXX X\nX    \u221e   X\nX XX XXXXX\nX XX XXXXX\nX MX X  tX\nX XX\u221eX X X\nX XX X X X\nX MX X X X\nX XX XXX X\nX P      X\nX XXXXXX X\nXTX RR XTX\nX X    X X\nX XX  XX X\nX   TT   X\nXT   e   X\nXXXXXXXXXX\n", "Health: 9 X: 6 Y: 7\nXXXXXXXXXX\nXXXT     X\nXXXXXXXX X\nX    \u221e   X\nX XX XXXXX\nX XX XXXXX\nX MX X  tX\nX XX\u221eX X X\nX XX X X X\nX MX X X X\nX XX XXX X\nX P      X\nX XXXXXX X\nXTX RR XTX\nX X    X X\nX XX  XX X\nX   TT   X\nXT   e   X\nXXXXXXXXXX\n", "Health: 9 X: 6 Y: 6\nXXXXXXXXXX\nXXXT     X\nXXXXXXXX X\nX    \u221e   X\nX XX XXXXX\nX XX XXXXX\nX MX X  tX\nX XX\u221eX X X\nX XX X X X\nX MX X X X\nX XX XXX X\nX P      X\nX XXXXXX X\nXTX RR XTX\nX X    X X\nX XX  XX X\nX   TT   X\nXT   e   X\nXXXXXXXXXX\n", "Health: 9 X: 7 Y: 6\nXXXXXXXXXX\nXXXT     X\nXXXXXXXX X\nX    \u221e   X\nX XX XXXXX\nX XX XXXXX\nX MX X HtX\nX XX\u221eX X X\nX XX X X X\nX MX X X X\nX XX XXX X\nX P      X\nX XXXXXX X\nXTX RR XTX\nX X    X X\nX XX  XX X\nX   TT   X\nXT   e   X\nXXXXXXXXXX\n", "Health: 7 X: 8 Y: 6\nXXXXXXXXXX\nXXXT     X\nXXXXXXXX X\nX    \u221e   X\nX XX XXXXX\nX XX XXXXX\nX MX X  tX\nX XX\u221eX X X\nX XX X X X\nX MX X X X\nX XX XXX X\nX P      X\nX XXXXXX X\nXTX RR XTX\nX X    X X\nX XX  XX X\nX   TT   X\nXT   e   X\nXXXXXXXXXX\n", "Health: 7 X: 8 Y: 7\nXXXXXXXXXX\nXXXT     X\nXXXXXXXX X\nX    \u221e   X\nX XX XXXXX\nX XX XXXXX\nX MX X  tX\nX XX\u221eX XHX\nX XX X X X\nX MX X X X\nX XX XXX X\nX P      X\nX XXXXXX X\nXTX RR XTX\nX X    X X\nX XX  XX X\nX   TT   X\nXT   e   X\nXXXXXXXXXX\n", "Health: 7 X: 8 Y: 8\nXXXXXXXXXX\nXXXT     X\nXXXXXXXX X\nX    \u221e   X\nX XX XXXXX\nX XX XXXXX\nX MX X  tX\nX XX\u221eX X X\nX XX X XHX\nX MX X X X\nX XX XXX X\nX P      X\nX XXXXXX X\nXTX RR XTX\nX X    X X\nX XX  XX X\nX   TT   X\nXT   e   X\nXXXXXXXXXX\n", "Health: 7 X: 8 Y: 9\nXXXXXXXXXX\nXXXT     X\nXXXXXXXX X\nX    \u221e   X\nX XX XXXXX\nX XX XXXXX\nX MX X  tX\nX XX\u221eX X X\nX XX X X X\nX MX X XHX\nX XX XXX X\nX P      X\nX XXXXXX X\nXTX RR XTX\nX X    X X\nX XX  XX X\nX   TT   X\nXT   e   X\nXXXXXXXXXX\n", "Health: 7 X: 8 Y: 10\nXXXXXXXXXX\nXXXT     X\nXXXXXXXX X\nX    \u221e   X\nX XX XXXXX\nX XX XXXXX\nX MX X  tX\nX XX\u221eX X X\nX XX X X X\nX MX X X X\nX XX XXXHX\nX P      X\nX XXXXXX X\nXTX RR XTX\nX X    X X\nX XX  XX X\nX   TT   X\nXT   e   X\nXXXXXXXXXX\n", "Health: 7 X: 8 Y: 11\nXXXXXXXXXX\nXXXT     X\nXXXXXXXX X\nX    \u221e   X\nX XX XXXXX\nX XX XXXXX\nX MX X  tX\nX XX\u221eX XmX\nX XX X X X\nX MX X X X\nX XX XXX X\nX P     HX\nX XXXXXX X\nXTX RR XTX\nX X    X X\nX XX  XX X\nX   TT   X\nXT   e   X\nXXXXXXXXXX\n", "Health: 7 X: 8 Y: 12\nXXXXXXXXXX\nXXXT     X\nXXXXXXXX X\nX    \u221e   X\nX XX XXXXX\nX XX XXXXX\nX MX X  tX\nX XX\u221eX X X\nX XX X XmX\nX MX X X X\nX XX XXX X\nX P      X\nX XXXXXXHX\nXTX RR XTX\nX X    X X\nX XX  XX X\nX   TT   X\nXT   e   X\nXXXXXXXXXX\n", "Health: 7 X: 8 Y: 13\nXXXXXXXXXX\nXXXT     X\nXXXXXXXX X\nX    \u221e   X\nX XX XXXXX\nX XX XXXXX\nX MX X  tX\nX XX\u221eX X X\nX XX X X X\nX MX X XmX\nX XX XXX X\nX P      X\nX XXXXXX X\nXTX RR X X\nX X    X X\nX XX  XX X\nX   TT   X\nXT   e   X\nXXXXXXXXXX\n", "Health: 7 X: 8 Y: 14\nXXXXXXXXXX\nXXXT     X\nXXXXXXXX X\nX    \u221e   X\nX XX XXXXX\nX XX XXXXX\nX MX X  tX\nX XX\u221eX X X\nX XX X X X\nX MX X X X\nX XX XXXmX\nX P      X\nX XXXXXX X\nXTX RR X X\nX X    XHX\nX XX  XX X\nX   TT   X\nXT   e   X\nXXXXXXXXXX\n", "Health: 7 X: 8 Y: 15\nXXXXXXXXXX\nXXXT     X\nXXXXXXXX X\nX    \u221e   X\nX XX XXXXX\nX XX XXXXX\nX MX X  tX\nX XX\u221eX X X\nX XX X X X\nX MX X X X\nX XX XXX X\nX P     mX\nX XXXXXX X\nXTX RR X X\nX X    X X\nX XX  XXHX\nX   TT   X\nXT   e   X\nXXXXXXXXXX\n", "Health: 7 X: 8 Y: 16\nXXXXXXXXXX\nXXXT     X\nXXXXXXXX X\nX    \u221e   X\nX XX XXXXX\nX XX XXXXX\nX MX X  tX\nX XX\u221eX X X\nX XX X X X\nX MX X X X\nX XX XXX X\nX P      X\nX XXXXXXmX\nXTX RR X X\nX X    X X\nX XX  XX X\nX   TT  HX\nXT   e   X\nXXXXXXXXXX\n", "Health: 7 X: 7 Y: 16\nXXXXXXXXXX\nXXXT     X\nXXXXXXXX X\nX    \u221e   X\nX XX XXXXX\nX XX XXXXX\nX MX X  tX\nX XX\u221eX X X\nX XX X X X\nX MX X X X\nX XX XXX X\nX P      X\nX XXXXXX X\nXTX RR X X\nX X    X X\nX XX  XX X\nX   TT H X\nXT   e   X\nXXXXXXXXXX\n", "Health: 7 X: 6 Y: 16\nXXXXXXXXXX\nXXXT     X\nXXXXXXXX X\nX    \u221e   X\nX XX XXXXX\nX XX XXXXX\nX MX X  tX\nX XX\u221eX X X\nX XX X X X\nX MX X X X\nX XX XXX X\nX P      X\nX XXXXXX X\nXTX RR X X\nX X    XmX\nX XX  XX X\nX   TTH  X\nXT   e   X\nXXXXXXXXXX\n", "Health: 6 X: 5 Y: 16\nXXXXXXXXXX\nXXXT     X\nXXXXXXXX X\nX    \u221e   X\nX XX XXXXX\nX XX XXXXX\nX MX X  tX\nX XX\u221eX X X\nX XX X X X\nX MX X X X\nX XX XXX X\nX P      X\nX XXXXXX X\nXTX RR X X\nX X    X X\nX XX  XXmX\nX   T    X\nXT   e   X\nXXXXXXXXXX\n", "Health: 5 X: 4 Y: 16\nXXXXXXXXXX\nXXXT     X\nXXXXXXXX X\nX    \u221e   X\nX XX XXXXX\nX XX XXXXX\nX MX X  tX\nX XX\u221eX X X\nX XX X X X\nX MX X X X\nX XX XXX X\nX P      X\nX XXXXXX X\nXTX RR X X\nX X    X X\nX XX  XX X\nX       mX\nXT   e   X\nXXXXXXXXXX\n", "Health: 5 X: 3 Y: 16\nXXXXXXXXXX\nXXXT     X\nXXXXXXXX X\nX    \u221e   X\nX XX XXXXX\nX XX XXXXX\nX MX X  tX\nX XX\u221eX X X\nX XX X X X\nX MX X X X\nX XX XXX X\nX P      X\nX XXXXXX X\nXTX RR X X\nX X    X X\nX XX  XX X\nX  H   m X\nXT   e   X\nXXXXXXXXXX\n", "Health: 5 X: 2 Y: 16\nXXXXXXXXXX\nXXXT     X\nXXXXXXXX X\nX    \u221e   X\nX XX XXXXX\nX XX XXXXX\nX MX X  tX\nX XX\u221eX X X\nX XX X X X\nX MX X X X\nX XX XXX X\nX P      X\nX XXXXXX X\nXTX RR X X\nX X    X X\nX XX  XX X\nX H   m  X\nXT   e   X\nXXXXXXXXXX\n", "Health: 5 X: 1 Y: 16\nXXXXXXXXXX\nXXXT     X\nXXXXXXXX X\nX    \u221e   X\nX XX XXXXX\nX XX XXXXX\nX MX X  tX\nX XX\u221eX X X\nX XX X X X\nX MX X X X\nX XX XXX X\nX P      X\nX XXXXXX X\nXTX RR X X\nX X    X X\nX XX  XX X\nXH       X\nXT   e   X\nXXXXXXXXXX\n", "Health: 5 X: 3 Y: 1\nXXXXXXXXXX\nXXXT     X\nXXXXXXXX X\nX    \u221e   X\nX XX XXXXX\nX XX XXXXX\nX MX X  tX\nX XX\u221eX X X\nX XX X X X\nX MX X X X\nX XX XXX X\nX P      X\nX XXXXXX X\nXTX RR X X\nX X    X X\nX XX  XX X\nX        X\nXT   e   X\nXXXXXXXXXX\n", "Health: 5 X: 4 Y: 1\nXXXXXXXXXX\nXXXTH    X\nXXXXXXXX X\nX    \u221e   X\nX XX XXXXX\nX XX XXXXX\nX MX X  tX\nX XX\u221eX X X\nX XX X X X\nX MX X X X\nX XX XXX X\nX P      X\nX XXXXXX X\nXTX RR X X\nX X    X X\nX XX  XX X\nX  m     X\nXT   e   X\nXXXXXXXXXX\n", "Health: 5 X: 5 Y: 1\nXXXXXXXXXX\nXXXT H   X\nXXXXXXXX X\nX    \u221e   X\nX XX XXXXX\nX XX XXXXX\nX MX X  tX\nX XX\u221eX X X\nX XX X X X\nX MX X X X\nX XX XXX X\nX P      X\nX XXXXXX X\nXTX RR X X\nX X    X X\nX XX  XX X\nX m      X\nXT   e   X\nXXXXXXXXXX\n", "Health: 5 X: 6 Y: 1\nXXXXXXXXXX\nXXXT  H  X\nXXXXXXXX X\nX    \u221e   X\nX XX XXXXX\nX XX XXXXX\nX MX X  tX\nX XX\u221eX X X\nX XX X X X\nX MX X X X\nX XX XXX X\nX P      X\nX XXXXXX X\nXTX RR X X\nX X    X X\nX XX  XX X\nXm       X\nXT   e   X\nXXXXXXXXXX\n", "Health: 5 X: 7 Y: 1\nXXXXXXXXXX\nXXXT   H X\nXXXXXXXX X\nX    \u221e   X\nX XX XXXXX\nX XX XXXXX\nX MX X  tX\nX XX\u221eX X X\nX XX X X X\nX MX X X X\nX XX XXX X\nX P      X\nX XXXXXX X\nXTX RR X X\nX X    X X\nXmXX  XX X\nX        X\nXT   e   X\nXXXXXXXXXX\n", "Health: 5 X: 8 Y: 1\nXXXXXXXXXX\nXXXT    HX\nXXXXXXXX X\nX    \u221e   X\nX XX XXXXX\nX XX XXXXX\nX MX X  tX\nX XX\u221eX X X\nX XX X X X\nX MX X X X\nX XX XXX X\nX P      X\nX XXXXXX X\nXTX RR X X\nXmX    X X\nX XX  XX X\nX        X\nXT   e   X\nXXXXXXXXXX\n", "Health: 5 X: 8 Y: 2\nXXXXXXXXXX\nXXXT     X\nXXXXXXXXHX\nX    \u221e   X\nX XX XXXXX\nX XX XXXXX\nX MX X  tX\nX XX\u221eX X X\nX XX X X X\nX MX X X X\nX XX XXX X\nX P      X\nX XXXXXX X\nXTX RR X X\nX X    X X\nX XX  XX X\nX        X\nXT   e   X\nXXXXXXXXXX\n", "Health: 5 X: 8 Y: 3\nXXXXXXXXXX\nXXXT     X\nXXXXXXXX X\nX    \u221e  HX\nX XX XXXXX\nX XX XXXXX\nX MX X  tX\nX XX\u221eX X X\nX XX X X X\nX MX X X X\nX XX XXX X\nX P      X\nXmXXXXXX X\nXTX RR X X\nX X    X X\nX XX  XX X\nX        X\nXT   e   X\nXXXXXXXXXX\n", "Health: 5 X: 7 Y: 3\nXXXXXXXXXX\nXXXT     X\nXXXXXXXX X\nX    \u221e H X\nX XX XXXXX\nX XX XXXXX\nX MX X  tX\nX XX\u221eX X X\nX XX X X X\nX MX X X X\nX XX XXX X\nXmP      X\nX XXXXXX X\nXTX RR X X\nX X    X X\nX XX  XX X\nX        X\nXT   e   X\nXXXXXXXXXX\n", "Health: 5 X: 6 Y: 3\nXXXXXXXXXX\nXXXT     X\nXXXXXXXX X\nX    \u221eH  X\nX XX XXXXX\nX XX XXXXX\nX MX X  tX\nX XX\u221eX X X\nX XX X X X\nX MX X X X\nXmXX XXX X\nX P      X\nX XXXXXX X\nXTX RR X X\nX X    X X\nX XX  XX X\nX        X\nXT   e   X\nXXXXXXXXXX\n", "Health: 5 X: 5 Y: 3\nXXXXXXXXXX\nXXXT     X\nXXXXXXXX X\nX    \u221e   X\nX XX XXXXX\nX XX XXXXX\nX MX X  tX\nX XX\u221eX X X\nX XX X X X\nXmMX X X X\nX XX XXX X\nX P      X\nX XXXXXX X\nXTX RR X X\nX X    X X\nX XX  XX X\nX        X\nXT   e   X\nXXXXXXXXXX\n", "Health: 5 X: 4 Y: 3\nXXXXXXXXXX\nXXXT     X\nXXXXXXXX X\nX   H\u221e   X\nX XX XXXXX\nX XX XXXXX\nX MX X  tX\nX XX\u221eX X X\nXmXX X X X\nX MX X X X\nX XX XXX X\nX P      X\nX XXXXXX X\nXTX RR X X\nX X    X X\nX XX  XX X\nX        X\nXT   e   X\nXXXXXXXXXX\n", "Health: 5 X: 4 Y: 4\nXXXXXXXXXX\nXXXT     X\nXXXXXXXX X\nX    \u221e   X\nX XXHXXXXX\nX XX XXXXX\nX MX X  tX\nXmXX\u221eX X X\nX XX X X X\nX MX X X X\nX XX XXX X\nX P      X\nX XXXXXX X\nXTX RR X X\nX X    X X\nX XX  XX X\nX        X\nXT   e   X\nXXXXXXXXXX\n", "Health: 5 X: 4 Y: 5\nXXXXXXXXXX\nXXXT     X\nXXXXXXXX X\nX    \u221e   X\nX XX XXXXX\nX XXHXXXXX\nXmMX X  tX\nX XX\u221eX X X\nX XX X X X\nX MX X X X\nX XX XXX X\nX P      X\nX XXXXXX X\nXTX RR X X\nX X    X X\nX XX  XX X\nX        X\nXT   e   X\nXXXXXXXXXX\n", "Health: 5 X: 4 Y: 6\nXXXXXXXXXX\nXXXT     X\nXXXXXXXX X\nX    \u221e   X\nX XX XXXXX\nXmXX XXXXX\nX MXHX  tX\nX XX\u221eX X X\nX XX X X X\nX MX X X X\nX XX XXX X\nX P      X\nX XXXXXX X\nXTX RR X X\nX X    X X\nX XX  XX X\nX        X\nXT   e   X\nXXXXXXXXXX\n", "Health: 5 X: 4 Y: 7\nXXXXXXXXXX\nXXXT     X\nXXXXXXXX X\nX    \u221e   X\nXmXX XXXXX\nX XX XXXXX\nX MX X  tX\nX XX\u221eX X X\nX XX X X X\nX MX X X X\nX XX XXX X\nX P      X\nX XXXXXX X\nXTX RR X X\nX X    X X\nX XX  XX X\nX        X\nXT   e   X\nXXXXXXXXXX\n", "Health: 5 X: 4 Y: 8\nXXXXXXXXXX\nXXXT     X\nXXXXXXXX X\nXm   \u221e   X\nX XX XXXXX\nX XX XXXXX\nX MX X  tX\nX XX\u221eX X X\nX XXHX X X\nX MX X X X\nX XX XXX X\nX P      X\nX XXXXXX X\nXTX RR X X\nX X    X X\nX XX  XX X\nX        X\nXT   e   X\nXXXXXXXXXX\n", "Health: 5 X: 4 Y: 9\nXXXXXXXXXX\nXXXT     X\nXXXXXXXX X\nX m  \u221e   X\nX XX XXXXX\nX XX XXXXX\nX MX X  tX\nX XX\u221eX X X\nX XX X X X\nX MXHX X X\nX XX XXX X\nX P      X\nX XXXXXX X\nXTX RR X X\nX X    X X\nX XX  XX X\nX        X\nXT   e   X\nXXXXXXXXXX\n", "Health: 5 X: 4 Y: 10\nXXXXXXXXXX\nXXXT     X\nXXXXXXXX X\nX  m \u221e   X\nX XX XXXXX\nX XX XXXXX\nX MX X  tX\nX XX\u221eX X X\nX XX X X X\nX MX X X X\nX XXHXXX X\nX P      X\nX XXXXXX X\nXTX RR X X\nX X    X X\nX XX  XX X\nX        X\nXT   e   X\nXXXXXXXXXX\n", "Health: 5 X: 4 Y: 11\nXXXXXXXXXX\nXXXT     X\nXXXXXXXX X\nX   m\u221e   X\nX XX XXXXX\nX XX XXXXX\nX MX X  tX\nX XX\u221eX X X\nX XX X X X\nX MX X X X\nX XX XXX X\nX P H    X\nX XXXXXX X\nXTX RR X X\nX X    X X\nX XX  XX X\nX        X\nXT   e   X\nXXXXXXXXXX\n", "Health: 5 X: 3 Y: 11\nXXXXXXXXXX\nXXXT     X\nXXXXXXXX X\nX    \u221e   X\nX XXmXXXXX\nX XX XXXXX\nX MX X  tX\nX XX\u221eX X X\nX XX X X X\nX MX X X X\nX XX XXX X\nX PH     X\nX XXXXXX X\nXTX RR X X\nX X    X X\nX XX  XX X\nX        X\nXT   e   X\nXXXXXXXXXX\n", "Health: 7 X: 2 Y: 11\nXXXXXXXXXX\nXXXT     X\nXXXXXXXX X\nX    \u221e   X\nX XX XXXXX\nX XXmXXXXX\nX MX X  tX\nX XX\u221eX X X\nX XX X X X\nX MX X X X\nX XX XXX X\nX        X\nX XXXXXX X\nXTX RR X X\nX X    X X\nX XX  XX X\nX        X\nXT   e   X\nXXXXXXXXXX\n", "Health: 7 X: 1 Y: 11\nXXXXXXXXXX\nXXXT     X\nXXXXXXXX X\nX    \u221e   X\nX XX XXXXX\nX XX XXXXX\nX MXmX  tX\nX XX\u221eX X X\nX XX X X X\nX MX X X X\nX XX XXX X\nXH       X\nX XXXXXX X\nXTX RR X X\nX X    X X\nX XX  XX X\nX        X\nXT   e   X\nXXXXXXXXXX\n", "Health: 7 X: 1 Y: 12\nXXXXXXXXXX\nXXXT     X\nXXXXXXXX X\nX    \u221e   X\nX XX XXXXX\nX XX XXXXX\nX MX X  tX\nX XX\u221eX X X\nX XX X X X\nX MX X X X\nX XX XXX X\nX        X\nXHXXXXXX X\nXTX RR X X\nX X    X X\nX XX  XX X\nX        X\nXT   e   X\nXXXXXXXXXX\n", "Health: 7 X: 1 Y: 13\nXXXXXXXXXX\nXXXT     X\nXXXXXXXX X\nX    \u221e   X\nX XX XXXXX\nX XX XXXXX\nX MX X  tX\nX XX\u221eX X X\nX XXmX X X\nX MX X X X\nX XX XXX X\nX        X\nX XXXXXX X\nX X RR X X\nX X    X X\nX XX  XX X\nX        X\nXT   e   X\nXXXXXXXXXX\n", "Health: 7 X: 1 Y: 14\nXXXXXXXXXX\nXXXT     X\nXXXXXXXX X\nX    \u221e   X\nX XX XXXXX\nX XX XXXXX\nX MX X  tX\nX XX\u221eX X X\nX XX X X X\nX MXmX X X\nX XX XXX X\nX        X\nX XXXXXX X\nX X RR X X\nXHX    X X\nX XX  XX X\nX        X\nXT   e   X\nXXXXXXXXXX\n", "Health: 7 X: 1 Y: 15\nXXXXXXXXXX\nXXXT     X\nXXXXXXXX X\nX    \u221e   X\nX XX XXXXX\nX XX XXXXX\nX MX X  tX\nX XX\u221eX X X\nX XX X X X\nX MX X X X\nX XXmXXX X\nX        X\nX XXXXXX X\nX X RR X X\nX X    X X\nXHXX  XX X\nX        X\nXT   e   X\nXXXXXXXXXX\n", "Health: 7 X: 1 Y: 16\nXXXXXXXXXX\nXXXT     X\nXXXXXXXX X\nX    \u221e   X\nX XX XXXXX\nX XX XXXXX\nX MX X  tX\nX XX\u221eX X X\nX XX X X X\nX MX X X X\nX XX XXX X\nX   m    X\nX XXXXXX X\nX X RR X X\nX X    X X\nX XX  XX X\nXH       X\nXT   e   X\nXXXXXXXXXX\n", "Health: 7 X: 2 Y: 16\nXXXXXXXXXX\nXXXT     X\nXXXXXXXX X\nX    \u221e   X\nX XX XXXXX\nX XX XXXXX\nX MX X  tX\nX XX\u221eX X X\nX XX X X X\nX MX X X X\nX XX XXX X\nX  m     X\nX XXXXXX X\nX X RR X X\nX X    X X\nX XX  XX X\nX H      X\nXT   e   X\nXXXXXXXXXX\n", "Health: 7 X: 2 Y: 17\nXXXXXXXXXX\nXXXT     X\nXXXXXXXX X\nX    \u221e   X\nX XX XXXXX\nX XX XXXXX\nX MX X  tX\nX XX\u221eX X X\nX XX X X X\nX MX X X X\nX XX XXX X\nX        X\nX XXXXXX X\nX X RR X X\nX X    X X\nX XX  XX X\nX        X\nXTH  e   X\nXXXXXXXXXX\n", "Health: 7 X: 3 Y: 17\nXXXXXXXXXX\nXXXT     X\nXXXXXXXX X\nX    \u221e   X\nX XX XXXXX\nX XX XXXXX\nX MX X  tX\nX XX\u221eX X X\nX XX X X X\nX MX X X X\nX XX XXX X\nXm       X\nX XXXXXX X\nX X RR X X\nX X    X X\nX XX  XX X\nX        X\nXT H e   X\nXXXXXXXXXX\n", "Health: 7 X: 4 Y: 17\nXXXXXXXXXX\nXXXT     X\nXXXXXXXX X\nX    \u221e   X\nX XX XXXXX\nX XX XXXXX\nX MX X  tX\nX XX\u221eX X X\nX XX X X X\nX MX X X X\nX XX XXX X\nX        X\nXmXXXXXX X\nX X R  X X\nX X R  X X\nX XX  XX X\nX        X\nXT  He   X\nXXXXXXXXXX\n", "Health: 7 X: 5 Y: 17\nXXXXXXXXXX\nXXXT     X\nXXXXXXXX X\nX    \u221e   X\nX XX XXXXX\nX XX XXXXX\nX MX X  tX\nX XX\u221eX X X\nX XX X X X\nX MX X X X\nX XX XXX X\nX        X\nX XXXXXX X\nX X  R X X\nX X  R X X\nX XX  XX X\nX        X\nXT   e   X\nXXXXXXXXXX\n"], "map_number": 201}, {"mechanics": [{"timestep": 1, "mechanic": "JavelinThrow"}, {"timestep": 2, "mechanic": "BlobPotion"}, {"timestep": 2, "mechanic": "BlobPotion"}, {"timestep": 4, "mechanic": "BlobPotion"}, {"timestep": 5, "mechanic": "OgreHit"}, {"timestep": 8, "mechanic": "BlobHit"}, {"timestep": 8, "mechanic": "BlobHit"}, {"timestep": 23, "mechanic": "CollectPotion"}, {"timestep": 24, "mechanic": "JavelinThrow"}, {"timestep": 29, "mechanic": "CollectTreasure"}, {"timestep": 36, "mechanic": "JavelinThrow"}, {"timestep": 36, "mechanic": "MinitaurHit"}, {"timestep": 37, "mechanic": "BlobHit"}, {"timestep": 44, "mechanic": "CollectTreasure"}, {"timestep": 46, "mechanic": "CollectTreasure"}, {"timestep": 50, "mechanic": "CollectTreasure"}, {"timestep": 52, "mechanic": "CollectTreasure"}, {"timestep": 54, "mechanic": "JavelinThrow"}, {"timestep": 58, "mechanic": "MinitaurHit"}, {"timestep": 59, "mechanic": "MinitaurHit"}, {"timestep": 61, "mechanic": "UsePortal"}, {"timestep": 68, "mechanic": "CollectTreasure"}, {"timestep": 76, "mechanic": "ReachStairs"}], "frequencies": {"JavelinThrow": 4, "BlobPotion": 3, "OgreHit": 1, "BlobHit": 3, "CollectPotion": 1, "CollectTreasure": 6, "MinitaurHit": 3, "UsePortal": 1, "ReachStairs": 1}, "levelReport": {"utilityGained": 0.0, "exitUtility": 1.0, "runnerUtility": 0.22999999999999998, "loitererUtility": 77.0, "completionistUtility": 0.825, "monsterKillerUtility": 1.0, "treasureCollectorUtility": 1.0, "turnsTaken": 77, "health": 6, "healthLost": 6, "alive": true, "javelinsThrown": 4, "monsterKills": 5, "minitaurKnockouts": 3, "treasuresCollected": 6, "potionsTaken": 1, "totalMonsters": 6, "totalTreasures": 6, "totalPotions": 4, "timeTaken": 0.0}, "positions": [{"X": 6, "Y": 11}, {"X": 6, "Y": 11}, {"X": 5, "Y": 11}, {"X": 6, "Y": 11}, {"X": 6, "Y": 10}, {"X": 6, "Y": 9}, {"X": 7, "Y": 9}, {"X": 7, "Y": 8}, {"X": 7, "Y": 8}, {"X": 8, "Y": 8}, {"X": 8, "Y": 9}, {"X": 8, "Y": 10}, {"X": 8, "Y": 11}, {"X": 7, "Y": 11}, {"X": 6, "Y": 11}, {"X": 5, "Y": 11}, {"X": 4, "Y": 11}, {"X": 4, "Y": 10}, {"X": 4, "Y": 9}, {"X": 3, "Y": 9}, {"X": 3, "Y": 8}, {"X": 3, "Y": 7}, {"X": 3, "Y": 6}, {"X": 2, "Y": 6}, {"X": 2, "Y": 6}, {"X": 2, "Y": 5}, {"X": 2, "Y": 6}, {"X": 1, "Y": 6}, {"X": 1, "Y": 7}, {"X": 1, "Y": 8}, {"X": 1, "Y": 9}, {"X": 1, "Y": 10}, {"X": 2, "Y": 10}, {"X": 2, "Y": 11}, {"X": 2, "Y": 12}, {"X": 3, "Y": 12}, {"X": 3, "Y": 12}, {"X": 2, "Y": 12}, {"X": 2, "Y": 13}, {"X": 2, "Y": 14}, {"X": 1, "Y": 14}, {"X": 1, "Y": 15}, {"X": 1, "Y": 16}, {"X": 1, "Y": 17}, {"X": 1, "Y": 18}, {"X": 2, "Y": 18}, {"X": 3, "Y": 18}, {"X": 3, "Y": 17}, {"X": 4, "Y": 17}, {"X": 5, "Y": 17}, {"X": 5, "Y": 18}, {"X": 6, "Y": 18}, {"X": 7, "Y": 18}, {"X": 6, "Y": 18}, {"X": 6, "Y": 18}, {"X": 5, "Y": 18}, {"X": 5, "Y": 17}, {"X": 6, "Y": 17}, {"X": 6, "Y": 16}, {"X": 6, "Y": 15}, {"X": 5, "Y": 15}, {"X": 4, "Y": 4}, {"X": 5, "Y": 4}, {"X": 6, "Y": 4}, {"X": 6, "Y": 3}, {"X": 7, "Y": 3}, {"X": 7, "Y": 2}, {"X": 7, "Y": 1}, {"X": 8, "Y": 1}, {"X": 8, "Y": 2}, {"X": 7, "Y": 2}, {"X": 6, "Y": 2}, {"X": 5, "Y": 2}, {"X": 4, "Y": 2}, {"X": 3, "Y": 2}, {"X": 3, "Y": 1}, {"X": 4, "Y": 1}], "levelStates": ["Health: 10 X: 6 Y: 11\nXXXXXXXXXX\nXMX e X TX\nX        X\nX   X   XX\nX   T    X\nXX  XX   X\nX P     bX\nX X X  X X\nXT     o X\nX        X\nX  X   XPX\nX     H  X\nXX      XX\nX        X\nXb      bX\nX X T  X X\nXP   m  PX\nX        X\nXT TXT TXX\nXXXXXXXXXX\n", "Health: 10 X: 6 Y: 11\nXXXXXXXXXX\nXMX e X TX\nX        X\nX   X   XX\nX   T    X\nXX  XX   X\nX P      X\nX X X  XbX\nXT    o  X\nX        X\nX  X   XPX\nX     H  X\nXX      XX\nX        X\nX        X\nXbX Tm XbX\nXP      PX\nX        X\nXT TXT TXX\nXXXXXXXXXX\n", "Health: 10 X: 5 Y: 11\nXXXXXXXXXX\nXMX e X TX\nX        X\nX   X   XX\nX   T    X\nXX  XX   X\nX P      X\nX X X  X X\nXT   o  bX\nX        X\nX  X   XPX\nX    H   X\nXX      XX\nX        X\nX    m   X\nX X T  X X\nX        X\nX        X\nXT TXT TXX\nXXXXXXXXXX\n", "Health: 10 X: 6 Y: 11\nXXXXXXXXXX\nXMX e X TX\nX        X\nX   X   XX\nX   T    X\nXX  XX   X\nX P      X\nX X X  X X\nXT    o  X\nX       bX\nX  X   XPX\nX     H  X\nXX      XX\nX    m   X\nX        X\nX X T  X X\nX        X\nX        X\nXT TXT TXX\nXXXXXXXXXX\n", "Health: 10 X: 6 Y: 10\nXXXXXXXXXX\nXMX e X TX\nX        X\nX   X   XX\nX   T    X\nXX  XX   X\nX P      X\nX X X  X X\nXT       X\nX     o  X\nX  X  HX X\nX        X\nXX   m  XX\nX        X\nX        X\nX X T  XbX\nX        X\nX        X\nXT TXT TXX\nXXXXXXXXXX\n", "Health: 8 X: 6 Y: 9\nXXXXXXXXXX\nXMX e X TX\nX        X\nX   X   XX\nX   T    X\nXX  XX   X\nX P      X\nX X X  X X\nXT       X\nX     \u221e  X\nX  X   X X\nX    m   X\nXX      XX\nX        X\nX        X\nX X T  XbX\nX        X\nX        X\nXT TXT TXX\nXXXXXXXXXX\n", "Health: 8 X: 7 Y: 9\nXXXXXXXXXX\nXMX e X TX\nX        X\nX   X   XX\nX   T    X\nXX  XX   X\nX P      X\nX X X  X X\nXT       X\nX     \u221eHbX\nX  X m X X\nX        X\nXX      XX\nX        X\nX        X\nX X T  XbX\nX        X\nX        X\nXT TXT TXX\nXXXXXXXXXX\n", "Health: 8 X: 7 Y: 8\nXXXXXXXXXX\nXMX e X TX\nX        X\nX   X   XX\nX   T    X\nXX  XX   X\nX P      X\nX X X  X X\nXT     HbX\nX    m\u221e  X\nX  X   X X\nX        X\nXX      XX\nX        X\nX        X\nX X T  XbX\nX        X\nX        X\nXT TXT TXX\nXXXXXXXXXX\n", "Health: 6 X: 7 Y: 8\nXXXXXXXXXX\nXMX e X TX\nX        X\nX   X   XX\nX   T    X\nXX  XX   X\nX P      X\nX X X  X X\nXT   m H\u221eX\nX     \u221e  X\nX  X   X X\nX        X\nXX      XX\nX        X\nX        X\nX X T  XbX\nX        X\nX        X\nXT TXT TXX\nXXXXXXXXXX\n", "Health: 6 X: 8 Y: 8\nXXXXXXXXXX\nXMX e X TX\nX        X\nX   X   XX\nX   T    X\nXX  XX   X\nX P      X\nX X X  X X\nXT    m \u221eX\nX     \u221e  X\nX  X   X X\nX        X\nXX      XX\nX        X\nX        X\nX X T  XbX\nX        X\nX        X\nXT TXT TXX\nXXXXXXXXXX\n", "Health: 6 X: 8 Y: 9\nXXXXXXXXXX\nXMX e X TX\nX        X\nX   X   XX\nX   T    X\nXX  XX   X\nX P      X\nX X X  X X\nXT     m\u221eX\nX     \u221e HX\nX  X   X X\nX        X\nXX      XX\nX        X\nX        X\nX X T  XbX\nX        X\nX        X\nXT TXT TXX\nXXXXXXXXXX\n", "Health: 6 X: 8 Y: 10\nXXXXXXXXXX\nXMX e X TX\nX        X\nX   X   XX\nX   T    X\nXX  XX   X\nX P      X\nX X X  X X\nXT      mX\nX     \u221e  X\nX  X   X X\nX        X\nXX      XX\nX        X\nX        X\nX X T  XbX\nX        X\nX        X\nXT TXT TXX\nXXXXXXXXXX\n", "Health: 6 X: 8 Y: 11\nXXXXXXXXXX\nXMX e X TX\nX        X\nX   X   XX\nX   T    X\nXX  XX   X\nX P      X\nX X X  X X\nXT      \u221eX\nX     \u221e mX\nX  X   X X\nX       HX\nXX      XX\nX        X\nX        X\nX X T  XbX\nX        X\nX        X\nXT TXT TXX\nXXXXXXXXXX\n", "Health: 6 X: 7 Y: 11\nXXXXXXXXXX\nXMX e X TX\nX        X\nX   X   XX\nX   T    X\nXX  XX   X\nX P      X\nX X X  X X\nXT      \u221eX\nX     \u221e  X\nX  X   XmX\nX      H X\nXX      XX\nX        X\nX       bX\nX X T  X X\nX        X\nX        X\nXT TXT TXX\nXXXXXXXXXX\n", "Health: 6 X: 6 Y: 11\nXXXXXXXXXX\nXMX e X TX\nX        X\nX   X   XX\nX   T    X\nXX  XX   X\nX P      X\nX X X  X X\nXT      \u221eX\nX     \u221e  X\nX  X   X X\nX     H mX\nXX      XX\nX       bX\nX        X\nX X T  X X\nX        X\nX        X\nXT TXT TXX\nXXXXXXXXXX\n", "Health: 6 X: 5 Y: 11\nXXXXXXXXXX\nXMX e X TX\nX        X\nX   X   XX\nX   T    X\nXX  XX   X\nX P      X\nX X X  X X\nXT      \u221eX\nX     \u221e  X\nX  X   X X\nX    H m X\nXX      XX\nX      b X\nX        X\nX X T  X X\nX        X\nX        X\nXT TXT TXX\nXXXXXXXXXX\n", "Health: 6 X: 4 Y: 11\nXXXXXXXXXX\nX X e X TX\nXM       X\nX   X   XX\nX   T    X\nXX  XX   X\nX P      X\nX X X  X X\nXT      \u221eX\nX     \u221e  X\nX  X   X X\nX   H m  X\nXX     bXX\nX        X\nX        X\nX X T  X X\nX        X\nX        X\nXT TXT TXX\nXXXXXXXXXX\n", "Health: 6 X: 4 Y: 10\nXXXXXXXXXX\nX X e X TX\nX M      X\nX   X   XX\nX   T    X\nXX  XX   X\nX P      X\nX X X  X X\nXT      \u221eX\nX     \u221e  X\nX  XH mX X\nX      b X\nXX      XX\nX        X\nX        X\nX X T  X X\nX        X\nX        X\nXT TXT TXX\nXXXXXXXXXX\n", "Health: 6 X: 4 Y: 9\nXXXXXXXXXX\nX X e X TX\nX M      X\nX   X   XX\nX   T    X\nXX  XX   X\nX P      X\nX X X  X X\nXT      \u221eX\nX   H m  X\nX  X   X X\nX     b  X\nXX      XX\nX        X\nX        X\nX X T  X X\nX        X\nX        X\nXT TXT TXX\nXXXXXXXXXX\n", "Health: 6 X: 3 Y: 9\nXXXXXXXXXX\nX X e X TX\nX  M     X\nX   X   XX\nX   T    X\nXX  XX   X\nX P      X\nX X X  X X\nXT      \u221eX\nX  H m\u221e  X\nX  X  bX X\nX        X\nXX      XX\nX        X\nX        X\nX X T  X X\nX        X\nX        X\nXT TXT TXX\nXXXXXXXXXX\n", "Health: 6 X: 3 Y: 8\nXXXXXXXXXX\nX X e X TX\nX        X\nX  MX   XX\nX   T    X\nXX  XX   X\nX P      X\nX X X  X X\nXT H m  \u221eX\nX     b  X\nX  X   X X\nX        X\nXX      XX\nX        X\nX        X\nX X T  X X\nX        X\nX        X\nXT TXT TXX\nXXXXXXXXXX\n", "Health: 6 X: 3 Y: 7\nXXXXXXXXXX\nX X e X TX\nX        X\nX   X   XX\nX  MT    X\nXX  XX   X\nX P      X\nX XHX  X X\nXT  m   \u221eX\nX     b  X\nX  X   X X\nX        X\nXX      XX\nX        X\nX        X\nXbX T  X X\nX        X\nX        X\nXT TXT TXX\nXXXXXXXXXX\n", "Health: 6 X: 3 Y: 6\nXXXXXXXXXX\nX X e X TX\nX        X\nX   X   XX\nX   T    X\nXX MXX   X\nX PH     X\nX X X  X X\nXT m    \u221eX\nX     b  X\nX  X   X X\nX        X\nXX      XX\nX        X\nXb       X\nX X T  X X\nX        X\nX        X\nXT TXT TXX\nXXXXXXXXXX\n", "Health: 8 X: 2 Y: 6\nXXXXXXXXXX\nX X e X TX\nX        X\nX   X   XX\nX   T    X\nXXM XX   X\nX        X\nX XmX  X X\nXT      \u221eX\nX     b  X\nX  X   X X\nX        X\nXX      XX\nX        X\nXb       X\nX X T  X X\nX        X\nX        X\nXT TXT TXX\nXXXXXXXXXX\n", "Health: 8 X: 2 Y: 6\nXXXXXXXXXX\nX X e X TX\nX        X\nX   X   XX\nX   T    X\nXX\u221e XX   X\nX  m     X\nX X X  X X\nXT      \u221eX\nX     b  X\nX  X   X X\nX        X\nXX      XX\nX        X\nXb       X\nX X T  X X\nX        X\nX        X\nXT TXT TXX\nXXXXXXXXXX\n", "Health: 8 X: 2 Y: 5\nXXXXXXXXXX\nX X e X TX\nX        X\nX   X   XX\nX   T    X\nXX\u221emXX   X\nX        X\nX X X  X X\nXT      \u221eX\nX     b  X\nX  X   X X\nX        X\nXX      XX\nX        X\nXb       X\nX X T  X X\nX        X\nX        X\nXT TXT TXX\nXXXXXXXXXX\n", "Health: 8 X: 2 Y: 6\nXXXXXXXXXX\nX X e X TX\nX        X\nX   X   XX\nX   T    X\nXXm XX   X\nX        X\nX X X  X X\nXT      \u221eX\nX     b  X\nX  X   X X\nX        X\nXX      XX\nX        X\nXb       X\nX X T  X X\nX        X\nX        X\nXT TXT TXX\nXXXXXXXXXX\n", "Health: 8 X: 1 Y: 6\nXXXXXXXXXX\nX X e X TX\nX        X\nX   X   XX\nX   T    X\nXX\u221e XX   X\nXHm      X\nX X X  X X\nXT      \u221eX\nX     b  X\nX  X   X X\nX        X\nXX      XX\nX        X\nXb       X\nX X T  X X\nX        X\nX        X\nXT TXT TXX\nXXXXXXXXXX\n", "Health: 8 X: 1 Y: 7\nXXXXXXXXXX\nX X e X TX\nX        X\nX   X   XX\nX   T    X\nXX\u221e XX   X\nXm       X\nXHX X  X X\nXT      \u221eX\nX     b  X\nX  X   X X\nX        X\nXX      XX\nX        X\nXb       X\nX X T  X X\nX        X\nX        X\nXT TXT TXX\nXXXXXXXXXX\n", "Health: 8 X: 1 Y: 8\nXXXXXXXXXX\nX X e X TX\nX        X\nX   X   XX\nX   T    X\nXX\u221e XX   X\nX        X\nXmX X  X X\nX     b \u221eX\nX     \u221e  X\nX  X   X X\nX        X\nXX      XX\nX        X\nXb       X\nX X T  X X\nX        X\nX        X\nXT TXT TXX\nXXXXXXXXXX\n", "Health: 8 X: 1 Y: 9\nXXXXXXXXXX\nX X e X TX\nX        X\nX   X   XX\nX   T    X\nXX\u221e XX   X\nX        X\nX X X  X X\nXm   b  \u221eX\nXH    \u221e  X\nX  X   X X\nX        X\nXX      XX\nX        X\nXb       X\nX X T  X X\nX        X\nX        X\nXT TXT TXX\nXXXXXXXXXX\n", "Health: 8 X: 1 Y: 10\nXXXXXXXXXX\nX X e X TX\nX        X\nX   X   XX\nX   T    X\nXX\u221e XX   X\nX        X\nX X X  X X\nX   b   \u221eX\nXm    \u221e  X\nXH X   X X\nX        X\nXX      XX\nX        X\nXb       X\nX X T  X X\nX        X\nX        X\nXT TXT TXX\nXXXXXXXXXX\n", "Health: 8 X: 2 Y: 10\nXXXXXXXXXX\nX X e X TX\nX        X\nX   X   XX\nX   T    X\nXX\u221e XX   X\nX        X\nX X X  X X\nX   b   \u221eX\nX m   \u221e  X\nX HX   X X\nX        X\nXX      XX\nX        X\nXb       X\nX X T  X X\nX        X\nX        X\nXT TXT TXX\nXXXXXXXXXX\n", "Health: 8 X: 2 Y: 11\nXXXXXXXXXX\nX X e X TX\nX        X\nX   X   XX\nX   T    X\nXX\u221e XX   X\nX        X\nX X X  X X\nX   b   \u221eX\nX     \u221e  X\nX mX   X X\nX H      X\nXX      XX\nX        X\nXb       X\nX X T  X X\nX        X\nX        X\nXT TXT TXX\nXXXXXXXXXX\n", "Health: 8 X: 2 Y: 12\nXXXXXXXXXX\nX X e X TX\nX        X\nX   X   XX\nX   T    X\nXX\u221e XX   X\nX        X\nX X X  X X\nX   b   \u221eX\nX     \u221e  X\nX  X   X X\nX m      X\nXXH     XX\nXb       X\nX        X\nX X T  X X\nX        X\nX        X\nXT TXT TXX\nXXXXXXXXXX\n", "Health: 8 X: 3 Y: 12\nXXXXXXXXXX\nX X e X TX\nX        X\nX   X   XX\nX   T    X\nXX\u221e XX   X\nX        X\nX X X  X X\nX   b   \u221eX\nX     \u221e  X\nX  X   X X\nX  m     X\nXX H    XX\nX b      X\nX        X\nX X T  X X\nX        X\nX        X\nXT TXT TXX\nXXXXXXXXXX\n", "Health: 7 X: 3 Y: 12\nXXXXXXXXXX\nX X e X TX\nX        X\nX   X   XX\nX   T    X\nXX\u221e XX   X\nX        X\nX X X  X X\nX   b   \u221eX\nX     \u221e  X\nX  X   X X\nX  m     X\nXXbH    XX\nX        X\nX        X\nX X T  X X\nX        X\nX        X\nXT TXT TXX\nXXXXXXXXXX\n", "Health: 7 X: 2 Y: 12\nXXXXXXXXXX\nX X e X TX\nX        X\nX   X   XX\nX   T    X\nXX\u221e XX   X\nX        X\nX X X  X X\nX   b   \u221eX\nX     \u221e  X\nX  X   X X\nX  m     X\nXX\u221e     XX\nX        X\nX        X\nX X T  X X\nX        X\nX        X\nXT TXT TXX\nXXXXXXXXXX\n", "Health: 7 X: 2 Y: 13\nXXXXXXXXXX\nX X e X TX\nX        X\nX   X   XX\nX   T    X\nXX\u221e XX   X\nX        X\nX X X  X X\nX   b   \u221eX\nX     \u221e  X\nX  X   X X\nX  m     X\nXX\u221e     XX\nX H      X\nX        X\nX X T  X X\nX        X\nX        X\nXT TXT TXX\nXXXXXXXXXX\n", "Health: 7 X: 2 Y: 14\nXXXXXXXXXX\nX X e X TX\nX        X\nX   X   XX\nX   T    X\nXX\u221e XX   X\nX        X\nX X X  X X\nX   b   \u221eX\nX     \u221e  X\nX  X   X X\nX  m     X\nXX\u221e     XX\nX        X\nX H      X\nX X T  X X\nX        X\nX        X\nXT TXT TXX\nXXXXXXXXXX\n", "Health: 7 X: 1 Y: 14\nXXXXXXXXXX\nX X e X TX\nX        X\nX   X   XX\nX   T    X\nXX\u221e XX   X\nX        X\nX X X  X X\nX   b   \u221eX\nX     \u221e  X\nX  X   X X\nX  m     X\nXX\u221e     XX\nX        X\nXH       X\nX X T  X X\nX        X\nX        X\nXT TXT TXX\nXXXXXXXXXX\n", "Health: 7 X: 1 Y: 15\nXXXXXXXXXX\nX X e X TX\nX        X\nX   X   XX\nX   T    X\nXX\u221e XX   X\nX        X\nX X X  X X\nX   b   \u221eX\nX     \u221e  X\nX  X   X X\nX  m     X\nXX\u221e     XX\nX        X\nX        X\nXHX T  X X\nX        X\nX        X\nXT TXT TXX\nXXXXXXXXXX\n", "Health: 7 X: 1 Y: 16\nXXXXXXXXXX\nX X e X TX\nX        X\nX   X   XX\nX   T    X\nXX\u221e XX   X\nX        X\nX X X  X X\nX   b   \u221eX\nX     \u221e  X\nX  X   X X\nX m      X\nXX\u221e     XX\nX        X\nX        X\nX X T  X X\nX        X\nX        X\nXT TXT TXX\nXXXXXXXXXX\n", "Health: 7 X: 1 Y: 17\nXXXXXXXXXX\nX X e X TX\nX        X\nX   X   XX\nX   T    X\nXX\u221e XX   X\nX        X\nX X X  X X\nX   b   \u221eX\nX     \u221e  X\nX  X   X X\nX        X\nXXm     XX\nX        X\nX        X\nX X T  X X\nX        X\nXH       X\nXT TXT TXX\nXXXXXXXXXX\n", "Health: 7 X: 1 Y: 18\nXXXXXXXXXX\nX X e X TX\nX        X\nX   X   XX\nX   T    X\nXX\u221e XX   X\nX        X\nX X X  X X\nX   b   \u221eX\nX     \u221e  X\nX  X   X X\nX        X\nXX\u221e     XX\nX m      X\nX        X\nX X T  X X\nX        X\nX        X\nX  TXT TXX\nXXXXXXXXXX\n", "Health: 7 X: 2 Y: 18\nXXXXXXXXXX\nX X e X TX\nX        X\nX   X   XX\nX   T    X\nXX\u221e XX   X\nX        X\nX X X  X X\nX       \u221eX\nX   b \u221e  X\nX  X   X X\nX        X\nXX\u221e     XX\nX        X\nX m      X\nX X T  X X\nX        X\nX        X\nX HTXT TXX\nXXXXXXXXXX\n", "Health: 7 X: 3 Y: 18\nXXXXXXXXXX\nX X e X TX\nX        X\nX   X   XX\nX   T    X\nXX\u221e XX   X\nX        X\nX X X  X X\nX       \u221eX\nX     \u221e  X\nX  Xb  X X\nX        X\nXX\u221e     XX\nX        X\nX  m     X\nX X T  X X\nX        X\nX        X\nX   XT TXX\nXXXXXXXXXX\n", "Health: 7 X: 3 Y: 17\nXXXXXXXXXX\nX X e X TX\nX        X\nX   X   XX\nX   T    X\nXX\u221e XX   X\nX        X\nX X X  X X\nX       \u221eX\nX     \u221e  X\nX  X   X X\nX   b    X\nXX\u221e     XX\nX        X\nX        X\nX XmT  X X\nX        X\nX  H     X\nX   XT TXX\nXXXXXXXXXX\n", "Health: 7 X: 4 Y: 17\nXXXXXXXXXX\nX X e X TX\nX        X\nX   X   XX\nX   T    X\nXX\u221e XX   X\nX        X\nX X X  X X\nX       \u221eX\nX     \u221e  X\nX  X   X X\nX        X\nXX\u221e b   XX\nX        X\nX        X\nX X m  X X\nX        X\nX   H    X\nX   XT TXX\nXXXXXXXXXX\n", "Health: 7 X: 5 Y: 17\nXXXXXXXXXX\nX X e X TX\nX        X\nX   X   XX\nX   T    X\nXX\u221e XX   X\nX        X\nX X X  X X\nX       \u221eX\nX     \u221e  X\nX  X   X X\nX        X\nXX\u221e  b  XX\nX        X\nX        X\nX X Tm X X\nX        X\nX    H   X\nX   XT TXX\nXXXXXXXXXX\n", "Health: 7 X: 5 Y: 18\nXXXXXXXXXX\nX X e X TX\nX        X\nX   X   XX\nX   T    X\nXX\u221e XX   X\nX        X\nX X X  X X\nX       \u221eX\nX     \u221e  X\nX  X   X X\nX        X\nXX\u221e     XX\nX    b   X\nX        X\nX X T  X X\nX    m   X\nX        X\nX   X  TXX\nXXXXXXXXXX\n", "Health: 7 X: 6 Y: 18\nXXXXXXXXXX\nX X e X TX\nX        X\nX   X   XX\nX   T    X\nXX\u221e XX   X\nX        X\nX X X  X X\nX       \u221eX\nX     \u221e  X\nX  X   X X\nX        X\nXX\u221e     XX\nX     b  X\nX        X\nX X T  X X\nX     m  X\nX        X\nX   X HTXX\nXXXXXXXXXX\n", "Health: 7 X: 7 Y: 18\nXXXXXXXXXX\nX X e X TX\nX        X\nX   X   XX\nX   T    X\nXX\u221e XX   X\nX        X\nX X X  X X\nX       \u221eX\nX     \u221e  X\nX  X   X X\nX        X\nXX\u221e     XX\nX        X\nX     b  X\nX X T  X X\nX      m X\nX        X\nX   X   XX\nXXXXXXXXXX\n", "Health: 7 X: 6 Y: 18\nXXXXXXXXXX\nX X e X TX\nX        X\nX   X   XX\nX   T    X\nXX\u221e XX   X\nX        X\nX X X  X X\nX       \u221eX\nX     \u221e  X\nX  X   X X\nX        X\nXX\u221e     XX\nX        X\nX        X\nX X T bX X\nX     m  X\nX        X\nX   X H XX\nXXXXXXXXXX\n", "Health: 7 X: 6 Y: 18\nXXXXXXXXXX\nX X e X TX\nX        X\nX   X   XX\nX   T    X\nXX\u221e XX   X\nX        X\nX X X  X X\nX       \u221eX\nX     \u221e  X\nX  X   X X\nX        X\nXX\u221e     XX\nX        X\nX        X\nX X T  X X\nX     m  X\nX        X\nX   X H XX\nXXXXXXXXXX\n", "Health: 7 X: 5 Y: 18\nXXXXXXXXXX\nX X e X TX\nX        X\nX   X   XX\nX   T    X\nXX\u221e XX   X\nX        X\nX X X  X X\nX       \u221eX\nX     \u221e  X\nX  X   X X\nX        X\nXX\u221e     XX\nX        X\nX        X\nX X T  X X\nX     m  X\nX        X\nX   X   XX\nXXXXXXXXXX\n", "Health: 7 X: 5 Y: 17\nXXXXXXXXXX\nX X e X TX\nX        X\nX   X   XX\nX   T    X\nXX\u221e XX   X\nX        X\nX X X  X X\nX       \u221eX\nX     \u221e  X\nX  X   X X\nX        X\nXX\u221e     XX\nX        X\nX        X\nX X T  X X\nX     m  X\nX    H   X\nX   X   XX\nXXXXXXXXXX\n", "Health: 7 X: 6 Y: 17\nXXXXXXXXXX\nX X e X TX\nX        X\nX   X   XX\nX   T    X\nXX\u221e XX   X\nX        X\nX X X  X X\nX       \u221eX\nX     \u221e  X\nX  X   X X\nX        X\nXX\u221e     XX\nX        X\nX        X\nX X T  X X\nX     m  X\nX     H  X\nX   X   XX\nXXXXXXXXXX\n", "Health: 7 X: 6 Y: 16\nXXXXXXXXXX\nX X e X TX\nX        X\nX   X   XX\nX   T    X\nXX\u221e XX   X\nX        X\nX X X  X X\nX       \u221eX\nX     \u221e  X\nX  X   X X\nX        X\nXX\u221e     XX\nX        X\nX        X\nX X T  X X\nX     m  X\nX        X\nX   X   XX\nXXXXXXXXXX\n", "Health: 6 X: 6 Y: 15\nXXXXXXXXXX\nX X e X TX\nX        X\nX   X   XX\nX   T    X\nXX\u221e XX   X\nX        X\nX X X  X X\nX       \u221eX\nX     \u221e  X\nX  X   X X\nX        X\nXX\u221e     XX\nX        X\nX        X\nX X T HX X\nX     m  X\nX        X\nX   X   XX\nXXXXXXXXXX\n", "Health: 6 X: 5 Y: 15\nXXXXXXXXXX\nX X e X TX\nX        X\nX   X   XX\nX   T    X\nXX\u221e XX   X\nX        X\nX X X  X X\nX       \u221eX\nX     \u221e  X\nX  X   X X\nX        X\nXX\u221e     XX\nX        X\nX        X\nX X TH X X\nX     m  X\nX        X\nX   X   XX\nXXXXXXXXXX\n", "Health: 6 X: 4 Y: 4\nXXXXXXXXXX\nX X e X TX\nX        X\nX   X   XX\nX   T    X\nXX\u221e XX   X\nX        X\nX X X  X X\nX       \u221eX\nX     \u221e  X\nX  X   X X\nX        X\nXX\u221e     XX\nX        X\nX        X\nX X T  X X\nX     m  X\nX        X\nX   X   XX\nXXXXXXXXXX\n", "Health: 6 X: 5 Y: 4\nXXXXXXXXXX\nX X e X TX\nX        X\nX   X   XX\nX   TH   X\nXX\u221e XX   X\nX        X\nX X X  X X\nX       \u221eX\nX     \u221e  X\nX  X   X X\nX        X\nXX\u221e     XX\nX        X\nX        X\nX X T  X X\nX     m  X\nX        X\nX   X   XX\nXXXXXXXXXX\n", "Health: 6 X: 6 Y: 4\nXXXXXXXXXX\nX X e X TX\nX        X\nX   X   XX\nX   T H  X\nXX\u221e XX   X\nX        X\nX X X  X X\nX       \u221eX\nX     \u221e  X\nX  X   X X\nX        X\nXX\u221e     XX\nX        X\nX        X\nX X T  X X\nX     m  X\nX        X\nX   X   XX\nXXXXXXXXXX\n", "Health: 6 X: 6 Y: 3\nXXXXXXXXXX\nX X e X TX\nX        X\nX   X H XX\nX   T    X\nXX\u221e XX   X\nX        X\nX X X  X X\nX       \u221eX\nX     \u221e  X\nX  X   X X\nX        X\nXX\u221e     XX\nX        X\nX        X\nX X T  X X\nX     m  X\nX        X\nX   X   XX\nXXXXXXXXXX\n", "Health: 6 X: 7 Y: 3\nXXXXXXXXXX\nX X e X TX\nX        X\nX   X  HXX\nX   T    X\nXX\u221e XX   X\nX        X\nX X X  X X\nX       \u221eX\nX     \u221e  X\nX  X   X X\nX        X\nXX\u221e     XX\nX        X\nX        X\nX X T mX X\nX     \u221e  X\nX        X\nX   X   XX\nXXXXXXXXXX\n", "Health: 6 X: 7 Y: 2\nXXXXXXXXXX\nX X e X TX\nX      H X\nX   X   XX\nX   T    X\nXX\u221e XX   X\nX        X\nX X X  X X\nX       \u221eX\nX     \u221e  X\nX  X   X X\nX        X\nXX\u221e     XX\nX        X\nX     m  X\nX X T  X X\nX     \u221e  X\nX        X\nX   X   XX\nXXXXXXXXXX\n", "Health: 6 X: 7 Y: 1\nXXXXXXXXXX\nX X e XHTX\nX        X\nX   X   XX\nX   T    X\nXX\u221e XX   X\nX        X\nX X X  X X\nX       \u221eX\nX     \u221e  X\nX  X   X X\nX        X\nXX\u221e     XX\nX     m  X\nX        X\nX X T  X X\nX     \u221e  X\nX        X\nX   X   XX\nXXXXXXXXXX\n", "Health: 6 X: 8 Y: 1\nXXXXXXXXXX\nX X e X  X\nX        X\nX   X   XX\nX   T    X\nXX\u221e XX   X\nX        X\nX X X  X X\nX       \u221eX\nX     \u221e  X\nX  X   X X\nX        X\nXX\u221e   m XX\nX        X\nX        X\nX X T  X X\nX     \u221e  X\nX        X\nX   X   XX\nXXXXXXXXXX\n", "Health: 6 X: 8 Y: 2\nXXXXXXXXXX\nX X e X  X\nX       HX\nX   X   XX\nX   T    X\nXX\u221e XX   X\nX        X\nX X X  X X\nX       \u221eX\nX     \u221e  X\nX  X   X X\nX     m  X\nXX\u221e     XX\nX        X\nX        X\nX X T  X X\nX     \u221e  X\nX        X\nX   X   XX\nXXXXXXXXXX\n", "Health: 6 X: 7 Y: 2\nXXXXXXXXXX\nX X e X  X\nX      H X\nX   X   XX\nX   T    X\nXX\u221e XX   X\nX        X\nX X X  X X\nX       \u221eX\nX     \u221e  X\nX  X  mX X\nX        X\nXX\u221e     XX\nX        X\nX        X\nX X T  X X\nX     \u221e  X\nX        X\nX   X   XX\nXXXXXXXXXX\n", "Health: 6 X: 6 Y: 2\nXXXXXXXXXX\nX X e X  X\nX     H  X\nX   X   XX\nX   T    X\nXX\u221e XX   X\nX        X\nX X X  X X\nX       \u221eX\nX     m  X\nX  X   X X\nX        X\nXX\u221e     XX\nX        X\nX        X\nX X T  X X\nX     \u221e  X\nX        X\nX   X   XX\nXXXXXXXXXX\n", "Health: 6 X: 5 Y: 2\nXXXXXXXXXX\nX X e X  X\nX    H   X\nX   X   XX\nX   T    X\nXX\u221e XX   X\nX        X\nX X X  X X\nX     m \u221eX\nX     \u221e  X\nX  X   X X\nX        X\nXX\u221e     XX\nX        X\nX        X\nX X T  X X\nX     \u221e  X\nX        X\nX   X   XX\nXXXXXXXXXX\n", "Health: 6 X: 4 Y: 2\nXXXXXXXXXX\nX X e X  X\nX   H    X\nX   X   XX\nX   T    X\nXX\u221e XX   X\nX        X\nX X X mX X\nX       \u221eX\nX     \u221e  X\nX  X   X X\nX        X\nXX\u221e     XX\nX        X\nX        X\nX X T  X X\nX     \u221e  X\nX        X\nX   X   XX\nXXXXXXXXXX\n", "Health: 6 X: 3 Y: 2\nXXXXXXXXXX\nX X e X  X\nX  H     X\nX   X   XX\nX   T    X\nXX\u221e XX   X\nX     m  X\nX X X  X X\nX       \u221eX\nX     \u221e  X\nX  X   X X\nX        X\nXX\u221e     XX\nX        X\nX        X\nX X T  X X\nX     \u221e  X\nX        X\nX   X   XX\nXXXXXXXXXX\n", "Health: 6 X: 3 Y: 1\nXXXXXXXXXX\nX XHe X  X\nX        X\nX   X   XX\nX   T    X\nXX\u221e XXm  X\nX        X\nX X X  X X\nX       \u221eX\nX     \u221e  X\nX  X   X X\nX        X\nXX\u221e     XX\nX        X\nX        X\nX X T  X X\nX     \u221e  X\nX        X\nX   X   XX\nXXXXXXXXXX\n", "Health: 6 X: 4 Y: 1\nXXXXXXXXXX\nX X e X  X\nX        X\nX   X   XX\nX   T m  X\nXX\u221e XX   X\nX        X\nX X X  X X\nX       \u221eX\nX     \u221e  X\nX  X   X X\nX        X\nXX\u221e     XX\nX        X\nX        X\nX X T  X X\nX     \u221e  X\nX        X\nX   X   XX\nXXXXXXXXXX\n"], "map_number": 202}], "timestamp": "10-Aug-2021 18:25:15.609438", "ip": "173.76.198.41"}