{"Q1": "Every day", "Q2": "Always", "Q3": "Always", "Q4": "Sometimes", "Q5": "Always", "Q6": "Always", "Q7": "Always", "Q8": "Always", "Q9": "Always", "Q10": "Always", "results": [{"mechanics": [{"timestep": 1, "mechanic": "BlobHit"}, {"timestep": 9, "mechanic": "GoblinMeleeHit"}, {"timestep": 12, "mechanic": "GoblinMeleeHit"}, {"timestep": 17, "mechanic": "CollectPotion"}, {"timestep": 20, "mechanic": "CollectTreasure"}, {"timestep": 24, "mechanic": "UsePortal"}, {"timestep": 36, "mechanic": "MinitaurHit"}, {"timestep": 40, "mechanic": "OgreHit"}, {"timestep": 40, "mechanic": "OgreHit"}, {"timestep": 49, "mechanic": "CollectPotion"}, {"timestep": 55, "mechanic": "TriggerTrap"}, {"timestep": 57, "mechanic": "CollectTreasure"}, {"timestep": 58, "mechanic": "CollectTreasure"}, {"timestep": 59, "mechanic": "CollectTreasure"}, {"timestep": 60, "mechanic": "CollectTreasure"}, {"timestep": 66, "mechanic": "MinitaurHit"}, {"timestep": 67, "mechanic": "MinitaurHit"}, {"timestep": 67, "mechanic": "TriggerTrap"}, {"timestep": 74, "mechanic": "CollectTreasure"}, {"timestep": 80, "mechanic": "CollectTreasure"}, {"timestep": 80, "mechanic": "GoblinRangedHit"}, {"timestep": 81, "mechanic": "CollectTreasure"}, {"timestep": 81, "mechanic": "GoblinRangedHit"}, {"timestep": 86, "mechanic": "MinitaurHit"}, {"timestep": 87, "mechanic": "ReachStairs"}], "frequencies": {"BlobHit": 1, "GoblinMeleeHit": 2, "CollectPotion": 2, "CollectTreasure": 8, "UsePortal": 1, "MinitaurHit": 4, "OgreHit": 2, "TriggerTrap": 2, "GoblinRangedHit": 2, "ReachStairs": 1}, "levelReport": {"utilityGained": 0.0, "exitUtility": 1.0, "runnerUtility": 0.12, "loitererUtility": 88.0, "completionistUtility": 0.922222222222222, "monsterKillerUtility": 0.7666666666666666, "treasureCollectorUtility": 1.0, "turnsTaken": 88, "health": 1, "healthLost": 13, "alive": true, "javelinsThrown": 0, "monsterKills": 4, "minitaurKnockouts": 4, "treasuresCollected": 8, "potionsTaken": 2, "totalMonsters": 7, "totalTreasures": 8, "totalPotions": 2, "timeTaken": 0.0}, "positions": [{"X": 7, "Y": 3}, {"X": 6, "Y": 3}, {"X": 5, "Y": 3}, {"X": 4, "Y": 3}, {"X": 3, "Y": 3}, {"X": 2, "Y": 3}, {"X": 1, "Y": 3}, {"X": 1, "Y": 4}, {"X": 1, "Y": 5}, {"X": 1, "Y": 6}, {"X": 1, "Y": 7}, {"X": 1, "Y": 8}, {"X": 1, "Y": 9}, {"X": 2, "Y": 9}, {"X": 1, "Y": 9}, {"X": 1, "Y": 10}, {"X": 1, "Y": 11}, {"X": 2, "Y": 11}, {"X": 1, "Y": 11}, {"X": 1, "Y": 12}, {"X": 1, "Y": 13}, {"X": 1, "Y": 14}, {"X": 1, "Y": 15}, {"X": 1, "Y": 16}, {"X": 3, "Y": 1}, {"X": 4, "Y": 1}, {"X": 5, "Y": 1}, {"X": 6, "Y": 1}, {"X": 7, "Y": 1}, {"X": 8, "Y": 1}, {"X": 8, "Y": 2}, {"X": 8, "Y": 3}, {"X": 7, "Y": 3}, {"X": 6, "Y": 3}, {"X": 5, "Y": 3}, {"X": 4, "Y": 3}, {"X": 3, "Y": 3}, {"X": 4, "Y": 3}, {"X": 4, "Y": 4}, {"X": 4, "Y": 5}, {"X": 4, "Y": 5}, {"X": 4, "Y": 6}, {"X": 4, "Y": 7}, {"X": 4, "Y": 8}, {"X": 4, "Y": 9}, {"X": 4, "Y": 10}, {"X": 4, "Y": 11}, {"X": 5, "Y": 11}, {"X": 6, "Y": 11}, {"X": 7, "Y": 11}, {"X": 8, "Y": 11}, {"X": 8, "Y": 10}, {"X": 8, "Y": 9}, {"X": 8, "Y": 8}, {"X": 8, "Y": 7}, {"X": 8, "Y": 6}, {"X": 7, "Y": 6}, {"X": 6, "Y": 6}, {"X": 6, "Y": 7}, {"X": 6, "Y": 8}, {"X": 6, "Y": 9}, {"X": 6, "Y": 8}, {"X": 6, "Y": 7}, {"X": 6, "Y": 6}, {"X": 6, "Y": 7}, {"X": 6, "Y": 6}, {"X": 7, "Y": 6}, {"X": 8, "Y": 6}, {"X": 8, "Y": 7}, {"X": 8, "Y": 8}, {"X": 8, "Y": 9}, {"X": 8, "Y": 10}, {"X": 8, "Y": 11}, {"X": 8, "Y": 12}, {"X": 8, "Y": 13}, {"X": 8, "Y": 14}, {"X": 8, "Y": 15}, {"X": 8, "Y": 16}, {"X": 7, "Y": 16}, {"X": 6, "Y": 16}, {"X": 5, "Y": 16}, {"X": 4, "Y": 16}, {"X": 3, "Y": 16}, {"X": 2, "Y": 16}, {"X": 2, "Y": 17}, {"X": 3, "Y": 17}, {"X": 4, "Y": 17}, {"X": 5, "Y": 17}], "levelStates": ["Health: 10 X: 7 Y: 3\nXXXXXXXXXX\nXXXT m   X\nXXXXXXXX X\nX     bH X\nX XX XXXXX\nX XX XXXXX\nX MX XT tX\nX XX XTX X\nX XX XTX X\nX MX XTX X\nX XX XXX X\nX P o  P X\nX XXXXXX X\nXTX RR XTX\nX X    X X\nX XX  XX X\nX   TT   X\nXT   e   X\nXXXXXXXXXX\n", "Health: 10 X: 6 Y: 3\nXXXXXXXXXX\nXXXT  m  X\nXXXXXXXX X\nX     \u221e  X\nX XX XXXXX\nX XX XXXXX\nX MX XT tX\nX XX XTX X\nX XX XTX X\nX MX XTX X\nX XX XXX X\nX P o  P X\nX XXXXXX X\nXTX RR XTX\nX X    X X\nX XX  XX X\nX   TT   X\nXT   e   X\nXXXXXXXXXX\n", "Health: 10 X: 5 Y: 3\nXXXXXXXXXX\nXXXT   m X\nXXXXXXXX X\nX    H\u221e  X\nX XX XXXXX\nX XX XXXXX\nX MX XT tX\nX XX XTX X\nX XX XTX X\nX MX XTX X\nX XX XXX X\nX P o  P X\nX XXXXXX X\nXTX RR XTX\nX X    X X\nX XX  XX X\nX   TT   X\nXT   e   X\nXXXXXXXXXX\n", "Health: 10 X: 4 Y: 3\nXXXXXXXXXX\nXXXT    mX\nXXXXXXXX X\nX   H \u221e  X\nX XX XXXXX\nX XX XXXXX\nX MX XT tX\nX XX XTX X\nX XX XTX X\nX MX XTX X\nX XXoXXX X\nX P    P X\nX XXXXXX X\nXTX RR XTX\nX X    X X\nX XX  XX X\nX   TT   X\nXT   e   X\nXXXXXXXXXX\n", "Health: 10 X: 3 Y: 3\nXXXXXXXXXX\nXXXT     X\nXXXXXXXXmX\nX  H  \u221e  X\nX XX XXXXX\nX XX XXXXX\nX MX XT tX\nX XX XTX X\nX XX XTX X\nX MX XTX X\nX XXoXXX X\nX P    P X\nX XXXXXX X\nXTX RR XTX\nX X    X X\nX XX  XX X\nX   TT   X\nXT   e   X\nXXXXXXXXXX\n", "Health: 10 X: 2 Y: 3\nXXXXXXXXXX\nXXXT     X\nXXXXXXXX X\nX H   \u221e mX\nX XX XXXXX\nX XX XXXXX\nX MX XT tX\nX XX XTX X\nX XX XTX X\nX MX XTX X\nX XXoXXX X\nX P    P X\nX XXXXXX X\nXTX RR XTX\nX X    X X\nX XX  XX X\nX   TT   X\nXT   e   X\nXXXXXXXXXX\n", "Health: 10 X: 1 Y: 3\nXXXXXXXXXX\nXXXT     X\nXXXXXXXX X\nXH    \u221em X\nX XX XXXXX\nX XX XXXXX\nX MX XT tX\nX XX XTX X\nX XX XTX X\nX MX XTX X\nX XXoXXX X\nX P    P X\nX XXXXXX X\nXTX RR XTX\nX X    X X\nX XX  XX X\nX   TT   X\nXT   e   X\nXXXXXXXXXX\n", "Health: 10 X: 1 Y: 4\nXXXXXXXXXX\nXXXT     X\nXXXXXXXX X\nX     \u221e  X\nXHXX XXXXX\nX XX XXXXX\nX MX XT tX\nX XX XTX X\nX XX XTX X\nX MX XTX X\nX XXoXXX X\nX P    P X\nX XXXXXX X\nXTX RR XTX\nX X    X X\nX XX  XX X\nX   TT   X\nXT   e   X\nXXXXXXXXXX\n", "Health: 10 X: 1 Y: 5\nXXXXXXXXXX\nXXXT     X\nXXXXXXXX X\nX    m\u221e  X\nX XX XXXXX\nXHXX XXXXX\nX MX XT tX\nX XX XTX X\nX XX XTX X\nX MX XTX X\nX XXoXXX X\nX P    P X\nX XXXXXX X\nXTX RR XTX\nX X    X X\nX XX  XX X\nX   TT   X\nXT   e   X\nXXXXXXXXXX\n", "Health: 9 X: 1 Y: 6\nXXXXXXXXXX\nXXXT     X\nXXXXXXXX X\nX   m \u221e  X\nX XX XXXXX\nX XX XXXXX\nXH\u221eX XT tX\nX XX XTX X\nX XX XTX X\nX MX XTX X\nX XXoXXX X\nX P    P X\nX XXXXXX X\nXTX RR XTX\nX X    X X\nX XX  XX X\nX   TT   X\nXT   e   X\nXXXXXXXXXX\n", "Health: 9 X: 1 Y: 7\nXXXXXXXXXX\nXXXT     X\nXXXXXXXX X\nX  m  \u221e  X\nX XX XXXXX\nX XX XXXXX\nX \u221eX XT tX\nXHXX XTX X\nX XX XTX X\nX MX XTX X\nX XXoXXX X\nX P    P X\nX XXXXXX X\nXTX RR XTX\nX X    X X\nX XX  XX X\nX   TT   X\nXT   e   X\nXXXXXXXXXX\n", "Health: 9 X: 1 Y: 8\nXXXXXXXXXX\nXXXT     X\nXXXXXXXX X\nX m   \u221e  X\nX XX XXXXX\nX XX XXXXX\nX \u221eX XT tX\nX XX XTX X\nXHXX XTX X\nX MX XTX X\nX XXoXXX X\nX P    P X\nX XXXXXX X\nXTX RR XTX\nX X    X X\nX XX  XX X\nX   TT   X\nXT   e   X\nXXXXXXXXXX\n", "Health: 8 X: 1 Y: 9\nXXXXXXXXXX\nXXXT     X\nXXXXXXXX X\nXm    \u221e  X\nX XX XXXXX\nX XX XXXXX\nX \u221eX XT tX\nX XX XTX X\nX XX XTX X\nXH\u221eX XTX X\nX XXoXXX X\nX P    P X\nX XXXXXX X\nXTX RR XTX\nX X    X X\nX XX  XX X\nX   TT   X\nXT   e   X\nXXXXXXXXXX\n", "Health: 8 X: 2 Y: 9\nXXXXXXXXXX\nXXXT     X\nXXXXXXXX X\nX     \u221e  X\nXmXX XXXXX\nX XX XXXXX\nX \u221eX XT tX\nX XX XTX X\nX XX XTX X\nX \u221eX XTX X\nX XXoXXX X\nX P    P X\nX XXXXXX X\nXTX RR XTX\nX X    X X\nX XX  XX X\nX   TT   X\nXT   e   X\nXXXXXXXXXX\n", "Health: 8 X: 1 Y: 9\nXXXXXXXXXX\nXXXT     X\nXXXXXXXX X\nX     \u221e  X\nX XX XXXXX\nXmXX XXXXX\nX \u221eX XT tX\nX XX XTX X\nX XX XTX X\nXH\u221eX XTX X\nX XXoXXX X\nX P    P X\nX XXXXXX X\nXTX RR XTX\nX X    X X\nX XX  XX X\nX   TT   X\nXT   e   X\nXXXXXXXXXX\n", "Health: 8 X: 1 Y: 10\nXXXXXXXXXX\nXXXT     X\nXXXXXXXX X\nX     \u221e  X\nX XX XXXXX\nX XX XXXXX\nXm\u221eX XT tX\nX XX XTX X\nX XX XTX X\nX \u221eX XTX X\nXHXXoXXX X\nX P    P X\nX XXXXXX X\nXTX RR XTX\nX X    X X\nX XX  XX X\nX   TT   X\nXT   e   X\nXXXXXXXXXX\n", "Health: 8 X: 1 Y: 11\nXXXXXXXXXX\nXXXT     X\nXXXXXXXX X\nX     \u221e  X\nX XX XXXXX\nX XX XXXXX\nX \u221eX XT tX\nXmXX XTX X\nX XX XTX X\nX \u221eX XTX X\nX XXoXXX X\nXHP    P X\nX XXXXXX X\nXTX RR XTX\nX X    X X\nX XX  XX X\nX   TT   X\nXT   e   X\nXXXXXXXXXX\n", "Health: 10 X: 2 Y: 11\nXXXXXXXXXX\nXXXT     X\nXXXXXXXX X\nX     \u221e  X\nX XX XXXXX\nX XX XXXXX\nX \u221eX XT tX\nX XX XTX X\nXmXX XTX X\nX \u221eX XTX X\nX XXoXXX X\nX      P X\nX XXXXXX X\nXTX RR XTX\nX X    X X\nX XX  XX X\nX   TT   X\nXT   e   X\nXXXXXXXXXX\n", "Health: 10 X: 1 Y: 11\nXXXXXXXXXX\nXXXT     X\nXXXXXXXX X\nX     \u221e  X\nX XX XXXXX\nX XX XXXXX\nX \u221eX XT tX\nX XX XTX X\nX XX XTX X\nXm\u221eX XTX X\nX XXoXXX X\nXH     P X\nX XXXXXX X\nXTX RR XTX\nX X    X X\nX XX  XX X\nX   TT   X\nXT   e   X\nXXXXXXXXXX\n", "Health: 10 X: 1 Y: 12\nXXXXXXXXXX\nXXXT     X\nXXXXXXXX X\nX     \u221e  X\nX XX XXXXX\nX XX XXXXX\nX \u221eX XT tX\nX XX XTX X\nX XX XTX X\nX \u221eX XTX X\nXmXXoXXX X\nX      P X\nXHXXXXXX X\nXTX RR XTX\nX X    X X\nX XX  XX X\nX   TT   X\nXT   e   X\nXXXXXXXXXX\n", "Health: 10 X: 1 Y: 13\nXXXXXXXXXX\nXXXT     X\nXXXXXXXX X\nX     \u221e  X\nX XX XXXXX\nX XX XXXXX\nX \u221eX XT tX\nX XX XTX X\nX XX XTX X\nX \u221eX XTX X\nX XXoXXX X\nXm     P X\nX XXXXXX X\nX X RR XTX\nX X    X X\nX XX  XX X\nX   TT   X\nXT   e   X\nXXXXXXXXXX\n", "Health: 10 X: 1 Y: 14\nXXXXXXXXXX\nXXXT     X\nXXXXXXXX X\nX     \u221e  X\nX XX XXXXX\nX XX XXXXX\nX \u221eX XT tX\nX XX XTX X\nX XX XTX X\nX \u221eX XTX X\nX XXoXXX X\nX      P X\nXmXXXXXX X\nX X RR XTX\nXHX    X X\nX XX  XX X\nX   TT   X\nXT   e   X\nXXXXXXXXXX\n", "Health: 10 X: 1 Y: 15\nXXXXXXXXXX\nXXXT     X\nXXXXXXXX X\nX     \u221e  X\nX XX XXXXX\nX XX XXXXX\nX \u221eX XT tX\nX XX XTX X\nX XX XTX X\nX \u221eX XTX X\nX XXoXXX X\nX      P X\nX XXXXXX X\nX X RR XTX\nX X    X X\nXHXX  XX X\nX   TT   X\nXT   e   X\nXXXXXXXXXX\n", "Health: 10 X: 1 Y: 16\nXXXXXXXXXX\nXXXT     X\nXXXXXXXX X\nX     \u221e  X\nX XX XXXXX\nX XX XXXXX\nX \u221eX XT tX\nX XX XTX X\nX XX XTX X\nX \u221eX XTX X\nX XXoXXX X\nX      P X\nX XXXXXX X\nX X RR XTX\nXmX    X X\nX XX  XX X\nXH  TT   X\nXT   e   X\nXXXXXXXXXX\n", "Health: 10 X: 3 Y: 1\nXXXXXXXXXX\nXXXT     X\nXXXXXXXX X\nX     \u221e  X\nX XX XXXXX\nX XX XXXXX\nX \u221eX XT tX\nX XX XTX X\nX XX XTX X\nX \u221eX XTX X\nX XXoXXX X\nX      P X\nX XXXXXX X\nX X RR XTX\nX X    X X\nX XX  XX X\nX   TT   X\nXT   e   X\nXXXXXXXXXX\n", "Health: 10 X: 4 Y: 1\nXXXXXXXXXX\nXXXTH    X\nXXXXXXXX X\nX     \u221e  X\nX XX XXXXX\nX XX XXXXX\nX \u221eX XT tX\nX XX XTX X\nX XX XTX X\nX \u221eX XTX X\nX XXoXXX X\nX      P X\nXmXXXXXX X\nX X RR XTX\nX X    X X\nX XX  XX X\nX   TT   X\nXT   e   X\nXXXXXXXXXX\n", "Health: 10 X: 5 Y: 1\nXXXXXXXXXX\nXXXT H   X\nXXXXXXXX X\nX     \u221e  X\nX XX XXXXX\nX XX XXXXX\nX \u221eX XT tX\nX XX XTX X\nX XX XTX X\nX \u221eX XTX X\nX XXoXXX X\nXm     P X\nX XXXXXX X\nX X RR XTX\nX X    X X\nX XX  XX X\nX   TT   X\nXT   e   X\nXXXXXXXXXX\n", "Health: 10 X: 6 Y: 1\nXXXXXXXXXX\nXXXT  H  X\nXXXXXXXX X\nX     \u221e  X\nX XX XXXXX\nX XX XXXXX\nX \u221eX XT tX\nX XX XTX X\nX XX XTX X\nX \u221eX XTX X\nXmXXoXXX X\nX      P X\nX XXXXXX X\nX X RR XTX\nX X    X X\nX XX  XX X\nX   TT   X\nXT   e   X\nXXXXXXXXXX\n", "Health: 10 X: 7 Y: 1\nXXXXXXXXXX\nXXXT   H X\nXXXXXXXX X\nX     \u221e  X\nX XX XXXXX\nX XX XXXXX\nX \u221eX XT tX\nX XX XTX X\nX XX XTX X\nXm\u221eX XTX X\nX XXoXXX X\nX      P X\nX XXXXXX X\nX X RR XTX\nX X    X X\nX XX  XX X\nX   TT   X\nXT   e   X\nXXXXXXXXXX\n", "Health: 10 X: 8 Y: 1\nXXXXXXXXXX\nXXXT    HX\nXXXXXXXX X\nX     \u221e  X\nX XX XXXXX\nX XX XXXXX\nX \u221eX XT tX\nX XX XTX X\nXmXX XTX X\nX \u221eX XTX X\nX XXoXXX X\nX      P X\nX XXXXXX X\nX X RR XTX\nX X    X X\nX XX  XX X\nX   TT   X\nXT   e   X\nXXXXXXXXXX\n", "Health: 10 X: 8 Y: 2\nXXXXXXXXXX\nXXXT     X\nXXXXXXXXHX\nX     \u221e  X\nX XX XXXXX\nX XX XXXXX\nX \u221eX XT tX\nXmXX XTX X\nX XX XTX X\nX \u221eX XTX X\nX XXoXXX X\nX      P X\nX XXXXXX X\nX X RR XTX\nX X    X X\nX XX  XX X\nX   TT   X\nXT   e   X\nXXXXXXXXXX\n", "Health: 10 X: 8 Y: 3\nXXXXXXXXXX\nXXXT     X\nXXXXXXXX X\nX     \u221e HX\nX XX XXXXX\nX XX XXXXX\nXm\u221eX XT tX\nX XX XTX X\nX XX XTX X\nX \u221eX XTX X\nX XXoXXX X\nX      P X\nX XXXXXX X\nX X RR XTX\nX X    X X\nX XX  XX X\nX   TT   X\nXT   e   X\nXXXXXXXXXX\n", "Health: 10 X: 7 Y: 3\nXXXXXXXXXX\nXXXT     X\nXXXXXXXX X\nX     \u221eH X\nX XX XXXXX\nXmXX XXXXX\nX \u221eX XT tX\nX XX XTX X\nX XX XTX X\nX \u221eX XTX X\nX XXoXXX X\nX      P X\nX XXXXXX X\nX X RR XTX\nX X    X X\nX XX  XX X\nX   TT   X\nXT   e   X\nXXXXXXXXXX\n", "Health: 10 X: 6 Y: 3\nXXXXXXXXXX\nXXXT     X\nXXXXXXXX X\nX     \u221e  X\nXmXX XXXXX\nX XX XXXXX\nX \u221eX XT tX\nX XX XTX X\nX XX XTX X\nX \u221eX XTX X\nX XXoXXX X\nX      P X\nX XXXXXX X\nX X RR XTX\nX X    X X\nX XX  XX X\nX   TT   X\nXT   e   X\nXXXXXXXXXX\n", "Health: 10 X: 5 Y: 3\nXXXXXXXXXX\nXXXT     X\nXXXXXXXX X\nXm   H\u221e  X\nX XX XXXXX\nX XX XXXXX\nX \u221eX XT tX\nX XX XTX X\nX XX XTX X\nX \u221eX XTX X\nX XXoXXX X\nX      P X\nX XXXXXX X\nX X RR XTX\nX X    X X\nX XX  XX X\nX   TT   X\nXT   e   X\nXXXXXXXXXX\n", "Health: 10 X: 4 Y: 3\nXXXXXXXXXX\nXXXT     X\nXXXXXXXX X\nX m H \u221e  X\nX XX XXXXX\nX XX XXXXX\nX \u221eX XT tX\nX XX XTX X\nX XX XTX X\nX \u221eXoXTX X\nX XX XXX X\nX      P X\nX XXXXXX X\nX X RR XTX\nX X    X X\nX XX  XX X\nX   TT   X\nXT   e   X\nXXXXXXXXXX\n", "Health: 9 X: 3 Y: 3\nXXXXXXXXXX\nXXXT     X\nXXXXXXXX X\nX mH  \u221e  X\nX XX XXXXX\nX XX XXXXX\nX \u221eX XT tX\nX XX XTX X\nX XX XTX X\nX \u221eXoXTX X\nX XX XXX X\nX      P X\nX XXXXXX X\nX X RR XTX\nX X    X X\nX XX  XX X\nX   TT   X\nXT   e   X\nXXXXXXXXXX\n", "Health: 9 X: 4 Y: 3\nXXXXXXXXXX\nXXXT     X\nXXXXXXXX X\nX m H \u221e  X\nX XX XXXXX\nX XX XXXXX\nX \u221eX XT tX\nX XX XTX X\nX XXoXTX X\nX \u221eX XTX X\nX XX XXX X\nX      P X\nX XXXXXX X\nX X RR XTX\nX X    X X\nX XX  XX X\nX   TT   X\nXT   e   X\nXXXXXXXXXX\n", "Health: 9 X: 4 Y: 4\nXXXXXXXXXX\nXXXT     X\nXXXXXXXX X\nX m   \u221e  X\nX XXHXXXXX\nX XX XXXXX\nX \u221eX XT tX\nX XXoXTX X\nX XX XTX X\nX \u221eX XTX X\nX XX XXX X\nX      P X\nX XXXXXX X\nX X RR XTX\nX X    X X\nX XX  XX X\nX   TT   X\nXT   e   X\nXXXXXXXXXX\n", "Health: 9 X: 4 Y: 5\nXXXXXXXXXX\nXXXT     X\nXXXXXXXX X\nX m   \u221e  X\nX XX XXXXX\nX XXHXXXXX\nX \u221eXoXT tX\nX XX XTX X\nX XX XTX X\nX \u221eX XTX X\nX XX XXX X\nX      P X\nX XXXXXX X\nX X RR XTX\nX X    X X\nX XX  XX X\nX   TT   X\nXT   e   X\nXXXXXXXXXX\n", "Health: 5 X: 4 Y: 5\nXXXXXXXXXX\nXXXT     X\nXXXXXXXX X\nX m   \u221e  X\nX XX XXXXX\nX XXHXXXXX\nX \u221eX\u221eXT tX\nX XX XTX X\nX XX XTX X\nX \u221eX XTX X\nX XX XXX X\nX      P X\nX XXXXXX X\nX X RR XTX\nX X    X X\nX XX  XX X\nX   TT   X\nXT   e   X\nXXXXXXXXXX\n", "Health: 5 X: 4 Y: 6\nXXXXXXXXXX\nXXXT     X\nXXXXXXXX X\nX m   \u221e  X\nX XX XXXXX\nX XX XXXXX\nX \u221eX\u221eXT tX\nX XX XTX X\nX XX XTX X\nX \u221eX XTX X\nX XX XXX X\nX      P X\nX XXXXXX X\nX X RR XTX\nX X    X X\nX XX  XX X\nX   TT   X\nXT   e   X\nXXXXXXXXXX\n", "Health: 5 X: 4 Y: 7\nXXXXXXXXXX\nXXXT     X\nXXXXXXXX X\nX  m  \u221e  X\nX XX XXXXX\nX XX XXXXX\nX \u221eX\u221eXT tX\nX XXHXTX X\nX XX XTX X\nX \u221eX XTX X\nX XX XXX X\nX      P X\nX XXXXXX X\nX X RR XTX\nX X    X X\nX XX  XX X\nX   TT   X\nXT   e   X\nXXXXXXXXXX\n", "Health: 5 X: 4 Y: 8\nXXXXXXXXXX\nXXXT     X\nXXXXXXXX X\nX   m \u221e  X\nX XX XXXXX\nX XX XXXXX\nX \u221eX\u221eXT tX\nX XX XTX X\nX XXHXTX X\nX \u221eX XTX X\nX XX XXX X\nX      P X\nX XXXXXX X\nX X RR XTX\nX X    X X\nX XX  XX X\nX   TT   X\nXT   e   X\nXXXXXXXXXX\n", "Health: 5 X: 4 Y: 9\nXXXXXXXXXX\nXXXT     X\nXXXXXXXX X\nX     \u221e  X\nX XXmXXXXX\nX XX XXXXX\nX \u221eX\u221eXT tX\nX XX XTX X\nX XX XTX X\nX \u221eXHXTX X\nX XX XXX X\nX      P X\nX XXXXXX X\nX X RR XTX\nX X    X X\nX XX  XX X\nX   TT   X\nXT   e   X\nXXXXXXXXXX\n", "Health: 5 X: 4 Y: 10\nXXXXXXXXXX\nXXXT     X\nXXXXXXXX X\nX     \u221e  X\nX XX XXXXX\nX XXmXXXXX\nX \u221eX\u221eXT tX\nX XX XTX X\nX XX XTX X\nX \u221eX XTX X\nX XXHXXX X\nX      P X\nX XXXXXX X\nX X RR XTX\nX X    X X\nX XX  XX X\nX   TT   X\nXT   e   X\nXXXXXXXXXX\n", "Health: 5 X: 4 Y: 11\nXXXXXXXXXX\nXXXT     X\nXXXXXXXX X\nX     \u221e  X\nX XX XXXXX\nX XX XXXXX\nX \u221eX\u221eXT tX\nX XX XTX X\nX XX XTX X\nX \u221eX XTX X\nX XX XXX X\nX   H  P X\nX XXXXXX X\nX X RR XTX\nX X    X X\nX XX  XX X\nX   TT   X\nXT   e   X\nXXXXXXXXXX\n", "Health: 5 X: 5 Y: 11\nXXXXXXXXXX\nXXXT     X\nXXXXXXXX X\nX     \u221e  X\nX XX XXXXX\nX XX XXXXX\nX \u221eX\u221eXT tX\nX XXmXTX X\nX XX XTX X\nX \u221eX XTX X\nX XX XXX X\nX    H P X\nX XXXXXX X\nX X RR XTX\nX X    X X\nX XX  XX X\nX   TT   X\nXT   e   X\nXXXXXXXXXX\n", "Health: 5 X: 6 Y: 11\nXXXXXXXXXX\nXXXT     X\nXXXXXXXX X\nX     \u221e  X\nX XX XXXXX\nX XX XXXXX\nX \u221eX\u221eXT tX\nX XX XTX X\nX XXmXTX X\nX \u221eX XTX X\nX XX XXX X\nX     HP X\nX XXXXXX X\nX X RR XTX\nX X    X X\nX XX  XX X\nX   TT   X\nXT   e   X\nXXXXXXXXXX\n", "Health: 7 X: 7 Y: 11\nXXXXXXXXXX\nXXXT     X\nXXXXXXXX X\nX     \u221e  X\nX XX XXXXX\nX XX XXXXX\nX \u221eX\u221eXT tX\nX XX XTX X\nX XX XTX X\nX \u221eXmXTX X\nX XX XXX X\nX        X\nX XXXXXX X\nX X RR XTX\nX X    X X\nX XX  XX X\nX   TT   X\nXT   e   X\nXXXXXXXXXX\n", "Health: 7 X: 8 Y: 11\nXXXXXXXXXX\nXXXT     X\nXXXXXXXX X\nX     \u221e  X\nX XX XXXXX\nX XX XXXXX\nX \u221eX\u221eXT tX\nX XX XTX X\nX XX XTX X\nX \u221eX XTX X\nX XXmXXX X\nX       HX\nX XXXXXX X\nX X RR XTX\nX X    X X\nX XX  XX X\nX   TT   X\nXT   e   X\nXXXXXXXXXX\n", "Health: 7 X: 8 Y: 10\nXXXXXXXXXX\nXXXT     X\nXXXXXXXX X\nX     \u221e  X\nX XX XXXXX\nX XX XXXXX\nX \u221eX\u221eXT tX\nX XX XTX X\nX XX XTX X\nX \u221eX XTX X\nX XX XXXHX\nX   m    X\nX XXXXXX X\nX X RR XTX\nX X    X X\nX XX  XX X\nX   TT   X\nXT   e   X\nXXXXXXXXXX\n", "Health: 7 X: 8 Y: 9\nXXXXXXXXXX\nXXXT     X\nXXXXXXXX X\nX     \u221e  X\nX XX XXXXX\nX XX XXXXX\nX \u221eX\u221eXT tX\nX XX XTX X\nX XX XTX X\nX \u221eX XTXHX\nX XX XXX X\nX    m   X\nX XXXXXX X\nX X RR XTX\nX X    X X\nX XX  XX X\nX   TT   X\nXT   e   X\nXXXXXXXXXX\n", "Health: 7 X: 8 Y: 8\nXXXXXXXXXX\nXXXT     X\nXXXXXXXX X\nX     \u221e  X\nX XX XXXXX\nX XX XXXXX\nX \u221eX\u221eXT tX\nX XX XTX X\nX XX XTXHX\nX \u221eX XTX X\nX XX XXX X\nX     m  X\nX XXXXXX X\nX X RR XTX\nX X    X X\nX XX  XX X\nX   TT   X\nXT   e   X\nXXXXXXXXXX\n", "Health: 7 X: 8 Y: 7\nXXXXXXXXXX\nXXXT     X\nXXXXXXXX X\nX     \u221e  X\nX XX XXXXX\nX XX XXXXX\nX \u221eX\u221eXT tX\nX XX XTXHX\nX XX XTX X\nX \u221eX XTX X\nX XX XXX X\nX        X\nX XXXXXX X\nX X RR XTX\nX X    X X\nX XX  XX X\nX   TT   X\nXT   e   X\nXXXXXXXXXX\n", "Health: 6 X: 8 Y: 6\nXXXXXXXXXX\nXXXT     X\nXXXXXXXX X\nX     \u221e  X\nX XX XXXXX\nX XX XXXXX\nX \u221eX\u221eXT tX\nX XX XTX X\nX XX XTX X\nX \u221eX XTX X\nX XX XXX X\nX       mX\nX XXXXXX X\nX X RR XTX\nX X    X X\nX XX  XX X\nX   TT   X\nXT   e   X\nXXXXXXXXXX\n", "Health: 6 X: 7 Y: 6\nXXXXXXXXXX\nXXXT     X\nXXXXXXXX X\nX     \u221e  X\nX XX XXXXX\nX XX XXXXX\nX \u221eX\u221eXTHtX\nX XX XTX X\nX XX XTX X\nX \u221eX XTX X\nX XX XXXmX\nX        X\nX XXXXXX X\nX X RR XTX\nX X    X X\nX XX  XX X\nX   TT   X\nXT   e   X\nXXXXXXXXXX\n", "Health: 6 X: 6 Y: 6\nXXXXXXXXXX\nXXXT     X\nXXXXXXXX X\nX     \u221e  X\nX XX XXXXX\nX XX XXXXX\nX \u221eX\u221eX  tX\nX XX XTX X\nX XX XTX X\nX \u221eX XTXmX\nX XX XXX X\nX        X\nX XXXXXX X\nX X RR XTX\nX X    X X\nX XX  XX X\nX   TT   X\nXT   e   X\nXXXXXXXXXX\n", "Health: 6 X: 6 Y: 7\nXXXXXXXXXX\nXXXT     X\nXXXXXXXX X\nX     \u221e  X\nX XX XXXXX\nX XX XXXXX\nX \u221eX\u221eX  tX\nX XX X X X\nX XX XTXmX\nX \u221eX XTX X\nX XX XXX X\nX        X\nX XXXXXX X\nX X RR XTX\nX X    X X\nX XX  XX X\nX   TT   X\nXT   e   X\nXXXXXXXXXX\n", "Health: 6 X: 6 Y: 8\nXXXXXXXXXX\nXXXT     X\nXXXXXXXX X\nX     \u221e  X\nX XX XXXXX\nX XX XXXXX\nX \u221eX\u221eX  tX\nX XX X XmX\nX XX X X X\nX \u221eX XTX X\nX XX XXX X\nX        X\nX XXXXXX X\nX X RR XTX\nX X    X X\nX XX  XX X\nX   TT   X\nXT   e   X\nXXXXXXXXXX\n", "Health: 6 X: 6 Y: 9\nXXXXXXXXXX\nXXXT     X\nXXXXXXXX X\nX     \u221e  X\nX XX XXXXX\nX XX XXXXX\nX \u221eX\u221eX  tX\nX XX X X X\nX XX X X X\nX \u221eX X X X\nX XX XXX X\nX        X\nX XXXXXX X\nX X RR XTX\nX X    X X\nX XX  XX X\nX   TT   X\nXT   e   X\nXXXXXXXXXX\n", "Health: 6 X: 6 Y: 8\nXXXXXXXXXX\nXXXT     X\nXXXXXXXX X\nX     \u221e  X\nX XX XXXXX\nX XX XXXXX\nX \u221eX\u221eX  tX\nX XX X X X\nX XX X X X\nX \u221eX X X X\nX XX XXX X\nX        X\nX XXXXXX X\nX X RR XTX\nX X    X X\nX XX  XX X\nX   TT   X\nXT   e   X\nXXXXXXXXXX\n", "Health: 6 X: 6 Y: 7\nXXXXXXXXXX\nXXXT     X\nXXXXXXXX X\nX     \u221e  X\nX XX XXXXX\nX XX XXXXX\nX \u221eX\u221eX  tX\nX XX X X X\nX XX X X X\nX \u221eX X X X\nX XX XXX X\nX        X\nX XXXXXX X\nX X RR XTX\nX X    X X\nX XX  XX X\nX   TT   X\nXT   e   X\nXXXXXXXXXX\n", "Health: 6 X: 6 Y: 6\nXXXXXXXXXX\nXXXT     X\nXXXXXXXX X\nX     \u221e  X\nX XX XXXXX\nX XX XXXXX\nX \u221eX\u221eX  tX\nX XX X X X\nX XX X X X\nX \u221eX X X X\nX XX XXX X\nX        X\nX XXXXXX X\nX X RR XTX\nX X    X X\nX XX  XX X\nX   TT   X\nXT   e   X\nXXXXXXXXXX\n", "Health: 6 X: 6 Y: 7\nXXXXXXXXXX\nXXXT     X\nXXXXXXXX X\nX     \u221e  X\nX XX XXXXX\nX XX XXXXX\nX \u221eX\u221eX  tX\nX XX X X X\nX XX X X X\nX \u221eX X X X\nX XX XXX X\nX        X\nX XXXXXX X\nX X RR XTX\nX X    X X\nX XX  XX X\nX   TT   X\nXT   e   X\nXXXXXXXXXX\n", "Health: 6 X: 6 Y: 6\nXXXXXXXXXX\nXXXT     X\nXXXXXXXX X\nX     \u221e  X\nX XX XXXXX\nX XX XXXXX\nX \u221eX\u221eX  tX\nX XX X X X\nX XX X X X\nX \u221eX X X X\nX XX XXX X\nX        X\nX XXXXXX X\nX X RR XTX\nX X    X X\nX XX  XX X\nX   TT   X\nXT   e   X\nXXXXXXXXXX\n", "Health: 5 X: 7 Y: 6\nXXXXXXXXXX\nXXXT     X\nXXXXXXXX X\nX     \u221e  X\nX XX XXXXX\nX XX XXXXX\nX \u221eX\u221eX HtX\nX XX X X X\nX XX X X X\nX \u221eX X X X\nX XX XXX X\nX        X\nX XXXXXX X\nX X RR XTX\nX X    X X\nX XX  XX X\nX   TT   X\nXT   e   X\nXXXXXXXXXX\n", "Health: 4 X: 8 Y: 6\nXXXXXXXXXX\nXXXT     X\nXXXXXXXX X\nX     \u221e  X\nX XX XXXXX\nX XX XXXXX\nX \u221eX\u221eX  tX\nX XX X X X\nX XX X X X\nX \u221eX X X X\nX XX XXX X\nX        X\nX XXXXXX X\nX X RR XTX\nX X    X X\nX XX  XX X\nX   TT   X\nXT   e   X\nXXXXXXXXXX\n", "Health: 4 X: 8 Y: 7\nXXXXXXXXXX\nXXXT     X\nXXXXXXXX X\nX     \u221e  X\nX XX XXXXX\nX XX XXXXX\nX \u221eX\u221eX  tX\nX XX X XHX\nX XX X X X\nX \u221eX X X X\nX XX XXX X\nX        X\nX XXXXXX X\nX X RR XTX\nX X    X X\nX XX  XX X\nX   TT   X\nXT   e   X\nXXXXXXXXXX\n", "Health: 4 X: 8 Y: 8\nXXXXXXXXXX\nXXXT     X\nXXXXXXXX X\nX     \u221e  X\nX XX XXXXX\nX XX XXXXX\nX \u221eX\u221eX  tX\nX XX X X X\nX XX X XHX\nX \u221eX X X X\nX XX XXX X\nX        X\nX XXXXXX X\nX X RR XTX\nX X    X X\nX XX  XX X\nX   TT   X\nXT   e   X\nXXXXXXXXXX\n", "Health: 4 X: 8 Y: 9\nXXXXXXXXXX\nXXXT     X\nXXXXXXXX X\nX     \u221e  X\nX XX XXXXX\nX XX XXXXX\nX \u221eX\u221eX  tX\nX XX X X X\nX XX X X X\nX \u221eX X XHX\nX XX XXX X\nX        X\nX XXXXXX X\nX X RR XTX\nX X    X X\nX XX  XX X\nX   TT   X\nXT   e   X\nXXXXXXXXXX\n", "Health: 4 X: 8 Y: 10\nXXXXXXXXXX\nXXXT     X\nXXXXXXXX X\nX     \u221e  X\nX XX XXXXX\nX XX XXXXX\nX \u221eX\u221eX  tX\nX XX X X X\nX XX X X X\nX \u221eX X X X\nX XX XXXHX\nX        X\nX XXXXXX X\nX X RR XTX\nX X    X X\nX XX  XX X\nX   TT   X\nXT   e   X\nXXXXXXXXXX\n", "Health: 4 X: 8 Y: 11\nXXXXXXXXXX\nXXXT     X\nXXXXXXXX X\nX     \u221e  X\nX XX XXXXX\nX XX XXXXX\nX \u221eX\u221eX  tX\nX XX X XmX\nX XX X X X\nX \u221eX X X X\nX XX XXX X\nX       HX\nX XXXXXX X\nX X RR XTX\nX X    X X\nX XX  XX X\nX   TT   X\nXT   e   X\nXXXXXXXXXX\n", "Health: 4 X: 8 Y: 12\nXXXXXXXXXX\nXXXT     X\nXXXXXXXX X\nX     \u221e  X\nX XX XXXXX\nX XX XXXXX\nX \u221eX\u221eX  tX\nX XX X X X\nX XX X XmX\nX \u221eX X X X\nX XX XXX X\nX        X\nX XXXXXXHX\nX X RR XTX\nX X    X X\nX XX  XX X\nX   TT   X\nXT   e   X\nXXXXXXXXXX\n", "Health: 4 X: 8 Y: 13\nXXXXXXXXXX\nXXXT     X\nXXXXXXXX X\nX     \u221e  X\nX XX XXXXX\nX XX XXXXX\nX \u221eX\u221eX  tX\nX XX X X X\nX XX X X X\nX \u221eX X XmX\nX XX XXX X\nX        X\nX XXXXXX X\nX X RR X X\nX X    X X\nX XX  XX X\nX   TT   X\nXT   e   X\nXXXXXXXXXX\n", "Health: 4 X: 8 Y: 14\nXXXXXXXXXX\nXXXT     X\nXXXXXXXX X\nX     \u221e  X\nX XX XXXXX\nX XX XXXXX\nX \u221eX\u221eX  tX\nX XX X X X\nX XX X X X\nX \u221eX X X X\nX XX XXXmX\nX        X\nX XXXXXX X\nX X RR X X\nX X    XHX\nX XX  XX X\nX   TT   X\nXT   e   X\nXXXXXXXXXX\n", "Health: 4 X: 8 Y: 15\nXXXXXXXXXX\nXXXT     X\nXXXXXXXX X\nX     \u221e  X\nX XX XXXXX\nX XX XXXXX\nX \u221eX\u221eX  tX\nX XX X X X\nX XX X X X\nX \u221eX X X X\nX XX XXX X\nX       mX\nX XXXXXX X\nX X RR X X\nX X    X X\nX XX  XXHX\nX   TT   X\nXT   e   X\nXXXXXXXXXX\n", "Health: 4 X: 8 Y: 16\nXXXXXXXXXX\nXXXT     X\nXXXXXXXX X\nX     \u221e  X\nX XX XXXXX\nX XX XXXXX\nX \u221eX\u221eX  tX\nX XX X X X\nX XX X X X\nX \u221eX X X X\nX XX XXX X\nX        X\nX XXXXXXmX\nX X RR X X\nX X    X X\nX XX  XX X\nX   TT  HX\nXT   e   X\nXXXXXXXXXX\n", "Health: 4 X: 7 Y: 16\nXXXXXXXXXX\nXXXT     X\nXXXXXXXX X\nX     \u221e  X\nX XX XXXXX\nX XX XXXXX\nX \u221eX\u221eX  tX\nX XX X X X\nX XX X X X\nX \u221eX X X X\nX XX XXX X\nX        X\nX XXXXXX X\nX X RR X X\nX X    X X\nX XX  XX X\nX   TT H X\nXT   e   X\nXXXXXXXXXX\n", "Health: 4 X: 6 Y: 16\nXXXXXXXXXX\nXXXT     X\nXXXXXXXX X\nX     \u221e  X\nX XX XXXXX\nX XX XXXXX\nX \u221eX\u221eX  tX\nX XX X X X\nX XX X X X\nX \u221eX X X X\nX XX XXX X\nX        X\nX XXXXXX X\nX X RR X X\nX X    XmX\nX XX  XX X\nX   TTH  X\nXT   e   X\nXXXXXXXXXX\n", "Health: 3 X: 5 Y: 16\nXXXXXXXXXX\nXXXT     X\nXXXXXXXX X\nX     \u221e  X\nX XX XXXXX\nX XX XXXXX\nX \u221eX\u221eX  tX\nX XX X X X\nX XX X X X\nX \u221eX X X X\nX XX XXX X\nX        X\nX XXXXXX X\nX X RR X X\nX X    X X\nX XX  XXmX\nX   T    X\nXT   e   X\nXXXXXXXXXX\n", "Health: 2 X: 4 Y: 16\nXXXXXXXXXX\nXXXT     X\nXXXXXXXX X\nX     \u221e  X\nX XX XXXXX\nX XX XXXXX\nX \u221eX\u221eX  tX\nX XX X X X\nX XX X X X\nX \u221eX X X X\nX XX XXX X\nX        X\nX XXXXXX X\nX X RR X X\nX X    X X\nX XX  XX X\nX       mX\nXT   e   X\nXXXXXXXXXX\n", "Health: 2 X: 3 Y: 16\nXXXXXXXXXX\nXXXT     X\nXXXXXXXX X\nX     \u221e  X\nX XX XXXXX\nX XX XXXXX\nX \u221eX\u221eX  tX\nX XX X X X\nX XX X X X\nX \u221eX X X X\nX XX XXX X\nX        X\nX XXXXXX X\nX X RR X X\nX X    X X\nX XX  XX X\nX  H   m X\nXT   e   X\nXXXXXXXXXX\n", "Health: 2 X: 2 Y: 16\nXXXXXXXXXX\nXXXT     X\nXXXXXXXX X\nX     \u221e  X\nX XX XXXXX\nX XX XXXXX\nX \u221eX\u221eX  tX\nX XX X X X\nX XX X X X\nX \u221eX X X X\nX XX XXX X\nX        X\nX XXXXXX X\nX X RR X X\nX X    X X\nX XX  XX X\nX H   m  X\nXT   e   X\nXXXXXXXXXX\n", "Health: 2 X: 2 Y: 17\nXXXXXXXXXX\nXXXT     X\nXXXXXXXX X\nX     \u221e  X\nX XX XXXXX\nX XX XXXXX\nX \u221eX\u221eX  tX\nX XX X X X\nX XX X X X\nX \u221eX X X X\nX XX XXX X\nX        X\nX XXXXXX X\nX X RR X X\nX X    X X\nX XX  XX X\nX        X\nXTH  e   X\nXXXXXXXXXX\n", "Health: 2 X: 3 Y: 17\nXXXXXXXXXX\nXXXT     X\nXXXXXXXX X\nX     \u221e  X\nX XX XXXXX\nX XX XXXXX\nX \u221eX\u221eX  tX\nX XX X X X\nX XX X X X\nX \u221eX X X X\nX XX XXX X\nX        X\nX XXXXXX X\nX X RR X X\nX X    X X\nX XX  XX X\nX        X\nXT H e   X\nXXXXXXXXXX\n", "Health: 1 X: 4 Y: 17\nXXXXXXXXXX\nXXXT     X\nXXXXXXXX X\nX     \u221e  X\nX XX XXXXX\nX XX XXXXX\nX \u221eX\u221eX  tX\nX XX X X X\nX XX X X X\nX \u221eX X X X\nX XX XXX X\nX        X\nX XXXXXX X\nX X R  X X\nX X R  X X\nX XX  XX X\nX        X\nXT  He   X\nXXXXXXXXXX\n", "Health: 1 X: 5 Y: 17\nXXXXXXXXXX\nXXXT     X\nXXXXXXXX X\nX     \u221e  X\nX XX XXXXX\nX XX XXXXX\nX \u221eX\u221eX  tX\nX XX X X X\nX XX X X X\nX \u221eX X X X\nX XX XXX X\nX        X\nX XXXXXX X\nX X  R X X\nX X  R X X\nX XX  XX X\nX        X\nXT   e   X\nXXXXXXXXXX\n"], "map_number": 201}, {"mechanics": [{"timestep": 2, "mechanic": "OgreHit"}, {"timestep": 2, "mechanic": "BlobPotion"}, {"timestep": 2, "mechanic": "BlobPotion"}, {"timestep": 3, "mechanic": "OgreHit"}, {"timestep": 6, "mechanic": "BlobPotion"}, {"timestep": 12, "mechanic": "CollectTreasure"}, {"timestep": 15, "mechanic": "MinitaurHit"}, {"timestep": 17, "mechanic": "BlobHit"}, {"timestep": 20, "mechanic": "BlobHit"}, {"timestep": 29, "mechanic": "CollectPotion"}, {"timestep": 32, "mechanic": "CollectTreasure"}, {"timestep": 42, "mechanic": "UsePortal"}, {"timestep": 42, "mechanic": "GoblinMeleeHit"}, {"timestep": 46, "mechanic": "BlobCombine"}, {"timestep": 61, "mechanic": "BlobHit"}, {"timestep": 69, "mechanic": "CollectTreasure"}, {"timestep": 71, "mechanic": "CollectTreasure"}, {"timestep": 72, "mechanic": "MinitaurHit"}, {"timestep": 77, "mechanic": "CollectTreasure"}, {"timestep": 79, "mechanic": "CollectTreasure"}, {"timestep": 81, "mechanic": "MinitaurHit"}, {"timestep": 103, "mechanic": "ReachStairs"}], "frequencies": {"OgreHit": 2, "BlobPotion": 3, "CollectTreasure": 6, "MinitaurHit": 3, "BlobHit": 3, "CollectPotion": 1, "UsePortal": 1, "GoblinMeleeHit": 1, "BlobCombine": 1, "ReachStairs": 1}, "levelReport": {"utilityGained": 0.0, "exitUtility": 1.0, "runnerUtility": -0.040000000000000036, "loitererUtility": 104.0, "completionistUtility": 0.825, "monsterKillerUtility": 1.0, "treasureCollectorUtility": 1.0, "turnsTaken": 104, "health": 2, "healthLost": 10, "alive": true, "javelinsThrown": 0, "monsterKills": 5, "minitaurKnockouts": 6, "treasuresCollected": 6, "potionsTaken": 1, "totalMonsters": 6, "totalTreasures": 6, "totalPotions": 4, "timeTaken": 0.0}, "positions": [{"X": 6, "Y": 11}, {"X": 6, "Y": 10}, {"X": 6, "Y": 9}, {"X": 6, "Y": 8}, {"X": 6, "Y": 7}, {"X": 6, "Y": 6}, {"X": 6, "Y": 5}, {"X": 6, "Y": 4}, {"X": 6, "Y": 3}, {"X": 6, "Y": 2}, {"X": 7, "Y": 2}, {"X": 8, "Y": 2}, {"X": 8, "Y": 1}, {"X": 7, "Y": 1}, {"X": 7, "Y": 2}, {"X": 7, "Y": 3}, {"X": 7, "Y": 4}, {"X": 7, "Y": 5}, {"X": 7, "Y": 6}, {"X": 8, "Y": 6}, {"X": 8, "Y": 5}, {"X": 8, "Y": 6}, {"X": 8, "Y": 7}, {"X": 8, "Y": 6}, {"X": 7, "Y": 6}, {"X": 6, "Y": 6}, {"X": 5, "Y": 6}, {"X": 4, "Y": 6}, {"X": 3, "Y": 6}, {"X": 2, "Y": 6}, {"X": 1, "Y": 6}, {"X": 1, "Y": 7}, {"X": 1, "Y": 8}, {"X": 2, "Y": 8}, {"X": 3, "Y": 8}, {"X": 4, "Y": 8}, {"X": 4, "Y": 9}, {"X": 4, "Y": 10}, {"X": 4, "Y": 11}, {"X": 4, "Y": 12}, {"X": 4, "Y": 13}, {"X": 4, "Y": 14}, {"X": 4, "Y": 4}, {"X": 5, "Y": 4}, {"X": 5, "Y": 3}, {"X": 6, "Y": 3}, {"X": 7, "Y": 3}, {"X": 7, "Y": 4}, {"X": 7, "Y": 5}, {"X": 7, "Y": 6}, {"X": 8, "Y": 6}, {"X": 8, "Y": 7}, {"X": 8, "Y": 8}, {"X": 8, "Y": 9}, {"X": 8, "Y": 10}, {"X": 8, "Y": 11}, {"X": 7, "Y": 11}, {"X": 6, "Y": 11}, {"X": 6, "Y": 12}, {"X": 6, "Y": 13}, {"X": 6, "Y": 14}, {"X": 6, "Y": 13}, {"X": 6, "Y": 12}, {"X": 6, "Y": 13}, {"X": 6, "Y": 14}, {"X": 6, "Y": 15}, {"X": 6, "Y": 16}, {"X": 6, "Y": 17}, {"X": 6, "Y": 18}, {"X": 7, "Y": 18}, {"X": 6, "Y": 18}, {"X": 5, "Y": 18}, {"X": 5, "Y": 17}, {"X": 4, "Y": 17}, {"X": 3, "Y": 17}, {"X": 2, "Y": 17}, {"X": 2, "Y": 18}, {"X": 3, "Y": 18}, {"X": 2, "Y": 18}, {"X": 1, "Y": 18}, {"X": 1, "Y": 17}, {"X": 1, "Y": 16}, {"X": 1, "Y": 15}, {"X": 1, "Y": 14}, {"X": 1, "Y": 13}, {"X": 2, "Y": 13}, {"X": 3, "Y": 13}, {"X": 3, "Y": 12}, {"X": 4, "Y": 12}, {"X": 4, "Y": 11}, {"X": 4, "Y": 10}, {"X": 5, "Y": 10}, {"X": 5, "Y": 9}, {"X": 5, "Y": 8}, {"X": 5, "Y": 7}, {"X": 5, "Y": 6}, {"X": 6, "Y": 6}, {"X": 6, "Y": 5}, {"X": 6, "Y": 4}, {"X": 6, "Y": 3}, {"X": 6, "Y": 2}, {"X": 5, "Y": 2}, {"X": 4, "Y": 2}, {"X": 4, "Y": 1}], "levelStates": ["Health: 10 X: 6 Y: 11\nXXXXXXXXXX\nXMX e X TX\nX        X\nX   X   XX\nX   T    X\nXX  XX   X\nX P     bX\nX X X  X X\nXT     o X\nX        X\nX  X   XPX\nX     H  X\nXX      XX\nX        X\nXb      bX\nX X T  X X\nXP   m  PX\nX        X\nXT TXT TXX\nXXXXXXXXXX\n", "Health: 10 X: 6 Y: 10\nXXXXXXXXXX\nXMX e X TX\nX        X\nX   X   XX\nX   T    X\nXX  XX   X\nX P      X\nX X X  XbX\nXT    o  X\nX        X\nX  X  HXPX\nX        X\nXX      XX\nX        X\nX        X\nXbX Tm XbX\nXP      PX\nX        X\nXT TXT TXX\nXXXXXXXXXX\n", "Health: 8 X: 6 Y: 9\nXXXXXXXXXX\nXMX e X TX\nX        X\nX   X   XX\nX   T    X\nXX  XX   X\nX P      X\nX X X  X X\nXT    o bX\nX     H  X\nX  X   XPX\nX        X\nXX      XX\nX        X\nX    m   X\nX X T  X X\nX        X\nX        X\nXT TXT TXX\nXXXXXXXXXX\n", "Health: 6 X: 6 Y: 8\nXXXXXXXXXX\nXMX e X TX\nX        X\nX   X   XX\nX   T    X\nXX  XX   X\nX P      X\nX X X  X X\nXT    \u221eb X\nX        X\nX  X   XPX\nX        X\nXX      XX\nX    m   X\nX        X\nX X T  X X\nX        X\nX        X\nXT TXT TXX\nXXXXXXXXXX\n", "Health: 6 X: 6 Y: 7\nXXXXXXXXXX\nXMX e X TX\nX        X\nX   X   XX\nX   T    X\nXX  XX   X\nX P      X\nX X X HX X\nXT    \u221e bX\nX        X\nX  X   XPX\nX        X\nXX   m  XX\nX        X\nX        X\nX X T  X X\nX        X\nX        X\nXT TXT TXX\nXXXXXXXXXX\n", "Health: 6 X: 6 Y: 6\nXXXXXXXXXX\nXMX e X TX\nX        X\nX   X   XX\nX   T    X\nXX  XX   X\nX P   H  X\nX X X  X X\nXT    \u221e  X\nX       bX\nX  X   XPX\nX    m   X\nXX      XX\nX        X\nX        X\nX X T  X X\nX        X\nX        X\nXT TXT TXX\nXXXXXXXXXX\n", "Health: 6 X: 6 Y: 5\nXXXXXXXXXX\nXMX e X TX\nX        X\nX   X   XX\nX   T    X\nXX  XXH  X\nX P      X\nX X X  X X\nXT    \u221e  X\nX        X\nX  X m X X\nX        X\nXX      XX\nX        X\nX        X\nX X T  X X\nX        X\nX        X\nXT TXT TXX\nXXXXXXXXXX\n", "Health: 6 X: 6 Y: 4\nXXXXXXXXXX\nXMX e X TX\nX        X\nX   X   XX\nX   T H  X\nXX  XX   X\nX P      X\nX X X  X X\nXT    \u221e  X\nX    m   X\nX  X   X X\nX        X\nXX      XX\nX        X\nX        X\nX X T  X X\nX        X\nX        X\nXT TXT TXX\nXXXXXXXXXX\n", "Health: 6 X: 6 Y: 3\nXXXXXXXXXX\nXMX e X TX\nX        X\nX   X H XX\nX   T    X\nXX  XX   X\nX P      X\nX X X  X X\nXT   m\u221e  X\nX        X\nX  X   X X\nX        X\nXX      XX\nX        X\nX        X\nX X T  X X\nX        X\nX        X\nXT TXT TXX\nXXXXXXXXXX\n", "Health: 6 X: 6 Y: 2\nXXXXXXXXXX\nXMX e X TX\nX     H  X\nX   X   XX\nX   T    X\nXX  XX   X\nX P      X\nX X Xm X X\nXT    \u221e  X\nX        X\nX  X   X X\nX        X\nXX      XX\nX        X\nX        X\nX X T  X X\nX        X\nX        X\nXT TXT TXX\nXXXXXXXXXX\n", "Health: 6 X: 7 Y: 2\nXXXXXXXXXX\nXMX e X TX\nX      H X\nX   X   XX\nX   T    X\nXX  XX   X\nX P  m   X\nX X X  X X\nXT    \u221e  X\nX       bX\nX  X   X X\nX        X\nXX      XX\nX        X\nX        X\nX X T  X X\nX        X\nX        X\nXT TXT TXX\nXXXXXXXXXX\n", "Health: 6 X: 8 Y: 2\nXXXXXXXXXX\nXMX e X TX\nX       HX\nX   X   XX\nX   T    X\nXX  XX   X\nX P   m  X\nX X X  X X\nXT    \u221e  X\nX       bX\nX  X   X X\nX        X\nXX      XX\nX        X\nX        X\nX X T  X X\nX        X\nX        X\nXT TXT TXX\nXXXXXXXXXX\n", "Health: 6 X: 8 Y: 1\nXXXXXXXXXX\nXMX e X  X\nX        X\nX   X   XX\nX   T    X\nXX  XXm  X\nX P      X\nX X X  X X\nXT    \u221e  X\nX       bX\nX  X   X X\nX        X\nXX      XX\nX        X\nX        X\nX X T  X X\nX        X\nX        X\nXT TXT TXX\nXXXXXXXXXX\n", "Health: 6 X: 7 Y: 1\nXXXXXXXXXX\nXMX e XH X\nX        X\nX   X   XX\nX   T m  X\nXX  XX   X\nX P      X\nX X X  X X\nXT    \u221e bX\nX        X\nX  X   X X\nX        X\nXX      XX\nX        X\nX        X\nX X T  X X\nX        X\nX        X\nXT TXT TXX\nXXXXXXXXXX\n", "Health: 6 X: 7 Y: 2\nXXXXXXXXXX\nXMX e X  X\nX      H X\nX   X m XX\nX   T    X\nXX  XX   X\nX P      X\nX X X  XbX\nXT    \u221e  X\nX        X\nX  X   X X\nX        X\nXX      XX\nX        X\nX        X\nX X T  X X\nX        X\nX        X\nXT TXT TXX\nXXXXXXXXXX\n", "Health: 5 X: 7 Y: 3\nXXXXXXXXXX\nXMX e X  X\nX        X\nX   X mHXX\nX   T    X\nXX  XX   X\nX P     bX\nX X X  X X\nXT    \u221e  X\nX        X\nX  X   X X\nX        X\nXX      XX\nX        X\nX        X\nX X T  X X\nX        X\nX        X\nXT TXT TXX\nXXXXXXXXXX\n", "Health: 5 X: 7 Y: 4\nXXXXXXXXXX\nXMX e X  X\nX        X\nX   X m XX\nX   T  H X\nXX  XX  bX\nX P      X\nX X X  X X\nXT    \u221e  X\nX        X\nX  X   X X\nX        X\nXX      XX\nX        X\nX        X\nX X T  X X\nX        X\nX        X\nXT TXT TXX\nXXXXXXXXXX\n", "Health: 3 X: 7 Y: 5\nXXXXXXXXXX\nXMX e X  X\nX        X\nX   X m XX\nX   T    X\nXX  XX HbX\nX P      X\nX X X  X X\nXT    \u221e  X\nX        X\nX  X   X X\nX        X\nXX      XX\nX        X\nX        X\nX X T  X X\nX        X\nX        X\nXT TXT TXX\nXXXXXXXXXX\n", "Health: 3 X: 7 Y: 6\nXXXXXXXXXX\nXMX e X  X\nX        X\nX   X m XX\nX   T    X\nXX  XX b X\nX P    H X\nX X X  X X\nXT    \u221e  X\nX        X\nX  X   X X\nX        X\nXX      XX\nX        X\nX        X\nX X T  X X\nX        X\nX        X\nXT TXT TXX\nXXXXXXXXXX\n", "Health: 3 X: 8 Y: 6\nXXXXXXXXXX\nXMX e X  X\nX        X\nX   X m XX\nX   T    X\nXX  XX  bX\nX P     HX\nX X X  X X\nXT    \u221e  X\nX        X\nX  X   X X\nX        X\nXX      XX\nX        X\nX        X\nX X T  X X\nX        X\nX        X\nXT TXT TXX\nXXXXXXXXXX\n", "Health: 3 X: 8 Y: 5\nXXXXXXXXXX\nXMX e X  X\nX        X\nX   X m XX\nX   T    X\nXX  XX  \u221eX\nX P      X\nX X X  X X\nXT    \u221e  X\nX        X\nX  X   X X\nX        X\nXX      XX\nX        X\nX        X\nX X T  X X\nX        X\nX        X\nXT TXT TXX\nXXXXXXXXXX\n", "Health: 3 X: 8 Y: 6\nXXXXXXXXXX\nXMX e X  X\nX        X\nX   X  mXX\nX   T    X\nXX  XX  \u221eX\nX P     HX\nX X X  X X\nXT    \u221e  X\nX        X\nX  X   X X\nX        X\nXX      XX\nX        X\nX        X\nX X T  X X\nX        X\nX        X\nXT TXT TXX\nXXXXXXXXXX\n", "Health: 3 X: 8 Y: 7\nXXXXXXXXXX\nXMX e X  X\nX        X\nX   X   XX\nX   T  m X\nXX  XX  \u221eX\nX P      X\nX X X  XHX\nXT    \u221e  X\nX        X\nX  X   X X\nX        X\nXX      XX\nX        X\nX        X\nX X T  X X\nX        X\nX        X\nXT TXT TXX\nXXXXXXXXXX\n", "Health: 3 X: 8 Y: 6\nXXXXXXXXXX\nXMX e X  X\nX        X\nX   X   XX\nX   T   mX\nXX  XX  \u221eX\nX P     HX\nX X X  X X\nXT    \u221e  X\nX        X\nX  X   X X\nX        X\nXX      XX\nX        X\nX        X\nX X T  X X\nX        X\nX        X\nXT TXT TXX\nXXXXXXXXXX\n", "Health: 3 X: 7 Y: 6\nXXXXXXXXXX\nXMX e X  X\nX        X\nX   X   XX\nX   T  m X\nXX  XX  \u221eX\nX P    H X\nX X X  X X\nXT    \u221e  X\nX        X\nX  X   X X\nX        X\nXX      XX\nX        X\nX        X\nX X T  X X\nX        X\nX        X\nXT TXT TXX\nXXXXXXXXXX\n", "Health: 3 X: 6 Y: 6\nXXXXXXXXXX\nXMX e X  X\nX        X\nX   X   XX\nX   T m  X\nXX  XX  \u221eX\nX P   H  X\nX X X  X X\nXT    \u221e  X\nX        X\nX  X   X X\nX        X\nXX      XX\nX        X\nX        X\nX X T  X X\nX        X\nX        X\nXT TXT TXX\nXXXXXXXXXX\n", "Health: 3 X: 5 Y: 6\nXXXXXXXXXX\nXMX e X  X\nX        X\nX   X   XX\nX   T    X\nXX  XXm \u221eX\nX P  H   X\nX X X  X X\nXT    \u221e  X\nX        X\nX  X   X X\nX        X\nXX      XX\nX        X\nX        X\nX X T  XbX\nX        X\nX        X\nXT TXT TXX\nXXXXXXXXXX\n", "Health: 3 X: 4 Y: 6\nXXXXXXXXXX\nXMX e X  X\nX        X\nX   X   XX\nX   T    X\nXX  XX  \u221eX\nX P H m  X\nX X X  X X\nXT    \u221e  X\nX        X\nX  X   X X\nX        X\nXX      XX\nX        X\nX        X\nX X T  XbX\nX        X\nX        X\nXT TXT TXX\nXXXXXXXXXX\n", "Health: 3 X: 3 Y: 6\nXXXXXXXXXX\nX X e X  X\nXM       X\nX   X   XX\nX   T    X\nXX  XX  \u221eX\nX PH m   X\nX X X  X X\nXT    \u221e  X\nX        X\nX  X   X X\nX        X\nXX      XX\nX        X\nX        X\nXbX T  XbX\nX        X\nX        X\nXT TXT TXX\nXXXXXXXXXX\n", "Health: 5 X: 2 Y: 6\nXXXXXXXXXX\nX X e X  X\nX M      X\nX   X   XX\nX   T    X\nXX  XX  \u221eX\nX   m    X\nX X X  X X\nXT    \u221e  X\nX        X\nX  X   X X\nX        X\nXX      XX\nX        X\nX        X\nXbX T  XbX\nX        X\nX        X\nXT TXT TXX\nXXXXXXXXXX\n", "Health: 5 X: 1 Y: 6\nXXXXXXXXXX\nX X e X  X\nX M      X\nX   X   XX\nX   T    X\nXX  XX  \u221eX\nXH m     X\nX X X  X X\nXT    \u221e  X\nX        X\nX  X   X X\nX        X\nXX      XX\nX        X\nX        X\nXbX T  XbX\nX        X\nX        X\nXT TXT TXX\nXXXXXXXXXX\n", "Health: 5 X: 1 Y: 7\nXXXXXXXXXX\nX X e X  X\nX M      X\nX   X   XX\nX   T    X\nXX  XX  \u221eX\nX m      X\nXHX X  X X\nXT    \u221e  X\nX        X\nX  X   X X\nX        X\nXX      XX\nX        X\nX        X\nXbX T  XbX\nX        X\nX        X\nXT TXT TXX\nXXXXXXXXXX\n", "Health: 5 X: 1 Y: 8\nXXXXXXXXXX\nX X e X  X\nX M      X\nX   X   XX\nX   T    X\nXX  XX  \u221eX\nXm       X\nX X X  X X\nX     \u221e  X\nX        X\nX  X   X X\nX        X\nXX      XX\nX        X\nX        X\nXbX T  XbX\nX        X\nX        X\nXT TXT TXX\nXXXXXXXXXX\n", "Health: 5 X: 2 Y: 8\nXXXXXXXXXX\nX X e X  X\nX M      X\nX   X   XX\nX   T    X\nXX  XX  \u221eX\nX        X\nXmX X  X X\nX H   \u221e  X\nX        X\nX  X   X X\nX        X\nXX      XX\nX        X\nX        X\nXbX T  XbX\nX        X\nX        X\nXT TXT TXX\nXXXXXXXXXX\n", "Health: 5 X: 3 Y: 8\nXXXXXXXXXX\nX X e X  X\nX  M     X\nX   X   XX\nX   T    X\nXX  XX  \u221eX\nX        X\nX X X  X X\nXm H  \u221e  X\nX        X\nX  X   X X\nX        X\nXX      XX\nX        X\nX       bX\nXbX T  X X\nX        X\nX        X\nXT TXT TXX\nXXXXXXXXXX\n", "Health: 5 X: 4 Y: 8\nXXXXXXXXXX\nX X e X  X\nX  M     X\nX   X   XX\nX   T    X\nXX  XX  \u221eX\nX        X\nX X X  X X\nX m H \u221e  X\nX        X\nX  X   X X\nX        X\nXX      XX\nX       bX\nX        X\nXbX T  X X\nX        X\nX        X\nXT TXT TXX\nXXXXXXXXXX\n", "Health: 5 X: 4 Y: 9\nXXXXXXXXXX\nX X e X  X\nX  M     X\nX   X   XX\nX   T    X\nXX  XX  \u221eX\nX        X\nX X X  X X\nX  m  \u221e  X\nX   H    X\nX  X   X X\nX        X\nXX      XX\nX       bX\nX        X\nXbX T  X X\nX        X\nX        X\nXT TXT TXX\nXXXXXXXXXX\n", "Health: 5 X: 4 Y: 10\nXXXXXXXXXX\nX X e X  X\nX  M     X\nX   X   XX\nX   T    X\nXX  XX  \u221eX\nX        X\nX X X  X X\nX   m \u221e  X\nX        X\nX  XH  X X\nX        X\nXX      XX\nX      b X\nXb       X\nX X T  X X\nX        X\nX        X\nXT TXT TXX\nXXXXXXXXXX\n", "Health: 5 X: 4 Y: 11\nXXXXXXXXXX\nX X e X  X\nX  M     X\nX   X   XX\nX   T    X\nXX  XX  \u221eX\nX        X\nX X X  X X\nX     \u221e  X\nX   m    X\nX  X   X X\nX   H    X\nXX     bXX\nXb       X\nX        X\nX X T  X X\nX        X\nX        X\nXT TXT TXX\nXXXXXXXXXX\n", "Health: 5 X: 4 Y: 12\nXXXXXXXXXX\nX X e X  X\nX  M     X\nX   X   XX\nX   T    X\nXX  XX  \u221eX\nX        X\nX X X  X X\nX     \u221e  X\nX        X\nX  Xm  X X\nX        X\nXX  H b XX\nX b      X\nX        X\nX X T  X X\nX        X\nX        X\nXT TXT TXX\nXXXXXXXXXX\n", "Health: 5 X: 4 Y: 13\nXXXXXXXXXX\nX X e X  X\nX        X\nX  MX   XX\nX   T    X\nXX  XX  \u221eX\nX        X\nX X X  X X\nX     \u221e  X\nX        X\nX  X   X X\nX   m    X\nXX   b  XX\nX  bH    X\nX        X\nX X T  X X\nX        X\nX        X\nXT TXT TXX\nXXXXXXXXXX\n", "Health: 5 X: 4 Y: 14\nXXXXXXXXXX\nX X e X  X\nX        X\nX   X   XX\nX  MT    X\nXX  XX  \u221eX\nX        X\nX X X  X X\nX     \u221e  X\nX        X\nX  X   X X\nX   m    X\nXX  b   XX\nX   b    X\nX   H    X\nX X T  X X\nX        X\nX        X\nXT TXT TXX\nXXXXXXXXXX\n", "Health: 4 X: 4 Y: 4\nXXXXXXXXXX\nX X e X  X\nX        X\nX   X   XX\nX  \u221eT    X\nXX  XX  \u221eX\nX        X\nX X X  X X\nX     \u221e  X\nX        X\nX  X   X X\nX   m    X\nXX  b   XX\nX   b    X\nX        X\nX X T  X X\nX        X\nX        X\nXT TXT TXX\nXXXXXXXXXX\n", "Health: 4 X: 5 Y: 4\nXXXXXXXXXX\nX X e X  X\nX        X\nX   X   XX\nX  \u221eTH   X\nXX  XX  \u221eX\nX        X\nX X X  X X\nX     \u221e  X\nX        X\nX  X   X X\nX   m    X\nXX  b   XX\nX   b    X\nX        X\nX X T  X X\nX        X\nX        X\nXT TXT TXX\nXXXXXXXXXX\n", "Health: 4 X: 5 Y: 3\nXXXXXXXXXX\nX X e X  X\nX        X\nX   XH  XX\nX  \u221eT    X\nXX  XX  \u221eX\nX        X\nX X X  X X\nX     \u221e  X\nX        X\nX  X   X X\nX   m    X\nXX  b   XX\nX   b    X\nX        X\nX X T  X X\nX        X\nX        X\nXT TXT TXX\nXXXXXXXXXX\n", "Health: 4 X: 6 Y: 3\nXXXXXXXXXX\nX X e X  X\nX        X\nX   X H XX\nX  \u221eT    X\nXX  XX  \u221eX\nX        X\nX X X  X X\nX     \u221e  X\nX        X\nX  X   X X\nX   m    X\nXX  b   XX\nX   b    X\nX        X\nX X T  X X\nX        X\nX        X\nXT TXT TXX\nXXXXXXXXXX\n", "Health: 4 X: 7 Y: 3\nXXXXXXXXXX\nX X e X  X\nX        X\nX   X  HXX\nX  \u221eT    X\nXX  XX  \u221eX\nX        X\nX X X  X X\nX     \u221e  X\nX        X\nX  X   X X\nX   m    X\nXX  \u221e   XX\nX        X\nX        X\nX X T  X X\nX        X\nX        X\nXT TXT TXX\nXXXXXXXXXX\n", "Health: 4 X: 7 Y: 4\nXXXXXXXXXX\nX X e X  X\nX        X\nX   X   XX\nX  \u221eT  H X\nXX  XX  \u221eX\nX        X\nX X X  X X\nX     \u221e  X\nX        X\nX  X   X X\nX   m    X\nXX  \u221e   XX\nX        X\nX        X\nX X T  X X\nX        X\nX        X\nXT TXT TXX\nXXXXXXXXXX\n", "Health: 4 X: 7 Y: 5\nXXXXXXXXXX\nX X e X  X\nX        X\nX   X   XX\nX  \u221eT    X\nXX  XX H\u221eX\nX        X\nX X X  X X\nX     \u221e  X\nX        X\nX  Xb  X X\nX   m    X\nXX  \u221e   XX\nX        X\nX        X\nX X T  X X\nX        X\nX        X\nXT TXT TXX\nXXXXXXXXXX\n", "Health: 4 X: 7 Y: 6\nXXXXXXXXXX\nX X e X  X\nX        X\nX   X   XX\nX  \u221eT    X\nXX  XX  \u221eX\nX      H X\nX X X  X X\nX     \u221e  X\nX        X\nX  Xb  X X\nX   m    X\nXX  \u221e   XX\nX        X\nX        X\nX X T  X X\nX        X\nX        X\nXT TXT TXX\nXXXXXXXXXX\n", "Health: 4 X: 8 Y: 6\nXXXXXXXXXX\nX X e X  X\nX        X\nX   X   XX\nX  \u221eT    X\nXX  XX  \u221eX\nX       HX\nX X X  X X\nX     \u221e  X\nX        X\nX  Xb  X X\nX   m    X\nXX  \u221e   XX\nX        X\nX        X\nX X T  X X\nX        X\nX        X\nXT TXT TXX\nXXXXXXXXXX\n", "Health: 4 X: 8 Y: 7\nXXXXXXXXXX\nX X e X  X\nX        X\nX   X   XX\nX  \u221eT    X\nXX  XX  \u221eX\nX        X\nX X X  XHX\nX     \u221e  X\nX        X\nX  Xb  X X\nX   m    X\nXX  \u221e   XX\nX        X\nX        X\nX X T  X X\nX        X\nX        X\nXT TXT TXX\nXXXXXXXXXX\n", "Health: 4 X: 8 Y: 8\nXXXXXXXXXX\nX X e X  X\nX        X\nX   X   XX\nX  \u221eT    X\nXX  XX  \u221eX\nX        X\nX X X  X X\nX     \u221e HX\nX   b    X\nX  Xm  X X\nX        X\nXX  \u221e   XX\nX        X\nX        X\nX X T  X X\nX        X\nX        X\nXT TXT TXX\nXXXXXXXXXX\n", "Health: 4 X: 8 Y: 9\nXXXXXXXXXX\nX X e X  X\nX        X\nX   X   XX\nX  \u221eT    X\nXX  XX  \u221eX\nX        X\nX X X  X X\nX     \u221e  X\nX   mb  HX\nX  X   X X\nX        X\nXX  \u221e   XX\nX        X\nX        X\nX X T  X X\nX        X\nX        X\nXT TXT TXX\nXXXXXXXXXX\n", "Health: 4 X: 8 Y: 10\nXXXXXXXXXX\nX X e X  X\nX        X\nX   X   XX\nX  \u221eT    X\nXX  XX  \u221eX\nX        X\nX X X  X X\nX     \u221e  X\nX   mb   X\nX  X   X X\nX        X\nXX  \u221e   XX\nX        X\nX        X\nX X T  X X\nX        X\nX        X\nXT TXT TXX\nXXXXXXXXXX\n", "Health: 4 X: 8 Y: 11\nXXXXXXXXXX\nX X e X  X\nX        X\nX   X   XX\nX  \u221eT    X\nXX  XX  \u221eX\nX        X\nX X X  X X\nX     \u221e  X\nX   mb   X\nX  X   X X\nX       HX\nXX  \u221e   XX\nX        X\nX        X\nX X T  X X\nX        X\nX        X\nXT TXT TXX\nXXXXXXXXXX\n", "Health: 4 X: 7 Y: 11\nXXXXXXXXXX\nX X e X  X\nX        X\nX   X   XX\nX  \u221eT    X\nXX  XX  \u221eX\nX        X\nX X X  X X\nX     \u221e  X\nX   m    X\nX  X b X X\nX      H X\nXX  \u221e   XX\nX        X\nX        X\nX X T  X X\nX        X\nX        X\nXT TXT TXX\nXXXXXXXXXX\n", "Health: 4 X: 6 Y: 11\nXXXXXXXXXX\nX X e X  X\nX        X\nX   X   XX\nX  \u221eT    X\nXX  XX  \u221eX\nX        X\nX X X  X X\nX     \u221e  X\nX   m    X\nX  X  bX X\nX     H  X\nXX  \u221e   XX\nX        X\nX        X\nX X T  X X\nX        X\nX        X\nXT TXT TXX\nXXXXXXXXXX\n", "Health: 4 X: 6 Y: 12\nXXXXXXXXXX\nX X e X  X\nX        X\nX   X   XX\nX  \u221eT    X\nXX  XX  \u221eX\nX        X\nX X X  X X\nX     \u221e  X\nX   m    X\nX  X   X X\nX     b  X\nXX  \u221e H XX\nX        X\nX        X\nX X T  X X\nX        X\nX        X\nXT TXT TXX\nXXXXXXXXXX\n", "Health: 4 X: 6 Y: 13\nXXXXXXXXXX\nX X e X  X\nX        X\nX   X   XX\nX  \u221eT    X\nXX  XX  \u221eX\nX        X\nX X X  X X\nX     \u221e  X\nX   m    X\nX  X   X X\nX        X\nXX  \u221e b XX\nX     H  X\nX        X\nX X T  X X\nX        X\nX        X\nXT TXT TXX\nXXXXXXXXXX\n", "Health: 4 X: 6 Y: 14\nXXXXXXXXXX\nX X e X  X\nX        X\nX   X   XX\nX  \u221eT    X\nXX  XX  \u221eX\nX        X\nX X X  X X\nX     \u221e  X\nX        X\nX  Xm  X X\nX        X\nXX  \u221e   XX\nX     b  X\nX     H  X\nX X T  X X\nX        X\nX        X\nXT TXT TXX\nXXXXXXXXXX\n", "Health: 4 X: 6 Y: 13\nXXXXXXXXXX\nX X e X  X\nX        X\nX   X   XX\nX  \u221eT    X\nXX  XX  \u221eX\nX        X\nX X X  X X\nX     \u221e  X\nX        X\nX  X m X X\nX        X\nXX  \u221e   XX\nX     \u221e  X\nX        X\nX X T  X X\nX        X\nX        X\nXT TXT TXX\nXXXXXXXXXX\n", "Health: 4 X: 6 Y: 12\nXXXXXXXXXX\nX X e X  X\nX        X\nX   X   XX\nX  \u221eT    X\nXX  XX  \u221eX\nX        X\nX X X  X X\nX     \u221e  X\nX        X\nX  X  mX X\nX        X\nXX  \u221e H XX\nX     \u221e  X\nX        X\nX X T  X X\nX        X\nX        X\nXT TXT TXX\nXXXXXXXXXX\n", "Health: 4 X: 6 Y: 13\nXXXXXXXXXX\nX X e X  X\nX        X\nX   X   XX\nX  \u221eT    X\nXX  XX  \u221eX\nX        X\nX X X  X X\nX     \u221e  X\nX        X\nX  X   X X\nX     m  X\nXX  \u221e   XX\nX     \u221e  X\nX        X\nX X T  X X\nX        X\nX        X\nXT TXT TXX\nXXXXXXXXXX\n", "Health: 4 X: 6 Y: 14\nXXXXXXXXXX\nX X e X  X\nX        X\nX   X   XX\nX  \u221eT    X\nXX  XX  \u221eX\nX        X\nX X X  X X\nX     \u221e  X\nX        X\nX  X   X X\nX        X\nXX  \u221e m XX\nX     \u221e  X\nX     H  X\nX X T  X X\nX        X\nX        X\nXT TXT TXX\nXXXXXXXXXX\n", "Health: 4 X: 6 Y: 15\nXXXXXXXXXX\nX X e X  X\nX        X\nX   X   XX\nX  \u221eT    X\nXX  XX  \u221eX\nX        X\nX X X  X X\nX     \u221e  X\nX        X\nX  X   X X\nX        X\nXX  \u221e   XX\nX     m  X\nX        X\nX X T HX X\nX        X\nX        X\nXT TXT TXX\nXXXXXXXXXX\n", "Health: 4 X: 6 Y: 16\nXXXXXXXXXX\nX X e X  X\nX        X\nX   X   XX\nX  \u221eT    X\nXX  XX  \u221eX\nX        X\nX X X  X X\nX     \u221e  X\nX        X\nX  X   X X\nX        X\nXX  \u221e   XX\nX     \u221e  X\nX     m  X\nX X T  X X\nX     H  X\nX        X\nXT TXT TXX\nXXXXXXXXXX\n", "Health: 4 X: 6 Y: 17\nXXXXXXXXXX\nX X e X  X\nX        X\nX   X   XX\nX  \u221eT    X\nXX  XX  \u221eX\nX        X\nX X X  X X\nX     \u221e  X\nX        X\nX  X   X X\nX        X\nXX  \u221e   XX\nX     \u221e  X\nX        X\nX X T mX X\nX        X\nX     H  X\nXT TXT TXX\nXXXXXXXXXX\n", "Health: 4 X: 6 Y: 18\nXXXXXXXXXX\nX X e X  X\nX        X\nX   X   XX\nX  \u221eT    X\nXX  XX  \u221eX\nX        X\nX X X  X X\nX     \u221e  X\nX        X\nX  X   X X\nX        X\nXX  \u221e   XX\nX     \u221e  X\nX        X\nX X T  X X\nX     m  X\nX        X\nXT TXTHTXX\nXXXXXXXXXX\n", "Health: 4 X: 7 Y: 18\nXXXXXXXXXX\nX X e X  X\nX        X\nX   X   XX\nX  \u221eT    X\nXX  XX  \u221eX\nX        X\nX X X  X X\nX     \u221e  X\nX        X\nX  X   X X\nX        X\nXX  \u221e   XX\nX     \u221e  X\nX        X\nX X T  X X\nX      m X\nX        X\nXT TXT  XX\nXXXXXXXXXX\n", "Health: 4 X: 6 Y: 18\nXXXXXXXXXX\nX X e X  X\nX        X\nX   X   XX\nX  \u221eT    X\nXX  XX  \u221eX\nX        X\nX X X  X X\nX     \u221e  X\nX        X\nX  X   X X\nX        X\nXX  \u221e   XX\nX     \u221e  X\nX        X\nX X T  X X\nX     m  X\nX        X\nXT TXTH XX\nXXXXXXXXXX\n", "Health: 4 X: 5 Y: 18\nXXXXXXXXXX\nX X e X  X\nX        X\nX   X   XX\nX  \u221eT    X\nXX  XX  \u221eX\nX        X\nX X X  X X\nX     \u221e  X\nX        X\nX  X   X X\nX        X\nXX  \u221e   XX\nX     \u221e  X\nX        X\nX X T  X X\nX    m   X\nX        X\nXT TX   XX\nXXXXXXXXXX\n", "Health: 3 X: 5 Y: 17\nXXXXXXXXXX\nX X e X  X\nX        X\nX   X   XX\nX  \u221eT    X\nXX  XX  \u221eX\nX        X\nX X X  X X\nX     \u221e  X\nX        X\nX  X   X X\nX        X\nXX  \u221e   XX\nX     \u221e  X\nX        X\nX X T  X X\nX    m   X\nX    H   X\nXT TX   XX\nXXXXXXXXXX\n", "Health: 3 X: 4 Y: 17\nXXXXXXXXXX\nX X e X  X\nX        X\nX   X   XX\nX  \u221eT    X\nXX  XX  \u221eX\nX        X\nX X X  X X\nX     \u221e  X\nX        X\nX  X   X X\nX        X\nXX  \u221e   XX\nX     \u221e  X\nX        X\nX X T  X X\nX    m   X\nX   H    X\nXT TX   XX\nXXXXXXXXXX\n", "Health: 3 X: 3 Y: 17\nXXXXXXXXXX\nX X e X  X\nX        X\nX   X   XX\nX  \u221eT    X\nXX  XX  \u221eX\nX        X\nX X X  X X\nX     \u221e  X\nX        X\nX  X   X X\nX        X\nXX  \u221e   XX\nX     \u221e  X\nX        X\nX X T  X X\nX    m   X\nX  H     X\nXT TX   XX\nXXXXXXXXXX\n", "Health: 3 X: 2 Y: 17\nXXXXXXXXXX\nX X e X  X\nX        X\nX   X   XX\nX  \u221eT    X\nXX  XX  \u221eX\nX        X\nX X X  X X\nX     \u221e  X\nX        X\nX  X   X X\nX        X\nXX  \u221e   XX\nX     \u221e  X\nX        X\nX X T  X X\nX    m   X\nX H      X\nXT TX   XX\nXXXXXXXXXX\n", "Health: 3 X: 2 Y: 18\nXXXXXXXXXX\nX X e X  X\nX        X\nX   X   XX\nX  \u221eT    X\nXX  XX  \u221eX\nX        X\nX X X  X X\nX     \u221e  X\nX        X\nX  X   X X\nX        X\nXX  \u221e   XX\nX     \u221e  X\nX        X\nX X T  X X\nX    m   X\nX        X\nXTHTX   XX\nXXXXXXXXXX\n", "Health: 3 X: 3 Y: 18\nXXXXXXXXXX\nX X e X  X\nX        X\nX   X   XX\nX  \u221eT    X\nXX  XX  \u221eX\nX        X\nX X X  X X\nX     \u221e  X\nX        X\nX  X   X X\nX        X\nXX  \u221e   XX\nX     \u221e  X\nX        X\nX X T  X X\nX    m   X\nX        X\nXT  X   XX\nXXXXXXXXXX\n", "Health: 3 X: 2 Y: 18\nXXXXXXXXXX\nX X e X  X\nX        X\nX   X   XX\nX  \u221eT    X\nXX  XX  \u221eX\nX        X\nX X X  X X\nX     \u221e  X\nX        X\nX  X   X X\nX        X\nXX  \u221e   XX\nX     \u221e  X\nX        X\nX X T  X X\nX   m    X\nX        X\nXTH X   XX\nXXXXXXXXXX\n", "Health: 3 X: 1 Y: 18\nXXXXXXXXXX\nX X e X  X\nX        X\nX   X   XX\nX  \u221eT    X\nXX  XX  \u221eX\nX        X\nX X X  X X\nX     \u221e  X\nX        X\nX  X   X X\nX        X\nXX  \u221e   XX\nX     \u221e  X\nX        X\nX X T  X X\nX  m     X\nX        X\nX   X   XX\nXXXXXXXXXX\n", "Health: 3 X: 1 Y: 17\nXXXXXXXXXX\nX X e X  X\nX        X\nX   X   XX\nX  \u221eT    X\nXX  XX  \u221eX\nX        X\nX X X  X X\nX     \u221e  X\nX        X\nX  X   X X\nX        X\nXX  \u221e   XX\nX     \u221e  X\nX        X\nX X T  X X\nX m      X\nXH       X\nX   X   XX\nXXXXXXXXXX\n", "Health: 2 X: 1 Y: 16\nXXXXXXXXXX\nX X e X  X\nX        X\nX   X   XX\nX  \u221eT    X\nXX  XX  \u221eX\nX        X\nX X X  X X\nX     \u221e  X\nX        X\nX  X   X X\nX        X\nXX  \u221e   XX\nX     \u221e  X\nX        X\nX X T  X X\nX m      X\nX        X\nX   X   XX\nXXXXXXXXXX\n", "Health: 2 X: 1 Y: 15\nXXXXXXXXXX\nX X e X  X\nX        X\nX   X   XX\nX  \u221eT    X\nXX  XX  \u221eX\nX        X\nX X X  X X\nX     \u221e  X\nX        X\nX  X   X X\nX        X\nXX  \u221e   XX\nX     \u221e  X\nX        X\nXHX T  X X\nX m      X\nX        X\nX   X   XX\nXXXXXXXXXX\n", "Health: 2 X: 1 Y: 14\nXXXXXXXXXX\nX X e X  X\nX        X\nX   X   XX\nX  \u221eT    X\nXX  XX  \u221eX\nX        X\nX X X  X X\nX     \u221e  X\nX        X\nX  X   X X\nX        X\nXX  \u221e   XX\nX     \u221e  X\nXH       X\nX X T  X X\nX m      X\nX        X\nX   X   XX\nXXXXXXXXXX\n", "Health: 2 X: 1 Y: 13\nXXXXXXXXXX\nX X e X  X\nX        X\nX   X   XX\nX  \u221eT    X\nXX  XX  \u221eX\nX        X\nX X X  X X\nX     \u221e  X\nX        X\nX  X   X X\nX        X\nXX  \u221e   XX\nXH    \u221e  X\nX        X\nX X T  X X\nX m      X\nX        X\nX   X   XX\nXXXXXXXXXX\n", "Health: 2 X: 2 Y: 13\nXXXXXXXXXX\nX X e X  X\nX        X\nX   X   XX\nX  \u221eT    X\nXX  XX  \u221eX\nX        X\nX X X  X X\nX     \u221e  X\nX        X\nX  X   X X\nX        X\nXX  \u221e   XX\nX H   \u221e  X\nX        X\nX X T  X X\nX m      X\nX        X\nX   X   XX\nXXXXXXXXXX\n", "Health: 2 X: 3 Y: 13\nXXXXXXXXXX\nX X e X  X\nX        X\nX   X   XX\nX  \u221eT    X\nXX  XX  \u221eX\nX        X\nX X X  X X\nX     \u221e  X\nX        X\nX  X   X X\nX        X\nXX  \u221e   XX\nX  H  \u221e  X\nX        X\nX X T  X X\nX m      X\nX        X\nX   X   XX\nXXXXXXXXXX\n", "Health: 2 X: 3 Y: 12\nXXXXXXXXXX\nX X e X  X\nX        X\nX   X   XX\nX  \u221eT    X\nXX  XX  \u221eX\nX        X\nX X X  X X\nX     \u221e  X\nX        X\nX  X   X X\nX        X\nXX H\u221e   XX\nX     \u221e  X\nX        X\nX X T  X X\nX  m     X\nX        X\nX   X   XX\nXXXXXXXXXX\n", "Health: 2 X: 4 Y: 12\nXXXXXXXXXX\nX X e X  X\nX        X\nX   X   XX\nX  \u221eT    X\nXX  XX  \u221eX\nX        X\nX X X  X X\nX     \u221e  X\nX        X\nX  X   X X\nX        X\nXX  \u221e   XX\nX     \u221e  X\nX        X\nX XmT  X X\nX        X\nX        X\nX   X   XX\nXXXXXXXXXX\n", "Health: 2 X: 4 Y: 11\nXXXXXXXXXX\nX X e X  X\nX        X\nX   X   XX\nX  \u221eT    X\nXX  XX  \u221eX\nX        X\nX X X  X X\nX     \u221e  X\nX        X\nX  X   X X\nX   H    X\nXX  \u221e   XX\nX     \u221e  X\nX  m     X\nX X T  X X\nX        X\nX        X\nX   X   XX\nXXXXXXXXXX\n", "Health: 2 X: 4 Y: 10\nXXXXXXXXXX\nX X e X  X\nX        X\nX   X   XX\nX  \u221eT    X\nXX  XX  \u221eX\nX        X\nX X X  X X\nX     \u221e  X\nX        X\nX  XH  X X\nX        X\nXX  \u221e   XX\nX  m  \u221e  X\nX        X\nX X T  X X\nX        X\nX        X\nX   X   XX\nXXXXXXXXXX\n", "Health: 2 X: 5 Y: 10\nXXXXXXXXXX\nX X e X  X\nX        X\nX   X   XX\nX  \u221eT    X\nXX  XX  \u221eX\nX        X\nX X X  X X\nX     \u221e  X\nX        X\nX  X H X X\nX        X\nXX m\u221e   XX\nX     \u221e  X\nX        X\nX X T  X X\nX        X\nX        X\nX   X   XX\nXXXXXXXXXX\n", "Health: 2 X: 5 Y: 9\nXXXXXXXXXX\nX X e X  X\nX        X\nX   X   XX\nX  \u221eT    X\nXX  XX  \u221eX\nX        X\nX X X  X X\nX     \u221e  X\nX    H   X\nX  X   X X\nX  m     X\nXX  \u221e   XX\nX     \u221e  X\nX        X\nX X T  X X\nX        X\nX        X\nX   X   XX\nXXXXXXXXXX\n", "Health: 2 X: 5 Y: 8\nXXXXXXXXXX\nX X e X  X\nX        X\nX   X   XX\nX  \u221eT    X\nXX  XX  \u221eX\nX        X\nX X X  X X\nX    H\u221e  X\nX        X\nX  X   X X\nX   m    X\nXX  \u221e   XX\nX     \u221e  X\nX        X\nX X T  X X\nX        X\nX        X\nX   X   XX\nXXXXXXXXXX\n", "Health: 2 X: 5 Y: 7\nXXXXXXXXXX\nX X e X  X\nX        X\nX   X   XX\nX  \u221eT    X\nXX  XX  \u221eX\nX        X\nX X XH X X\nX     \u221e  X\nX        X\nX  Xm  X X\nX        X\nXX  \u221e   XX\nX     \u221e  X\nX        X\nX X T  X X\nX        X\nX        X\nX   X   XX\nXXXXXXXXXX\n", "Health: 2 X: 5 Y: 6\nXXXXXXXXXX\nX X e X  X\nX        X\nX   X   XX\nX  \u221eT    X\nXX  XX  \u221eX\nX    H   X\nX X X  X X\nX     \u221e  X\nX   m    X\nX  X   X X\nX        X\nXX  \u221e   XX\nX     \u221e  X\nX        X\nX X T  X X\nX        X\nX        X\nX   X   XX\nXXXXXXXXXX\n", "Health: 2 X: 6 Y: 6\nXXXXXXXXXX\nX X e X  X\nX        X\nX   X   XX\nX  \u221eT    X\nXX  XX  \u221eX\nX     H  X\nX X X  X X\nX   m \u221e  X\nX        X\nX  X   X X\nX        X\nXX  \u221e   XX\nX     \u221e  X\nX        X\nX X T  X X\nX        X\nX        X\nX   X   XX\nXXXXXXXXXX\n", "Health: 2 X: 6 Y: 5\nXXXXXXXXXX\nX X e X  X\nX        X\nX   X   XX\nX  \u221eT    X\nXX  XXH \u221eX\nX        X\nX X X  X X\nX    m\u221e  X\nX        X\nX  X   X X\nX        X\nXX  \u221e   XX\nX     \u221e  X\nX        X\nX X T  X X\nX        X\nX        X\nX   X   XX\nXXXXXXXXXX\n", "Health: 2 X: 6 Y: 4\nXXXXXXXXXX\nX X e X  X\nX        X\nX   X   XX\nX  \u221eT H  X\nXX  XX  \u221eX\nX        X\nX X Xm X X\nX     \u221e  X\nX        X\nX  X   X X\nX        X\nXX  \u221e   XX\nX     \u221e  X\nX        X\nX X T  X X\nX        X\nX        X\nX   X   XX\nXXXXXXXXXX\n", "Health: 2 X: 6 Y: 3\nXXXXXXXXXX\nX X e X  X\nX        X\nX   X H XX\nX  \u221eT    X\nXX  XX  \u221eX\nX    m   X\nX X X  X X\nX     \u221e  X\nX        X\nX  X   X X\nX        X\nXX  \u221e   XX\nX     \u221e  X\nX        X\nX X T  X X\nX        X\nX        X\nX   X   XX\nXXXXXXXXXX\n", "Health: 2 X: 6 Y: 2\nXXXXXXXXXX\nX X e X  X\nX     H  X\nX   X   XX\nX  \u221eT    X\nXX  XX  \u221eX\nX     m  X\nX X X  X X\nX     \u221e  X\nX        X\nX  X   X X\nX        X\nXX  \u221e   XX\nX     \u221e  X\nX        X\nX X T  X X\nX        X\nX        X\nX   X   XX\nXXXXXXXXXX\n", "Health: 2 X: 5 Y: 2\nXXXXXXXXXX\nX X e X  X\nX    H   X\nX   X   XX\nX  \u221eT    X\nXX  XXm \u221eX\nX        X\nX X X  X X\nX     \u221e  X\nX        X\nX  X   X X\nX        X\nXX  \u221e   XX\nX     \u221e  X\nX        X\nX X T  X X\nX        X\nX        X\nX   X   XX\nXXXXXXXXXX\n", "Health: 2 X: 4 Y: 2\nXXXXXXXXXX\nX X e X  X\nX   H    X\nX   X   XX\nX  \u221eT m  X\nXX  XX  \u221eX\nX        X\nX X X  X X\nX     \u221e  X\nX        X\nX  X   X X\nX        X\nXX  \u221e   XX\nX     \u221e  X\nX        X\nX X T  X X\nX        X\nX        X\nX   X   XX\nXXXXXXXXXX\n", "Health: 2 X: 4 Y: 1\nXXXXXXXXXX\nX X e X  X\nX        X\nX   X m XX\nX  \u221eT    X\nXX  XX  \u221eX\nX        X\nX X X  X X\nX     \u221e  X\nX        X\nX  X   X X\nX        X\nXX  \u221e   XX\nX     \u221e  X\nX        X\nX X T  X X\nX        X\nX        X\nX   X   XX\nXXXXXXXXXX\n"], "map_number": 202}, {"mechanics": [{"timestep": 0, "mechanic": "CollectTreasure"}, {"timestep": 3, "mechanic": "CollectTreasure"}, {"timestep": 3, "mechanic": "OgreTreasure"}, {"timestep": 6, "mechanic": "MinitaurHit"}, {"timestep": 7, "mechanic": "MinitaurHit"}, {"timestep": 9, "mechanic": "MinitaurHit"}, {"timestep": 12, "mechanic": "TriggerTrap"}, {"timestep": 13, "mechanic": "CollectTreasure"}, {"timestep": 14, "mechanic": "CollectTreasure"}, {"timestep": 16, "mechanic": "MinitaurHit"}, {"timestep": 16, "mechanic": "TriggerTrap"}, {"timestep": 23, "mechanic": "MinitaurHit"}, {"timestep": 28, "mechanic": "BlobHit"}, {"timestep": 33, "mechanic": "GoblinMeleeHit"}, {"timestep": 33, "mechanic": "MinitaurHit"}, {"timestep": 34, "mechanic": "MinitaurHit"}, {"timestep": 35, "mechanic": "GoblinRangedHit"}, {"timestep": 36, "mechanic": "GoblinRangedHit"}, {"timestep": 37, "mechanic": "GoblinRangedHit"}, {"timestep": 38, "mechanic": "CollectPotion"}, {"timestep": 43, "mechanic": "UsePortal"}, {"timestep": 44, "mechanic": "CollectTreasure"}, {"timestep": 49, "mechanic": "CollectTreasure"}, {"timestep": 52, "mechanic": "CollectTreasure"}, {"timestep": 59, "mechanic": "CollectTreasure"}, {"timestep": 61, "mechanic": "MinitaurHit"}, {"timestep": 62, "mechanic": "CollectTreasure"}, {"timestep": 63, "mechanic": "MinitaurHit"}, {"timestep": 77, "mechanic": "ReachStairs"}], "frequencies": {"CollectTreasure": 9, "OgreTreasure": 1, "MinitaurHit": 9, "TriggerTrap": 2, "BlobHit": 1, "GoblinMeleeHit": 1, "GoblinRangedHit": 3, "CollectPotion": 1, "UsePortal": 1, "ReachStairs": 1}, "levelReport": {"utilityGained": 0.0, "exitUtility": 1.0, "runnerUtility": 0.21999999999999997, "loitererUtility": 78.0, "completionistUtility": 0.9183333333333332, "monsterKillerUtility": 0.825, "treasureCollectorUtility": 0.9299999999999999, "turnsTaken": 78, "health": 2, "healthLost": 10, "alive": true, "javelinsThrown": 0, "monsterKills": 3, "minitaurKnockouts": 5, "treasuresCollected": 9, "potionsTaken": 1, "totalMonsters": 5, "totalTreasures": 10, "totalPotions": 1, "timeTaken": 0.0}, "positions": [{"X": 6, "Y": 3}, {"X": 5, "Y": 3}, {"X": 4, "Y": 3}, {"X": 3, "Y": 3}, {"X": 2, "Y": 3}, {"X": 3, "Y": 3}, {"X": 4, "Y": 3}, {"X": 5, "Y": 3}, {"X": 6, "Y": 3}, {"X": 5, "Y": 3}, {"X": 5, "Y": 2}, {"X": 5, "Y": 1}, {"X": 6, "Y": 1}, {"X": 7, "Y": 1}, {"X": 8, "Y": 1}, {"X": 7, "Y": 1}, {"X": 6, "Y": 1}, {"X": 5, "Y": 1}, {"X": 5, "Y": 2}, {"X": 5, "Y": 3}, {"X": 5, "Y": 4}, {"X": 5, "Y": 5}, {"X": 5, "Y": 4}, {"X": 5, "Y": 3}, {"X": 4, "Y": 3}, {"X": 3, "Y": 3}, {"X": 2, "Y": 3}, {"X": 2, "Y": 4}, {"X": 2, "Y": 5}, {"X": 3, "Y": 5}, {"X": 3, "Y": 6}, {"X": 3, "Y": 7}, {"X": 2, "Y": 7}, {"X": 2, "Y": 6}, {"X": 2, "Y": 5}, {"X": 2, "Y": 6}, {"X": 2, "Y": 7}, {"X": 2, "Y": 8}, {"X": 2, "Y": 9}, {"X": 2, "Y": 10}, {"X": 2, "Y": 11}, {"X": 2, "Y": 12}, {"X": 3, "Y": 12}, {"X": 8, "Y": 11}, {"X": 8, "Y": 12}, {"X": 7, "Y": 12}, {"X": 7, "Y": 11}, {"X": 7, "Y": 12}, {"X": 7, "Y": 13}, {"X": 7, "Y": 14}, {"X": 7, "Y": 15}, {"X": 8, "Y": 15}, {"X": 8, "Y": 16}, {"X": 8, "Y": 15}, {"X": 7, "Y": 15}, {"X": 7, "Y": 14}, {"X": 7, "Y": 13}, {"X": 7, "Y": 12}, {"X": 7, "Y": 11}, {"X": 7, "Y": 10}, {"X": 7, "Y": 9}, {"X": 8, "Y": 9}, {"X": 8, "Y": 8}, {"X": 8, "Y": 9}, {"X": 7, "Y": 9}, {"X": 7, "Y": 10}, {"X": 7, "Y": 11}, {"X": 7, "Y": 12}, {"X": 7, "Y": 13}, {"X": 7, "Y": 14}, {"X": 7, "Y": 15}, {"X": 8, "Y": 15}, {"X": 8, "Y": 16}, {"X": 8, "Y": 17}, {"X": 8, "Y": 18}, {"X": 7, "Y": 18}, {"X": 6, "Y": 18}, {"X": 5, "Y": 18}], "levelStates": ["Health: 10 X: 6 Y: 3\nXXXXXXXXXX\nX m   tTTX\nXXXXX XXXX\nXX T     X\nXX XX XX X\nX   X X oX\nX   X X  X\nX  bX XT X\nXX XX XXTX\nX P X X  X\nXX XX XTXX\nX  TX X TX\nX M X X TX\nX   X X  X\nXX XX XTXX\nX R X X  X\nX   X XXTX\nX XXX X  X\nX    e   X\nXXXXXXXXXX\n", "Health: 10 X: 5 Y: 3\nXXXXXXXXXX\nX  m  tTTX\nXXXXX XXXX\nXX T H   X\nXX XX XX X\nX   X Xo X\nX   X X  X\nX  bX XT X\nXX XX XXTX\nX P X X  X\nXX XX XTXX\nX  TX X TX\nX M X X TX\nX   X X  X\nXX XX XTXX\nX R X X  X\nX   X XXTX\nX XXX X  X\nX    e   X\nXXXXXXXXXX\n", "Health: 10 X: 4 Y: 3\nXXXXXXXXXX\nX   m tTTX\nXXXXX XXXX\nXX TH    X\nXX XX XX X\nX   X X  X\nX   X Xo X\nX  bX XT X\nXX XX XXTX\nX P X X  X\nXX XX XTXX\nX  TX X TX\nX M X X TX\nX   X X  X\nXX XX XTXX\nX R X X  X\nX   X XXTX\nX XXX X  X\nX    e   X\nXXXXXXXXXX\n", "Health: 10 X: 3 Y: 3\nXXXXXXXXXX\nX    mtTTX\nXXXXX XXXX\nXX       X\nXX XX XX X\nX   X X  X\nX   X X  X\nX  bX X  X\nXX XX XXTX\nX P X X  X\nXX XX XTXX\nX  TX X TX\nX M X X TX\nX   X X  X\nXX XX XTXX\nX R X X  X\nX   X XXTX\nX XXX X  X\nX    e   X\nXXXXXXXXXX\n", "Health: 10 X: 2 Y: 3\nXXXXXXXXXX\nX     tTTX\nXXXXXmXXXX\nXXH      X\nXX XX XX X\nX   X X  X\nX  bX X  X\nX   X X  X\nXX XX XXTX\nX P X X  X\nXX XX XTXX\nX MTX X TX\nX   X X TX\nX   X X  X\nXXRXX XTXX\nX   X X  X\nX   X XXTX\nX XXX X  X\nX    e   X\nXXXXXXXXXX\n", "Health: 10 X: 3 Y: 3\nXXXXXXXXXX\nX     tTTX\nXXXXX XXXX\nXX   m   X\nXX XX XX X\nX   X X  X\nX  bX X  X\nX   X X  X\nXX XX XXTX\nX P X X  X\nXX XX XTXX\nX MTX X TX\nX   X X TX\nX   X X  X\nXXRXX XTXX\nX   X X  X\nX   X XXTX\nX XXX X  X\nX    e   X\nXXXXXXXXXX\n", "Health: 9 X: 4 Y: 3\nXXXXXXXXXX\nX     tTTX\nXXXXX XXXX\nXX  Hm   X\nXX XX XX X\nX   X X  X\nX  bX X  X\nX   X X  X\nXX XX XXTX\nX P X X  X\nXX XX XTXX\nX MTX X TX\nX   X X TX\nX   X X  X\nXXRXX XTXX\nX   X X  X\nX   X XXTX\nX XXX X  X\nX    e   X\nXXXXXXXXXX\n", "Health: 9 X: 5 Y: 3\nXXXXXXXXXX\nX     tTTX\nXXXXX XXXX\nXX   m   X\nXX XX XX X\nX   X X  X\nX  bX X  X\nX   X X  X\nXX XX XXTX\nX P X X  X\nXX XX XTXX\nX MTX X TX\nX   X X TX\nX   X X  X\nXXRXX XTXX\nX   X X  X\nX   X XXTX\nX XXX X  X\nX    e   X\nXXXXXXXXXX\n", "Health: 9 X: 6 Y: 3\nXXXXXXXXXX\nX     tTTX\nXXXXX XXXX\nXX   m   X\nXX XX XX X\nX   X X  X\nX  bX X  X\nX   X X  X\nXX XX XXTX\nX P X X  X\nXX XX XTXX\nX MTX X TX\nX   X X TX\nX   X X  X\nXXRXX XTXX\nX   X X  X\nX   X XXTX\nX XXX X  X\nX    e   X\nXXXXXXXXXX\n", "Health: 9 X: 5 Y: 3\nXXXXXXXXXX\nX     tTTX\nXXXXX XXXX\nXX   m   X\nXX XX XX X\nX   X X  X\nX  bX X  X\nX   X X  X\nXX XX XXTX\nX P X X  X\nXX XX XTXX\nX MTX X TX\nX   X X TX\nX   X X  X\nXXRXX XTXX\nX   X X  X\nX   X XXTX\nX XXX X  X\nX    e   X\nXXXXXXXXXX\n", "Health: 9 X: 5 Y: 2\nXXXXXXXXXX\nX     tTTX\nXXXXXHXXXX\nXX   m   X\nXX XX XX X\nX   X X  X\nX  bX X  X\nX   X X  X\nXX XX XXTX\nX P X X  X\nXX XX XTXX\nX MTX X TX\nX   X X TX\nX   X X  X\nXXRXX XTXX\nX   X X  X\nX   X XXTX\nX XXX X  X\nX    e   X\nXXXXXXXXXX\n", "Health: 9 X: 5 Y: 1\nXXXXXXXXXX\nX    HtTTX\nXXXXX XXXX\nXX   m   X\nXX XX XX X\nX   X X  X\nX  bX X  X\nX   X X  X\nXX XX XXTX\nX P X X  X\nXX XX XTXX\nX MTX X TX\nX   X X TX\nX   X X  X\nXXRXX XTXX\nX   X X  X\nX   X XXTX\nX XXX X  X\nX    e   X\nXXXXXXXXXX\n", "Health: 8 X: 6 Y: 1\nXXXXXXXXXX\nX     tTTX\nXXXXXmXXXX\nXX       X\nXX XX XX X\nX   X X  X\nX  bX X  X\nX   X X  X\nXX XX XXTX\nX P X X  X\nXX XX XTXX\nX MTX X TX\nX   X X TX\nX   X X  X\nXXRXX XTXX\nX   X X  X\nX   X XXTX\nX XXX X  X\nX    e   X\nXXXXXXXXXX\n", "Health: 8 X: 7 Y: 1\nXXXXXXXXXX\nX    mt TX\nXXXXX XXXX\nXX       X\nXX XX XX X\nX   X X  X\nX  bX X  X\nX   X X  X\nXX XX XXTX\nX P X X  X\nXX XX XTXX\nX MTX X TX\nX   X X TX\nX   X X  X\nXXRXX XTXX\nX   X X  X\nX   X XXTX\nX XXX X  X\nX    e   X\nXXXXXXXXXX\n", "Health: 8 X: 8 Y: 1\nXXXXXXXXXX\nX     t  X\nXXXXX XXXX\nXX       X\nXX XX XX X\nX   X X  X\nX  bX X  X\nX   X X  X\nXX XX XXTX\nX P X X  X\nXX XX XTXX\nX MTX X TX\nX   X X TX\nX   X X  X\nXXRXX XTXX\nX   X X  X\nX   X XXTX\nX XXX X  X\nX    e   X\nXXXXXXXXXX\n", "Health: 8 X: 7 Y: 1\nXXXXXXXXXX\nX     t  X\nXXXXX XXXX\nXX       X\nXX XX XX X\nX   X X  X\nX  bX X  X\nX   X X  X\nXX XX XXTX\nX P X X  X\nXX XX XTXX\nX MTX X TX\nX   X X TX\nX   X X  X\nXXRXX XTXX\nX   X X  X\nX   X XXTX\nX XXX X  X\nX    e   X\nXXXXXXXXXX\n", "Health: 7 X: 6 Y: 1\nXXXXXXXXXX\nX     t  X\nXXXXX XXXX\nXX       X\nXX XX XX X\nX   X X  X\nX  bX X  X\nX   X X  X\nXX XX XXTX\nX P X X  X\nXX XX XTXX\nX MTX X TX\nX   X X TX\nX   X X  X\nXXRXX XTXX\nX   X X  X\nX   X XXTX\nX XXX X  X\nX    e   X\nXXXXXXXXXX\n", "Health: 7 X: 5 Y: 1\nXXXXXXXXXX\nX    Ht  X\nXXXXX XXXX\nXX       X\nXX XX XX X\nX   X X  X\nX  bX X  X\nX   X X  X\nXX XX XXTX\nX P X X  X\nXX XX XTXX\nX MTX X TX\nX   X X TX\nX   X X  X\nXXRXX XTXX\nX   X X  X\nX   X XXTX\nX XXX X  X\nX    e   X\nXXXXXXXXXX\n", "Health: 7 X: 5 Y: 2\nXXXXXXXXXX\nX     t  X\nXXXXXHXXXX\nXX       X\nXX XX XX X\nX   X X  X\nX  bX X  X\nX   X X  X\nXX XX XXTX\nX P X X  X\nXX XX XTXX\nX MTX X TX\nX   X X TX\nX   X X  X\nXXRXX XTXX\nX   X X  X\nX   X XXTX\nX XXX X  X\nX    e   X\nXXXXXXXXXX\n", "Health: 7 X: 5 Y: 3\nXXXXXXXXXX\nX     t  X\nXXXXX XXXX\nXX   H   X\nXX XX XX X\nX   X X  X\nX  bX X  X\nX   X X  X\nXX XX XXTX\nX P X X  X\nXX XX XTXX\nX MTX X TX\nX   X X TX\nX   X X  X\nXXRXX XTXX\nX   X X  X\nX   X XXTX\nX XXX X  X\nX    e   X\nXXXXXXXXXX\n", "Health: 7 X: 5 Y: 4\nXXXXXXXXXX\nX    mt  X\nXXXXX XXXX\nXX       X\nXX XXHXX X\nX   X X  X\nX  bX X  X\nX   X X  X\nXX XX XXTX\nX P X X  X\nXX XX XTXX\nX MTX X TX\nX   X X TX\nX   X X  X\nXXRXX XTXX\nX   X X  X\nX   X XXTX\nX XXX X  X\nX    e   X\nXXXXXXXXXX\n", "Health: 7 X: 5 Y: 5\nXXXXXXXXXX\nX     t  X\nXXXXXmXXXX\nXX       X\nXX XX XX X\nX   XHX  X\nX  bX X  X\nX   X X  X\nXX XX XXTX\nX P X X  X\nXX XX XTXX\nX MTX X TX\nX   X X TX\nX   X X  X\nXXRXX XTXX\nX   X X  X\nX   X XXTX\nX XXX X  X\nX    e   X\nXXXXXXXXXX\n", "Health: 7 X: 5 Y: 4\nXXXXXXXXXX\nX     t  X\nXXXXX XXXX\nXX   m   X\nXX XXHXX X\nX   X X  X\nX  bX X  X\nX   X X  X\nXX XX XXTX\nX P X X  X\nXX XX XTXX\nX MTX X TX\nX   X X TX\nX   X X  X\nXXRXX XTXX\nX   X X  X\nX   X XXTX\nX XXX X  X\nX    e   X\nXXXXXXXXXX\n", "Health: 6 X: 5 Y: 3\nXXXXXXXXXX\nX     t  X\nXXXXX XXXX\nXX   m   X\nXX XX XX X\nX   X X  X\nX  bX X  X\nX   X X  X\nXX XX XXTX\nX P X X  X\nXX XX XTXX\nX MTX X TX\nX   X X TX\nX   X X  X\nXXRXX XTXX\nX   X X  X\nX   X XXTX\nX XXX X  X\nX    e   X\nXXXXXXXXXX\n", "Health: 6 X: 4 Y: 3\nXXXXXXXXXX\nX     t  X\nXXXXX XXXX\nXX  Hm   X\nXX XX XX X\nX   X X  X\nX  bX X  X\nX   X X  X\nXX XX XXTX\nX P X X  X\nXX XX XTXX\nX MTX X TX\nX   X X TX\nX   X X  X\nXXRXX XTXX\nX   X X  X\nX   X XXTX\nX XXX X  X\nX    e   X\nXXXXXXXXXX\n", "Health: 6 X: 3 Y: 3\nXXXXXXXXXX\nX     t  X\nXXXXX XXXX\nXX   m   X\nXX XX XX X\nX   X X  X\nX  bX X  X\nX   X X  X\nXX XX XXTX\nX P X X  X\nXX XX XTXX\nX MTX X TX\nX   X X TX\nX   X X  X\nXXRXX XTXX\nX   X X  X\nX   X XXTX\nX XXX X  X\nX    e   X\nXXXXXXXXXX\n", "Health: 6 X: 2 Y: 3\nXXXXXXXXXX\nX     t  X\nXXXXX XXXX\nXXH  m   X\nXX XX XX X\nX   X X  X\nX  bX X  X\nX   X X  X\nXX XX XXTX\nX P X X  X\nXXMXX XTXX\nX  TX X TX\nX   X X TX\nX R X X  X\nXX XX XTXX\nX   X X  X\nX   X XXTX\nX XXX X  X\nX    e   X\nXXXXXXXXXX\n", "Health: 6 X: 2 Y: 4\nXXXXXXXXXX\nX     t  X\nXXXXX XXXX\nXX   m   X\nXXHXX XX X\nX  bX X  X\nX   X X  X\nX   X X  X\nXX XX XXTX\nX M X X  X\nXX XX XTXX\nX  TX X TX\nX R X X TX\nX   X X  X\nXX XX XTXX\nX   X X  X\nX   X XXTX\nX XXX X  X\nX    e   X\nXXXXXXXXXX\n", "Health: 5 X: 2 Y: 5\nXXXXXXXXXX\nX     t  X\nXXXXX XXXX\nXX  m    X\nXX XX XX X\nX H\u221eX X  X\nX   X X  X\nX   X X  X\nXXMXX XXTX\nX P X X  X\nXX XX XTXX\nX RTX X TX\nX   X X TX\nX   X X  X\nXX XX XTXX\nX   X X  X\nX   X XXTX\nX XXX X  X\nX    e   X\nXXXXXXXXXX\n", "Health: 5 X: 3 Y: 5\nXXXXXXXXXX\nX     t  X\nXXXXX XXXX\nXX       X\nXX XX XX X\nX  \u221eX X  X\nX   X X  X\nX M X X  X\nXX XX XXTX\nX P X X  X\nXX XX XTXX\nX RTX X TX\nX   X X TX\nX   X X  X\nXX XX XTXX\nX   X X  X\nX   X XXTX\nX XXX X  X\nX    e   X\nXXXXXXXXXX\n", "Health: 5 X: 3 Y: 6\nXXXXXXXXXX\nX     t  X\nXXXXX XXXX\nXXm      X\nXX XX XX X\nX  \u221eX X  X\nX MHX X  X\nX   X X  X\nXX XX XXTX\nX P X X  X\nXX XX XTXX\nX RTX X TX\nX   X X TX\nX   X X  X\nXX XX XTXX\nX   X X  X\nX   X XXTX\nX XXX X  X\nX    e   X\nXXXXXXXXXX\n", "Health: 5 X: 3 Y: 7\nXXXXXXXXXX\nX     t  X\nXXXXX XXXX\nXX       X\nXXmXX XX X\nX  \u221eX X  X\nX  MX X  X\nX  HX X  X\nXX XX XXTX\nX P X X  X\nXX XX XTXX\nX RTX X TX\nX   X X TX\nX   X X  X\nXX XX XTXX\nX   X X  X\nX   X XXTX\nX XXX X  X\nX    e   X\nXXXXXXXXXX\n", "Health: 5 X: 2 Y: 7\nXXXXXXXXXX\nX     t  X\nXXXXX XXXX\nXX       X\nXX XX XX X\nX m\u221eX X  X\nX M X X  X\nX H X X  X\nXX XX XXTX\nX P X X  X\nXXRXX XTXX\nX  TX X TX\nX   X X TX\nX   X X  X\nXX XX XTXX\nX   X X  X\nX   X XXTX\nX XXX X  X\nX    e   X\nXXXXXXXXXX\n", "Health: 3 X: 2 Y: 6\nXXXXXXXXXX\nX     t  X\nXXXXX XXXX\nXX       X\nXX XX XX X\nX m\u221eX X  X\nX \u221e X X  X\nX   X X  X\nXX XX XXTX\nX R X X  X\nXX XX XTXX\nX  TX X TX\nX   X X TX\nX   X X  X\nXX XX XTXX\nX   X X  X\nX   X XXTX\nX XXX X  X\nX    e   X\nXXXXXXXXXX\n", "Health: 3 X: 2 Y: 5\nXXXXXXXXXX\nX     t  X\nXXXXX XXXX\nXX       X\nXX XX XX X\nX m\u221eX X  X\nX \u221e X X  X\nX   X X  X\nXXRXX XXTX\nX P X X  X\nXX XX XTXX\nX  TX X TX\nX   X X TX\nX   X X  X\nXX XX XTXX\nX   X X  X\nX   X XXTX\nX XXX X  X\nX    e   X\nXXXXXXXXXX\n", "Health: 2 X: 2 Y: 6\nXXXXXXXXXX\nX     t  X\nXXXXX XXXX\nXX       X\nXX XX XX X\nX m\u221eX X  X\nX \u221e X X  X\nX   X X  X\nXXRXX XXTX\nX P X X  X\nXX XX XTXX\nX  TX X TX\nX   X X TX\nX   X X  X\nXX XX XTXX\nX   X X  X\nX   X XXTX\nX XXX X  X\nX    e   X\nXXXXXXXXXX\n", "Health: 1 X: 2 Y: 7\nXXXXXXXXXX\nX     t  X\nXXXXX XXXX\nXX       X\nXX XX XX X\nX m\u221eX X  X\nX \u221e X X  X\nX H X X  X\nXXRXX XXTX\nX P X X  X\nXX XX XTXX\nX  TX X TX\nX   X X TX\nX   X X  X\nXX XX XTXX\nX   X X  X\nX   X XXTX\nX XXX X  X\nX    e   X\nXXXXXXXXXX\n", "Health: 1 X: 2 Y: 8\nXXXXXXXXXX\nX     t  X\nXXXXX XXXX\nXX       X\nXX XX XX X\nX m\u221eX X  X\nX \u221e X X  X\nX   X X  X\nXX\u221eXX XXTX\nX P X X  X\nXX XX XTXX\nX  TX X TX\nX   X X TX\nX   X X  X\nXX XX XTXX\nX   X X  X\nX   X XXTX\nX XXX X  X\nX    e   X\nXXXXXXXXXX\n", "Health: 3 X: 2 Y: 9\nXXXXXXXXXX\nX     t  X\nXXXXX XXXX\nXX       X\nXX XX XX X\nX m\u221eX X  X\nX \u221e X X  X\nX   X X  X\nXX\u221eXX XXTX\nX   X X  X\nXX XX XTXX\nX  TX X TX\nX   X X TX\nX   X X  X\nXX XX XTXX\nX   X X  X\nX   X XXTX\nX XXX X  X\nX    e   X\nXXXXXXXXXX\n", "Health: 3 X: 2 Y: 10\nXXXXXXXXXX\nX     t  X\nXXXXX XXXX\nXX       X\nXX XX XX X\nX  \u221eX X  X\nX \u221e X X  X\nX   X X  X\nXX\u221eXX XXTX\nX   X X  X\nXXHXX XTXX\nX  TX X TX\nX   X X TX\nX   X X  X\nXX XX XTXX\nX   X X  X\nX   X XXTX\nX XXX X  X\nX    e   X\nXXXXXXXXXX\n", "Health: 3 X: 2 Y: 11\nXXXXXXXXXX\nX     t  X\nXXXXX XXXX\nXX       X\nXX XX XX X\nX  \u221eX X  X\nX \u221e X X  X\nX m X X  X\nXX\u221eXX XXTX\nX   X X  X\nXX XX XTXX\nX HTX X TX\nX   X X TX\nX   X X  X\nXX XX XTXX\nX   X X  X\nX   X XXTX\nX XXX X  X\nX    e   X\nXXXXXXXXXX\n", "Health: 3 X: 2 Y: 12\nXXXXXXXXXX\nX     t  X\nXXXXX XXXX\nXX       X\nXX XX XX X\nX  \u221eX X  X\nX \u221e X X  X\nX   X X  X\nXX\u221eXX XXTX\nX   X X  X\nXX XX XTXX\nX  TX X TX\nX H X X TX\nX   X X  X\nXX XX XTXX\nX   X X  X\nX   X XXTX\nX XXX X  X\nX    e   X\nXXXXXXXXXX\n", "Health: 3 X: 3 Y: 12\nXXXXXXXXXX\nX     t  X\nXXXXX XXXX\nXX       X\nXX XX XX X\nX  \u221eX X  X\nX \u221e X X  X\nX   X X  X\nXX\u221eXX XXTX\nX   X X  X\nXX XX XTXX\nX  TX X TX\nX  HX X TX\nX   X X  X\nXX XX XTXX\nX   X X  X\nX   X XXTX\nX XXX X  X\nX    e   X\nXXXXXXXXXX\n", "Health: 3 X: 8 Y: 11\nXXXXXXXXXX\nX     t  X\nXXXXX XXXX\nXX       X\nXX XX XX X\nX  \u221eX X  X\nX \u221e X X  X\nX   X X  X\nXX\u221eXX XXTX\nX   X X  X\nXX XX XTXX\nX  TX X TX\nX   X X TX\nX   X X  X\nXX XX XTXX\nX   X X  X\nX   X XXTX\nX XXX X  X\nX    e   X\nXXXXXXXXXX\n", "Health: 3 X: 8 Y: 12\nXXXXXXXXXX\nX     t  X\nXXXXX XXXX\nXX       X\nXX XX XX X\nX  \u221eX X  X\nX \u221e X X  X\nX m X X  X\nXX\u221eXX XXTX\nX   X X  X\nXX XX XTXX\nX  TX X TX\nX   X X  X\nX   X X  X\nXX XX XTXX\nX   X X  X\nX   X XXTX\nX XXX X  X\nX    e   X\nXXXXXXXXXX\n", "Health: 3 X: 7 Y: 12\nXXXXXXXXXX\nX     t  X\nXXXXX XXXX\nXX       X\nXX XX XX X\nX  \u221eX X  X\nX \u221e X X  X\nX   X X  X\nXX\u221eXX XXTX\nX   X X  X\nXX XX XTXX\nX  TX X TX\nX   X XH X\nX   X X  X\nXX XX XTXX\nX   X X  X\nX   X XXTX\nX XXX X  X\nX    e   X\nXXXXXXXXXX\n", "Health: 3 X: 7 Y: 11\nXXXXXXXXXX\nX     t  X\nXXXXX XXXX\nXX       X\nXX XX XX X\nX m\u221eX X  X\nX \u221e X X  X\nX   X X  X\nXX\u221eXX XXTX\nX   X X  X\nXX XX XTXX\nX  TX XHTX\nX   X X  X\nX   X X  X\nXX XX XTXX\nX   X X  X\nX   X XXTX\nX XXX X  X\nX    e   X\nXXXXXXXXXX\n", "Health: 3 X: 7 Y: 12\nXXXXXXXXXX\nX     t  X\nXXXXX XXXX\nXX       X\nXXmXX XX X\nX  \u221eX X  X\nX \u221e X X  X\nX   X X  X\nXX\u221eXX XXTX\nX   X X  X\nXX XX XTXX\nX  TX X TX\nX   X XH X\nX   X X  X\nXX XX XTXX\nX   X X  X\nX   X XXTX\nX XXX X  X\nX    e   X\nXXXXXXXXXX\n", "Health: 3 X: 7 Y: 13\nXXXXXXXXXX\nX     t  X\nXXXXX XXXX\nXXm      X\nXX XX XX X\nX  \u221eX X  X\nX \u221e X X  X\nX   X X  X\nXX\u221eXX XXTX\nX   X X  X\nXX XX XTXX\nX  TX X TX\nX   X X  X\nX   X XH X\nXX XX XTXX\nX   X X  X\nX   X XXTX\nX XXX X  X\nX    e   X\nXXXXXXXXXX\n", "Health: 3 X: 7 Y: 14\nXXXXXXXXXX\nX     t  X\nXXXXX XXXX\nXX       X\nXX XX XX X\nX  \u221eX X  X\nX \u221e X X  X\nX   X X  X\nXX\u221eXX XXTX\nX   X X  X\nXX XX XTXX\nX  TX X TX\nX   X X  X\nX   X X  X\nXX XX X XX\nX   X X  X\nX   X XXTX\nX XXX X  X\nX    e   X\nXXXXXXXXXX\n", "Health: 3 X: 7 Y: 15\nXXXXXXXXXX\nX     t  X\nXXXXX XXXX\nXX  m    X\nXX XX XX X\nX  \u221eX X  X\nX \u221e X X  X\nX   X X  X\nXX\u221eXX XXTX\nX   X X  X\nXX XX XTXX\nX  TX X TX\nX   X X  X\nX   X X  X\nXX XX X XX\nX   X XH X\nX   X XXTX\nX XXX X  X\nX    e   X\nXXXXXXXXXX\n", "Health: 3 X: 8 Y: 15\nXXXXXXXXXX\nX     t  X\nXXXXX XXXX\nXX   m   X\nXX XX XX X\nX  \u221eX X  X\nX \u221e X X  X\nX   X X  X\nXX\u221eXX XXTX\nX   X X  X\nXX XX XTXX\nX  TX X TX\nX   X X  X\nX   X X  X\nXX XX X XX\nX   X X HX\nX   X XXTX\nX XXX X  X\nX    e   X\nXXXXXXXXXX\n", "Health: 3 X: 8 Y: 16\nXXXXXXXXXX\nX     t  X\nXXXXX XXXX\nXX       X\nXX XX XX X\nX  \u221eX X  X\nX \u221e X X  X\nX   X X  X\nXX\u221eXX XXTX\nX   X X  X\nXX XX XTXX\nX  TX X TX\nX   X X  X\nX   X X  X\nXX XX X XX\nX   X X  X\nX   X XX X\nX XXX X  X\nX    e   X\nXXXXXXXXXX\n", "Health: 3 X: 8 Y: 15\nXXXXXXXXXX\nX     t  X\nXXXXX XXXX\nXX     m X\nXX XX XX X\nX  \u221eX X  X\nX \u221e X X  X\nX   X X  X\nXX\u221eXX XXTX\nX   X X  X\nXX XX XTXX\nX  TX X TX\nX   X X  X\nX   X X  X\nXX XX X XX\nX   X X HX\nX   X XX X\nX XXX X  X\nX    e   X\nXXXXXXXXXX\n", "Health: 3 X: 7 Y: 15\nXXXXXXXXXX\nX     t  X\nXXXXX XXXX\nXX      mX\nXX XX XX X\nX  \u221eX X  X\nX \u221e X X  X\nX   X X  X\nXX\u221eXX XXTX\nX   X X  X\nXX XX XTXX\nX  TX X TX\nX   X X  X\nX   X X  X\nXX XX X XX\nX   X XH X\nX   X XX X\nX XXX X  X\nX    e   X\nXXXXXXXXXX\n", "Health: 3 X: 7 Y: 14\nXXXXXXXXXX\nX     t  X\nXXXXX XXXX\nXX       X\nXX XX XXmX\nX  \u221eX X  X\nX \u221e X X  X\nX   X X  X\nXX\u221eXX XXTX\nX   X X  X\nXX XX XTXX\nX  TX X TX\nX   X X  X\nX   X X  X\nXX XX X XX\nX   X X  X\nX   X XX X\nX XXX X  X\nX    e   X\nXXXXXXXXXX\n", "Health: 3 X: 7 Y: 13\nXXXXXXXXXX\nX     t  X\nXXXXX XXXX\nXX       X\nXX XX XX X\nX  \u221eX X mX\nX \u221e X X  X\nX   X X  X\nXX\u221eXX XXTX\nX   X X  X\nXX XX XTXX\nX  TX X TX\nX   X X  X\nX   X XH X\nXX XX X XX\nX   X X  X\nX   X XX X\nX XXX X  X\nX    e   X\nXXXXXXXXXX\n", "Health: 3 X: 7 Y: 12\nXXXXXXXXXX\nX     t  X\nXXXXX XXXX\nXX       X\nXX XX XX X\nX  \u221eX X  X\nX \u221e X X mX\nX   X X  X\nXX\u221eXX XXTX\nX   X X  X\nXX XX XTXX\nX  TX X TX\nX   X XH X\nX   X X  X\nXX XX X XX\nX   X X  X\nX   X XX X\nX XXX X  X\nX    e   X\nXXXXXXXXXX\n", "Health: 3 X: 7 Y: 11\nXXXXXXXXXX\nX     t  X\nXXXXX XXXX\nXX       X\nXX XX XX X\nX  \u221eX X  X\nX \u221e X X  X\nX   X X mX\nXX\u221eXX XXTX\nX   X X  X\nXX XX XTXX\nX  TX XHTX\nX   X X  X\nX   X X  X\nXX XX X XX\nX   X X  X\nX   X XX X\nX XXX X  X\nX    e   X\nXXXXXXXXXX\n", "Health: 3 X: 7 Y: 10\nXXXXXXXXXX\nX     t  X\nXXXXX XXXX\nXX       X\nXX XX XX X\nX  \u221eX X  X\nX \u221e X X  X\nX   X X  X\nXX\u221eXX XXTX\nX   X X  X\nXX XX X XX\nX  TX X TX\nX   X X  X\nX   X X  X\nXX XX X XX\nX   X X  X\nX   X XX X\nX XXX X  X\nX    e   X\nXXXXXXXXXX\n", "Health: 3 X: 7 Y: 9\nXXXXXXXXXX\nX     t  X\nXXXXX XXXX\nXX       X\nXX XX XX X\nX  \u221eX X  X\nX \u221e X X  X\nX   X X  X\nXX\u221eXX XXTX\nX   X XHmX\nXX XX X XX\nX  TX X TX\nX   X X  X\nX   X X  X\nXX XX X XX\nX   X X  X\nX   X XX X\nX XXX X  X\nX    e   X\nXXXXXXXXXX\n", "Health: 2 X: 8 Y: 9\nXXXXXXXXXX\nX     t  X\nXXXXX XXXX\nXX       X\nXX XX XX X\nX  \u221eX X  X\nX \u221e X X  X\nX   X X  X\nXX\u221eXX XXTX\nX   X X mX\nXX XX X XX\nX  TX X TX\nX   X X  X\nX   X X  X\nXX XX X XX\nX   X X  X\nX   X XX X\nX XXX X  X\nX    e   X\nXXXXXXXXXX\n", "Health: 2 X: 8 Y: 8\nXXXXXXXXXX\nX     t  X\nXXXXX XXXX\nXX       X\nXX XX XX X\nX  \u221eX X  X\nX \u221e X X  X\nX   X X  X\nXX\u221eXX XX X\nX   X X mX\nXX XX X XX\nX  TX X TX\nX   X X  X\nX   X X  X\nXX XX X XX\nX   X X  X\nX   X XX X\nX XXX X  X\nX    e   X\nXXXXXXXXXX\n", "Health: 2 X: 8 Y: 9\nXXXXXXXXXX\nX     t  X\nXXXXX XXXX\nXX       X\nXX XX XX X\nX  \u221eX X  X\nX \u221e X X  X\nX   X X  X\nXX\u221eXX XX X\nX   X X mX\nXX XX X XX\nX  TX X TX\nX   X X  X\nX   X X  X\nXX XX X XX\nX   X X  X\nX   X XX X\nX XXX X  X\nX    e   X\nXXXXXXXXXX\n", "Health: 2 X: 7 Y: 9\nXXXXXXXXXX\nX     t  X\nXXXXX XXXX\nXX       X\nXX XX XX X\nX  \u221eX X  X\nX \u221e X X  X\nX   X X  X\nXX\u221eXX XX X\nX   X XHmX\nXX XX X XX\nX  TX X TX\nX   X X  X\nX   X X  X\nXX XX X XX\nX   X X  X\nX   X XX X\nX XXX X  X\nX    e   X\nXXXXXXXXXX\n", "Health: 2 X: 7 Y: 10\nXXXXXXXXXX\nX     t  X\nXXXXX XXXX\nXX       X\nXX XX XX X\nX  \u221eX X  X\nX \u221e X X  X\nX   X X  X\nXX\u221eXX XX X\nX   X X mX\nXX XX X XX\nX  TX X TX\nX   X X  X\nX   X X  X\nXX XX X XX\nX   X X  X\nX   X XX X\nX XXX X  X\nX    e   X\nXXXXXXXXXX\n", "Health: 2 X: 7 Y: 11\nXXXXXXXXXX\nX     t  X\nXXXXX XXXX\nXX       X\nXX XX XX X\nX  \u221eX X  X\nX \u221e X X  X\nX   X X  X\nXX\u221eXX XX X\nX   X Xm X\nXX XX X XX\nX  TX XHTX\nX   X X  X\nX   X X  X\nXX XX X XX\nX   X X  X\nX   X XX X\nX XXX X  X\nX    e   X\nXXXXXXXXXX\n", "Health: 2 X: 7 Y: 12\nXXXXXXXXXX\nX     t  X\nXXXXX XXXX\nXX       X\nXX XX XX X\nX  \u221eX X  X\nX \u221e X X  X\nX   X X  X\nXX\u221eXX XX X\nX   X X  X\nXX XX X XX\nX  TX X TX\nX   X XH X\nX   X X  X\nXX XX X XX\nX   X X  X\nX   X XX X\nX XXX X  X\nX    e   X\nXXXXXXXXXX\n", "Health: 2 X: 7 Y: 13\nXXXXXXXXXX\nX     t  X\nXXXXX XXXX\nXX       X\nXX XX XX X\nX  \u221eX X  X\nX \u221e X X  X\nX   X X  X\nXX\u221eXX XX X\nX   X X  X\nXX XX X XX\nX  TX XmTX\nX   X X  X\nX   X XH X\nXX XX X XX\nX   X X  X\nX   X XX X\nX XXX X  X\nX    e   X\nXXXXXXXXXX\n", "Health: 2 X: 7 Y: 14\nXXXXXXXXXX\nX     t  X\nXXXXX XXXX\nXX       X\nXX XX XX X\nX  \u221eX X  X\nX \u221e X X  X\nX   X X  X\nXX\u221eXX XX X\nX   X X  X\nXX XX X XX\nX  TX X TX\nX   X Xm X\nX   X X  X\nXX XX X XX\nX   X X  X\nX   X XX X\nX XXX X  X\nX    e   X\nXXXXXXXXXX\n", "Health: 2 X: 7 Y: 15\nXXXXXXXXXX\nX     t  X\nXXXXX XXXX\nXX       X\nXX XX XX X\nX  \u221eX X  X\nX \u221e X X  X\nX   X X  X\nXX\u221eXX XX X\nX   X X  X\nXX XX X XX\nX  TX X TX\nX   X X  X\nX   X Xm X\nXX XX X XX\nX   X XH X\nX   X XX X\nX XXX X  X\nX    e   X\nXXXXXXXXXX\n", "Health: 2 X: 8 Y: 15\nXXXXXXXXXX\nX     t  X\nXXXXX XXXX\nXX       X\nXX XX XX X\nX  \u221eX X  X\nX \u221e X X  X\nX   X X  X\nXX\u221eXX XX X\nX   X X  X\nXX XX X XX\nX  TX X TX\nX   X X  X\nX   X X  X\nXX XX X XX\nX   X X HX\nX   X XX X\nX XXX X  X\nX    e   X\nXXXXXXXXXX\n", "Health: 2 X: 8 Y: 16\nXXXXXXXXXX\nX     t  X\nXXXXX XXXX\nXX       X\nXX XX XX X\nX  \u221eX X  X\nX \u221e X X  X\nX   X X  X\nXX\u221eXX XX X\nX   X X  X\nXX XX X XX\nX  TX X TX\nX   X X  X\nX   X X  X\nXX XX X XX\nX   X Xm X\nX   X XX X\nX XXX X  X\nX    e   X\nXXXXXXXXXX\n", "Health: 2 X: 8 Y: 17\nXXXXXXXXXX\nX     t  X\nXXXXX XXXX\nXX       X\nXX XX XX X\nX  \u221eX X  X\nX \u221e X X  X\nX   X X  X\nXX\u221eXX XX X\nX   X X  X\nXX XX X XX\nX  TX X TX\nX   X X  X\nX   X X  X\nXX XX X XX\nX   X X mX\nX   X XX X\nX XXX X HX\nX    e   X\nXXXXXXXXXX\n", "Health: 2 X: 8 Y: 18\nXXXXXXXXXX\nX     t  X\nXXXXX XXXX\nXX       X\nXX XX XX X\nX  \u221eX X  X\nX \u221e X X  X\nX   X X  X\nXX\u221eXX XX X\nX   X X  X\nXX XX X XX\nX  TX X TX\nX   X X  X\nX   X X  X\nXX XX X XX\nX   X X  X\nX   X XX X\nX XXX X  X\nX    e  HX\nXXXXXXXXXX\n", "Health: 2 X: 7 Y: 18\nXXXXXXXXXX\nX     t  X\nXXXXX XXXX\nXX       X\nXX XX XX X\nX  \u221eX X  X\nX \u221e X X  X\nX   X X  X\nXX\u221eXX XX X\nX   X X  X\nXX XX X XX\nX  TX X TX\nX   X X  X\nX   X X  X\nXX XX X XX\nX   X X  X\nX   X XX X\nX XXX X mX\nX    e H X\nXXXXXXXXXX\n", "Health: 2 X: 6 Y: 18\nXXXXXXXXXX\nX     t  X\nXXXXX XXXX\nXX       X\nXX XX XX X\nX  \u221eX X  X\nX \u221e X X  X\nX   X X  X\nXX\u221eXX XX X\nX   X X  X\nXX XX X XX\nX  TX X TX\nX   X X  X\nX   X X  X\nXX XX X XX\nX   X X  X\nX   X XX X\nX XXX Xm X\nX    eH  X\nXXXXXXXXXX\n", "Health: 2 X: 5 Y: 18\nXXXXXXXXXX\nX     t  X\nXXXXX XXXX\nXX       X\nXX XX XX X\nX  \u221eX X  X\nX \u221e X X  X\nX   X X  X\nXX\u221eXX XX X\nX   X X  X\nXX XX X XX\nX  TX X TX\nX   X X  X\nX   X X  X\nXX XX X XX\nX   X X  X\nX   X XX X\nX XXX X  X\nX    e m X\nXXXXXXXXXX\n"], "map_number": 100}], "timestamp": "11-Aug-2021 00:01:52.667127", "ip": "65.24.102.154"}