{"Q1": "A few times a week", "Q2": "Often", "Q3": "Often", "Q4": "Always", "Q5": "Often", "Q6": "Often", "Q7": "Always", "Q8": "Often", "Q9": "Always", "Q10": "Often", "results": [{"mechanics": [{"timestep": 1, "mechanic": "JavelinThrow"}, {"timestep": 2, "mechanic": "BlobPotion"}, {"timestep": 2, "mechanic": "BlobPotion"}, {"timestep": 3, "mechanic": "OgreHit"}, {"timestep": 4, "mechanic": "BlobPotion"}, {"timestep": 10, "mechanic": "CollectPotion"}, {"timestep": 13, "mechanic": "CollectTreasure"}, {"timestep": 17, "mechanic": "BlobHit"}, {"timestep": 31, "mechanic": "ReachStairs"}], "frequencies": {"JavelinThrow": 1, "BlobPotion": 3, "OgreHit": 1, "CollectPotion": 1, "CollectTreasure": 1, "BlobHit": 1, "ReachStairs": 1}, "levelReport": {"utilityGained": 0.0, "exitUtility": 1.0, "runnerUtility": 0.6799999999999999, "loitererUtility": 32.0, "completionistUtility": 0.4905555555555555, "monsterKillerUtility": 0.58, "treasureCollectorUtility": 0.41666666666666663, "turnsTaken": 32, "health": 8, "healthLost": 4, "alive": true, "javelinsThrown": 1, "monsterKills": 2, "minitaurKnockouts": 1, "treasuresCollected": 1, "potionsTaken": 1, "totalMonsters": 6, "totalTreasures": 6, "totalPotions": 4, "timeTaken": 0.0}, "positions": [{"X": 5, "Y": 10}, {"X": 5, "Y": 10}, {"X": 6, "Y": 10}, {"X": 6, "Y": 9}, {"X": 6, "Y": 8}, {"X": 6, "Y": 7}, {"X": 5, "Y": 7}, {"X": 5, "Y": 6}, {"X": 4, "Y": 6}, {"X": 3, "Y": 6}, {"X": 2, "Y": 6}, {"X": 1, "Y": 6}, {"X": 1, "Y": 7}, {"X": 1, "Y": 8}, {"X": 2, "Y": 8}, {"X": 3, "Y": 8}, {"X": 3, "Y": 9}, {"X": 4, "Y": 9}, {"X": 5, "Y": 9}, {"X": 6, "Y": 9}, {"X": 6, "Y": 8}, {"X": 6, "Y": 7}, {"X": 6, "Y": 8}, {"X": 6, "Y": 7}, {"X": 6, "Y": 6}, {"X": 6, "Y": 5}, {"X": 6, "Y": 4}, {"X": 6, "Y": 3}, {"X": 6, "Y": 2}, {"X": 5, "Y": 2}, {"X": 4, "Y": 2}, {"X": 4, "Y": 1}], "levelStates": ["Health: 10 X: 5 Y: 10\nXXXXXXXXXX\nXMX e X TX\nX        X\nX   X   XX\nX   T    X\nXX  XX   X\nX P     bX\nX X X  X X\nXT       X\nX     o  X\nX  X H XPX\nX        X\nXX      XX\nX        X\nXb      bX\nX X T  X X\nXP   m  PX\nX        X\nXT TXT TXX\nXXXXXXXXXX\n", "Health: 10 X: 5 Y: 10\nXXXXXXXXXX\nXMX e X TX\nX        X\nX   X   XX\nX   T    X\nXX  XX   X\nX P      X\nX X X  XbX\nXT       X\nX    o   X\nX  X H XPX\nX        X\nXX      XX\nX        X\nX        X\nXbX Tm XbX\nXP      PX\nX        X\nXT TXT TXX\nXXXXXXXXXX\n", "Health: 10 X: 6 Y: 10\nXXXXXXXXXX\nXMX e X TX\nX        X\nX   X   XX\nX   T    X\nXX  XX   X\nX P      X\nX X X  X X\nXT      bX\nX     o  X\nX  X  HXPX\nX        X\nXX      XX\nX        X\nX    m   X\nX X T  X X\nX        X\nX        X\nXT TXT TXX\nXXXXXXXXXX\n", "Health: 8 X: 6 Y: 9\nXXXXXXXXXX\nXMX e X TX\nX        X\nX   X   XX\nX   T    X\nXX  XX   X\nX P      X\nX X X  X X\nXT       X\nX     \u221e bX\nX  X   XPX\nX        X\nXX      XX\nX    m   X\nX        X\nX X T  XbX\nX        X\nX        X\nXT TXT TXX\nXXXXXXXXXX\n", "Health: 8 X: 6 Y: 8\nXXXXXXXXXX\nXMX e X TX\nX        X\nX   X   XX\nX   T    X\nXX  XX   X\nX P      X\nX X X  X X\nXT    H  X\nX     \u221e  X\nX  X   X X\nX        X\nXX   m  XX\nX        X\nX        X\nX X T  XbX\nX        X\nX        X\nXT TXT TXX\nXXXXXXXXXX\n", "Health: 8 X: 6 Y: 7\nXXXXXXXXXX\nXMX e X TX\nX        X\nX   X   XX\nX   T    X\nXX  XX   X\nX P      X\nX X X HX X\nXT       X\nX     \u221e bX\nX  X   X X\nX    m   X\nXX      XX\nX        X\nX        X\nX X T  XbX\nX        X\nX        X\nXT TXT TXX\nXXXXXXXXXX\n", "Health: 8 X: 5 Y: 7\nXXXXXXXXXX\nXMX e X TX\nX        X\nX   X   XX\nX   T    X\nXX  XX   X\nX P      X\nX X XH X X\nXT      bX\nX     \u221e  X\nX  X m X X\nX        X\nXX      XX\nX        X\nX       bX\nX X T  X X\nX        X\nX        X\nXT TXT TXX\nXXXXXXXXXX\n", "Health: 8 X: 5 Y: 6\nXXXXXXXXXX\nXMX e X TX\nX        X\nX   X   XX\nX   T    X\nXX  XX   X\nX P  H   X\nX X X  X X\nXT      bX\nX    m\u221e  X\nX  X   X X\nX        X\nXX      XX\nX        X\nX       bX\nX X T  X X\nX        X\nX        X\nXT TXT TXX\nXXXXXXXXXX\n", "Health: 8 X: 4 Y: 6\nXXXXXXXXXX\nXMX e X TX\nX        X\nX   X   XX\nX   T    X\nXX  XX   X\nX P H    X\nX X X  X X\nXT   m  bX\nX     \u221e  X\nX  X   X X\nX        X\nXX      XX\nX        X\nX       bX\nX X T  X X\nX        X\nX        X\nXT TXT TXX\nXXXXXXXXXX\n", "Health: 8 X: 3 Y: 6\nXXXXXXXXXX\nX X e X TX\nXM       X\nX   X   XX\nX   T    X\nXX  XX   X\nX PH     X\nX X Xm X X\nXT      bX\nX     \u221e  X\nX  X   X X\nX        X\nXX      XX\nX        X\nX       bX\nXbX T  X X\nX        X\nX        X\nXT TXT TXX\nXXXXXXXXXX\n", "Health: 10 X: 2 Y: 6\nXXXXXXXXXX\nX X e X TX\nX M      X\nX   X   XX\nX   T    X\nXX  XX   X\nX    m   X\nX X X  X X\nXT      bX\nX     \u221e  X\nX  X   X X\nX        X\nXX      XX\nX        X\nX       bX\nXbX T  X X\nX        X\nX        X\nXT TXT TXX\nXXXXXXXXXX\n", "Health: 10 X: 1 Y: 6\nXXXXXXXXXX\nX X e X TX\nX M      X\nX   X   XX\nX   T    X\nXX  XX   X\nXH  m    X\nX X X  X X\nXT      bX\nX     \u221e  X\nX  X   X X\nX        X\nXX      XX\nX        X\nX       bX\nXbX T  X X\nX        X\nX        X\nXT TXT TXX\nXXXXXXXXXX\n", "Health: 10 X: 1 Y: 7\nXXXXXXXXXX\nX X e X TX\nX M      X\nX   X   XX\nX   T    X\nXX  XX   X\nX  m     X\nXHX X  X X\nXT      bX\nX     \u221e  X\nX  X   X X\nX        X\nXX      XX\nX        X\nX       bX\nXbX T  X X\nX        X\nX        X\nXT TXT TXX\nXXXXXXXXXX\n", "Health: 10 X: 1 Y: 8\nXXXXXXXXXX\nX X e X TX\nX M      X\nX   X   XX\nX   T    X\nXX  XX   X\nX m      X\nX X X  X X\nX      b X\nX     \u221e  X\nX  X   X X\nX        X\nXX      XX\nX        X\nX       bX\nXbX T  X X\nX        X\nX        X\nXT TXT TXX\nXXXXXXXXXX\n", "Health: 10 X: 2 Y: 8\nXXXXXXXXXX\nX X e X TX\nX M      X\nX   X   XX\nX   T    X\nXX  XX   X\nX  m     X\nX X X  X X\nX H   b  X\nX     \u221e  X\nX  X   X X\nX        X\nXX      XX\nX       bX\nX        X\nXbX T  X X\nX        X\nX        X\nXT TXT TXX\nXXXXXXXXXX\n", "Health: 10 X: 3 Y: 8\nXXXXXXXXXX\nX X e X TX\nX  M     X\nX   X   XX\nX   T    X\nXX  XX   X\nX        X\nX XmX  X X\nX  H b   X\nX     \u221e  X\nX  X   X X\nX        X\nXX      XX\nX       bX\nX        X\nXbX T  X X\nX        X\nX        X\nXT TXT TXX\nXXXXXXXXXX\n", "Health: 10 X: 3 Y: 9\nXXXXXXXXXX\nX X e X TX\nX        X\nX  MX   XX\nX   T    X\nXX  XX   X\nX        X\nX X X  X X\nX  mb    X\nX  H  \u221e  X\nX  X   X X\nX        X\nXX      XX\nX      b X\nX        X\nXbX T  X X\nX        X\nX        X\nXT TXT TXX\nXXXXXXXXXX\n", "Health: 8 X: 4 Y: 9\nXXXXXXXXXX\nX X e X TX\nX        X\nX  MX   XX\nX   T    X\nXX  XX   X\nX        X\nX X X  X X\nX   m    X\nX   H \u221e  X\nX  X   X X\nX        X\nXX     bXX\nX        X\nX        X\nXbX T  X X\nX        X\nX        X\nXT TXT TXX\nXXXXXXXXXX\n", "Health: 8 X: 5 Y: 9\nXXXXXXXXXX\nX X e X TX\nX        X\nX  MX   XX\nX   T    X\nXX  XX   X\nX        X\nX X X  X X\nX   m    X\nX    H\u221e  X\nX  X   X X\nX      b X\nXX      XX\nX        X\nXb       X\nX X T  X X\nX        X\nX        X\nXT TXT TXX\nXXXXXXXXXX\n", "Health: 8 X: 6 Y: 9\nXXXXXXXXXX\nX X e X TX\nX        X\nX  MX   XX\nX   T    X\nXX  XX   X\nX        X\nX X X  X X\nX   m    X\nX     \u221e  X\nX  X   X X\nX      b X\nXX      XX\nXb       X\nX        X\nX X T  X X\nX        X\nX        X\nXT TXT TXX\nXXXXXXXXXX\n", "Health: 8 X: 6 Y: 8\nXXXXXXXXXX\nX X e X TX\nX        X\nX  MX   XX\nX   T    X\nXX  XX   X\nX        X\nX X X  X X\nX   m H  X\nX     \u221e  X\nX  X   X X\nX      b X\nXX      XX\nXb       X\nX        X\nX X T  X X\nX        X\nX        X\nXT TXT TXX\nXXXXXXXXXX\n", "Health: 8 X: 6 Y: 7\nXXXXXXXXXX\nX X e X TX\nX        X\nX  MX   XX\nX   T    X\nXX  XX   X\nX        X\nX X X HX X\nX   m    X\nX     \u221e  X\nX  X   X X\nX      b X\nXX      XX\nXb       X\nX        X\nX X T  X X\nX        X\nX        X\nXT TXT TXX\nXXXXXXXXXX\n", "Health: 8 X: 6 Y: 8\nXXXXXXXXXX\nX X e X TX\nX        X\nX  MX   XX\nX   T    X\nXX  XX   X\nX        X\nX X X  X X\nX   m H  X\nX     \u221e  X\nX  X   X X\nX      b X\nXX      XX\nXb       X\nX        X\nX X T  X X\nX        X\nX        X\nXT TXT TXX\nXXXXXXXXXX\n", "Health: 8 X: 6 Y: 7\nXXXXXXXXXX\nX X e X TX\nX        X\nX  MX   XX\nX   T    X\nXX  XX   X\nX        X\nX X X HX X\nX   \u221em   X\nX     \u221e  X\nX  X   X X\nX      b X\nXX      XX\nXb       X\nX        X\nX X T  X X\nX        X\nX        X\nXT TXT TXX\nXXXXXXXXXX\n", "Health: 8 X: 6 Y: 6\nXXXXXXXXXX\nX X e X TX\nX        X\nX  MX   XX\nX   T    X\nXX  XX   X\nX     H  X\nX X Xm X X\nX   \u221e    X\nX     \u221e  X\nX  X   X X\nX      b X\nXX      XX\nXb       X\nX        X\nX X T  X X\nX        X\nX        X\nXT TXT TXX\nXXXXXXXXXX\n", "Health: 8 X: 6 Y: 5\nXXXXXXXXXX\nX X e X TX\nX        X\nX  MX   XX\nX   T    X\nXX  XXH  X\nX    m   X\nX X X  X X\nX   \u221e    X\nX     \u221e  X\nX  X   X X\nX      b X\nXX      XX\nXb       X\nX        X\nX X T  X X\nX        X\nX        X\nXT TXT TXX\nXXXXXXXXXX\n", "Health: 8 X: 6 Y: 4\nXXXXXXXXXX\nX X e X TX\nX        X\nX  MX   XX\nX   T H  X\nXX  XX   X\nX     m  X\nX X X  X X\nX   \u221e    X\nX     \u221e  X\nX  X   X X\nX      b X\nXX      XX\nXb       X\nX        X\nX X T  X X\nX        X\nX        X\nXT TXT TXX\nXXXXXXXXXX\n", "Health: 8 X: 6 Y: 3\nXXXXXXXXXX\nX X e X TX\nX        X\nX  MX H XX\nX   T    X\nXX  XXm  X\nX        X\nX X X  X X\nX   \u221e    X\nX     \u221e  X\nX  X   X X\nX      b X\nXX      XX\nXb       X\nX        X\nX X T  X X\nX        X\nX        X\nXT TXT TXX\nXXXXXXXXXX\n", "Health: 8 X: 6 Y: 2\nXXXXXXXXXX\nX X e X TX\nX     H  X\nX  MX   XX\nX   T m  X\nXX  XX   X\nX        X\nX X X  X X\nX   \u221e    X\nX     \u221e  X\nX  X   X X\nX      b X\nXX      XX\nXb       X\nX        X\nX X T  X X\nX        X\nX        X\nXT TXT TXX\nXXXXXXXXXX\n", "Health: 8 X: 5 Y: 2\nXXXXXXXXXX\nX X e X TX\nX    H   X\nX  MX m XX\nX   T    X\nXX  XX   X\nX        X\nX X X  X X\nX   \u221e    X\nX     \u221e  X\nX  X   X X\nX      b X\nXX      XX\nXb       X\nX        X\nX X T  X X\nX        X\nX        X\nXT TXT TXX\nXXXXXXXXXX\n", "Health: 8 X: 4 Y: 2\nXXXXXXXXXX\nX X e X TX\nX  MH m  X\nX   X   XX\nX   T    X\nXX  XX   X\nX        X\nX X X  X X\nX   \u221e    X\nX     \u221e  X\nX  X   X X\nX      b X\nXX      XX\nXb       X\nX        X\nX X T  X X\nX        X\nX        X\nXT TXT TXX\nXXXXXXXXXX\n", "Health: 8 X: 4 Y: 1\nXXXXXXXXXX\nX XMe X TX\nX    m   X\nX   X   XX\nX   T    X\nXX  XX   X\nX        X\nX X X  X X\nX   \u221e    X\nX     \u221e  X\nX  X   X X\nX      b X\nXX      XX\nXb       X\nX        X\nX X T  X X\nX        X\nX        X\nXT TXT TXX\nXXXXXXXXXX\n"], "map_number": 202}, {"mechanics": [{"timestep": 2, "mechanic": "OgreTreasure"}, {"timestep": 2, "mechanic": "BlobPotion"}, {"timestep": 3, "mechanic": "OgreTreasure"}, {"timestep": 3, "mechanic": "BlobPotion"}, {"timestep": 4, "mechanic": "MinitaurHit"}, {"timestep": 9, "mechanic": "CollectTreasure"}, {"timestep": 11, "mechanic": "CollectTreasure"}, {"timestep": 15, "mechanic": "MinitaurHit"}, {"timestep": 17, "mechanic": "OgreHit"}, {"timestep": 29, "mechanic": "CollectTreasure"}, {"timestep": 34, "mechanic": "CollectTreasure"}, {"timestep": 36, "mechanic": "CollectTreasure"}, {"timestep": 37, "mechanic": "CollectTreasure"}, {"timestep": 39, "mechanic": "CollectTreasure"}, {"timestep": 41, "mechanic": "BlobHit"}, {"timestep": 41, "mechanic": "MinitaurHit"}, {"timestep": 42, "mechanic": "MinitaurHit"}, {"timestep": 58, "mechanic": "ReachStairs"}], "frequencies": {"OgreTreasure": 2, "BlobPotion": 2, "MinitaurHit": 4, "CollectTreasure": 7, "OgreHit": 1, "BlobHit": 1, "ReachStairs": 1}, "levelReport": {"utilityGained": 0.0, "exitUtility": 1.0, "runnerUtility": 0.41000000000000003, "loitererUtility": 59.0, "completionistUtility": 0.5748148148148148, "monsterKillerUtility": 0.58, "treasureCollectorUtility": 0.8444444444444443, "turnsTaken": 59, "health": 5, "healthLost": 5, "alive": true, "javelinsThrown": 0, "monsterKills": 2, "minitaurKnockouts": 3, "treasuresCollected": 7, "potionsTaken": 0, "totalMonsters": 6, "totalTreasures": 9, "totalPotions": 2, "timeTaken": 0.0}, "positions": [{"X": 7, "Y": 4}, {"X": 7, "Y": 5}, {"X": 7, "Y": 4}, {"X": 6, "Y": 4}, {"X": 6, "Y": 3}, {"X": 5, "Y": 3}, {"X": 4, "Y": 3}, {"X": 3, "Y": 3}, {"X": 3, "Y": 2}, {"X": 3, "Y": 1}, {"X": 2, "Y": 1}, {"X": 1, "Y": 1}, {"X": 1, "Y": 2}, {"X": 1, "Y": 3}, {"X": 1, "Y": 4}, {"X": 2, "Y": 4}, {"X": 2, "Y": 5}, {"X": 2, "Y": 6}, {"X": 2, "Y": 7}, {"X": 2, "Y": 8}, {"X": 3, "Y": 8}, {"X": 4, "Y": 8}, {"X": 5, "Y": 8}, {"X": 6, "Y": 8}, {"X": 7, "Y": 8}, {"X": 7, "Y": 9}, {"X": 7, "Y": 10}, {"X": 7, "Y": 11}, {"X": 7, "Y": 12}, {"X": 7, "Y": 13}, {"X": 7, "Y": 14}, {"X": 7, "Y": 15}, {"X": 7, "Y": 16}, {"X": 7, "Y": 17}, {"X": 6, "Y": 17}, {"X": 7, "Y": 17}, {"X": 8, "Y": 17}, {"X": 8, "Y": 18}, {"X": 7, "Y": 18}, {"X": 6, "Y": 18}, {"X": 7, "Y": 18}, {"X": 7, "Y": 17}, {"X": 7, "Y": 16}, {"X": 7, "Y": 15}, {"X": 7, "Y": 14}, {"X": 6, "Y": 14}, {"X": 6, "Y": 13}, {"X": 6, "Y": 12}, {"X": 7, "Y": 12}, {"X": 7, "Y": 11}, {"X": 7, "Y": 10}, {"X": 7, "Y": 9}, {"X": 7, "Y": 8}, {"X": 6, "Y": 8}, {"X": 5, "Y": 8}, {"X": 4, "Y": 8}, {"X": 3, "Y": 8}, {"X": 2, "Y": 8}, {"X": 1, "Y": 8}], "levelStates": ["Health: 10 X: 7 Y: 4\nXXXXXXXXXX\nXT TX m  X\nX   XXX  X\nX        X\nX   XX H X\nXX XXXX XX\nX TTXXPP X\nX   XX   X\nXeo    b X\nX   XX   X\nXX XXXX XX\nX   XX   X\nX   XX   X\nX      T X\nX   XX   X\nXX XXXX XX\nX   XX   X\nXb bXXT TX\nX M XXT TX\nXXXXXXXXXX\n", "Health: 10 X: 7 Y: 5\nXXXXXXXXXX\nXT TX  m X\nX   XXX  X\nX        X\nX   XX   X\nXX XXXXHXX\nX TTXXPP X\nX o XX b X\nXe       X\nX   XX   X\nXX XXXX XX\nX   XX   X\nX   XX   X\nX      T X\nX   XX   X\nXX XXXX XX\nX   XX   X\nXb bXXT TX\nX M XXT TX\nXXXXXXXXXX\n", "Health: 10 X: 7 Y: 4\nXXXXXXXXXX\nXT TX    X\nX   XXXm X\nX        X\nX   XX H X\nXX XXXX XX\nX oTXXPb X\nX   XX   X\nXe       X\nX   XX   X\nXX XXXX XX\nX   XX   X\nX   XX   X\nX      T X\nX   XX   X\nXX XXXX XX\nX   XX   X\nXb bXXT TX\nX M XXT TX\nXXXXXXXXXX\n", "Health: 10 X: 6 Y: 4\nXXXXXXXXXX\nXT TX    X\nX   XXX  X\nX      m X\nX   XXH  X\nXX XXXX XX\nX  oXXb  X\nX   XX   X\nXe       X\nX   XX   X\nXX XXXX XX\nX   XX   X\nX   XX   X\nX      T X\nX   XX   X\nXX XXXX XX\nX   XX   X\nXb bXXT TX\nX M XXT TX\nXXXXXXXXXX\n", "Health: 9 X: 6 Y: 3\nXXXXXXXXXX\nXT TX    X\nX   XXX  X\nX     Hm X\nX   XX   X\nXX XXXX XX\nX  oXXb  X\nX   XX   X\nXe       X\nX   XX   X\nXX XXXX XX\nX   XX   X\nX   XX   X\nX      T X\nX   XX   X\nXX XXXX XX\nX   XX   X\nXb bXXT TX\nX M XXT TX\nXXXXXXXXXX\n", "Health: 9 X: 5 Y: 3\nXXXXXXXXXX\nXT TX    X\nX   XXX  X\nX    H m X\nX   XX   X\nXX XXXX XX\nX  oXXb  X\nX   XX   X\nXe       X\nX   XX   X\nXX XXXX XX\nX   XX   X\nX   XX   X\nX      T X\nX   XX   X\nXX XXXX XX\nX   XX   X\nXb bXXT TX\nX M XXT TX\nXXXXXXXXXX\n", "Health: 9 X: 4 Y: 3\nXXXXXXXXXX\nXT TX    X\nX   XXX  X\nX   H  m X\nX   XX   X\nXX XXXX XX\nX  oXXb  X\nX   XX   X\nXe       X\nX   XX   X\nXX XXXX XX\nX   XX   X\nX   XX   X\nX      T X\nX   XX   X\nXX XXXX XX\nX   XX   X\nXb bXXT TX\nX M XXT TX\nXXXXXXXXXX\n", "Health: 9 X: 3 Y: 3\nXXXXXXXXXX\nXT TX    X\nX   XXX  X\nX  H   m X\nX   XX   X\nXX XXXX XX\nX  oXXb  X\nX   XX   X\nXe       X\nX   XX   X\nXX XXXX XX\nX   XX   X\nX   XX   X\nX      T X\nX   XX   X\nXX XXXX XX\nX   XX   X\nXb bXXT TX\nX M XXT TX\nXXXXXXXXXX\n", "Health: 9 X: 3 Y: 2\nXXXXXXXXXX\nXT TX    X\nX  HXXX  X\nX      m X\nX   XX   X\nXX XXXX XX\nX  oXXb  X\nX   XX   X\nXe       X\nX   XX   X\nXX XXXX XX\nX   XX   X\nX   XX   X\nX      T X\nX   XX   X\nXX XXXX XX\nX   XX   X\nXb bXXT TX\nX M XXT TX\nXXXXXXXXXX\n", "Health: 9 X: 3 Y: 1\nXXXXXXXXXX\nXT  X    X\nX   XXX  X\nX      m X\nX   XX   X\nXX XXXX XX\nX  oXXb  X\nX   XX   X\nXe       X\nX   XX   X\nXX XXXX XX\nX   XX   X\nX   XX   X\nX      T X\nX   XX   X\nXX XXXX XX\nX   XX   X\nXb bXXT TX\nX M XXT TX\nXXXXXXXXXX\n", "Health: 9 X: 2 Y: 1\nXXXXXXXXXX\nXTH X    X\nX   XXX  X\nX     m  X\nX   XX   X\nXX XXXX XX\nX  oXXb  X\nX   XX   X\nXe       X\nX   XX   X\nXX XXXX XX\nX   XX   X\nX   XX   X\nX      T X\nX   XX   X\nXX XXXX XX\nX   XX   X\nXbMbXXT TX\nX   XXT TX\nXXXXXXXXXX\n", "Health: 9 X: 1 Y: 1\nXXXXXXXXXX\nX   X    X\nX   XXX  X\nX    m   X\nX   XX   X\nXX XXXX XX\nX  oXXb  X\nX   XX   X\nXe       X\nX   XX   X\nXX XXXX XX\nX   XX   X\nX   XX   X\nX      T X\nX   XX   X\nXX XXXX XX\nX   XX   X\nXbMbXXT TX\nX   XXT TX\nXXXXXXXXXX\n", "Health: 9 X: 1 Y: 2\nXXXXXXXXXX\nX   X    X\nXH  XXX  X\nX   m    X\nX   XX   X\nXX XXXX XX\nX  oXXb  X\nX   XX   X\nXe       X\nX   XX   X\nXX XXXX XX\nX   XX   X\nX   XX   X\nX      T X\nX   XX   X\nXX XXXX XX\nX   XX   X\nXbMbXXT TX\nX   XXT TX\nXXXXXXXXXX\n", "Health: 9 X: 1 Y: 3\nXXXXXXXXXX\nX   X    X\nX   XXX  X\nXH m     X\nX   XX   X\nXX XXXX XX\nX  oXXb  X\nX   XX   X\nXe       X\nX   XX   X\nXX XXXX XX\nX   XX   X\nX   XX   X\nX      T X\nX   XX   X\nXX XXXX XX\nX   XX   X\nXbMbXXT TX\nX   XXT TX\nXXXXXXXXXX\n", "Health: 9 X: 1 Y: 4\nXXXXXXXXXX\nX   X    X\nX   XXX  X\nX m      X\nXH  XX   X\nXX XXXX XX\nX  oXXb  X\nX   XX   X\nXe       X\nX   XX   X\nXX XXXX XX\nX   XX   X\nX   XX   X\nX      T X\nX   XX   X\nXX XXXX XX\nX   XX   X\nXbMbXXT TX\nX   XXT TX\nXXXXXXXXXX\n", "Health: 8 X: 2 Y: 4\nXXXXXXXXXX\nX   X    X\nX   XXX  X\nX m      X\nX H XX   X\nXX XXXX XX\nX  oXXb  X\nX   XX   X\nXe       X\nX   XX   X\nXX XXXX XX\nX   XX   X\nX   XX   X\nX      T X\nX   XX   X\nXX XXXX XX\nX M XX   X\nXb bXXT TX\nX   XXT TX\nXXXXXXXXXX\n", "Health: 8 X: 2 Y: 5\nXXXXXXXXXX\nX   X    X\nX   XXX  X\nX m      X\nX   XX   X\nXXHXXXX XX\nX  oXXb  X\nX   XX   X\nXe       X\nX   XX   X\nXX XXXX XX\nX   XX   X\nX   XX   X\nX      T X\nX   XX   X\nXXMXXXX XX\nX   XX   X\nXb bXXT TX\nX   XXT TX\nXXXXXXXXXX\n", "Health: 6 X: 2 Y: 6\nXXXXXXXXXX\nX   X    X\nX   XXX  X\nX m      X\nX   XX   X\nXX XXXX XX\nX  oXXb  X\nX   XX   X\nXe       X\nX   XX   X\nXX XXXX XX\nX   XX   X\nX   XX   X\nX      T X\nX M XX   X\nXX XXXX XX\nX   XX   X\nXb bXXT TX\nX   XXT TX\nXXXXXXXXXX\n", "Health: 6 X: 2 Y: 7\nXXXXXXXXXX\nX   X    X\nX   XXX  X\nX m      X\nX   XX   X\nXX XXXX XX\nX o XXb  X\nX H XX   X\nXe       X\nX   XX   X\nXX XXXX XX\nX   XX   X\nX   XX   X\nX M    T X\nX   XX   X\nXX XXXX XX\nX   XX   X\nXb bXXT TX\nX   XXT TX\nXXXXXXXXXX\n", "Health: 6 X: 2 Y: 8\nXXXXXXXXXX\nX   X    X\nX   XXX  X\nX m      X\nX   XX   X\nXX XXXX XX\nX   XXb  X\nX o XX   X\nXeH      X\nX   XX   X\nXX XXXX XX\nX   XX   X\nX M XX   X\nX      T X\nX   XX   X\nXX XXXX XX\nX   XX   X\nXb bXXT TX\nX   XXT TX\nXXXXXXXXXX\n", "Health: 6 X: 3 Y: 8\nXXXXXXXXXX\nX   X    X\nX   XXX  X\nX m      X\nX   XX   X\nXX XXXX XX\nX   XXb  X\nX  oXX   X\nXe H     X\nX   XX   X\nXX XXXX XX\nX   XX   X\nX M XX   X\nX      T X\nX   XX   X\nXX XXXX XX\nX   XX   X\nXb bXXT TX\nX   XXT TX\nXXXXXXXXXX\n", "Health: 6 X: 4 Y: 8\nXXXXXXXXXX\nX   X    X\nX   XXX  X\nX        X\nX m XX   X\nXX XXXX XX\nX   XXb  X\nX   XX   X\nXe oH    X\nX   XX   X\nXX XXXX XX\nX   XX   X\nX M XX   X\nX      T X\nX   XX   X\nXX XXXX XX\nX   XX   X\nXb bXXT TX\nX   XXT TX\nXXXXXXXXXX\n", "Health: 6 X: 5 Y: 8\nXXXXXXXXXX\nX   X    X\nX   XXX  X\nX        X\nX   XX   X\nXXmXXXX XX\nX   XXb  X\nX   XX   X\nXe  oH   X\nX   XX   X\nXX XXXX XX\nX   XX   X\nX M XX   X\nX      T X\nX   XX   X\nXX XXXX XX\nX   XX   X\nXb bXXT TX\nX   XXT TX\nXXXXXXXXXX\n", "Health: 6 X: 6 Y: 8\nXXXXXXXXXX\nX   X    X\nX   XXX  X\nX        X\nX   XX   X\nXX XXXX XX\nX   XX   X\nX   XXb  X\nXe   oH  X\nX   XX   X\nXX XXXX XX\nX   XX   X\nX M XX   X\nX      T X\nX   XX   X\nXX XXXX XX\nX   XX   X\nXb bXXT TX\nX   XXT TX\nXXXXXXXXXX\n", "Health: 6 X: 7 Y: 8\nXXXXXXXXXX\nX   X    X\nX   XXX  X\nX        X\nX   XX   X\nXX XXXX XX\nX   XX   X\nX   XX b X\nXe    oH X\nX   XX   X\nXX XXXX XX\nX   XX   X\nX M XX   X\nX      T X\nX   XX   X\nXX XXXX XX\nX   XX   X\nXb bXXT TX\nX   XXT TX\nXXXXXXXXXX\n", "Health: 6 X: 7 Y: 9\nXXXXXXXXXX\nX   X    X\nX   XXX  X\nX        X\nX   XX   X\nXX XXXX XX\nX   XX   X\nX  mXX   X\nXe     b X\nX   XX H X\nXX XXXX XX\nX   XX   X\nX M XX   X\nX      T X\nX   XX   X\nXX XXXX XX\nX   XX   X\nXb bXXT TX\nX   XXT TX\nXXXXXXXXXX\n", "Health: 6 X: 7 Y: 10\nXXXXXXXXXX\nX   X    X\nX   XXX  X\nX        X\nX   XX   X\nXX XXXX XX\nX   XX   X\nX   XX   X\nXe m   \u221e X\nX   XX b X\nXX XXXXHXX\nX   XX   X\nX M XX   X\nX      T X\nX   XX   X\nXX XXXX XX\nX   XX   X\nXb bXXT TX\nX   XXT TX\nXXXXXXXXXX\n", "Health: 6 X: 7 Y: 11\nXXXXXXXXXX\nX   X    X\nX   XXX  X\nX        X\nX   XX   X\nXX XXXX XX\nX   XX   X\nX   XX   X\nXe  m  \u221e X\nX   XX   X\nXX XXXXbXX\nX   XX H X\nX M XX   X\nX      T X\nX   XX   X\nXX XXXX XX\nX   XX   X\nXb bXXT TX\nX   XXT TX\nXXXXXXXXXX\n", "Health: 6 X: 7 Y: 12\nXXXXXXXXXX\nX   X    X\nX   XXX  X\nX        X\nX   XX   X\nXX XXXX XX\nX   XX   X\nX   XX   X\nXe   m \u221e X\nX   XX   X\nXX XXXX XX\nX   XX b X\nX M XX H X\nX      T X\nX   XX   X\nXX XXXX XX\nX   XX   X\nXb bXXT TX\nX   XXT TX\nXXXXXXXXXX\n", "Health: 6 X: 7 Y: 13\nXXXXXXXXXX\nX   X    X\nX   XXX  X\nX        X\nX   XX   X\nXX XXXX XX\nX   XX   X\nX   XX   X\nXe    m\u221e X\nX   XX   X\nXX XXXX XX\nX   XX   X\nX M XX b X\nX        X\nX   XX   X\nXX XXXX XX\nX   XX   X\nXb bXXT TX\nX   XXT TX\nXXXXXXXXXX\n", "Health: 6 X: 7 Y: 14\nXXXXXXXXXX\nX   X    X\nX   XXX  X\nX        X\nX   XX   X\nXX XXXX XX\nX   XX   X\nX   XX   X\nXe     \u221e X\nX   XX   X\nXX XXXX XX\nX   XX   X\nX  MXX   X\nX        X\nX   XX H X\nXX XXXX XX\nX   XX   X\nXb bXXT TX\nX   XXT TX\nXXXXXXXXXX\n", "Health: 6 X: 7 Y: 15\nXXXXXXXXXX\nX   X    X\nX   XXX  X\nX        X\nX   XX   X\nXX XXXX XX\nX   XX   X\nX   XX   X\nXe     \u221e X\nX   XX m X\nXX XXXX XX\nX   XX   X\nX  MXX   X\nX        X\nX   XX b X\nXX XXXXHXX\nX   XX   X\nXb bXXT TX\nX   XXT TX\nXXXXXXXXXX\n", "Health: 6 X: 7 Y: 16\nXXXXXXXXXX\nX   X    X\nX   XXX  X\nX        X\nX   XX   X\nXX XXXX XX\nX   XX   X\nX   XX   X\nXe     \u221e X\nX   XX   X\nXX XXXXmXX\nX   XX   X\nX  MXX   X\nX        X\nX   XX   X\nXX XXXXbXX\nX   XX H X\nXb bXXT TX\nX   XXT TX\nXXXXXXXXXX\n", "Health: 6 X: 7 Y: 17\nXXXXXXXXXX\nX   X    X\nX   XXX  X\nX        X\nX   XX   X\nXX XXXX XX\nX   XX   X\nX   XX   X\nXe     \u221e X\nX   XX   X\nXX XXXX XX\nX   XX m X\nX  MXX   X\nX        X\nX   XX   X\nXX XXXX XX\nX   XX b X\nXb bXXTHTX\nX   XXT TX\nXXXXXXXXXX\n", "Health: 6 X: 6 Y: 17\nXXXXXXXXXX\nX   X    X\nX   XXX  X\nX        X\nX   XX   X\nXX XXXX XX\nX   XX   X\nX   XX   X\nXe     \u221e X\nX   XX   X\nXX XXXX XX\nX   XX   X\nX  MXX m X\nX        X\nX   XX   X\nXX XXXX XX\nX   XXb  X\nXb bXX  TX\nX   XXT TX\nXXXXXXXXXX\n", "Health: 6 X: 7 Y: 17\nXXXXXXXXXX\nX   X    X\nX   XXX  X\nX        X\nX   XX   X\nXX XXXX XX\nX   XX   X\nX   XX   X\nXe     \u221e X\nX   XX   X\nXX XXXX XX\nX   XX   X\nX  MXX   X\nX        X\nX   XX   X\nXX XXXX XX\nX   XX b X\nXb bXX HTX\nX   XXT TX\nXXXXXXXXXX\n", "Health: 6 X: 8 Y: 17\nXXXXXXXXXX\nX   X    X\nX   XXX  X\nX        X\nX   XX   X\nXX XXXX XX\nX   XX   X\nX   XX   X\nXe     \u221e X\nX   XX   X\nXX XXXX XX\nX   XX   X\nX  MXX   X\nX        X\nX   XX m X\nXX XXXX XX\nX   XX  bX\nXb bXX   X\nX   XXT TX\nXXXXXXXXXX\n", "Health: 6 X: 8 Y: 18\nXXXXXXXXXX\nX   X    X\nX   XXX  X\nX        X\nX   XX   X\nXX XXXX XX\nX   XX   X\nX   XX   X\nXe     \u221e X\nX   XX   X\nXX XXXX XX\nX   XX   X\nX  MXX   X\nX        X\nX   XX   X\nXX XXXXmXX\nX   XX   X\nXb bXX   X\nX   XXT  X\nXXXXXXXXXX\n", "Health: 6 X: 7 Y: 18\nXXXXXXXXXX\nX   X    X\nX   XXX  X\nX        X\nX   XX   X\nXX XXXX XX\nX   XX   X\nX   XX   X\nXe     \u221e X\nX   XX   X\nXX XXXX XX\nX   XX   X\nX  MXX   X\nX        X\nX   XX   X\nXX XXXX XX\nX   XX m X\nXb bXX b X\nX   XXTH X\nXXXXXXXXXX\n", "Health: 6 X: 6 Y: 18\nXXXXXXXXXX\nX   X    X\nX   XXX  X\nX        X\nX   XX   X\nXX XXXX XX\nX   XX   X\nX   XX   X\nXe     \u221e X\nX   XX   X\nXX XXXX XX\nX   XX   X\nX  MXX   X\nX        X\nX   XX   X\nXX XXXX XX\nX   XXm  X\nXb bXX   X\nX   XX   X\nXXXXXXXXXX\n", "Health: 6 X: 7 Y: 18\nXXXXXXXXXX\nX   X    X\nX   XXX  X\nX        X\nX   XX   X\nXX XXXX XX\nX   XX   X\nX   XX   X\nXe     \u221e X\nX   XX   X\nXX XXXX XX\nX   XX   X\nX  MXX   X\nX        X\nX   XX   X\nXX XXXX XX\nX   XX m X\nXb bXX b X\nX   XX H X\nXXXXXXXXXX\n", "Health: 5 X: 7 Y: 17\nXXXXXXXXXX\nX   X    X\nX   XXX  X\nX        X\nX   XX   X\nXX XXXX XX\nX   XX   X\nX   XX   X\nXe     \u221e X\nX   XX   X\nXX XXXX XX\nX   XX   X\nX  MXX   X\nX        X\nX   XX   X\nXX XXXX XX\nX   XX m X\nXb bXX \u221e X\nX   XX   X\nXXXXXXXXXX\n", "Health: 5 X: 7 Y: 16\nXXXXXXXXXX\nX   X    X\nX   XXX  X\nX        X\nX   XX   X\nXX XXXX XX\nX   XX   X\nX   XX   X\nXe     \u221e X\nX   XX   X\nXX XXXX XX\nX   XX   X\nX  MXX   X\nX        X\nX   XX   X\nXX XXXX XX\nX   XX m X\nXb bXX \u221e X\nX   XX   X\nXXXXXXXXXX\n", "Health: 5 X: 7 Y: 15\nXXXXXXXXXX\nX   X    X\nX   XXX  X\nX        X\nX   XX   X\nXX XXXX XX\nX   XX   X\nX   XX   X\nXe     \u221e X\nX   XX   X\nXX XXXX XX\nX   XX   X\nX  MXX   X\nX        X\nX   XX   X\nXX XXXXHXX\nX   XX m X\nXb bXX \u221e X\nX   XX   X\nXXXXXXXXXX\n", "Health: 5 X: 7 Y: 14\nXXXXXXXXXX\nX   X    X\nX   XXX  X\nX        X\nX   XX   X\nXX XXXX XX\nX   XX   X\nX   XX   X\nXe     \u221e X\nX   XX   X\nXX XXXX XX\nX   XX   X\nX  MXX   X\nX        X\nX   XX H X\nXX XXXX XX\nX   XX m X\nXb bXX \u221e X\nX   XX   X\nXXXXXXXXXX\n", "Health: 5 X: 6 Y: 14\nXXXXXXXXXX\nX   X    X\nX   XXX  X\nX        X\nX   XX   X\nXX XXXX XX\nX   XX   X\nX   XX   X\nXe     \u221e X\nX   XX   X\nXX XXXX XX\nX   XX   X\nX  MXX   X\nX        X\nX   XXH  X\nXX XXXX XX\nX   XX m X\nXb bXX \u221e X\nX   XX   X\nXXXXXXXXXX\n", "Health: 5 X: 6 Y: 13\nXXXXXXXXXX\nX   X    X\nX   XXX  X\nX        X\nX   XX   X\nXX XXXX XX\nX   XX   X\nX   XX   X\nXe     \u221e X\nX   XX   X\nXX XXXX XX\nX   XX   X\nX  MXX   X\nX     H  X\nX   XX   X\nXX XXXX XX\nX   XX m X\nXb bXX \u221e X\nX   XX   X\nXXXXXXXXXX\n", "Health: 5 X: 6 Y: 12\nXXXXXXXXXX\nX   X    X\nX   XXX  X\nX        X\nX   XX   X\nXX XXXX XX\nX   XX   X\nX   XX   X\nXe     \u221e X\nX   XX   X\nXX XXXX XX\nX   XX   X\nX  MXXH  X\nX        X\nX   XX   X\nXX XXXXmXX\nX   XX   X\nXb bXX \u221e X\nX   XX   X\nXXXXXXXXXX\n", "Health: 5 X: 7 Y: 12\nXXXXXXXXXX\nX   X    X\nX   XXX  X\nX        X\nX   XX   X\nXX XXXX XX\nX   XX   X\nX   XX   X\nXe     \u221e X\nX   XX   X\nXX XXXX XX\nX   XX   X\nX  MXX H X\nX        X\nX   XX m X\nXX XXXX XX\nX   XX   X\nXb bXX \u221e X\nX   XX   X\nXXXXXXXXXX\n", "Health: 5 X: 7 Y: 11\nXXXXXXXXXX\nX   X    X\nX   XXX  X\nX        X\nX   XX   X\nXX XXXX XX\nX   XX   X\nX   XX   X\nXe     \u221e X\nX   XX   X\nXX XXXX XX\nX   XX H X\nX  MXX   X\nX        X\nX   XX   X\nXX XXXX XX\nX   XX   X\nXb bXX \u221e X\nX   XX   X\nXXXXXXXXXX\n", "Health: 5 X: 7 Y: 10\nXXXXXXXXXX\nX   X    X\nX   XXX  X\nX        X\nX   XX   X\nXX XXXX XX\nX   XX   X\nX   XX   X\nXe     \u221e X\nX   XX   X\nXX XXXXHXX\nX   XX   X\nX  MXX m X\nX        X\nX   XX   X\nXX XXXX XX\nX   XX   X\nXb bXX \u221e X\nX   XX   X\nXXXXXXXXXX\n", "Health: 5 X: 7 Y: 9\nXXXXXXXXXX\nX   X    X\nX   XXX  X\nX        X\nX   XX   X\nXX XXXX XX\nX   XX   X\nX   XX   X\nXe     \u221e X\nX   XX H X\nXX XXXX XX\nX   XX m X\nX  MXX   X\nX        X\nX   XX   X\nXX XXXX XX\nX   XX   X\nXb bXX \u221e X\nX   XX   X\nXXXXXXXXXX\n", "Health: 5 X: 7 Y: 8\nXXXXXXXXXX\nX   X    X\nX   XXX  X\nX        X\nX   XX   X\nXX XXXX XX\nX   XX   X\nX   XX   X\nXe     \u221e X\nX   XX   X\nXX XXXXmXX\nX   XX   X\nX  MXX   X\nX        X\nX   XX   X\nXX XXXX XX\nX   XX   X\nXb bXX \u221e X\nX   XX   X\nXXXXXXXXXX\n", "Health: 5 X: 6 Y: 8\nXXXXXXXXXX\nX   X    X\nX   XXX  X\nX        X\nX   XX   X\nXX XXXX XX\nX   XX   X\nX   XX   X\nXe    H\u221e X\nX   XX m X\nXX XXXX XX\nX   XX   X\nX  MXX   X\nX        X\nX   XX   X\nXX XXXX XX\nX   XX   X\nXb bXX \u221e X\nX   XX   X\nXXXXXXXXXX\n", "Health: 5 X: 5 Y: 8\nXXXXXXXXXX\nX   X    X\nX   XXX  X\nX        X\nX   XX   X\nXX XXXX XX\nX   XX   X\nX   XX   X\nXe   H \u221e X\nX   XX   X\nXX XXXX XX\nX   XX   X\nX  MXX   X\nX        X\nX   XX   X\nXX XXXX XX\nX   XX   X\nXb bXX \u221e X\nX   XX   X\nXXXXXXXXXX\n", "Health: 5 X: 4 Y: 8\nXXXXXXXXXX\nX   X    X\nX   XXX  X\nX        X\nX   XX   X\nXX XXXX XX\nX   XX   X\nX   XX   X\nXe  H m\u221e X\nX   XX   X\nXX XXXX XX\nX   XX   X\nX  MXX   X\nX        X\nX   XX   X\nXX XXXX XX\nX   XX   X\nXb bXX \u221e X\nX   XX   X\nXXXXXXXXXX\n", "Health: 5 X: 3 Y: 8\nXXXXXXXXXX\nX   X    X\nX   XXX  X\nX        X\nX   XX   X\nXX XXXX XX\nX   XX   X\nX   XX   X\nXe H m \u221e X\nX   XX   X\nXX XXXX XX\nX   XX   X\nX  MXX   X\nX        X\nX   XX   X\nXX XXXX XX\nX   XX   X\nXb bXX \u221e X\nX   XX   X\nXXXXXXXXXX\n", "Health: 5 X: 2 Y: 8\nXXXXXXXXXX\nX   X    X\nX   XXX  X\nX        X\nX   XX   X\nXX XXXX XX\nX   XX   X\nX   XX   X\nXeH m  \u221e X\nX   XX   X\nXX XXXX XX\nX   XX   X\nX  MXX   X\nX        X\nX   XX   X\nXX XXXX XX\nX   XX   X\nXb bXX \u221e X\nX   XX   X\nXXXXXXXXXX\n", "Health: 5 X: 1 Y: 8\nXXXXXXXXXX\nX   X    X\nX   XXX  X\nX        X\nX   XX   X\nXX XXXX XX\nX   XX   X\nX   XX   X\nXe m   \u221e X\nX   XX   X\nXX XXXX XX\nX  MXX   X\nX   XX   X\nX        X\nX   XX   X\nXX XXXX XX\nX   XX   X\nXb bXX \u221e X\nX   XX   X\nXXXXXXXXXX\n"], "map_number": 101}, {"mechanics": [{"timestep": 1, "mechanic": "BlobHit"}, {"timestep": 13, "mechanic": "GoblinMeleeHit"}, {"timestep": 16, "mechanic": "GoblinMeleeHit"}, {"timestep": 19, "mechanic": "CollectPotion"}, {"timestep": 24, "mechanic": "CollectPotion"}, {"timestep": 27, "mechanic": "CollectTreasure"}, {"timestep": 33, "mechanic": "CollectTreasure"}, {"timestep": 33, "mechanic": "GoblinRangedHit"}, {"timestep": 34, "mechanic": "CollectTreasure"}, {"timestep": 34, "mechanic": "GoblinRangedHit"}, {"timestep": 40, "mechanic": "CollectTreasure"}, {"timestep": 58, "mechanic": "ReachStairs"}], "frequencies": {"BlobHit": 1, "GoblinMeleeHit": 2, "CollectPotion": 2, "CollectTreasure": 4, "GoblinRangedHit": 2, "ReachStairs": 1}, "levelReport": {"utilityGained": 0.0, "exitUtility": 1.0, "runnerUtility": 0.41000000000000003, "loitererUtility": 59.0, "completionistUtility": 0.8055555555555554, "monsterKillerUtility": 0.7666666666666666, "treasureCollectorUtility": 0.6499999999999999, "turnsTaken": 59, "health": 10, "healthLost": 4, "alive": true, "javelinsThrown": 0, "monsterKills": 4, "minitaurKnockouts": 2, "treasuresCollected": 4, "potionsTaken": 2, "totalMonsters": 7, "totalTreasures": 8, "totalPotions": 2, "timeTaken": 0.0}, "positions": [{"X": 7, "Y": 3}, {"X": 6, "Y": 3}, {"X": 5, "Y": 3}, {"X": 4, "Y": 3}, {"X": 3, "Y": 3}, {"X": 4, "Y": 3}, {"X": 5, "Y": 3}, {"X": 4, "Y": 3}, {"X": 3, "Y": 3}, {"X": 2, "Y": 3}, {"X": 1, "Y": 3}, {"X": 1, "Y": 4}, {"X": 1, "Y": 5}, {"X": 1, "Y": 6}, {"X": 1, "Y": 7}, {"X": 1, "Y": 8}, {"X": 1, "Y": 9}, {"X": 1, "Y": 10}, {"X": 1, "Y": 11}, {"X": 2, "Y": 11}, {"X": 3, "Y": 11}, {"X": 4, "Y": 11}, {"X": 5, "Y": 11}, {"X": 6, "Y": 11}, {"X": 7, "Y": 11}, {"X": 8, "Y": 11}, {"X": 8, "Y": 12}, {"X": 8, "Y": 13}, {"X": 8, "Y": 14}, {"X": 8, "Y": 15}, {"X": 8, "Y": 16}, {"X": 7, "Y": 16}, {"X": 6, "Y": 16}, {"X": 5, "Y": 16}, {"X": 4, "Y": 16}, {"X": 3, "Y": 16}, {"X": 2, "Y": 16}, {"X": 1, "Y": 16}, {"X": 1, "Y": 15}, {"X": 1, "Y": 14}, {"X": 1, "Y": 13}, {"X": 1, "Y": 12}, {"X": 1, "Y": 11}, {"X": 2, "Y": 11}, {"X": 3, "Y": 11}, {"X": 4, "Y": 11}, {"X": 5, "Y": 11}, {"X": 6, "Y": 11}, {"X": 7, "Y": 11}, {"X": 8, "Y": 11}, {"X": 8, "Y": 12}, {"X": 8, "Y": 13}, {"X": 8, "Y": 14}, {"X": 8, "Y": 15}, {"X": 8, "Y": 16}, {"X": 8, "Y": 17}, {"X": 7, "Y": 17}, {"X": 6, "Y": 17}, {"X": 5, "Y": 17}], "levelStates": ["Health: 10 X: 7 Y: 3\nXXXXXXXXXX\nXXXT m   X\nXXXXXXXX X\nX     bH X\nX XX XXXXX\nX XX XXXXX\nX MX XT tX\nX XX XTX X\nX XX XTX X\nX MX XTX X\nX XX XXX X\nX P o  P X\nX XXXXXX X\nXTX RR XTX\nX X    X X\nX XX  XX X\nX   TT   X\nXT   e   X\nXXXXXXXXXX\n", "Health: 10 X: 6 Y: 3\nXXXXXXXXXX\nXXXT  m  X\nXXXXXXXX X\nX     \u221e  X\nX XX XXXXX\nX XX XXXXX\nX MX XT tX\nX XX XTX X\nX XX XTX X\nX MX XTX X\nX XX XXX X\nX P o  P X\nX XXXXXX X\nXTX RR XTX\nX X    X X\nX XX  XX X\nX   TT   X\nXT   e   X\nXXXXXXXXXX\n", "Health: 10 X: 5 Y: 3\nXXXXXXXXXX\nXXXT   m X\nXXXXXXXX X\nX    H\u221e  X\nX XX XXXXX\nX XX XXXXX\nX MX XT tX\nX XX XTX X\nX XX XTX X\nX MX XTX X\nX XX XXX X\nX P o  P X\nX XXXXXX X\nXTX RR XTX\nX X    X X\nX XX  XX X\nX   TT   X\nXT   e   X\nXXXXXXXXXX\n", "Health: 10 X: 4 Y: 3\nXXXXXXXXXX\nXXXT    mX\nXXXXXXXX X\nX   H \u221e  X\nX XX XXXXX\nX XX XXXXX\nX MX XT tX\nX XX XTX X\nX XX XTX X\nX MX XTX X\nX XXoXXX X\nX P    P X\nX XXXXXX X\nXTX RR XTX\nX X    X X\nX XX  XX X\nX   TT   X\nXT   e   X\nXXXXXXXXXX\n", "Health: 10 X: 3 Y: 3\nXXXXXXXXXX\nXXXT     X\nXXXXXXXXmX\nX  H  \u221e  X\nX XX XXXXX\nX XX XXXXX\nX MX XT tX\nX XX XTX X\nX XX XTX X\nX MX XTX X\nX XXoXXX X\nX P    P X\nX XXXXXX X\nXTX RR XTX\nX X    X X\nX XX  XX X\nX   TT   X\nXT   e   X\nXXXXXXXXXX\n", "Health: 10 X: 4 Y: 3\nXXXXXXXXXX\nXXXT     X\nXXXXXXXX X\nX   H \u221e mX\nX XX XXXXX\nX XX XXXXX\nX MX XT tX\nX XX XTX X\nX XX XTX X\nX MXoXTX X\nX XX XXX X\nX P    P X\nX XXXXXX X\nXTX RR XTX\nX X    X X\nX XX  XX X\nX   TT   X\nXT   e   X\nXXXXXXXXXX\n", "Health: 10 X: 5 Y: 3\nXXXXXXXXXX\nXXXT     X\nXXXXXXXX X\nX    H\u221em X\nX XX XXXXX\nX XX XXXXX\nX MX XT tX\nX XX XTX X\nX XX XTX X\nX MXoXTX X\nX XX XXX X\nX P    P X\nX XXXXXX X\nXTX RR XTX\nX X    X X\nX XX  XX X\nX   TT   X\nXT   e   X\nXXXXXXXXXX\n", "Health: 10 X: 4 Y: 3\nXXXXXXXXXX\nXXXT     X\nXXXXXXXX X\nX   H \u221e  X\nX XX XXXXX\nX XX XXXXX\nX MX XT tX\nX XX XTX X\nX XXoXTX X\nX MX XTX X\nX XX XXX X\nX P    P X\nX XXXXXX X\nXTX RR XTX\nX X    X X\nX XX  XX X\nX   TT   X\nXT   e   X\nXXXXXXXXXX\n", "Health: 10 X: 3 Y: 3\nXXXXXXXXXX\nXXXT     X\nXXXXXXXX X\nX  H m\u221e  X\nX XX XXXXX\nX XX XXXXX\nX MX XT tX\nX XX XTX X\nX XXoXTX X\nX MX XTX X\nX XX XXX X\nX P    P X\nX XXXXXX X\nXTX RR XTX\nX X    X X\nX XX  XX X\nX   TT   X\nXT   e   X\nXXXXXXXXXX\n", "Health: 10 X: 2 Y: 3\nXXXXXXXXXX\nXXXT     X\nXXXXXXXX X\nX H m \u221e  X\nX XX XXXXX\nX XX XXXXX\nX MX XT tX\nX XX XTX X\nX XXoXTX X\nX MX XTX X\nX XX XXX X\nX P    P X\nX XXXXXX X\nXTX RR XTX\nX X    X X\nX XX  XX X\nX   TT   X\nXT   e   X\nXXXXXXXXXX\n", "Health: 10 X: 1 Y: 3\nXXXXXXXXXX\nXXXT     X\nXXXXXXXX X\nXH m  \u221e  X\nX XX XXXXX\nX XX XXXXX\nX MX XT tX\nX XX XTX X\nX XXoXTX X\nX MX XTX X\nX XX XXX X\nX P    P X\nX XXXXXX X\nXTX RR XTX\nX X    X X\nX XX  XX X\nX   TT   X\nXT   e   X\nXXXXXXXXXX\n", "Health: 10 X: 1 Y: 4\nXXXXXXXXXX\nXXXT     X\nXXXXXXXX X\nX m   \u221e  X\nXHXX XXXXX\nX XX XXXXX\nX MX XT tX\nX XX XTX X\nX XXoXTX X\nX MX XTX X\nX XX XXX X\nX P    P X\nX XXXXXX X\nXTX RR XTX\nX X    X X\nX XX  XX X\nX   TT   X\nXT   e   X\nXXXXXXXXXX\n", "Health: 10 X: 1 Y: 5\nXXXXXXXXXX\nXXXT     X\nXXXXXXXX X\nXm    \u221e  X\nX XX XXXXX\nXHXX XXXXX\nX MX XT tX\nX XX XTX X\nX XXoXTX X\nX MX XTX X\nX XX XXX X\nX P    P X\nX XXXXXX X\nXTX RR XTX\nX X    X X\nX XX  XX X\nX   TT   X\nXT   e   X\nXXXXXXXXXX\n", "Health: 9 X: 1 Y: 6\nXXXXXXXXXX\nXXXT     X\nXXXXXXXX X\nX     \u221e  X\nXmXX XXXXX\nX XX XXXXX\nXH\u221eX XT tX\nX XX XTX X\nX XXoXTX X\nX MX XTX X\nX XX XXX X\nX P    P X\nX XXXXXX X\nXTX RR XTX\nX X    X X\nX XX  XX X\nX   TT   X\nXT   e   X\nXXXXXXXXXX\n", "Health: 9 X: 1 Y: 7\nXXXXXXXXXX\nXXXT     X\nXXXXXXXX X\nX     \u221e  X\nX XX XXXXX\nXmXX XXXXX\nX \u221eX XT tX\nXHXX XTX X\nX XXoXTX X\nX MX XTX X\nX XX XXX X\nX P    P X\nX XXXXXX X\nXTX RR XTX\nX X    X X\nX XX  XX X\nX   TT   X\nXT   e   X\nXXXXXXXXXX\n", "Health: 9 X: 1 Y: 8\nXXXXXXXXXX\nXXXT     X\nXXXXXXXX X\nX     \u221e  X\nX XX XXXXX\nX XX XXXXX\nXm\u221eX XT tX\nX XX XTX X\nXHXXoXTX X\nX MX XTX X\nX XX XXX X\nX P    P X\nX XXXXXX X\nXTX RR XTX\nX X    X X\nX XX  XX X\nX   TT   X\nXT   e   X\nXXXXXXXXXX\n", "Health: 8 X: 1 Y: 9\nXXXXXXXXXX\nXXXT     X\nXXXXXXXX X\nX     \u221e  X\nX XX XXXXX\nX XX XXXXX\nX \u221eX XT tX\nXmXX XTX X\nX XXoXTX X\nXH\u221eX XTX X\nX XX XXX X\nX P    P X\nX XXXXXX X\nXTX RR XTX\nX X    X X\nX XX  XX X\nX   TT   X\nXT   e   X\nXXXXXXXXXX\n", "Health: 8 X: 1 Y: 10\nXXXXXXXXXX\nXXXT     X\nXXXXXXXX X\nX     \u221e  X\nX XX XXXXX\nX XX XXXXX\nX \u221eX XT tX\nX XX XTX X\nXmXXoXTX X\nX \u221eX XTX X\nXHXX XXX X\nX P    P X\nX XXXXXX X\nXTX RR XTX\nX X    X X\nX XX  XX X\nX   TT   X\nXT   e   X\nXXXXXXXXXX\n", "Health: 8 X: 1 Y: 11\nXXXXXXXXXX\nXXXT     X\nXXXXXXXX X\nX     \u221e  X\nX XX XXXXX\nX XX XXXXX\nX \u221eX XT tX\nX XX XTX X\nX XXoXTX X\nXm\u221eX XTX X\nX XX XXX X\nXHP    P X\nX XXXXXX X\nXTX RR XTX\nX X    X X\nX XX  XX X\nX   TT   X\nXT   e   X\nXXXXXXXXXX\n", "Health: 10 X: 2 Y: 11\nXXXXXXXXXX\nXXXT     X\nXXXXXXXX X\nX     \u221e  X\nX XX XXXXX\nX XX XXXXX\nX \u221eX XT tX\nX XX XTX X\nX XXoXTX X\nX \u221eX XTX X\nXmXX XXX X\nX      P X\nX XXXXXX X\nXTX RR XTX\nX X    X X\nX XX  XX X\nX   TT   X\nXT   e   X\nXXXXXXXXXX\n", "Health: 10 X: 3 Y: 11\nXXXXXXXXXX\nXXXT     X\nXXXXXXXX X\nX     \u221e  X\nX XX XXXXX\nX XX XXXXX\nX \u221eX XT tX\nX XX XTX X\nX XXoXTX X\nX \u221eX XTX X\nX XX XXX X\nXm H   P X\nX XXXXXX X\nXTX RR XTX\nX X    X X\nX XX  XX X\nX   TT   X\nXT   e   X\nXXXXXXXXXX\n", "Health: 10 X: 4 Y: 11\nXXXXXXXXXX\nXXXT     X\nXXXXXXXX X\nX     \u221e  X\nX XX XXXXX\nX XX XXXXX\nX \u221eX XT tX\nX XX XTX X\nX XX XTX X\nX \u221eXoXTX X\nX XX XXX X\nX   H  P X\nX XXXXXX X\nXTX RR XTX\nX X    X X\nX XX  XX X\nX   TT   X\nXT   e   X\nXXXXXXXXXX\n", "Health: 10 X: 5 Y: 11\nXXXXXXXXXX\nXXXT     X\nXXXXXXXX X\nX     \u221e  X\nX XX XXXXX\nX XX XXXXX\nX \u221eX XT tX\nX XX XTX X\nX XX XTX X\nX \u221eXoXTX X\nX XX XXX X\nX  m H P X\nX XXXXXX X\nXTX RR XTX\nX X    X X\nX XX  XX X\nX   TT   X\nXT   e   X\nXXXXXXXXXX\n", "Health: 10 X: 6 Y: 11\nXXXXXXXXXX\nXXXT     X\nXXXXXXXX X\nX     \u221e  X\nX XX XXXXX\nX XX XXXXX\nX \u221eX XT tX\nX XX XTX X\nX XX XTX X\nX \u221eXoXTX X\nX XX XXX X\nX   m HP X\nX XXXXXX X\nXTX RR XTX\nX X    X X\nX XX  XX X\nX   TT   X\nXT   e   X\nXXXXXXXXXX\n", "Health: 12 X: 7 Y: 11\nXXXXXXXXXX\nXXXT     X\nXXXXXXXX X\nX     \u221e  X\nX XX XXXXX\nX XX XXXXX\nX \u221eX XT tX\nX XX XTX X\nX XX XTX X\nX \u221eXoXTX X\nX XX XXX X\nX    m   X\nX XXXXXX X\nXTX RR XTX\nX X    X X\nX XX  XX X\nX   TT   X\nXT   e   X\nXXXXXXXXXX\n", "Health: 12 X: 8 Y: 11\nXXXXXXXXXX\nXXXT     X\nXXXXXXXX X\nX     \u221e  X\nX XX XXXXX\nX XX XXXXX\nX \u221eX XT tX\nX XX XTX X\nX XX XTX X\nX \u221eXoXTX X\nX XX XXX X\nX     m HX\nX XXXXXX X\nXTX RR XTX\nX X    X X\nX XX  XX X\nX   TT   X\nXT   e   X\nXXXXXXXXXX\n", "Health: 12 X: 8 Y: 12\nXXXXXXXXXX\nXXXT     X\nXXXXXXXX X\nX     \u221e  X\nX XX XXXXX\nX XX XXXXX\nX \u221eX XT tX\nX XX XTX X\nX XX XTX X\nX \u221eXoXTX X\nX XX XXX X\nX        X\nX XXXXXXHX\nXTX RR XTX\nX X    X X\nX XX  XX X\nX   TT   X\nXT   e   X\nXXXXXXXXXX\n", "Health: 12 X: 8 Y: 13\nXXXXXXXXXX\nXXXT     X\nXXXXXXXX X\nX     \u221e  X\nX XX XXXXX\nX XX XXXXX\nX \u221eX XT tX\nX XX XTX X\nX XX XTX X\nX \u221eXoXTX X\nX XX XXX X\nX       mX\nX XXXXXX X\nXTX RR X X\nX X    X X\nX XX  XX X\nX   TT   X\nXT   e   X\nXXXXXXXXXX\n", "Health: 12 X: 8 Y: 14\nXXXXXXXXXX\nXXXT     X\nXXXXXXXX X\nX     \u221e  X\nX XX XXXXX\nX XX XXXXX\nX \u221eX XT tX\nX XX XTX X\nX XX XTX X\nX \u221eXoXTX X\nX XX XXX X\nX        X\nX XXXXXXmX\nXTX RR X X\nX X    XHX\nX XX  XX X\nX   TT   X\nXT   e   X\nXXXXXXXXXX\n", "Health: 12 X: 8 Y: 15\nXXXXXXXXXX\nXXXT     X\nXXXXXXXX X\nX     \u221e  X\nX XX XXXXX\nX XX XXXXX\nX \u221eX XT tX\nX XX XTX X\nX XX XTX X\nX \u221eXoXTX X\nX XX XXX X\nX        X\nX XXXXXX X\nXTX RR X X\nX X    X X\nX XX  XXHX\nX   TT   X\nXT   e   X\nXXXXXXXXXX\n", "Health: 12 X: 8 Y: 16\nXXXXXXXXXX\nXXXT     X\nXXXXXXXX X\nX     \u221e  X\nX XX XXXXX\nX XX XXXXX\nX \u221eX XT tX\nX XX XTX X\nX XX XTX X\nX \u221eXoXTX X\nX XX XXX X\nX        X\nX XXXXXX X\nXTX RR X X\nX X    XmX\nX XX  XX X\nX   TT  HX\nXT   e   X\nXXXXXXXXXX\n", "Health: 12 X: 7 Y: 16\nXXXXXXXXXX\nXXXT     X\nXXXXXXXX X\nX     \u221e  X\nX XX XXXXX\nX XX XXXXX\nX \u221eX XT tX\nX XX XTX X\nX XX XTX X\nX \u221eXoXTX X\nX XX XXX X\nX        X\nX XXXXXX X\nXTX RR X X\nX X    X X\nX XX  XXmX\nX   TT H X\nXT   e   X\nXXXXXXXXXX\n", "Health: 12 X: 6 Y: 16\nXXXXXXXXXX\nXXXT     X\nXXXXXXXX X\nX     \u221e  X\nX XX XXXXX\nX XX XXXXX\nX \u221eX XT tX\nX XX XTX X\nX XX XTX X\nX \u221eXoXTX X\nX XX XXX X\nX        X\nX XXXXXX X\nXTX RR X X\nX X    X X\nX XX  XX X\nX   TTH mX\nXT   e   X\nXXXXXXXXXX\n", "Health: 11 X: 5 Y: 16\nXXXXXXXXXX\nXXXT     X\nXXXXXXXX X\nX     \u221e  X\nX XX XXXXX\nX XX XXXXX\nX \u221eX XT tX\nX XX XTX X\nX XX XTX X\nX \u221eXoXTX X\nX XX XXX X\nX        X\nX XXXXXX X\nXTX RR X X\nX X    X X\nX XX  XX X\nX   T  m X\nXT   e   X\nXXXXXXXXXX\n", "Health: 10 X: 4 Y: 16\nXXXXXXXXXX\nXXXT     X\nXXXXXXXX X\nX     \u221e  X\nX XX XXXXX\nX XX XXXXX\nX \u221eX XT tX\nX XX XTX X\nX XX XTX X\nX \u221eXoXTX X\nX XX XXX X\nX        X\nX XXXXXX X\nXTX RR X X\nX X    X X\nX XX  XX X\nX     m  X\nXT   e   X\nXXXXXXXXXX\n", "Health: 10 X: 3 Y: 16\nXXXXXXXXXX\nXXXT     X\nXXXXXXXX X\nX     \u221e  X\nX XX XXXXX\nX XX XXXXX\nX \u221eX XT tX\nX XX XTX X\nX XX XTX X\nX \u221eXoXTX X\nX XX XXX X\nX        X\nX XXXXXX X\nXTX RR X X\nX X    X X\nX XX  XX X\nX  H     X\nXT   e   X\nXXXXXXXXXX\n", "Health: 10 X: 2 Y: 16\nXXXXXXXXXX\nXXXT     X\nXXXXXXXX X\nX     \u221e  X\nX XX XXXXX\nX XX XXXXX\nX \u221eX XT tX\nX XX XTX X\nX XX XTX X\nX \u221eXoXTX X\nX XX XXX X\nX        X\nX XXXXXX X\nXTX RR X X\nX X    X X\nX XX  XX X\nX H      X\nXT   e   X\nXXXXXXXXXX\n", "Health: 10 X: 1 Y: 16\nXXXXXXXXXX\nXXXT     X\nXXXXXXXX X\nX     \u221e  X\nX XX XXXXX\nX XX XXXXX\nX \u221eX XT tX\nX XX XTX X\nX XX XTX X\nX \u221eXoXTX X\nX XX XXX X\nX        X\nX XXXXXX X\nXTX RR X X\nX X    X X\nX XX  XX X\nXH m     X\nXT   e   X\nXXXXXXXXXX\n", "Health: 10 X: 1 Y: 15\nXXXXXXXXXX\nXXXT     X\nXXXXXXXX X\nX     \u221e  X\nX XX XXXXX\nX XX XXXXX\nX \u221eX XT tX\nX XX XTX X\nX XX XTX X\nX \u221eXoXTX X\nX XX XXX X\nX        X\nX XXXXXX X\nXTX RR X X\nX X    X X\nXHXX  XX X\nX m      X\nXT   e   X\nXXXXXXXXXX\n", "Health: 10 X: 1 Y: 14\nXXXXXXXXXX\nXXXT     X\nXXXXXXXX X\nX     \u221e  X\nX XX XXXXX\nX XX XXXXX\nX \u221eX XT tX\nX XX XTX X\nX XX XTX X\nX \u221eXoXTX X\nX XX XXX X\nX        X\nX XXXXXX X\nXTX RR X X\nXHX    X X\nX XX  XX X\nXm       X\nXT   e   X\nXXXXXXXXXX\n", "Health: 10 X: 1 Y: 13\nXXXXXXXXXX\nXXXT     X\nXXXXXXXX X\nX     \u221e  X\nX XX XXXXX\nX XX XXXXX\nX \u221eX XT tX\nX XX XTX X\nX XX XTX X\nX \u221eXoXTX X\nX XX XXX X\nX        X\nX XXXXXX X\nX X RR X X\nX X    X X\nXmXX  XX X\nX        X\nXT   e   X\nXXXXXXXXXX\n", "Health: 10 X: 1 Y: 12\nXXXXXXXXXX\nXXXT     X\nXXXXXXXX X\nX     \u221e  X\nX XX XXXXX\nX XX XXXXX\nX \u221eX XT tX\nX XX XTX X\nX XX XTX X\nX \u221eXoXTX X\nX XX XXX X\nX        X\nXHXXXXXX X\nX X RR X X\nXmX    X X\nX XX  XX X\nX        X\nXT   e   X\nXXXXXXXXXX\n", "Health: 10 X: 1 Y: 11\nXXXXXXXXXX\nXXXT     X\nXXXXXXXX X\nX     \u221e  X\nX XX XXXXX\nX XX XXXXX\nX \u221eX XT tX\nX XX XTX X\nX XX XTX X\nX \u221eXoXTX X\nX XX XXX X\nXH       X\nX XXXXXX X\nX X RR X X\nX X    X X\nX XX  XX X\nX        X\nXT   e   X\nXXXXXXXXXX\n", "Health: 10 X: 2 Y: 11\nXXXXXXXXXX\nXXXT     X\nXXXXXXXX X\nX     \u221e  X\nX XX XXXXX\nX XX XXXXX\nX \u221eX XT tX\nX XX XTX X\nX XX XTX X\nX \u221eXoXTX X\nX XX XXX X\nX        X\nXmXXXXXX X\nX X RR X X\nX X    X X\nX XX  XX X\nX        X\nXT   e   X\nXXXXXXXXXX\n", "Health: 10 X: 3 Y: 11\nXXXXXXXXXX\nXXXT     X\nXXXXXXXX X\nX     \u221e  X\nX XX XXXXX\nX XX XXXXX\nX \u221eX XT tX\nX XX XTX X\nX XX XTX X\nX \u221eXoXTX X\nX XX XXX X\nXm H     X\nX XXXXXX X\nX X RR X X\nX X    X X\nX XX  XX X\nX        X\nXT   e   X\nXXXXXXXXXX\n", "Health: 10 X: 4 Y: 11\nXXXXXXXXXX\nXXXT     X\nXXXXXXXX X\nX     \u221e  X\nX XX XXXXX\nX XX XXXXX\nX \u221eX XT tX\nX XX XTX X\nX XX XTX X\nX \u221eX XTX X\nX XXoXXX X\nX   H    X\nX XXXXXX X\nX X RR X X\nX X    X X\nX XX  XX X\nX        X\nXT   e   X\nXXXXXXXXXX\n", "Health: 10 X: 5 Y: 11\nXXXXXXXXXX\nXXXT     X\nXXXXXXXX X\nX     \u221e  X\nX XX XXXXX\nX XX XXXXX\nX \u221eX XT tX\nX XX XTX X\nX XX XTX X\nX \u221eX XTX X\nX XX XXX X\nX  moH   X\nX XXXXXX X\nX X RR X X\nX X    X X\nX XX  XX X\nX        X\nXT   e   X\nXXXXXXXXXX\n", "Health: 10 X: 6 Y: 11\nXXXXXXXXXX\nXXXT     X\nXXXXXXXX X\nX     \u221e  X\nX XX XXXXX\nX XX XXXXX\nX \u221eX XT tX\nX XX XTX X\nX XX XTX X\nX \u221eX XTX X\nX XX XXX X\nX  m oH  X\nX XXXXXX X\nX X RR X X\nX X    X X\nX XX  XX X\nX        X\nXT   e   X\nXXXXXXXXXX\n", "Health: 10 X: 7 Y: 11\nXXXXXXXXXX\nXXXT     X\nXXXXXXXX X\nX     \u221e  X\nX XX XXXXX\nX XX XXXXX\nX \u221eX XT tX\nX XX XTX X\nX XX XTX X\nX \u221eX XTX X\nX XX XXX X\nX  m  o  X\nX XXXXXX X\nX X RR X X\nX X    X X\nX XX  XX X\nX        X\nXT   e   X\nXXXXXXXXXX\n", "Health: 10 X: 8 Y: 11\nXXXXXXXXXX\nXXXT     X\nXXXXXXXX X\nX     \u221e  X\nX XX XXXXX\nX XX XXXXX\nX \u221eX XT tX\nX XX XTX X\nX XX XTX X\nX \u221eX XTX X\nX XX XXX X\nX  m    HX\nX XXXXXX X\nX X RR X X\nX X    X X\nX XX  XX X\nX        X\nXT   e   X\nXXXXXXXXXX\n", "Health: 10 X: 8 Y: 12\nXXXXXXXXXX\nXXXT     X\nXXXXXXXX X\nX     \u221e  X\nX XX XXXXX\nX XX XXXXX\nX \u221eX XT tX\nX XX XTX X\nX XX XTX X\nX \u221eX XTX X\nX XX XXX X\nX  m     X\nX XXXXXXHX\nX X RR X X\nX X    X X\nX XX  XX X\nX        X\nXT   e   X\nXXXXXXXXXX\n", "Health: 10 X: 8 Y: 13\nXXXXXXXXXX\nXXXT     X\nXXXXXXXX X\nX     \u221e  X\nX XX XXXXX\nX XX XXXXX\nX \u221eX XT tX\nX XX XTX X\nX XX XTX X\nX \u221eX XTX X\nX XX XXX X\nX  m     X\nX XXXXXX X\nX X RR X X\nX X    X X\nX XX  XX X\nX        X\nXT   e   X\nXXXXXXXXXX\n", "Health: 10 X: 8 Y: 14\nXXXXXXXXXX\nXXXT     X\nXXXXXXXX X\nX     \u221e  X\nX XX XXXXX\nX XX XXXXX\nX \u221eX XT tX\nX XX XTX X\nX XX XTX X\nX \u221eX XTX X\nX XX XXX X\nX  m     X\nX XXXXXX X\nX X RR X X\nX X    XHX\nX XX  XX X\nX        X\nXT   e   X\nXXXXXXXXXX\n", "Health: 10 X: 8 Y: 15\nXXXXXXXXXX\nXXXT     X\nXXXXXXXX X\nX     \u221e  X\nX XX XXXXX\nX XX XXXXX\nX \u221eX XT tX\nX XX XTX X\nX XX XTX X\nX \u221eX XTX X\nX XX XXX X\nX   m    X\nX XXXXXX X\nX X RR X X\nX X    X X\nX XX  XXHX\nX        X\nXT   e   X\nXXXXXXXXXX\n", "Health: 10 X: 8 Y: 16\nXXXXXXXXXX\nXXXT     X\nXXXXXXXX X\nX     \u221e  X\nX XX XXXXX\nX XX XXXXX\nX \u221eX XT tX\nX XX XTX X\nX XX XTX X\nX \u221eX XTX X\nX XX XXX X\nX    m   X\nX XXXXXX X\nX X RR X X\nX X    X X\nX XX  XX X\nX       HX\nXT   e   X\nXXXXXXXXXX\n", "Health: 10 X: 8 Y: 17\nXXXXXXXXXX\nXXXT     X\nXXXXXXXX X\nX     \u221e  X\nX XX XXXXX\nX XX XXXXX\nX \u221eX XT tX\nX XX XTX X\nX XX XTX X\nX \u221eX XTX X\nX XX XXX X\nX     m  X\nX XXXXXX X\nX X RR X X\nX X    X X\nX XX  XX X\nX        X\nXT   e  HX\nXXXXXXXXXX\n", "Health: 10 X: 7 Y: 17\nXXXXXXXXXX\nXXXT     X\nXXXXXXXX X\nX     \u221e  X\nX XX XXXXX\nX XX XXXXX\nX \u221eX XT tX\nX XX XTX X\nX XX XTX X\nX \u221eX XTX X\nX XX XXX X\nX        X\nX XXXXXX X\nX X RR X X\nX X    X X\nX XX  XX X\nX        X\nXT   e H X\nXXXXXXXXXX\n", "Health: 10 X: 6 Y: 17\nXXXXXXXXXX\nXXXT     X\nXXXXXXXX X\nX     \u221e  X\nX XX XXXXX\nX XX XXXXX\nX \u221eX XT tX\nX XX XTX X\nX XX XTX X\nX \u221eX XTX X\nX XX XXX X\nX        X\nX XXXXXX X\nX X RR X X\nX X    X X\nX XX  XX X\nX        X\nXT   eH  X\nXXXXXXXXXX\n", "Health: 10 X: 5 Y: 17\nXXXXXXXXXX\nXXXT     X\nXXXXXXXX X\nX     \u221e  X\nX XX XXXXX\nX XX XXXXX\nX \u221eX XT tX\nX XX XTX X\nX XX XTX X\nX \u221eX XTX X\nX XX XXX X\nX        X\nX XXXXXX X\nX X R  X X\nX X  R X X\nX XX  XX X\nX        X\nXT   e   X\nXXXXXXXXXX\n"], "map_number": 201}], "timestamp": "11-Aug-2021 04:41:11.226330", "ip": "24.240.87.244"}