{"Q1": "Never", "Q2": "Never", "Q3": "Never", "Q4": "Never", "Q5": "Never", "Q6": "Never", "Q7": "Never", "Q8": "Never", "Q9": "Never", "Q10": "Never", "results": [{"mechanics": [{"timestep": 0, "mechanic": "CollectTreasure"}, {"timestep": 3, "mechanic": "OgreTreasure"}, {"timestep": 4, "mechanic": "JavelinThrow"}, {"timestep": 6, "mechanic": "MinitaurHit"}, {"timestep": 7, "mechanic": "TriggerTrap"}, {"timestep": 8, "mechanic": "CollectTreasure"}, {"timestep": 9, "mechanic": "CollectTreasure"}, {"timestep": 11, "mechanic": "MinitaurHit"}, {"timestep": 11, "mechanic": "TriggerTrap"}, {"timestep": 16, "mechanic": "CollectTreasure"}, {"timestep": 19, "mechanic": "BlobHit"}, {"timestep": 21, "mechanic": "JavelinThrow"}, {"timestep": 24, "mechanic": "MinitaurHit"}, {"timestep": 25, "mechanic": "JavelinThrow"}, {"timestep": 26, "mechanic": "MinitaurHit"}, {"timestep": 26, "mechanic": "GoblinRangedHit"}, {"timestep": 27, "mechanic": "JavelinThrow"}, {"timestep": 32, "mechanic": "CollectPotion"}, {"timestep": 35, "mechanic": "UsePortal"}, {"timestep": 36, "mechanic": "CollectTreasure"}, {"timestep": 39, "mechanic": "CollectTreasure"}, {"timestep": 44, "mechanic": "CollectTreasure"}, {"timestep": 53, "mechanic": "MinitaurHit"}, {"timestep": 54, "mechanic": "MinitaurHit"}, {"timestep": 55, "mechanic": "UsePortal"}, {"timestep": 68, "mechanic": "JavelinThrow"}, {"timestep": 69, "mechanic": "ReachStairs"}], "frequencies": {"CollectTreasure": 7, "OgreTreasure": 1, "JavelinThrow": 5, "MinitaurHit": 6, "TriggerTrap": 2, "BlobHit": 1, "GoblinRangedHit": 1, "CollectPotion": 1, "UsePortal": 2, "ReachStairs": 1}, "levelReport": {"utilityGained": 0.0, "exitUtility": 1.0, "runnerUtility": 0.30000000000000004, "loitererUtility": 70.0, "completionistUtility": 0.8716666666666666, "monsterKillerUtility": 0.825, "treasureCollectorUtility": 0.7899999999999999, "turnsTaken": 70, "health": 6, "healthLost": 6, "alive": true, "javelinsThrown": 5, "monsterKills": 3, "minitaurKnockouts": 6, "treasuresCollected": 7, "potionsTaken": 1, "totalMonsters": 5, "totalTreasures": 10, "totalPotions": 1, "timeTaken": 0.0}, "positions": [{"X": 6, "Y": 3}, {"X": 7, "Y": 3}, {"X": 6, "Y": 3}, {"X": 5, "Y": 3}, {"X": 5, "Y": 3}, {"X": 5, "Y": 2}, {"X": 5, "Y": 1}, {"X": 6, "Y": 1}, {"X": 7, "Y": 1}, {"X": 8, "Y": 1}, {"X": 7, "Y": 1}, {"X": 6, "Y": 1}, {"X": 5, "Y": 1}, {"X": 5, "Y": 2}, {"X": 5, "Y": 3}, {"X": 4, "Y": 3}, {"X": 3, "Y": 3}, {"X": 2, "Y": 3}, {"X": 2, "Y": 4}, {"X": 2, "Y": 5}, {"X": 2, "Y": 6}, {"X": 2, "Y": 6}, {"X": 2, "Y": 5}, {"X": 2, "Y": 4}, {"X": 2, "Y": 3}, {"X": 2, "Y": 3}, {"X": 2, "Y": 4}, {"X": 2, "Y": 4}, {"X": 2, "Y": 5}, {"X": 2, "Y": 6}, {"X": 2, "Y": 7}, {"X": 2, "Y": 8}, {"X": 2, "Y": 9}, {"X": 2, "Y": 10}, {"X": 2, "Y": 11}, {"X": 8, "Y": 11}, {"X": 8, "Y": 12}, {"X": 8, "Y": 13}, {"X": 7, "Y": 13}, {"X": 7, "Y": 14}, {"X": 7, "Y": 15}, {"X": 8, "Y": 15}, {"X": 7, "Y": 15}, {"X": 8, "Y": 15}, {"X": 8, "Y": 16}, {"X": 8, "Y": 17}, {"X": 8, "Y": 18}, {"X": 8, "Y": 17}, {"X": 8, "Y": 16}, {"X": 8, "Y": 15}, {"X": 7, "Y": 15}, {"X": 7, "Y": 14}, {"X": 7, "Y": 13}, {"X": 7, "Y": 12}, {"X": 7, "Y": 11}, {"X": 3, "Y": 11}, {"X": 2, "Y": 11}, {"X": 2, "Y": 12}, {"X": 2, "Y": 13}, {"X": 2, "Y": 14}, {"X": 2, "Y": 15}, {"X": 2, "Y": 16}, {"X": 1, "Y": 16}, {"X": 1, "Y": 17}, {"X": 1, "Y": 18}, {"X": 2, "Y": 18}, {"X": 3, "Y": 18}, {"X": 4, "Y": 18}, {"X": 4, "Y": 18}, {"X": 5, "Y": 18}], "levelStates": ["Health: 10 X: 6 Y: 3\nXXXXXXXXXX\nX m   tTTX\nXXXXX XXXX\nXX T     X\nXX XX XX X\nX   X X oX\nX   X X  X\nX  bX XT X\nXX XX XXTX\nX P X X  X\nXX XX XTXX\nX  TX X TX\nX M X X TX\nX   X X  X\nXX XX XTXX\nX R X X  X\nX   X XXTX\nX XXX X  X\nX    e   X\nXXXXXXXXXX\n", "Health: 10 X: 7 Y: 3\nXXXXXXXXXX\nX  m  tTTX\nXXXXX XXXX\nXX T   H X\nXX XX XX X\nX   X Xo X\nX   X X  X\nX  bX XT X\nXX XX XXTX\nX P X X  X\nXX XX XTXX\nX  TX X TX\nX M X X TX\nX   X X  X\nXX XX XTXX\nX R X X  X\nX   X XXTX\nX XXX X  X\nX    e   X\nXXXXXXXXXX\n", "Health: 10 X: 6 Y: 3\nXXXXXXXXXX\nX   m tTTX\nXXXXX XXXX\nXX T     X\nXX XX XX X\nX   X X  X\nX   X Xo X\nX  bX XT X\nXX XX XXTX\nX P X X  X\nXX XX XTXX\nX  TX X TX\nX M X X TX\nX   X X  X\nXX XX XTXX\nX R X X  X\nX   X XXTX\nX XXX X  X\nX    e   X\nXXXXXXXXXX\n", "Health: 10 X: 5 Y: 3\nXXXXXXXXXX\nX    mtTTX\nXXXXX XXXX\nXX T H   X\nXX XX XX X\nX   X X  X\nX   X X  X\nX  bX X  X\nXX XX XXTX\nX P X X  X\nXX XX XTXX\nX  TX X TX\nX M X X TX\nX   X X  X\nXX XX XTXX\nX R X X  X\nX   X XXTX\nX XXX X  X\nX    e   X\nXXXXXXXXXX\n", "Health: 10 X: 5 Y: 3\nXXXXXXXXXX\nX    mtTTX\nXXXXX XXXX\nXX T H   X\nXX XX XX X\nX   X X  X\nX   X X  X\nX  bX X  X\nXX XX XXTX\nX P X X  X\nXX XX XTXX\nX  TX X TX\nX M X X TX\nX   X X  X\nXX XX XTXX\nX R X X  X\nX   X XXTX\nX XXX X  X\nX    e   X\nXXXXXXXXXX\n", "Health: 10 X: 5 Y: 2\nXXXXXXXXXX\nX    mtTTX\nXXXXXHXXXX\nXX T     X\nXX XX XX X\nX   X X  X\nX   X X  X\nX  bX X  X\nXX XX XXTX\nX P X X  X\nXX XX XTXX\nX  TX X TX\nX M X X TX\nX   X X  X\nXX XX XTXX\nX R X X  X\nX   X XXTX\nX XXX X  X\nX    e   X\nXXXXXXXXXX\n", "Health: 10 X: 5 Y: 1\nXXXXXXXXXX\nX    mtTTX\nXXXXX XXXX\nXX T     X\nXX XX XX X\nX   X X  X\nX   X X  X\nX  bX X  X\nXX XX XXTX\nX P X X  X\nXX XX XTXX\nX  TX X TX\nX M X X TX\nX   X X  X\nXX XX XTXX\nX R X X  X\nX   X XXTX\nX XXX X  X\nX    e   X\nXXXXXXXXXX\n", "Health: 9 X: 6 Y: 1\nXXXXXXXXXX\nX    mtTTX\nXXXXX XXXX\nXX T     X\nXX XX XX X\nX   X X  X\nX   X X  X\nX  bX X  X\nXX XX XXTX\nX P X X  X\nXX XX XTXX\nX  TX X TX\nX M X X TX\nX   X X  X\nXX XX XTXX\nX R X X  X\nX   X XXTX\nX XXX X  X\nX    e   X\nXXXXXXXXXX\n", "Health: 9 X: 7 Y: 1\nXXXXXXXXXX\nX    mt TX\nXXXXX XXXX\nXX T     X\nXX XX XX X\nX   X X  X\nX   X X  X\nX  bX X  X\nXX XX XXTX\nX P X X  X\nXX XX XTXX\nX  TX X TX\nX M X X TX\nX   X X  X\nXX XX XTXX\nX R X X  X\nX   X XXTX\nX XXX X  X\nX    e   X\nXXXXXXXXXX\n", "Health: 9 X: 8 Y: 1\nXXXXXXXXXX\nX     t  X\nXXXXX XXXX\nXX T     X\nXX XX XX X\nX   X X  X\nX   X X  X\nX  bX X  X\nXX XX XXTX\nX P X X  X\nXX XX XTXX\nX  TX X TX\nX M X X TX\nX   X X  X\nXX XX XTXX\nX R X X  X\nX   X XXTX\nX XXX X  X\nX    e   X\nXXXXXXXXXX\n", "Health: 9 X: 7 Y: 1\nXXXXXXXXXX\nX     t  X\nXXXXX XXXX\nXX T     X\nXX XX XX X\nX   X X  X\nX   X X  X\nX  bX X  X\nXX XX XXTX\nX P X X  X\nXX XX XTXX\nX  TX X TX\nX M X X TX\nX   X X  X\nXX XX XTXX\nX R X X  X\nX   X XXTX\nX XXX X  X\nX    e   X\nXXXXXXXXXX\n", "Health: 8 X: 6 Y: 1\nXXXXXXXXXX\nX     t  X\nXXXXX XXXX\nXX T     X\nXX XX XX X\nX   X X  X\nX   X X  X\nX  bX X  X\nXX XX XXTX\nX P X X  X\nXX XX XTXX\nX  TX X TX\nX M X X TX\nX   X X  X\nXX XX XTXX\nX R X X  X\nX   X XXTX\nX XXX X  X\nX    e   X\nXXXXXXXXXX\n", "Health: 8 X: 5 Y: 1\nXXXXXXXXXX\nX    Ht  X\nXXXXX XXXX\nXX T     X\nXX XX XX X\nX   X X  X\nX   X X  X\nX  bX X  X\nXX XX XXTX\nX P X X  X\nXX XX XTXX\nX  TX X TX\nX M X X TX\nX   X X  X\nXX XX XTXX\nX R X X  X\nX   X XXTX\nX XXX X  X\nX    e   X\nXXXXXXXXXX\n", "Health: 8 X: 5 Y: 2\nXXXXXXXXXX\nX     t  X\nXXXXXHXXXX\nXX T     X\nXX XX XX X\nX   X X  X\nX   X X  X\nX  bX X  X\nXX XX XXTX\nX P X X  X\nXX XX XTXX\nX  TX X TX\nX M X X TX\nX   X X  X\nXX XX XTXX\nX R X X  X\nX   X XXTX\nX XXX X  X\nX    e   X\nXXXXXXXXXX\n", "Health: 8 X: 5 Y: 3\nXXXXXXXXXX\nX     t  X\nXXXXX XXXX\nXX T H   X\nXX XX XX X\nX   X X  X\nX   X X  X\nX  bX X  X\nXX XX XXTX\nX P X X  X\nXX XX XTXX\nX  TX X TX\nX M X X TX\nX   X X  X\nXX XX XTXX\nX R X X  X\nX   X XXTX\nX XXX X  X\nX    e   X\nXXXXXXXXXX\n", "Health: 8 X: 4 Y: 3\nXXXXXXXXXX\nX    mt  X\nXXXXX XXXX\nXX TH    X\nXX XX XX X\nX   X X  X\nX   X X  X\nX  bX X  X\nXX XX XXTX\nX P X X  X\nXX XX XTXX\nX  TX X TX\nX M X X TX\nX   X X  X\nXX XX XTXX\nX R X X  X\nX   X XXTX\nX XXX X  X\nX    e   X\nXXXXXXXXXX\n", "Health: 8 X: 3 Y: 3\nXXXXXXXXXX\nX     t  X\nXXXXXmXXXX\nXX       X\nXX XX XX X\nX   X X  X\nX   X X  X\nX  bX X  X\nXX XX XXTX\nX P X X  X\nXX XX XTXX\nX  TX X TX\nX M X X TX\nX   X X  X\nXX XX XTXX\nX R X X  X\nX   X XXTX\nX XXX X  X\nX    e   X\nXXXXXXXXXX\n", "Health: 8 X: 2 Y: 3\nXXXXXXXXXX\nX     t  X\nXXXXX XXXX\nXXH  m   X\nXX XX XX X\nX   X X  X\nX  bX X  X\nX   X X  X\nXX XX XXTX\nX P X X  X\nXX XX XTXX\nX MTX X TX\nX   X X TX\nX   X X  X\nXXRXX XTXX\nX   X X  X\nX   X XXTX\nX XXX X  X\nX    e   X\nXXXXXXXXXX\n", "Health: 8 X: 2 Y: 4\nXXXXXXXXXX\nX     t  X\nXXXXX XXXX\nXX  m    X\nXXHXX XX X\nX  bX X  X\nX   X X  X\nX   X X  X\nXX XX XXTX\nX P X X  X\nXXMXX XTXX\nX  TX X TX\nX   X X TX\nX R X X  X\nXX XX XTXX\nX   X X  X\nX   X XXTX\nX XXX X  X\nX    e   X\nXXXXXXXXXX\n", "Health: 7 X: 2 Y: 5\nXXXXXXXXXX\nX     t  X\nXXXXX XXXX\nXX       X\nXX XX XX X\nX H\u221eX X  X\nX   X X  X\nX   X X  X\nXX XX XXTX\nX M X X  X\nXX XX XTXX\nX  TX X TX\nX R X X TX\nX   X X  X\nXX XX XTXX\nX   X X  X\nX   X XXTX\nX XXX X  X\nX    e   X\nXXXXXXXXXX\n", "Health: 7 X: 2 Y: 6\nXXXXXXXXXX\nX     t  X\nXXXXX XXXX\nXXm      X\nXX XX XX X\nX  \u221eX X  X\nX H X X  X\nX   X X  X\nXXMXX XXTX\nX P X X  X\nXX XX XTXX\nX RTX X TX\nX   X X TX\nX   X X  X\nXX XX XTXX\nX   X X  X\nX   X XXTX\nX XXX X  X\nX    e   X\nXXXXXXXXXX\n", "Health: 7 X: 2 Y: 6\nXXXXXXXXXX\nX     t  X\nXXXXX XXXX\nXXm      X\nXX XX XX X\nX  \u221eX X  X\nX H X X  X\nX M X X  X\nXX XX XXTX\nX P X X  X\nXXRXX XTXX\nX  TX X TX\nX   X X TX\nX   X X  X\nXX XX XTXX\nX   X X  X\nX   X XXTX\nX XXX X  X\nX    e   X\nXXXXXXXXXX\n", "Health: 7 X: 2 Y: 5\nXXXXXXXXXX\nX     t  X\nXXXXX XXXX\nXXm      X\nXX XX XX X\nX H\u221eX X  X\nX M X X  X\nX   X X  X\nXX XX XXTX\nX R X X  X\nXX XX XTXX\nX  TX X TX\nX   X X TX\nX   X X  X\nXX XX XTXX\nX   X X  X\nX   X XXTX\nX XXX X  X\nX    e   X\nXXXXXXXXXX\n", "Health: 7 X: 2 Y: 4\nXXXXXXXXXX\nX     t  X\nXXXXX XXXX\nXXm      X\nXXHXX XX X\nX M\u221eX X  X\nX   X X  X\nX   X X  X\nXXRXX XXTX\nX P X X  X\nXX XX XTXX\nX  TX X TX\nX   X X TX\nX   X X  X\nXX XX XTXX\nX   X X  X\nX   X XXTX\nX XXX X  X\nX    e   X\nXXXXXXXXXX\n", "Health: 7 X: 2 Y: 3\nXXXXXXXXXX\nX     t  X\nXXXXX XXXX\nXXm      X\nXXMXX XX X\nX  \u221eX X  X\nX   X X  X\nX R X X  X\nXX XX XXTX\nX P X X  X\nXX XX XTXX\nX  TX X TX\nX   X X TX\nX   X X  X\nXX XX XTXX\nX   X X  X\nX   X XXTX\nX XXX X  X\nX    e   X\nXXXXXXXXXX\n", "Health: 7 X: 2 Y: 3\nXXXXXXXXXX\nX     t  X\nXXXXX XXXX\nXXm      X\nXX\u221eXX XX X\nX  \u221eX X  X\nX R X X  X\nX   X X  X\nXX XX XXTX\nX P X X  X\nXX XX XTXX\nX  TX X TX\nX   X X TX\nX   X X  X\nXX XX XTXX\nX   X X  X\nX   X XXTX\nX XXX X  X\nX    e   X\nXXXXXXXXXX\n", "Health: 5 X: 2 Y: 4\nXXXXXXXXXX\nX     t  X\nXXXXX XXXX\nXXm      X\nXX\u221eXX XX X\nX  \u221eX X  X\nX R X X  X\nX   X X  X\nXX XX XXTX\nX P X X  X\nXX XX XTXX\nX  TX X TX\nX   X X TX\nX   X X  X\nXX XX XTXX\nX   X X  X\nX   X XXTX\nX XXX X  X\nX    e   X\nXXXXXXXXXX\n", "Health: 5 X: 2 Y: 4\nXXXXXXXXXX\nX     t  X\nXXXXX XXXX\nXXm      X\nXX\u221eXX XX X\nX  \u221eX X  X\nX \u221e X X  X\nX   X X  X\nXX XX XXTX\nX P X X  X\nXX XX XTXX\nX  TX X TX\nX   X X TX\nX   X X  X\nXX XX XTXX\nX   X X  X\nX   X XXTX\nX XXX X  X\nX    e   X\nXXXXXXXXXX\n", "Health: 5 X: 2 Y: 5\nXXXXXXXXXX\nX     t  X\nXXXXX XXXX\nXXm      X\nXX\u221eXX XX X\nX H\u221eX X  X\nX \u221e X X  X\nX   X X  X\nXX XX XXTX\nX P X X  X\nXX XX XTXX\nX  TX X TX\nX   X X TX\nX   X X  X\nXX XX XTXX\nX   X X  X\nX   X XXTX\nX XXX X  X\nX    e   X\nXXXXXXXXXX\n", "Health: 5 X: 2 Y: 6\nXXXXXXXXXX\nX     t  X\nXXXXX XXXX\nXXm      X\nXX\u221eXX XX X\nX  \u221eX X  X\nX \u221e X X  X\nX   X X  X\nXX XX XXTX\nX P X X  X\nXX XX XTXX\nX  TX X TX\nX   X X TX\nX   X X  X\nXX XX XTXX\nX   X X  X\nX   X XXTX\nX XXX X  X\nX    e   X\nXXXXXXXXXX\n", "Health: 5 X: 2 Y: 7\nXXXXXXXXXX\nX     t  X\nXXXXX XXXX\nXXm      X\nXX\u221eXX XX X\nX  \u221eX X  X\nX \u221e X X  X\nX H X X  X\nXX XX XXTX\nX P X X  X\nXX XX XTXX\nX  TX X TX\nX   X X TX\nX   X X  X\nXX XX XTXX\nX   X X  X\nX   X XXTX\nX XXX X  X\nX    e   X\nXXXXXXXXXX\n", "Health: 5 X: 2 Y: 8\nXXXXXXXXXX\nX     t  X\nXXXXX XXXX\nXXm      X\nXX\u221eXX XX X\nX  \u221eX X  X\nX \u221e X X  X\nX   X X  X\nXXHXX XXTX\nX P X X  X\nXX XX XTXX\nX  TX X TX\nX   X X TX\nX   X X  X\nXX XX XTXX\nX   X X  X\nX   X XXTX\nX XXX X  X\nX    e   X\nXXXXXXXXXX\n", "Health: 7 X: 2 Y: 9\nXXXXXXXXXX\nX     t  X\nXXXXX XXXX\nXX       X\nXX\u221eXX XX X\nX  \u221eX X  X\nX \u221e X X  X\nX   X X  X\nXX XX XXTX\nX   X X  X\nXX XX XTXX\nX  TX X TX\nX   X X TX\nX   X X  X\nXX XX XTXX\nX   X X  X\nX   X XXTX\nX XXX X  X\nX    e   X\nXXXXXXXXXX\n", "Health: 7 X: 2 Y: 10\nXXXXXXXXXX\nX     t  X\nXXXXX XXXX\nXX       X\nXX\u221eXX XX X\nX m\u221eX X  X\nX \u221e X X  X\nX   X X  X\nXX XX XXTX\nX   X X  X\nXXHXX XTXX\nX  TX X TX\nX   X X TX\nX   X X  X\nXX XX XTXX\nX   X X  X\nX   X XXTX\nX XXX X  X\nX    e   X\nXXXXXXXXXX\n", "Health: 7 X: 2 Y: 11\nXXXXXXXXXX\nX     t  X\nXXXXX XXXX\nXX       X\nXX\u221eXX XX X\nX  \u221eX X  X\nX \u221e X X  X\nX   X X  X\nXX XX XXTX\nX   X X  X\nXX XX XTXX\nX HTX X TX\nX   X X TX\nX   X X  X\nXX XX XTXX\nX   X X  X\nX   X XXTX\nX XXX X  X\nX    e   X\nXXXXXXXXXX\n", "Health: 7 X: 8 Y: 11\nXXXXXXXXXX\nX     t  X\nXXXXX XXXX\nXX       X\nXX\u221eXX XX X\nX m\u221eX X  X\nX \u221e X X  X\nX   X X  X\nXX XX XXTX\nX   X X  X\nXX XX XTXX\nX  TX X TX\nX   X X TX\nX   X X  X\nXX XX XTXX\nX   X X  X\nX   X XXTX\nX XXX X  X\nX    e   X\nXXXXXXXXXX\n", "Health: 7 X: 8 Y: 12\nXXXXXXXXXX\nX     t  X\nXXXXX XXXX\nXX       X\nXX\u221eXX XX X\nX  \u221eX X  X\nX \u221e X X  X\nX   X X  X\nXX XX XXTX\nX   X X  X\nXX XX XTXX\nX  TX X TX\nX   X X  X\nX   X X  X\nXX XX XTXX\nX   X X  X\nX   X XXTX\nX XXX X  X\nX    e   X\nXXXXXXXXXX\n", "Health: 7 X: 8 Y: 13\nXXXXXXXXXX\nX     t  X\nXXXXX XXXX\nXXm      X\nXX\u221eXX XX X\nX  \u221eX X  X\nX \u221e X X  X\nX   X X  X\nXX XX XXTX\nX   X X  X\nXX XX XTXX\nX  TX X TX\nX   X X  X\nX   X X HX\nXX XX XTXX\nX   X X  X\nX   X XXTX\nX XXX X  X\nX    e   X\nXXXXXXXXXX\n", "Health: 7 X: 7 Y: 13\nXXXXXXXXXX\nX     t  X\nXXXXX XXXX\nXX       X\nXX\u221eXX XX X\nX  \u221eX X  X\nX \u221e X X  X\nX   X X  X\nXX XX XXTX\nX   X X  X\nXX XX XTXX\nX  TX X TX\nX   X X  X\nX   X XH X\nXX XX XTXX\nX   X X  X\nX   X XXTX\nX XXX X  X\nX    e   X\nXXXXXXXXXX\n", "Health: 7 X: 7 Y: 14\nXXXXXXXXXX\nX     t  X\nXXXXX XXXX\nXX  m    X\nXX\u221eXX XX X\nX  \u221eX X  X\nX \u221e X X  X\nX   X X  X\nXX XX XXTX\nX   X X  X\nXX XX XTXX\nX  TX X TX\nX   X X  X\nX   X X  X\nXX XX X XX\nX   X X  X\nX   X XXTX\nX XXX X  X\nX    e   X\nXXXXXXXXXX\n", "Health: 7 X: 7 Y: 15\nXXXXXXXXXX\nX     t  X\nXXXXX XXXX\nXX   m   X\nXX\u221eXX XX X\nX  \u221eX X  X\nX \u221e X X  X\nX   X X  X\nXX XX XXTX\nX   X X  X\nXX XX XTXX\nX  TX X TX\nX   X X  X\nX   X X  X\nXX XX X XX\nX   X XH X\nX   X XXTX\nX XXX X  X\nX    e   X\nXXXXXXXXXX\n", "Health: 7 X: 8 Y: 15\nXXXXXXXXXX\nX     t  X\nXXXXX XXXX\nXX       X\nXX\u221eXX XX X\nX  \u221eX X  X\nX \u221e X X  X\nX   X X  X\nXX XX XXTX\nX   X X  X\nXX XX XTXX\nX  TX X TX\nX   X X  X\nX   X X  X\nXX XX X XX\nX   X X HX\nX   X XXTX\nX XXX X  X\nX    e   X\nXXXXXXXXXX\n", "Health: 7 X: 7 Y: 15\nXXXXXXXXXX\nX     t  X\nXXXXX XXXX\nXX     m X\nXX\u221eXX XX X\nX  \u221eX X  X\nX \u221e X X  X\nX   X X  X\nXX XX XXTX\nX   X X  X\nXX XX XTXX\nX  TX X TX\nX   X X  X\nX   X X  X\nXX XX X XX\nX   X XH X\nX   X XXTX\nX XXX X  X\nX    e   X\nXXXXXXXXXX\n", "Health: 7 X: 8 Y: 15\nXXXXXXXXXX\nX     t  X\nXXXXX XXXX\nXX      mX\nXX\u221eXX XX X\nX  \u221eX X  X\nX \u221e X X  X\nX   X X  X\nXX XX XXTX\nX   X X  X\nXX XX XTXX\nX  TX X TX\nX   X X  X\nX   X X  X\nXX XX X XX\nX   X X HX\nX   X XXTX\nX XXX X  X\nX    e   X\nXXXXXXXXXX\n", "Health: 7 X: 8 Y: 16\nXXXXXXXXXX\nX     t  X\nXXXXX XXXX\nXX       X\nXX\u221eXX XXmX\nX  \u221eX X  X\nX \u221e X X  X\nX   X X  X\nXX XX XXTX\nX   X X  X\nXX XX XTXX\nX  TX X TX\nX   X X  X\nX   X X  X\nXX XX X XX\nX   X X  X\nX   X XX X\nX XXX X  X\nX    e   X\nXXXXXXXXXX\n", "Health: 7 X: 8 Y: 17\nXXXXXXXXXX\nX     t  X\nXXXXX XXXX\nXX       X\nXX\u221eXX XX X\nX  \u221eX X mX\nX \u221e X X  X\nX   X X  X\nXX XX XXTX\nX   X X  X\nXX XX XTXX\nX  TX X TX\nX   X X  X\nX   X X  X\nXX XX X XX\nX   X X  X\nX   X XX X\nX XXX X HX\nX    e   X\nXXXXXXXXXX\n", "Health: 7 X: 8 Y: 18\nXXXXXXXXXX\nX     t  X\nXXXXX XXXX\nXX       X\nXX\u221eXX XX X\nX  \u221eX X  X\nX \u221e X X mX\nX   X X  X\nXX XX XXTX\nX   X X  X\nXX XX XTXX\nX  TX X TX\nX   X X  X\nX   X X  X\nXX XX X XX\nX   X X  X\nX   X XX X\nX XXX X  X\nX    e  HX\nXXXXXXXXXX\n", "Health: 7 X: 8 Y: 17\nXXXXXXXXXX\nX     t  X\nXXXXX XXXX\nXX       X\nXX\u221eXX XX X\nX  \u221eX X  X\nX \u221e X X  X\nX   X X mX\nXX XX XXTX\nX   X X  X\nXX XX XTXX\nX  TX X TX\nX   X X  X\nX   X X  X\nXX XX X XX\nX   X X  X\nX   X XX X\nX XXX X HX\nX    e   X\nXXXXXXXXXX\n", "Health: 7 X: 8 Y: 16\nXXXXXXXXXX\nX     t  X\nXXXXX XXXX\nXX       X\nXX\u221eXX XX X\nX  \u221eX X  X\nX \u221e X X  X\nX   X X  X\nXX XX XXTX\nX   X X  X\nXX XX XTXX\nX  TX X TX\nX   X X  X\nX   X X  X\nXX XX X XX\nX   X X  X\nX   X XX X\nX XXX X  X\nX    e   X\nXXXXXXXXXX\n", "Health: 7 X: 8 Y: 15\nXXXXXXXXXX\nX     t  X\nXXXXX XXXX\nXX       X\nXX\u221eXX XX X\nX  \u221eX X  X\nX \u221e X X  X\nX   X X  X\nXX XX XXTX\nX   X X mX\nXX XX XTXX\nX  TX X TX\nX   X X  X\nX   X X  X\nXX XX X XX\nX   X X HX\nX   X XX X\nX XXX X  X\nX    e   X\nXXXXXXXXXX\n", "Health: 7 X: 7 Y: 15\nXXXXXXXXXX\nX     t  X\nXXXXX XXXX\nXX       X\nXX\u221eXX XX X\nX  \u221eX X  X\nX \u221e X X  X\nX   X X  X\nXX XX XXTX\nX   X Xm X\nXX XX XTXX\nX  TX X TX\nX   X X  X\nX   X X  X\nXX XX X XX\nX   X XH X\nX   X XX X\nX XXX X  X\nX    e   X\nXXXXXXXXXX\n", "Health: 7 X: 7 Y: 14\nXXXXXXXXXX\nX     t  X\nXXXXX XXXX\nXX       X\nXX\u221eXX XX X\nX  \u221eX X  X\nX \u221e X X  X\nX   X X  X\nXX XX XXTX\nX   X X  X\nXX XX XTXX\nX  TX X TX\nX   X X  X\nX   X X  X\nXX XX X XX\nX   X X  X\nX   X XX X\nX XXX X  X\nX    e   X\nXXXXXXXXXX\n", "Health: 7 X: 7 Y: 13\nXXXXXXXXXX\nX     t  X\nXXXXX XXXX\nXX       X\nXX\u221eXX XX X\nX  \u221eX X  X\nX \u221e X X  X\nX   X X  X\nXX XX XXTX\nX   X X  X\nXX XX XTXX\nX  TX XmTX\nX   X X  X\nX   X XH X\nXX XX X XX\nX   X X  X\nX   X XX X\nX XXX X  X\nX    e   X\nXXXXXXXXXX\n", "Health: 6 X: 7 Y: 12\nXXXXXXXXXX\nX     t  X\nXXXXX XXXX\nXX       X\nXX\u221eXX XX X\nX  \u221eX X  X\nX \u221e X X  X\nX   X X  X\nXX XX XXTX\nX   X X  X\nXX XX XTXX\nX  TX XmTX\nX   X XH X\nX   X X  X\nXX XX X XX\nX   X X  X\nX   X XX X\nX XXX X  X\nX    e   X\nXXXXXXXXXX\n", "Health: 6 X: 7 Y: 11\nXXXXXXXXXX\nX     t  X\nXXXXX XXXX\nXX       X\nXX\u221eXX XX X\nX  \u221eX X  X\nX \u221e X X  X\nX   X X  X\nXX XX XXTX\nX   X X  X\nXX XX XTXX\nX  TX XmTX\nX   X X  X\nX   X X  X\nXX XX X XX\nX   X X  X\nX   X XX X\nX XXX X  X\nX    e   X\nXXXXXXXXXX\n", "Health: 6 X: 3 Y: 11\nXXXXXXXXXX\nX     t  X\nXXXXX XXXX\nXX       X\nXX\u221eXX XX X\nX  \u221eX X  X\nX \u221e X X  X\nX   X X  X\nXX XX XXTX\nX   X X  X\nXX XX XTXX\nX  TX XmTX\nX   X X  X\nX   X X  X\nXX XX X XX\nX   X X  X\nX   X XX X\nX XXX X  X\nX    e   X\nXXXXXXXXXX\n", "Health: 6 X: 2 Y: 11\nXXXXXXXXXX\nX     t  X\nXXXXX XXXX\nXX       X\nXX\u221eXX XX X\nX  \u221eX X  X\nX \u221e X X  X\nX   X X  X\nXX XX XXTX\nX   X X  X\nXX XX XTXX\nX HTX XmTX\nX   X X  X\nX   X X  X\nXX XX X XX\nX   X X  X\nX   X XX X\nX XXX X  X\nX    e   X\nXXXXXXXXXX\n", "Health: 6 X: 2 Y: 12\nXXXXXXXXXX\nX     t  X\nXXXXX XXXX\nXX       X\nXX\u221eXX XX X\nX  \u221eX X  X\nX \u221e X X  X\nX   X X  X\nXX XX XXTX\nX   X X  X\nXX XX XTXX\nX  TX XmTX\nX H X X  X\nX   X X  X\nXX XX X XX\nX   X X  X\nX   X XX X\nX XXX X  X\nX    e   X\nXXXXXXXXXX\n", "Health: 6 X: 2 Y: 13\nXXXXXXXXXX\nX     t  X\nXXXXX XXXX\nXX       X\nXX\u221eXX XX X\nX  \u221eX X  X\nX \u221e X X  X\nX   X X  X\nXX XX XXTX\nX   X X  X\nXX XX XTXX\nX  TX XmTX\nX   X X  X\nX H X X  X\nXX XX X XX\nX   X X  X\nX   X XX X\nX XXX X  X\nX    e   X\nXXXXXXXXXX\n", "Health: 6 X: 2 Y: 14\nXXXXXXXXXX\nX     t  X\nXXXXX XXXX\nXX       X\nXX\u221eXX XX X\nX  \u221eX X  X\nX \u221e X X  X\nX   X X  X\nXX XX XXTX\nX   X X  X\nXX XX XTXX\nX  TX X TX\nX   X Xm X\nX   X X  X\nXXHXX X XX\nX   X X  X\nX   X XX X\nX XXX X  X\nX    e   X\nXXXXXXXXXX\n", "Health: 6 X: 2 Y: 15\nXXXXXXXXXX\nX     t  X\nXXXXX XXXX\nXX       X\nXX\u221eXX XX X\nX  \u221eX X  X\nX \u221e X X  X\nX   X X  X\nXX XX XXTX\nX   X X  X\nXX XX XTXX\nX  TX X TX\nX   X X  X\nX   X Xm X\nXX XX X XX\nX H X X  X\nX   X XX X\nX XXX X  X\nX    e   X\nXXXXXXXXXX\n", "Health: 6 X: 2 Y: 16\nXXXXXXXXXX\nX     t  X\nXXXXX XXXX\nXX       X\nXX\u221eXX XX X\nX  \u221eX X  X\nX \u221e X X  X\nX   X X  X\nXX XX XXTX\nX   X X  X\nXX XX XTXX\nX  TX X TX\nX   X X  X\nX   X X  X\nXX XX X XX\nX   X X  X\nX H X XX X\nX XXX X  X\nX    e   X\nXXXXXXXXXX\n", "Health: 6 X: 1 Y: 16\nXXXXXXXXXX\nX     t  X\nXXXXX XXXX\nXX       X\nXX\u221eXX XX X\nX  \u221eX X  X\nX \u221e X X  X\nX   X X  X\nXX XX XXTX\nX   X X  X\nXX XX XTXX\nX  TX X TX\nX   X X  X\nX   X X  X\nXX XX X XX\nX   X Xm X\nXH  X XX X\nX XXX X  X\nX    e   X\nXXXXXXXXXX\n", "Health: 6 X: 1 Y: 17\nXXXXXXXXXX\nX     t  X\nXXXXX XXXX\nXX       X\nXX\u221eXX XX X\nX  \u221eX X  X\nX \u221e X X  X\nX   X X  X\nXX XX XXTX\nX   X X  X\nXX XX XTXX\nX  TX X TX\nX   X X  X\nX   X X  X\nXX XX X XX\nX   X X mX\nX   X XX X\nXHXXX X  X\nX    e   X\nXXXXXXXXXX\n", "Health: 6 X: 1 Y: 18\nXXXXXXXXXX\nX     t  X\nXXXXX XXXX\nXX       X\nXX\u221eXX XX X\nX  \u221eX X  X\nX \u221e X X  X\nX   X X  X\nXX XX XXTX\nX   X X  X\nXX XX XTXX\nX  TX X TX\nX   X X  X\nX   X X  X\nXX XX X XX\nX   X X  X\nX   X XX X\nX XXX X  X\nXH   e   X\nXXXXXXXXXX\n", "Health: 6 X: 2 Y: 18\nXXXXXXXXXX\nX     t  X\nXXXXX XXXX\nXX       X\nXX\u221eXX XX X\nX  \u221eX X  X\nX \u221e X X  X\nX   X X  X\nXX XX XXTX\nX   X X  X\nXX XX XTXX\nX  TX X TX\nX   X X  X\nX   X X  X\nXX XX X XX\nX   X X  X\nX   X XX X\nX XXX X mX\nX H  e   X\nXXXXXXXXXX\n", "Health: 6 X: 3 Y: 18\nXXXXXXXXXX\nX     t  X\nXXXXX XXXX\nXX       X\nXX\u221eXX XX X\nX  \u221eX X  X\nX \u221e X X  X\nX   X X  X\nXX XX XXTX\nX   X X  X\nXX XX XTXX\nX  TX X TX\nX   X X  X\nX   X X  X\nXX XX X XX\nX   X X  X\nX   X XX X\nX XXX Xm X\nX  H e   X\nXXXXXXXXXX\n", "Health: 6 X: 4 Y: 18\nXXXXXXXXXX\nX     t  X\nXXXXX XXXX\nXX       X\nXX\u221eXX XX X\nX  \u221eX X  X\nX \u221e X X  X\nX   X X  X\nXX XX XXTX\nX   X X  X\nXX XX XTXX\nX  TX X TX\nX   X X  X\nX   X X  X\nXX XX X XX\nX   X X  X\nX   X XX X\nX XXX X  X\nX   He m X\nXXXXXXXXXX\n", "Health: 6 X: 4 Y: 18\nXXXXXXXXXX\nX     t  X\nXXXXX XXXX\nXX       X\nXX\u221eXX XX X\nX  \u221eX X  X\nX \u221e X X  X\nX   X X  X\nXX XX XXTX\nX   X X  X\nXX XX XTXX\nX  TX X TX\nX   X X  X\nX   X X  X\nXX XX X XX\nX   X X  X\nX   X XX X\nX XXX X  X\nX   He m X\nXXXXXXXXXX\n", "Health: 6 X: 5 Y: 18\nXXXXXXXXXX\nX     t  X\nXXXXX XXXX\nXX       X\nXX\u221eXX XX X\nX  \u221eX X  X\nX \u221e X X  X\nX   X X  X\nXX XX XXTX\nX   X X  X\nXX XX XTXX\nX  TX X TX\nX   X X  X\nX   X X  X\nXX XX X XX\nX   X X  X\nX   X XX X\nX XXX X  X\nX    e m X\nXXXXXXXXXX\n"], "map_number": 100}, {"mechanics": [{"timestep": 2, "mechanic": "JavelinThrow"}, {"timestep": 4, "mechanic": "MinitaurHit"}, {"timestep": 7, "mechanic": "UsePortal"}, {"timestep": 11, "mechanic": "CollectTreasure"}, {"timestep": 15, "mechanic": "UsePortal"}, {"timestep": 17, "mechanic": "UsePortal"}, {"timestep": 21, "mechanic": "CollectTreasure"}, {"timestep": 21, "mechanic": "GoblinRangedHit"}, {"timestep": 22, "mechanic": "CollectTreasure"}, {"timestep": 22, "mechanic": "GoblinRangedHit"}, {"timestep": 28, "mechanic": "CollectTreasure"}, {"timestep": 31, "mechanic": "CollectPotion"}, {"timestep": 37, "mechanic": "TriggerTrap"}, {"timestep": 39, "mechanic": "CollectTreasure"}, {"timestep": 40, "mechanic": "CollectTreasure"}, {"timestep": 41, "mechanic": "CollectTreasure"}, {"timestep": 42, "mechanic": "CollectTreasure"}, {"timestep": 49, "mechanic": "MinitaurHit"}, {"timestep": 49, "mechanic": "TriggerTrap"}, {"timestep": 62, "mechanic": "CollectPotion"}, {"timestep": 69, "mechanic": "UsePortal"}, {"timestep": 71, "mechanic": "UsePortal"}, {"timestep": 75, "mechanic": "ReachStairs"}], "frequencies": {"JavelinThrow": 1, "MinitaurHit": 2, "UsePortal": 5, "CollectTreasure": 8, "GoblinRangedHit": 2, "CollectPotion": 2, "TriggerTrap": 2, "ReachStairs": 1}, "levelReport": {"utilityGained": 0.0, "exitUtility": 1.0, "runnerUtility": 0.24, "loitererUtility": 76.0, "completionistUtility": 0.8444444444444443, "monsterKillerUtility": 0.5333333333333333, "treasureCollectorUtility": 1.0, "turnsTaken": 76, "health": 10, "healthLost": 4, "alive": true, "javelinsThrown": 1, "monsterKills": 2, "minitaurKnockouts": 5, "treasuresCollected": 8, "potionsTaken": 2, "totalMonsters": 7, "totalTreasures": 8, "totalPotions": 2, "timeTaken": 0.0}, "positions": [{"X": 8, "Y": 2}, {"X": 8, "Y": 1}, {"X": 8, "Y": 1}, {"X": 7, "Y": 1}, {"X": 6, "Y": 1}, {"X": 5, "Y": 1}, {"X": 4, "Y": 1}, {"X": 1, "Y": 17}, {"X": 1, "Y": 16}, {"X": 1, "Y": 15}, {"X": 1, "Y": 14}, {"X": 1, "Y": 13}, {"X": 1, "Y": 14}, {"X": 1, "Y": 15}, {"X": 1, "Y": 16}, {"X": 3, "Y": 1}, {"X": 4, "Y": 1}, {"X": 1, "Y": 17}, {"X": 2, "Y": 17}, {"X": 3, "Y": 17}, {"X": 3, "Y": 16}, {"X": 4, "Y": 16}, {"X": 5, "Y": 16}, {"X": 6, "Y": 16}, {"X": 7, "Y": 16}, {"X": 8, "Y": 16}, {"X": 8, "Y": 15}, {"X": 8, "Y": 14}, {"X": 8, "Y": 13}, {"X": 8, "Y": 12}, {"X": 8, "Y": 11}, {"X": 7, "Y": 11}, {"X": 8, "Y": 11}, {"X": 8, "Y": 10}, {"X": 8, "Y": 9}, {"X": 8, "Y": 8}, {"X": 8, "Y": 7}, {"X": 8, "Y": 6}, {"X": 7, "Y": 6}, {"X": 6, "Y": 6}, {"X": 6, "Y": 7}, {"X": 6, "Y": 8}, {"X": 6, "Y": 9}, {"X": 6, "Y": 8}, {"X": 6, "Y": 7}, {"X": 6, "Y": 6}, {"X": 7, "Y": 6}, {"X": 6, "Y": 6}, {"X": 7, "Y": 6}, {"X": 8, "Y": 6}, {"X": 8, "Y": 7}, {"X": 8, "Y": 8}, {"X": 8, "Y": 9}, {"X": 8, "Y": 10}, {"X": 8, "Y": 11}, {"X": 8, "Y": 12}, {"X": 8, "Y": 11}, {"X": 7, "Y": 11}, {"X": 6, "Y": 11}, {"X": 5, "Y": 11}, {"X": 4, "Y": 11}, {"X": 3, "Y": 11}, {"X": 2, "Y": 11}, {"X": 1, "Y": 11}, {"X": 1, "Y": 12}, {"X": 1, "Y": 13}, {"X": 1, "Y": 14}, {"X": 1, "Y": 15}, {"X": 1, "Y": 16}, {"X": 3, "Y": 1}, {"X": 4, "Y": 1}, {"X": 1, "Y": 17}, {"X": 2, "Y": 17}, {"X": 3, "Y": 17}, {"X": 4, "Y": 17}, {"X": 5, "Y": 17}], "levelStates": ["Health: 10 X: 8 Y: 2\nXXXXXXXXXX\nXXXT m   X\nXXXXXXXXHX\nX    b   X\nX XX XXXXX\nX XX XXXXX\nX MX XT tX\nX XX XTX X\nX XX XTX X\nX MX XTX X\nX XX XXX X\nX P o  P X\nX XXXXXX X\nXTX RR XTX\nX X    X X\nX XX  XX X\nX   TT   X\nXT   e   X\nXXXXXXXXXX\n", "Health: 10 X: 8 Y: 1\nXXXXXXXXXX\nXXXT  m HX\nXXXXXXXX X\nX    b   X\nX XX XXXXX\nX XX XXXXX\nX MX XT tX\nX XX XTX X\nX XX XTX X\nX MX XTX X\nX XX XXX X\nX P o  P X\nX XXXXXX X\nXTX RR XTX\nX X    X X\nX XX  XX X\nX   TT   X\nXT   e   X\nXXXXXXXXXX\n", "Health: 10 X: 8 Y: 1\nXXXXXXXXXX\nXXXT  m HX\nXXXXXXXX X\nX    b   X\nX XX XXXXX\nX XX XXXXX\nX MX XT tX\nX XX XTX X\nX XX XTX X\nX MX XTX X\nX XX XXX X\nX P o  P X\nX XXXXXX X\nXTX RR XTX\nX X    X X\nX XX  XX X\nX   TT   X\nXT   e   X\nXXXXXXXXXX\n", "Health: 10 X: 7 Y: 1\nXXXXXXXXXX\nXXXT  mH X\nXXXXXXXX X\nX    b   X\nX XX XXXXX\nX XX XXXXX\nX MX XT tX\nX XX XTX X\nX XX XTX X\nX MX XTX X\nX XX XXX X\nX P o  P X\nX XXXXXX X\nXTX RR XTX\nX X    X X\nX XX  XX X\nX   TT   X\nXT   e   X\nXXXXXXXXXX\n", "Health: 10 X: 6 Y: 1\nXXXXXXXXXX\nXXXT  m  X\nXXXXXXXX X\nX    b   X\nX XX XXXXX\nX XX XXXXX\nX MX XT tX\nX XX XTX X\nX XX XTX X\nX MX XTX X\nX XX XXX X\nX P o  P X\nX XXXXXX X\nXTX RR XTX\nX X    X X\nX XX  XX X\nX   TT   X\nXT   e   X\nXXXXXXXXXX\n", "Health: 10 X: 5 Y: 1\nXXXXXXXXXX\nXXXT Hm  X\nXXXXXXXX X\nX    b   X\nX XX XXXXX\nX XX XXXXX\nX MX XT tX\nX XX XTX X\nX XX XTX X\nX MX XTX X\nX XX XXX X\nX P o  P X\nX XXXXXX X\nXTX RR XTX\nX X    X X\nX XX  XX X\nX   TT   X\nXT   e   X\nXXXXXXXXXX\n", "Health: 10 X: 4 Y: 1\nXXXXXXXXXX\nXXXTH m  X\nXXXXXXXX X\nX    b   X\nX XX XXXXX\nX XX XXXXX\nX MX XT tX\nX XX XTX X\nX XX XTX X\nX MX XTX X\nX XX XXX X\nX P o  P X\nX XXXXXX X\nXTX RR XTX\nX X    X X\nX XX  XX X\nX   TT   X\nXT   e   X\nXXXXXXXXXX\n", "Health: 10 X: 1 Y: 17\nXXXXXXXXXX\nXXXT   m X\nXXXXXXXX X\nX    b   X\nX XX XXXXX\nX XX XXXXX\nX MX XT tX\nX XX XTX X\nX XX XTX X\nX MX XTX X\nX XX XXX X\nX P o  P X\nX XXXXXX X\nXTX RR XTX\nX X    X X\nX XX  XX X\nX   TT   X\nXT   e   X\nXXXXXXXXXX\n", "Health: 10 X: 1 Y: 16\nXXXXXXXXXX\nXXXT    mX\nXXXXXXXX X\nX    b   X\nX XX XXXXX\nX XX XXXXX\nX MX XT tX\nX XX XTX X\nX XX XTX X\nX MX XTX X\nX XX XXX X\nX P o  P X\nX XXXXXX X\nXTX RR XTX\nX X    X X\nX XX  XX X\nXH  TT   X\nXT   e   X\nXXXXXXXXXX\n", "Health: 10 X: 1 Y: 15\nXXXXXXXXXX\nXXXT     X\nXXXXXXXXmX\nX    b   X\nX XX XXXXX\nX XX XXXXX\nX MX XT tX\nX XX XTX X\nX XX XTX X\nX MX XTX X\nX XX XXX X\nX P o  P X\nX XXXXXX X\nXTX RR XTX\nX X    X X\nXHXX  XX X\nX   TT   X\nXT   e   X\nXXXXXXXXXX\n", "Health: 10 X: 1 Y: 14\nXXXXXXXXXX\nXXXT     X\nXXXXXXXX X\nX    b  mX\nX XX XXXXX\nX XX XXXXX\nX MX XT tX\nX XX XTX X\nX XX XTX X\nX MX XTX X\nX XX XXX X\nX P o  P X\nX XXXXXX X\nXTX RR XTX\nXHX    X X\nX XX  XX X\nX   TT   X\nXT   e   X\nXXXXXXXXXX\n", "Health: 10 X: 1 Y: 13\nXXXXXXXXXX\nXXXT     X\nXXXXXXXX X\nX    b m X\nX XX XXXXX\nX XX XXXXX\nX MX XT tX\nX XX XTX X\nX XX XTX X\nX MX XTX X\nX XX XXX X\nX P o  P X\nX XXXXXX X\nX X RR XTX\nX X    X X\nX XX  XX X\nX   TT   X\nXT   e   X\nXXXXXXXXXX\n", "Health: 10 X: 1 Y: 14\nXXXXXXXXXX\nXXXT     X\nXXXXXXXX X\nX    bm  X\nX XX XXXXX\nX XX XXXXX\nX MX XT tX\nX XX XTX X\nX XX XTX X\nX MX XTX X\nX XX XXX X\nX P o  P X\nX XXXXXX X\nX X RR XTX\nXHX    X X\nX XX  XX X\nX   TT   X\nXT   e   X\nXXXXXXXXXX\n", "Health: 10 X: 1 Y: 15\nXXXXXXXXXX\nXXXT     X\nXXXXXXXX X\nX    \u221e   X\nX XX XXXXX\nX XX XXXXX\nX MX XT tX\nX XX XTX X\nX XX XTX X\nX MX XTX X\nX XX XXX X\nX P o  P X\nX XXXXXX X\nX X RR XTX\nX X    X X\nXHXX  XX X\nX   TT   X\nXT   e   X\nXXXXXXXXXX\n", "Health: 10 X: 1 Y: 16\nXXXXXXXXXX\nXXXT     X\nXXXXXXXX X\nX    \u221e   X\nX XX XXXXX\nX XX XXXXX\nX MX XT tX\nX XX XTX X\nX XX XTX X\nX MX XTX X\nX XX XXX X\nX P o  P X\nX XXXXXX X\nX X RR XTX\nX X    X X\nX XX  XX X\nXH  TT   X\nXT   e   X\nXXXXXXXXXX\n", "Health: 10 X: 3 Y: 1\nXXXXXXXXXX\nXXXT     X\nXXXXXXXX X\nX    \u221e   X\nX XX XXXXX\nX XX XXXXX\nX MX XT tX\nX XX XTX X\nX XX XTX X\nX MX XTX X\nX XX XXX X\nX P o  P X\nX XXXXXX X\nX X RR XTX\nX X    X X\nX XX  XX X\nX   TT   X\nXT   e   X\nXXXXXXXXXX\n", "Health: 10 X: 4 Y: 1\nXXXXXXXXXX\nXXXTH    X\nXXXXXXXX X\nX    \u221e   X\nX XX XXXXX\nX XX XXXXX\nX MX XT tX\nX XX XTX X\nX XX XTX X\nX MX XTX X\nX XX XXX X\nX P o  P X\nX XXXXXX X\nX X RR XTX\nX X    X X\nX XX  XX X\nX   TT   X\nXT   e   X\nXXXXXXXXXX\n", "Health: 10 X: 1 Y: 17\nXXXXXXXXXX\nXXXT     X\nXXXXXXXX X\nX    \u221e   X\nX XX XXXXX\nX XX XXXXX\nX MX XT tX\nX XX XTX X\nX XX XTX X\nX MX XTX X\nX XX XXX X\nX P o  P X\nX XXXXXX X\nX X RR XTX\nX X    X X\nX XX  XX X\nX   TT   X\nXT   e   X\nXXXXXXXXXX\n", "Health: 10 X: 2 Y: 17\nXXXXXXXXXX\nXXXT     X\nXXXXXXXX X\nX    \u221e   X\nX XX XXXXX\nX XX XXXXX\nX MX XT tX\nX XX XTX X\nX XX XTX X\nX MX XTX X\nX XX XXX X\nX P o  P X\nX XXXXXX X\nX X RR XTX\nX X    X X\nX XX  XX X\nX   TT   X\nXTH  e   X\nXXXXXXXXXX\n", "Health: 10 X: 3 Y: 17\nXXXXXXXXXX\nXXXT     X\nXXXXXXXX X\nX   m\u221e   X\nX XX XXXXX\nX XX XXXXX\nX MX XT tX\nX XX XTX X\nX XX XTX X\nX MX XTX X\nX XX XXX X\nX P o  P X\nX XXXXXX X\nX X RR XTX\nX X    X X\nX XX  XX X\nX   TT   X\nXT H e   X\nXXXXXXXXXX\n", "Health: 10 X: 3 Y: 16\nXXXXXXXXXX\nXXXT     X\nXXXXXXXX X\nX    \u221e   X\nX XXmXXXXX\nX XX XXXXX\nX MX XT tX\nX XX XTX X\nX XX XTX X\nX MX XTX X\nX XX XXX X\nX P o  P X\nX XXXXXX X\nX X RR XTX\nX X    X X\nX XX  XX X\nX  HTT   X\nXT   e   X\nXXXXXXXXXX\n", "Health: 9 X: 4 Y: 16\nXXXXXXXXXX\nXXXT     X\nXXXXXXXX X\nX    \u221e   X\nX XX XXXXX\nX XXmXXXXX\nX MX XT tX\nX XX XTX X\nX XX XTX X\nX MX XTX X\nX XX XXX X\nX P o  P X\nX XXXXXX X\nX X RR XTX\nX X    X X\nX XX  XX X\nX    T   X\nXT   e   X\nXXXXXXXXXX\n", "Health: 8 X: 5 Y: 16\nXXXXXXXXXX\nXXXT     X\nXXXXXXXX X\nX    \u221e   X\nX XX XXXXX\nX XX XXXXX\nX MXmXT tX\nX XX XTX X\nX XX XTX X\nX MX XTX X\nX XX XXX X\nX P o  P X\nX XXXXXX X\nX X RR XTX\nX X    X X\nX XX  XX X\nX        X\nXT   e   X\nXXXXXXXXXX\n", "Health: 8 X: 6 Y: 16\nXXXXXXXXXX\nXXXT     X\nXXXXXXXX X\nX    \u221e   X\nX XX XXXXX\nX XX XXXXX\nX MX XT tX\nX XXmXTX X\nX XX XTX X\nX MX XTX X\nX XX XXX X\nX P o  P X\nX XXXXXX X\nX X RR XTX\nX X    X X\nX XX  XX X\nX     H  X\nXT   e   X\nXXXXXXXXXX\n", "Health: 8 X: 7 Y: 16\nXXXXXXXXXX\nXXXT     X\nXXXXXXXX X\nX    \u221e   X\nX XX XXXXX\nX XX XXXXX\nX MX XT tX\nX XX XTX X\nX XXmXTX X\nX MX XTX X\nX XX XXX X\nX P o  P X\nX XXXXXX X\nX X RR XTX\nX X    X X\nX XX  XX X\nX      H X\nXT   e   X\nXXXXXXXXXX\n", "Health: 8 X: 8 Y: 16\nXXXXXXXXXX\nXXXT     X\nXXXXXXXX X\nX    \u221e   X\nX XX XXXXX\nX XX XXXXX\nX MX XT tX\nX XX XTX X\nX XX XTX X\nX MXmXTX X\nX XX XXX X\nX P o  P X\nX XXXXXX X\nX X RR XTX\nX X    X X\nX XX  XX X\nX       HX\nXT   e   X\nXXXXXXXXXX\n", "Health: 8 X: 8 Y: 15\nXXXXXXXXXX\nXXXT     X\nXXXXXXXX X\nX    \u221e   X\nX XX XXXXX\nX XX XXXXX\nX MX XT tX\nX XX XTX X\nX XX XTX X\nX MX XTX X\nX XXmXXX X\nX P o  P X\nX XXXXXX X\nX X RR XTX\nX X    X X\nX XX  XXHX\nX        X\nXT   e   X\nXXXXXXXXXX\n", "Health: 8 X: 8 Y: 14\nXXXXXXXXXX\nXXXT     X\nXXXXXXXX X\nX    \u221e   X\nX XX XXXXX\nX XX XXXXX\nX MX XT tX\nX XX XTX X\nX XX XTX X\nX MX XTX X\nX XXmXXX X\nX P o  P X\nX XXXXXX X\nX X RR XTX\nX X    XHX\nX XX  XX X\nX        X\nXT   e   X\nXXXXXXXXXX\n", "Health: 8 X: 8 Y: 13\nXXXXXXXXXX\nXXXT     X\nXXXXXXXX X\nX    \u221e   X\nX XX XXXXX\nX XX XXXXX\nX MX XT tX\nX XX XTX X\nX XX XTX X\nX MX XTX X\nX XXmXXX X\nX P o  P X\nX XXXXXX X\nX X RR X X\nX X    X X\nX XX  XX X\nX        X\nXT   e   X\nXXXXXXXXXX\n", "Health: 8 X: 8 Y: 12\nXXXXXXXXXX\nXXXT     X\nXXXXXXXX X\nX    \u221e   X\nX XX XXXXX\nX XX XXXXX\nX MX XT tX\nX XX XTX X\nX XX XTX X\nX MX XTX X\nX XXmXXX X\nX P o  P X\nX XXXXXXHX\nX X RR X X\nX X    X X\nX XX  XX X\nX        X\nXT   e   X\nXXXXXXXXXX\n", "Health: 8 X: 8 Y: 11\nXXXXXXXXXX\nXXXT     X\nXXXXXXXX X\nX    \u221e   X\nX XX XXXXX\nX XX XXXXX\nX MX XT tX\nX XX XTX X\nX XX XTX X\nX MX XTX X\nX XXmXXX X\nX P  o PHX\nX XXXXXX X\nX X RR X X\nX X    X X\nX XX  XX X\nX        X\nXT   e   X\nXXXXXXXXXX\n", "Health: 10 X: 7 Y: 11\nXXXXXXXXXX\nXXXT     X\nXXXXXXXX X\nX    \u221e   X\nX XX XXXXX\nX XX XXXXX\nX MX XT tX\nX XX XTX X\nX XX XTX X\nX MX XTX X\nX XXmXXX X\nX P   o  X\nX XXXXXX X\nX X RR X X\nX X    X X\nX XX  XX X\nX        X\nXT   e   X\nXXXXXXXXXX\n", "Health: 10 X: 8 Y: 11\nXXXXXXXXXX\nXXXT     X\nXXXXXXXX X\nX    \u221e   X\nX XX XXXXX\nX XX XXXXX\nX MX XT tX\nX XX XTX X\nX XX XTX X\nX MX XTX X\nX XXmXXX X\nX P     HX\nX XXXXXX X\nX X RR X X\nX X    X X\nX XX  XX X\nX        X\nXT   e   X\nXXXXXXXXXX\n", "Health: 10 X: 8 Y: 10\nXXXXXXXXXX\nXXXT     X\nXXXXXXXX X\nX    \u221e   X\nX XX XXXXX\nX XX XXXXX\nX MX XT tX\nX XX XTX X\nX XX XTX X\nX MX XTX X\nX XX XXXHX\nX P m    X\nX XXXXXX X\nX X RR X X\nX X    X X\nX XX  XX X\nX        X\nXT   e   X\nXXXXXXXXXX\n", "Health: 10 X: 8 Y: 9\nXXXXXXXXXX\nXXXT     X\nXXXXXXXX X\nX    \u221e   X\nX XX XXXXX\nX XX XXXXX\nX MX XT tX\nX XX XTX X\nX XX XTX X\nX MX XTXHX\nX XX XXX X\nX P  m   X\nX XXXXXX X\nX X RR X X\nX X    X X\nX XX  XX X\nX        X\nXT   e   X\nXXXXXXXXXX\n", "Health: 10 X: 8 Y: 8\nXXXXXXXXXX\nXXXT     X\nXXXXXXXX X\nX    \u221e   X\nX XX XXXXX\nX XX XXXXX\nX MX XT tX\nX XX XTX X\nX XX XTXHX\nX MX XTX X\nX XX XXX X\nX P   m  X\nX XXXXXX X\nX X RR X X\nX X    X X\nX XX  XX X\nX        X\nXT   e   X\nXXXXXXXXXX\n", "Health: 10 X: 8 Y: 7\nXXXXXXXXXX\nXXXT     X\nXXXXXXXX X\nX    \u221e   X\nX XX XXXXX\nX XX XXXXX\nX MX XT tX\nX XX XTXHX\nX XX XTX X\nX MX XTX X\nX XX XXX X\nX P      X\nX XXXXXX X\nX X RR X X\nX X    X X\nX XX  XX X\nX        X\nXT   e   X\nXXXXXXXXXX\n", "Health: 9 X: 8 Y: 6\nXXXXXXXXXX\nXXXT     X\nXXXXXXXX X\nX    \u221e   X\nX XX XXXXX\nX XX XXXXX\nX MX XT tX\nX XX XTX X\nX XX XTX X\nX MX XTX X\nX XX XXX X\nX P      X\nX XXXXXX X\nX X RR X X\nX X    X X\nX XX  XX X\nX        X\nXT   e   X\nXXXXXXXXXX\n", "Health: 9 X: 7 Y: 6\nXXXXXXXXXX\nXXXT     X\nXXXXXXXX X\nX    \u221e   X\nX XX XXXXX\nX XX XXXXX\nX MX XTHtX\nX XX XTX X\nX XX XTX X\nX MX XTX X\nX XX XXX X\nX P      X\nX XXXXXX X\nX X RR X X\nX X    X X\nX XX  XX X\nX        X\nXT   e   X\nXXXXXXXXXX\n", "Health: 9 X: 6 Y: 6\nXXXXXXXXXX\nXXXT     X\nXXXXXXXX X\nX    \u221e   X\nX XX XXXXX\nX XX XXXXX\nX MX X  tX\nX XX XTX X\nX XX XTX X\nX MX XTX X\nX XX XXX X\nX P      X\nX XXXXXX X\nX X RR X X\nX X    X X\nX XX  XX X\nX        X\nXT   e   X\nXXXXXXXXXX\n", "Health: 9 X: 6 Y: 7\nXXXXXXXXXX\nXXXT     X\nXXXXXXXX X\nX    \u221e   X\nX XX XXXXX\nX XX XXXXX\nX MX X  tX\nX XX X X X\nX XX XTX X\nX MX XTX X\nX XX XXX X\nX P      X\nX XXXXXX X\nX X RR X X\nX X    X X\nX XX  XX X\nX        X\nXT   e   X\nXXXXXXXXXX\n", "Health: 9 X: 6 Y: 8\nXXXXXXXXXX\nXXXT     X\nXXXXXXXX X\nX    \u221e   X\nX XX XXXXX\nX XX XXXXX\nX MX X  tX\nX XX X X X\nX XX X X X\nX MX XTX X\nX XX XXX X\nX P      X\nX XXXXXX X\nX X RR X X\nX X    X X\nX XX  XX X\nX        X\nXT   e   X\nXXXXXXXXXX\n", "Health: 9 X: 6 Y: 9\nXXXXXXXXXX\nXXXT     X\nXXXXXXXX X\nX    \u221e   X\nX XX XXXXX\nX XX XXXXX\nX MX X  tX\nX XX X X X\nX XX X X X\nX MX X X X\nX XX XXX X\nX P     mX\nX XXXXXX X\nX X RR X X\nX X    X X\nX XX  XX X\nX        X\nXT   e   X\nXXXXXXXXXX\n", "Health: 9 X: 6 Y: 8\nXXXXXXXXXX\nXXXT     X\nXXXXXXXX X\nX    \u221e   X\nX XX XXXXX\nX XX XXXXX\nX MX X  tX\nX XX X X X\nX XX X X X\nX MX X X X\nX XX XXXmX\nX P      X\nX XXXXXX X\nX X RR X X\nX X    X X\nX XX  XX X\nX        X\nXT   e   X\nXXXXXXXXXX\n", "Health: 9 X: 6 Y: 7\nXXXXXXXXXX\nXXXT     X\nXXXXXXXX X\nX    \u221e   X\nX XX XXXXX\nX XX XXXXX\nX MX X  tX\nX XX X X X\nX XX X X X\nX MX X XmX\nX XX XXX X\nX P      X\nX XXXXXX X\nX X RR X X\nX X    X X\nX XX  XX X\nX        X\nXT   e   X\nXXXXXXXXXX\n", "Health: 9 X: 6 Y: 6\nXXXXXXXXXX\nXXXT     X\nXXXXXXXX X\nX    \u221e   X\nX XX XXXXX\nX XX XXXXX\nX MX X  tX\nX XX X X X\nX XX X XmX\nX MX X X X\nX XX XXX X\nX P      X\nX XXXXXX X\nX X RR X X\nX X    X X\nX XX  XX X\nX        X\nXT   e   X\nXXXXXXXXXX\n", "Health: 9 X: 7 Y: 6\nXXXXXXXXXX\nXXXT     X\nXXXXXXXX X\nX    \u221e   X\nX XX XXXXX\nX XX XXXXX\nX MX X HtX\nX XX X XmX\nX XX X X X\nX MX X X X\nX XX XXX X\nX P      X\nX XXXXXX X\nX X RR X X\nX X    X X\nX XX  XX X\nX        X\nXT   e   X\nXXXXXXXXXX\n", "Health: 9 X: 6 Y: 6\nXXXXXXXXXX\nXXXT     X\nXXXXXXXX X\nX    \u221e   X\nX XX XXXXX\nX XX XXXXX\nX MX X  tX\nX XX X X X\nX XX X X X\nX MX X X X\nX XX XXX X\nX P      X\nX XXXXXX X\nX X RR X X\nX X    X X\nX XX  XX X\nX        X\nXT   e   X\nXXXXXXXXXX\n", "Health: 9 X: 7 Y: 6\nXXXXXXXXXX\nXXXT     X\nXXXXXXXX X\nX    \u221e   X\nX XX XXXXX\nX XX XXXXX\nX MX X HtX\nX XX X X X\nX XX X X X\nX MX X X X\nX XX XXX X\nX P      X\nX XXXXXX X\nX X RR X X\nX X    X X\nX XX  XX X\nX        X\nXT   e   X\nXXXXXXXXXX\n", "Health: 8 X: 8 Y: 6\nXXXXXXXXXX\nXXXT     X\nXXXXXXXX X\nX    \u221e   X\nX XX XXXXX\nX XX XXXXX\nX MX X  tX\nX XX X X X\nX XX X X X\nX MX X X X\nX XX XXX X\nX P      X\nX XXXXXX X\nX X RR X X\nX X    X X\nX XX  XX X\nX        X\nXT   e   X\nXXXXXXXXXX\n", "Health: 8 X: 8 Y: 7\nXXXXXXXXXX\nXXXT     X\nXXXXXXXX X\nX    \u221e   X\nX XX XXXXX\nX XX XXXXX\nX MX X  tX\nX XX X XHX\nX XX X X X\nX MX X X X\nX XX XXX X\nX P      X\nX XXXXXX X\nX X RR X X\nX X    X X\nX XX  XX X\nX        X\nXT   e   X\nXXXXXXXXXX\n", "Health: 8 X: 8 Y: 8\nXXXXXXXXXX\nXXXT     X\nXXXXXXXX X\nX    \u221e   X\nX XX XXXXX\nX XX XXXXX\nX MX X  tX\nX XX X X X\nX XX X XHX\nX MX X X X\nX XX XXX X\nX P      X\nX XXXXXX X\nX X RR X X\nX X    X X\nX XX  XX X\nX        X\nXT   e   X\nXXXXXXXXXX\n", "Health: 8 X: 8 Y: 9\nXXXXXXXXXX\nXXXT     X\nXXXXXXXX X\nX    \u221e   X\nX XX XXXXX\nX XX XXXXX\nX MX X  tX\nX XX X X X\nX XX X X X\nX MX X XHX\nX XX XXX X\nX P      X\nX XXXXXX X\nX X RR X X\nX X    X X\nX XX  XX X\nX        X\nXT   e   X\nXXXXXXXXXX\n", "Health: 8 X: 8 Y: 10\nXXXXXXXXXX\nXXXT     X\nXXXXXXXX X\nX    \u221e   X\nX XX XXXXX\nX XX XXXXX\nX MX X  tX\nX XX X XmX\nX XX X X X\nX MX X X X\nX XX XXXHX\nX P      X\nX XXXXXX X\nX X RR X X\nX X    X X\nX XX  XX X\nX        X\nXT   e   X\nXXXXXXXXXX\n", "Health: 8 X: 8 Y: 11\nXXXXXXXXXX\nXXXT     X\nXXXXXXXX X\nX    \u221e   X\nX XX XXXXX\nX XX XXXXX\nX MX X  tX\nX XX X X X\nX XX X XmX\nX MX X X X\nX XX XXX X\nX P     HX\nX XXXXXX X\nX X RR X X\nX X    X X\nX XX  XX X\nX        X\nXT   e   X\nXXXXXXXXXX\n", "Health: 8 X: 8 Y: 12\nXXXXXXXXXX\nXXXT     X\nXXXXXXXX X\nX    \u221e   X\nX XX XXXXX\nX XX XXXXX\nX MX X  tX\nX XX X X X\nX XX X X X\nX MX X XmX\nX XX XXX X\nX P      X\nX XXXXXXHX\nX X RR X X\nX X    X X\nX XX  XX X\nX        X\nXT   e   X\nXXXXXXXXXX\n", "Health: 8 X: 8 Y: 11\nXXXXXXXXXX\nXXXT     X\nXXXXXXXX X\nX    \u221e   X\nX XX XXXXX\nX XX XXXXX\nX MX X  tX\nX XX X X X\nX XX X X X\nX MX X X X\nX XX XXXmX\nX P     HX\nX XXXXXX X\nX X RR X X\nX X    X X\nX XX  XX X\nX        X\nXT   e   X\nXXXXXXXXXX\n", "Health: 8 X: 7 Y: 11\nXXXXXXXXXX\nXXXT     X\nXXXXXXXX X\nX    \u221e   X\nX XX XXXXX\nX XX XXXXX\nX MX X  tX\nX XX X X X\nX XX X X X\nX MX X X X\nX XX XXX X\nX P     mX\nX XXXXXX X\nX X RR X X\nX X    X X\nX XX  XX X\nX        X\nXT   e   X\nXXXXXXXXXX\n", "Health: 8 X: 6 Y: 11\nXXXXXXXXXX\nXXXT     X\nXXXXXXXX X\nX    \u221e   X\nX XX XXXXX\nX XX XXXXX\nX MX X  tX\nX XX X X X\nX XX X X X\nX MX X X X\nX XX XXX X\nX P   H  X\nX XXXXXX X\nX X RR X X\nX X    X X\nX XX  XX X\nX        X\nXT   e   X\nXXXXXXXXXX\n", "Health: 8 X: 5 Y: 11\nXXXXXXXXXX\nXXXT     X\nXXXXXXXX X\nX    \u221e   X\nX XX XXXXX\nX XX XXXXX\nX MX X  tX\nX XX X X X\nX XX X X X\nX MX X X X\nX XX XXX X\nX P  Hm  X\nX XXXXXX X\nX X RR X X\nX X    X X\nX XX  XX X\nX        X\nXT   e   X\nXXXXXXXXXX\n", "Health: 8 X: 4 Y: 11\nXXXXXXXXXX\nXXXT     X\nXXXXXXXX X\nX    \u221e   X\nX XX XXXXX\nX XX XXXXX\nX MX X  tX\nX XX X X X\nX XX X X X\nX MX X X X\nX XX XXX X\nX P Hm   X\nX XXXXXX X\nX X RR X X\nX X    X X\nX XX  XX X\nX        X\nXT   e   X\nXXXXXXXXXX\n", "Health: 8 X: 3 Y: 11\nXXXXXXXXXX\nXXXT     X\nXXXXXXXX X\nX    \u221e   X\nX XX XXXXX\nX XX XXXXX\nX MX X  tX\nX XX X X X\nX XX X X X\nX MX X X X\nX XX XXX X\nX PHm    X\nX XXXXXX X\nX X RR X X\nX X    X X\nX XX  XX X\nX        X\nXT   e   X\nXXXXXXXXXX\n", "Health: 10 X: 2 Y: 11\nXXXXXXXXXX\nXXXT     X\nXXXXXXXX X\nX    \u221e   X\nX XX XXXXX\nX XX XXXXX\nX MX X  tX\nX XX X X X\nX XX X X X\nX MX X X X\nX XX XXX X\nX  m     X\nX XXXXXX X\nX X RR X X\nX X    X X\nX XX  XX X\nX        X\nXT   e   X\nXXXXXXXXXX\n", "Health: 10 X: 1 Y: 11\nXXXXXXXXXX\nXXXT     X\nXXXXXXXX X\nX    \u221e   X\nX XX XXXXX\nX XX XXXXX\nX MX X  tX\nX XX X X X\nX XX X X X\nX MX X X X\nX XX XXX X\nXH       X\nX XXXXXX X\nX X RR X X\nX X    X X\nX XX  XX X\nX        X\nXT   e   X\nXXXXXXXXXX\n", "Health: 10 X: 1 Y: 12\nXXXXXXXXXX\nXXXT     X\nXXXXXXXX X\nX    \u221e   X\nX XX XXXXX\nX XX XXXXX\nX MX X  tX\nX XX X X X\nX XX X X X\nX MX X X X\nX XX XXX X\nXm       X\nXHXXXXXX X\nX X RR X X\nX X    X X\nX XX  XX X\nX        X\nXT   e   X\nXXXXXXXXXX\n", "Health: 10 X: 1 Y: 13\nXXXXXXXXXX\nXXXT     X\nXXXXXXXX X\nX    \u221e   X\nX XX XXXXX\nX XX XXXXX\nX MX X  tX\nX XX X X X\nX XX X X X\nX MX X X X\nX XX XXX X\nX        X\nXmXXXXXX X\nX X RR X X\nX X    X X\nX XX  XX X\nX        X\nXT   e   X\nXXXXXXXXXX\n", "Health: 10 X: 1 Y: 14\nXXXXXXXXXX\nXXXT     X\nXXXXXXXX X\nX    \u221e   X\nX XX XXXXX\nX XX XXXXX\nX MX X  tX\nX XX X X X\nX XX X X X\nX MX X X X\nX XX XXX X\nX        X\nX XXXXXX X\nX X RR X X\nXHX    X X\nX XX  XX X\nX        X\nXT   e   X\nXXXXXXXXXX\n", "Health: 10 X: 1 Y: 15\nXXXXXXXXXX\nXXXT     X\nXXXXXXXX X\nX    \u221e   X\nX XX XXXXX\nX XX XXXXX\nX MX X  tX\nX XX X X X\nX XX X X X\nX MX X X X\nX XX XXX X\nX        X\nX XXXXXX X\nX X RR X X\nXmX    X X\nXHXX  XX X\nX        X\nXT   e   X\nXXXXXXXXXX\n", "Health: 10 X: 1 Y: 16\nXXXXXXXXXX\nXXXT     X\nXXXXXXXX X\nX    \u221e   X\nX XX XXXXX\nX XX XXXXX\nX MX X  tX\nX XX X X X\nX XX X X X\nX MX X X X\nX XX XXX X\nX        X\nX XXXXXX X\nX X RR X X\nX X    X X\nXmXX  XX X\nXH       X\nXT   e   X\nXXXXXXXXXX\n", "Health: 10 X: 3 Y: 1\nXXXXXXXXXX\nXXXT     X\nXXXXXXXX X\nX    \u221e   X\nX XX XXXXX\nX XX XXXXX\nX MX X  tX\nX XX X X X\nX XX X X X\nX MX X X X\nX XX XXX X\nX        X\nX XXXXXX X\nX X RR X X\nXmX    X X\nX XX  XX X\nX        X\nXT   e   X\nXXXXXXXXXX\n", "Health: 10 X: 4 Y: 1\nXXXXXXXXXX\nXXXTH    X\nXXXXXXXX X\nX    \u221e   X\nX XX XXXXX\nX XX XXXXX\nX MX X  tX\nX XX X X X\nX XX X X X\nX MX X X X\nX XX XXX X\nX        X\nX XXXXXX X\nX X RR X X\nX X    X X\nX XX  XX X\nX        X\nXT   e   X\nXXXXXXXXXX\n", "Health: 10 X: 1 Y: 17\nXXXXXXXXXX\nXXXT     X\nXXXXXXXX X\nX    \u221e   X\nX XX XXXXX\nX XX XXXXX\nX MX X  tX\nX XX X X X\nX XX X X X\nX MX X X X\nX XX XXX X\nX        X\nX XXXXXX X\nX X RR X X\nXmX    X X\nX XX  XX X\nX        X\nXT   e   X\nXXXXXXXXXX\n", "Health: 10 X: 2 Y: 17\nXXXXXXXXXX\nXXXT     X\nXXXXXXXX X\nX    \u221e   X\nX XX XXXXX\nX XX XXXXX\nX MX X  tX\nX XX X X X\nX XX X X X\nX MX X X X\nX XX XXX X\nX        X\nX XXXXXX X\nX X RR X X\nX X    X X\nXmXX  XX X\nX        X\nXTH  e   X\nXXXXXXXXXX\n", "Health: 10 X: 3 Y: 17\nXXXXXXXXXX\nXXXT     X\nXXXXXXXX X\nX    \u221e   X\nX XX XXXXX\nX XX XXXXX\nX MX X  tX\nX XX X X X\nX XX X X X\nX MX X X X\nX XX XXX X\nX        X\nX XXXXXX X\nX X RR X X\nX X    X X\nX XX  XX X\nXm       X\nXT H e   X\nXXXXXXXXXX\n", "Health: 10 X: 4 Y: 17\nXXXXXXXXXX\nXXXT     X\nXXXXXXXX X\nX    \u221e   X\nX XX XXXXX\nX XX XXXXX\nX MX X  tX\nX XX X X X\nX XX X X X\nX MX X X X\nX XX XXX X\nX        X\nX XXXXXX X\nX X R  X X\nX X R  X X\nX XX  XX X\nX m      X\nXT  He   X\nXXXXXXXXXX\n", "Health: 10 X: 5 Y: 17\nXXXXXXXXXX\nXXXT     X\nXXXXXXXX X\nX    \u221e   X\nX XX XXXXX\nX XX XXXXX\nX MX X  tX\nX XX X X X\nX XX X X X\nX MX X X X\nX XX XXX X\nX        X\nX XXXXXX X\nX X  R X X\nX X  R X X\nX XX  XX X\nX  m     X\nXT   e   X\nXXXXXXXXXX\n"], "map_number": 201}, {"mechanics": [{"timestep": 2, "mechanic": "OgreTreasure"}, {"timestep": 2, "mechanic": "BlobPotion"}, {"timestep": 3, "mechanic": "OgreTreasure"}, {"timestep": 3, "mechanic": "BlobPotion"}, {"timestep": 7, "mechanic": "CollectTreasure"}, {"timestep": 9, "mechanic": "CollectTreasure"}, {"timestep": 20, "mechanic": "BlobHit"}, {"timestep": 27, "mechanic": "CollectTreasure"}, {"timestep": 32, "mechanic": "CollectTreasure"}, {"timestep": 33, "mechanic": "CollectTreasure"}, {"timestep": 35, "mechanic": "CollectTreasure"}, {"timestep": 36, "mechanic": "BlobHit"}, {"timestep": 36, "mechanic": "CollectTreasure"}, {"timestep": 38, "mechanic": "JavelinThrow"}, {"timestep": 40, "mechanic": "MinitaurHit"}, {"timestep": 53, "mechanic": "JavelinThrow"}, {"timestep": 53, "mechanic": "OgreHit"}, {"timestep": 56, "mechanic": "JavelinThrow"}, {"timestep": 57, "mechanic": "MinitaurHit"}, {"timestep": 60, "mechanic": "JavelinThrow"}, {"timestep": 69, "mechanic": "BlobHit"}, {"timestep": 69, "mechanic": "BlobHit"}, {"timestep": 71, "mechanic": "MinitaurHit"}, {"timestep": 72, "mechanic": "MinitaurHit"}, {"timestep": 88, "mechanic": "JavelinThrow"}, {"timestep": 90, "mechanic": "MinitaurHit"}, {"timestep": 93, "mechanic": "MinitaurHit"}, {"timestep": 107, "mechanic": "JavelinThrow"}, {"timestep": 109, "mechanic": "MinitaurHit"}, {"timestep": 128, "mechanic": "JavelinThrow"}, {"timestep": 139, "mechanic": "ReachStairs"}, {"timestep": 139, "mechanic": "MinitaurHit"}, {"timestep": 139, "mechanic": "Die"}], "frequencies": {"OgreTreasure": 2, "BlobPotion": 2, "CollectTreasure": 7, "BlobHit": 4, "JavelinThrow": 7, "MinitaurHit": 8, "OgreHit": 1, "ReachStairs": 1, "Die": 1}, "levelReport": {"utilityGained": 0.0, "exitUtility": 0.0, "runnerUtility": -5.4, "loitererUtility": 135.0, "completionistUtility": -4.285185185185185, "monsterKillerUtility": -4.0, "treasureCollectorUtility": -4.155555555555556, "turnsTaken": 140, "health": 0, "healthLost": 10, "alive": false, "javelinsThrown": 7, "monsterKills": 5, "minitaurKnockouts": 9, "treasuresCollected": 7, "potionsTaken": 0, "totalMonsters": 6, "totalTreasures": 9, "totalPotions": 2, "timeTaken": 0.0}, "positions": [{"X": 8, "Y": 3}, {"X": 7, "Y": 3}, {"X": 6, "Y": 3}, {"X": 5, "Y": 3}, {"X": 4, "Y": 3}, {"X": 3, "Y": 3}, {"X": 3, "Y": 2}, {"X": 3, "Y": 1}, {"X": 2, "Y": 1}, {"X": 1, "Y": 1}, {"X": 1, "Y": 2}, {"X": 1, "Y": 3}, {"X": 2, "Y": 3}, {"X": 3, "Y": 3}, {"X": 4, "Y": 3}, {"X": 5, "Y": 3}, {"X": 6, "Y": 3}, {"X": 7, "Y": 3}, {"X": 7, "Y": 4}, {"X": 7, "Y": 5}, {"X": 7, "Y": 6}, {"X": 7, "Y": 7}, {"X": 7, "Y": 8}, {"X": 7, "Y": 9}, {"X": 7, "Y": 10}, {"X": 7, "Y": 11}, {"X": 7, "Y": 12}, {"X": 7, "Y": 13}, {"X": 7, "Y": 14}, {"X": 7, "Y": 15}, {"X": 7, "Y": 16}, {"X": 7, "Y": 17}, {"X": 6, "Y": 17}, {"X": 6, "Y": 18}, {"X": 7, "Y": 18}, {"X": 8, "Y": 18}, {"X": 8, "Y": 17}, {"X": 7, "Y": 17}, {"X": 7, "Y": 17}, {"X": 7, "Y": 16}, {"X": 7, "Y": 15}, {"X": 7, "Y": 14}, {"X": 7, "Y": 13}, {"X": 7, "Y": 12}, {"X": 7, "Y": 11}, {"X": 7, "Y": 10}, {"X": 7, "Y": 9}, {"X": 7, "Y": 8}, {"X": 6, "Y": 8}, {"X": 5, "Y": 8}, {"X": 4, "Y": 8}, {"X": 3, "Y": 8}, {"X": 2, "Y": 8}, {"X": 2, "Y": 8}, {"X": 2, "Y": 7}, {"X": 2, "Y": 6}, {"X": 2, "Y": 6}, {"X": 3, "Y": 6}, {"X": 3, "Y": 7}, {"X": 3, "Y": 8}, {"X": 3, "Y": 8}, {"X": 2, "Y": 8}, {"X": 2, "Y": 9}, {"X": 2, "Y": 10}, {"X": 2, "Y": 11}, {"X": 2, "Y": 12}, {"X": 2, "Y": 13}, {"X": 2, "Y": 14}, {"X": 2, "Y": 15}, {"X": 2, "Y": 16}, {"X": 2, "Y": 17}, {"X": 2, "Y": 16}, {"X": 2, "Y": 15}, {"X": 2, "Y": 14}, {"X": 2, "Y": 13}, {"X": 2, "Y": 12}, {"X": 2, "Y": 11}, {"X": 2, "Y": 10}, {"X": 2, "Y": 9}, {"X": 2, "Y": 8}, {"X": 3, "Y": 8}, {"X": 4, "Y": 8}, {"X": 5, "Y": 8}, {"X": 6, "Y": 8}, {"X": 7, "Y": 8}, {"X": 7, "Y": 7}, {"X": 7, "Y": 6}, {"X": 6, "Y": 6}, {"X": 6, "Y": 6}, {"X": 6, "Y": 7}, {"X": 6, "Y": 8}, {"X": 6, "Y": 9}, {"X": 7, "Y": 9}, {"X": 6, "Y": 9}, {"X": 7, "Y": 9}, {"X": 7, "Y": 10}, {"X": 7, "Y": 11}, {"X": 7, "Y": 12}, {"X": 7, "Y": 13}, {"X": 7, "Y": 14}, {"X": 7, "Y": 15}, {"X": 7, "Y": 16}, {"X": 7, "Y": 17}, {"X": 7, "Y": 18}, {"X": 8, "Y": 18}, {"X": 8, "Y": 17}, {"X": 7, "Y": 17}, {"X": 7, "Y": 17}, {"X": 7, "Y": 16}, {"X": 7, "Y": 15}, {"X": 7, "Y": 14}, {"X": 7, "Y": 13}, {"X": 7, "Y": 12}, {"X": 7, "Y": 11}, {"X": 7, "Y": 10}, {"X": 7, "Y": 9}, {"X": 7, "Y": 8}, {"X": 7, "Y": 7}, {"X": 7, "Y": 6}, {"X": 7, "Y": 5}, {"X": 7, "Y": 4}, {"X": 7, "Y": 3}, {"X": 6, "Y": 3}, {"X": 5, "Y": 3}, {"X": 4, "Y": 3}, {"X": 3, "Y": 3}, {"X": 2, "Y": 3}, {"X": 1, "Y": 3}, {"X": 1, "Y": 3}, {"X": 2, "Y": 3}, {"X": 2, "Y": 4}, {"X": 2, "Y": 5}, {"X": 2, "Y": 6}, {"X": 2, "Y": 7}, {"X": 2, "Y": 8}, {"X": 2, "Y": 9}, {"X": 2, "Y": 10}, {"X": 2, "Y": 9}, {"X": 1, "Y": 9}, {"X": 1, "Y": 8}], "levelStates": ["Health: 10 X: 8 Y: 3\nXXXXXXXXXX\nXT TX m  X\nX   XXX  X\nX       HX\nX   XX   X\nXX XXXX XX\nX TTXXPP X\nX   XX   X\nXeo    b X\nX   XX   X\nXX XXXX XX\nX   XX   X\nX   XX   X\nX      T X\nX   XX   X\nXX XXXX XX\nX   XX   X\nXb bXXT TX\nX M XXT TX\nXXXXXXXXXX\n", "Health: 10 X: 7 Y: 3\nXXXXXXXXXX\nXT TX  m X\nX   XXX  X\nX      H X\nX   XX   X\nXX XXXX XX\nX TTXXPP X\nX o XX b X\nXe       X\nX   XX   X\nXX XXXX XX\nX   XX   X\nX   XX   X\nX      T X\nX   XX   X\nXX XXXX XX\nX   XX   X\nXb bXXT TX\nX M XXT TX\nXXXXXXXXXX\n", "Health: 10 X: 6 Y: 3\nXXXXXXXXXX\nXT TX    X\nX   XXXm X\nX     H  X\nX   XX   X\nXX XXXX XX\nX oTXXPb X\nX   XX   X\nXe       X\nX   XX   X\nXX XXXX XX\nX   XX   X\nX   XX   X\nX      T X\nX   XX   X\nXX XXXX XX\nX   XX   X\nXb bXXT TX\nX M XXT TX\nXXXXXXXXXX\n", "Health: 10 X: 5 Y: 3\nXXXXXXXXXX\nXT TX    X\nX   XXX  X\nX    H m X\nX   XX   X\nXX XXXX XX\nX  oXXb  X\nX   XX   X\nXe       X\nX   XX   X\nXX XXXX XX\nX   XX   X\nX   XX   X\nX      T X\nX   XX   X\nXX XXXX XX\nX   XX   X\nXb bXXT TX\nX M XXT TX\nXXXXXXXXXX\n", "Health: 10 X: 4 Y: 3\nXXXXXXXXXX\nXT TX    X\nX   XXX  X\nX   H m  X\nX   XX   X\nXX XXXX XX\nX  oXXb  X\nX   XX   X\nXe       X\nX   XX   X\nXX XXXX XX\nX   XX   X\nX   XX   X\nX      T X\nX   XX   X\nXX XXXX XX\nX   XX   X\nXb bXXT TX\nX M XXT TX\nXXXXXXXXXX\n", "Health: 10 X: 3 Y: 3\nXXXXXXXXXX\nXT TX    X\nX   XXX  X\nX  H m   X\nX   XX   X\nXX XXXX XX\nX  oXXb  X\nX   XX   X\nXe       X\nX   XX   X\nXX XXXX XX\nX   XX   X\nX   XX   X\nX      T X\nX   XX   X\nXX XXXX XX\nX   XX   X\nXb bXXT TX\nX M XXT TX\nXXXXXXXXXX\n", "Health: 10 X: 3 Y: 2\nXXXXXXXXXX\nXT TX    X\nX  HXXX  X\nX   m    X\nX   XX   X\nXX XXXX XX\nX  oXXb  X\nX   XX   X\nXe       X\nX   XX   X\nXX XXXX XX\nX   XX   X\nX   XX   X\nX      T X\nX   XX   X\nXX XXXX XX\nX   XX   X\nXb bXXT TX\nX M XXT TX\nXXXXXXXXXX\n", "Health: 10 X: 3 Y: 1\nXXXXXXXXXX\nXT  X    X\nX   XXX  X\nX  m     X\nX   XX   X\nXX XXXX XX\nX  oXXb  X\nX   XX   X\nXe       X\nX   XX   X\nXX XXXX XX\nX   XX   X\nX   XX   X\nX      T X\nX   XX   X\nXX XXXX XX\nX   XX   X\nXb bXXT TX\nX M XXT TX\nXXXXXXXXXX\n", "Health: 10 X: 2 Y: 1\nXXXXXXXXXX\nXTH X    X\nX  mXXX  X\nX        X\nX   XX   X\nXX XXXX XX\nX  oXXb  X\nX   XX   X\nXe       X\nX   XX   X\nXX XXXX XX\nX   XX   X\nX   XX   X\nX      T X\nX   XX   X\nXX XXXX XX\nX   XX   X\nXbMbXXT TX\nX   XXT TX\nXXXXXXXXXX\n", "Health: 10 X: 1 Y: 1\nXXXXXXXXXX\nX  mX    X\nX   XXX  X\nX        X\nX   XX   X\nXX XXXX XX\nX  oXXb  X\nX   XX   X\nXe       X\nX   XX   X\nXX XXXX XX\nX   XX   X\nX   XX   X\nX      T X\nX   XX   X\nXX XXXX XX\nX   XX   X\nXbMbXXT TX\nX   XXT TX\nXXXXXXXXXX\n", "Health: 10 X: 1 Y: 2\nXXXXXXXXXX\nX m X    X\nXH  XXX  X\nX        X\nX   XX   X\nXX XXXX XX\nX  oXXb  X\nX   XX   X\nXe       X\nX   XX   X\nXX XXXX XX\nX   XX   X\nX   XX   X\nX      T X\nX   XX   X\nXX XXXX XX\nX   XX   X\nXbMbXXT TX\nX   XXT TX\nXXXXXXXXXX\n", "Health: 10 X: 1 Y: 3\nXXXXXXXXXX\nXm  X    X\nX   XXX  X\nXH       X\nX   XX   X\nXX XXXX XX\nX  oXXb  X\nX   XX   X\nXe       X\nX   XX   X\nXX XXXX XX\nX   XX   X\nX   XX   X\nX      T X\nX   XX   X\nXX XXXX XX\nX   XX   X\nXbMbXXT TX\nX   XXT TX\nXXXXXXXXXX\n", "Health: 10 X: 2 Y: 3\nXXXXXXXXXX\nX m X    X\nX   XXX  X\nX H      X\nX   XX   X\nXX XXXX XX\nX  oXXb  X\nX   XX   X\nXe       X\nX   XX   X\nXX XXXX XX\nX   XX   X\nX   XX   X\nX      T X\nX   XX   X\nXX XXXX XX\nX M XX   X\nXb bXXT TX\nX   XXT TX\nXXXXXXXXXX\n", "Health: 10 X: 3 Y: 3\nXXXXXXXXXX\nX  mX    X\nX   XXX  X\nX  H     X\nX   XX   X\nXX XXXX XX\nX  oXXb  X\nX   XX   X\nXe       X\nX   XX   X\nXX XXXX XX\nX   XX   X\nX   XX   X\nX      T X\nX   XX   X\nXX XXXX XX\nX M XX   X\nXb bXXT TX\nX   XXT TX\nXXXXXXXXXX\n", "Health: 10 X: 4 Y: 3\nXXXXXXXXXX\nX   X    X\nX  mXXX  X\nX   H    X\nX   XX   X\nXX XXXX XX\nX  oXXb  X\nX   XX   X\nXe       X\nX   XX   X\nXX XXXX XX\nX   XX   X\nX   XX   X\nX      T X\nX   XX   X\nXX XXXX XX\nX M XX   X\nXb bXXT TX\nX   XXT TX\nXXXXXXXXXX\n", "Health: 10 X: 5 Y: 3\nXXXXXXXXXX\nX   X    X\nX   XXX  X\nX  m H   X\nX   XX   X\nXX XXXX XX\nX  oXXb  X\nX   XX   X\nXe       X\nX   XX   X\nXX XXXX XX\nX   XX   X\nX   XX   X\nX      T X\nX   XX   X\nXX XXXX XX\nX M XX   X\nXb bXXT TX\nX   XXT TX\nXXXXXXXXXX\n", "Health: 10 X: 6 Y: 3\nXXXXXXXXXX\nX   X    X\nX   XXX  X\nX   m H  X\nX   XX   X\nXX XXXX XX\nX  oXXb  X\nX   XX   X\nXe       X\nX   XX   X\nXX XXXX XX\nX   XX   X\nX   XX   X\nX      T X\nX   XX   X\nXX XXXX XX\nX M XX   X\nXb bXXT TX\nX   XXT TX\nXXXXXXXXXX\n", "Health: 10 X: 7 Y: 3\nXXXXXXXXXX\nX   X    X\nX   XXX  X\nX    m H X\nX   XX   X\nXX XXXX XX\nX  oXXb  X\nX   XX   X\nXe       X\nX   XX   X\nXX XXXX XX\nX   XX   X\nX   XX   X\nX      T X\nX   XX   X\nXX XXXX XX\nX M XX   X\nXb bXXT TX\nX   XXT TX\nXXXXXXXXXX\n", "Health: 10 X: 7 Y: 4\nXXXXXXXXXX\nX   X    X\nX   XXX  X\nX     m  X\nX   XX H X\nXX XXXX XX\nX  oXXb  X\nX   XX   X\nXe       X\nX   XX   X\nXX XXXX XX\nX   XX   X\nX   XX   X\nX      T X\nX   XX   X\nXX XXXX XX\nX M XX   X\nXb bXXT TX\nX   XXT TX\nXXXXXXXXXX\n", "Health: 10 X: 7 Y: 5\nXXXXXXXXXX\nX   X    X\nX   XXX  X\nX      m X\nX   XX   X\nXX XXXXHXX\nX  oXXb  X\nX   XX   X\nXe       X\nX   XX   X\nXX XXXX XX\nX   XX   X\nX   XX   X\nX      T X\nX   XX   X\nXX XXXX XX\nX M XX   X\nXb bXXT TX\nX   XXT TX\nXXXXXXXXXX\n", "Health: 7 X: 7 Y: 6\nXXXXXXXXXX\nX   X    X\nX   XXX  X\nX        X\nX   XX m X\nXX XXXX XX\nX  oXXb  X\nX   XX   X\nXe       X\nX   XX   X\nXX XXXX XX\nX   XX   X\nX   XX   X\nX      T X\nX   XX   X\nXX XXXX XX\nX M XX   X\nXb bXXT TX\nX   XXT TX\nXXXXXXXXXX\n", "Health: 7 X: 7 Y: 7\nXXXXXXXXXX\nX   X    X\nX   XXX  X\nX        X\nX   XX   X\nXX XXXXmXX\nX  oXX b X\nX   XX H X\nXe       X\nX   XX   X\nXX XXXX XX\nX   XX   X\nX   XX   X\nX      T X\nX   XX   X\nXX XXXX XX\nX M XX   X\nXb bXXT TX\nX   XXT TX\nXXXXXXXXXX\n", "Health: 7 X: 7 Y: 8\nXXXXXXXXXX\nX   X    X\nX   XXX  X\nX        X\nX   XX   X\nXX XXXXmXX\nX  oXX   X\nX   XX b X\nXe     H X\nX   XX   X\nXX XXXX XX\nX   XX   X\nX   XX   X\nX      T X\nX   XX   X\nXX XXXX XX\nX M XX   X\nXb bXXT TX\nX   XXT TX\nXXXXXXXXXX\n", "Health: 7 X: 7 Y: 9\nXXXXXXXXXX\nX   X    X\nX   XXX  X\nX        X\nX   XX   X\nXX XXXXmXX\nX  oXX   X\nX   XX   X\nXe     b X\nX   XX H X\nXX XXXX XX\nX   XX   X\nX   XX   X\nX      T X\nX   XX   X\nXX XXXX XX\nX M XX   X\nXb bXXT TX\nX   XXT TX\nXXXXXXXXXX\n", "Health: 7 X: 7 Y: 10\nXXXXXXXXXX\nX   X    X\nX   XXX  X\nX        X\nX   XX   X\nXX XXXXmXX\nX  oXX   X\nX   XX   X\nXe       X\nX   XX b X\nXX XXXXHXX\nX   XX   X\nX   XX   X\nX      T X\nX   XX   X\nXX XXXX XX\nX M XX   X\nXb bXXT TX\nX   XXT TX\nXXXXXXXXXX\n", "Health: 7 X: 7 Y: 11\nXXXXXXXXXX\nX   X    X\nX   XXX  X\nX        X\nX   XX   X\nXX XXXXmXX\nX  oXX   X\nX   XX   X\nXe       X\nX   XX   X\nXX XXXXbXX\nX   XX H X\nX   XX   X\nX      T X\nX   XX   X\nXX XXXX XX\nX M XX   X\nXb bXXT TX\nX   XXT TX\nXXXXXXXXXX\n", "Health: 7 X: 7 Y: 12\nXXXXXXXXXX\nX   X    X\nX   XXX  X\nX        X\nX   XX   X\nXX XXXXmXX\nX  oXX   X\nX   XX   X\nXe       X\nX   XX   X\nXX XXXX XX\nX   XX b X\nX   XX H X\nX      T X\nX   XX   X\nXX XXXX XX\nX M XX   X\nXb bXXT TX\nX   XXT TX\nXXXXXXXXXX\n", "Health: 7 X: 7 Y: 13\nXXXXXXXXXX\nX   X    X\nX   XXX  X\nX        X\nX   XX   X\nXX XXXXmXX\nX  oXX   X\nX   XX   X\nXe       X\nX   XX   X\nXX XXXX XX\nX   XX   X\nX   XX b X\nX        X\nX   XX   X\nXX XXXX XX\nX M XX   X\nXb bXXT TX\nX   XXT TX\nXXXXXXXXXX\n", "Health: 7 X: 7 Y: 14\nXXXXXXXXXX\nX   X    X\nX   XXX  X\nX        X\nX   XX   X\nXX XXXX XX\nX  oXX   X\nX   XX   X\nXe       X\nX   XX   X\nXX XXXX XX\nX   XX   X\nX   XX   X\nX        X\nX   XX H X\nXX XXXX XX\nX M XX   X\nXb bXXT TX\nX   XXT TX\nXXXXXXXXXX\n", "Health: 7 X: 7 Y: 15\nXXXXXXXXXX\nX   X    X\nX   XXX  X\nX        X\nX   XX   X\nXX XXXX XX\nX  oXX   X\nX   XX m X\nXe       X\nX   XX   X\nXX XXXX XX\nX   XX   X\nX   XX   X\nX        X\nX   XX b X\nXX XXXXHXX\nX M XX   X\nXb bXXT TX\nX   XXT TX\nXXXXXXXXXX\n", "Health: 7 X: 7 Y: 16\nXXXXXXXXXX\nX   X    X\nX   XXX  X\nX        X\nX   XX   X\nXX XXXX XX\nX  oXX   X\nX   XX   X\nXe     m X\nX   XX   X\nXX XXXX XX\nX   XX   X\nX   XX   X\nX        X\nX   XX   X\nXX XXXXbXX\nX M XX H X\nXb bXXT TX\nX   XXT TX\nXXXXXXXXXX\n", "Health: 7 X: 7 Y: 17\nXXXXXXXXXX\nX   X    X\nX   XXX  X\nX        X\nX   XX   X\nXX XXXX XX\nX  oXX   X\nX   XX   X\nXe       X\nX   XX m X\nXX XXXX XX\nX   XX   X\nX   XX   X\nX        X\nX   XX   X\nXX XXXX XX\nX M XX b X\nXb bXXTHTX\nX   XXT TX\nXXXXXXXXXX\n", "Health: 7 X: 6 Y: 17\nXXXXXXXXXX\nX   X    X\nX   XXX  X\nX        X\nX   XX   X\nXX XXXX XX\nX  oXX   X\nX   XX   X\nXe       X\nX   XX   X\nXX XXXXmXX\nX   XX   X\nX   XX   X\nX        X\nX   XX   X\nXX XXXX XX\nX M XXb  X\nXb bXX  TX\nX   XXT TX\nXXXXXXXXXX\n", "Health: 7 X: 6 Y: 18\nXXXXXXXXXX\nX   X    X\nX   XXX  X\nX        X\nX   XX   X\nXX XXXX XX\nX  oXX   X\nX   XX   X\nXe       X\nX   XX   X\nXX XXXX XX\nX   XX m X\nX   XX   X\nX        X\nX   XX   X\nXX XXXX XX\nX M XX   X\nXb bXX  TX\nX   XX  TX\nXXXXXXXXXX\n", "Health: 7 X: 7 Y: 18\nXXXXXXXXXX\nX   X    X\nX   XXX  X\nX        X\nX   XX   X\nXX XXXX XX\nX  oXX   X\nX   XX   X\nXe       X\nX   XX   X\nXX XXXX XX\nX   XX   X\nX   XX m X\nX        X\nX   XX   X\nXX XXXX XX\nX M XX   X\nXb bXX bTX\nX   XX HTX\nXXXXXXXXXX\n", "Health: 7 X: 8 Y: 18\nXXXXXXXXXX\nX   X    X\nX   XXX  X\nX        X\nX   XX   X\nXX XXXX XX\nX  oXX   X\nX   XX   X\nXe       X\nX   XX   X\nXX XXXX XX\nX   XX   X\nX   XX   X\nX        X\nX   XX   X\nXX XXXX XX\nX M XX   X\nXb bXX  TX\nX   XX   X\nXXXXXXXXXX\n", "Health: 7 X: 8 Y: 17\nXXXXXXXXXX\nX   X    X\nX   XXX  X\nX        X\nX   XX   X\nXX XXXX XX\nX  oXX   X\nX   XX   X\nXe       X\nX   XX   X\nXX XXXX XX\nX   XX   X\nX   XX   X\nX        X\nX   XX m X\nXX XXXX XX\nX M XX   X\nXb bXX   X\nX   XX   X\nXXXXXXXXXX\n", "Health: 7 X: 7 Y: 17\nXXXXXXXXXX\nX   X    X\nX   XXX  X\nX        X\nX   XX   X\nXX XXXX XX\nX  oXX   X\nX   XX   X\nXe       X\nX   XX   X\nXX XXXX XX\nX   XX   X\nX   XX   X\nX        X\nX   XX   X\nXX XXXXmXX\nX M XX   X\nXb bXX H X\nX   XX   X\nXXXXXXXXXX\n", "Health: 7 X: 7 Y: 17\nXXXXXXXXXX\nX   X    X\nX   XXX  X\nX        X\nX   XX   X\nXX XXXX XX\nX  oXX   X\nX   XX   X\nXe       X\nX   XX   X\nXX XXXX XX\nX   XX   X\nX   XX   X\nX        X\nX   XX   X\nXX XXXXmXX\nX M XX   X\nXb bXX H X\nX   XX   X\nXXXXXXXXXX\n", "Health: 7 X: 7 Y: 16\nXXXXXXXXXX\nX   X    X\nX   XXX  X\nX        X\nX   XX   X\nXX XXXX XX\nX  oXX   X\nX   XX   X\nXe       X\nX   XX   X\nXX XXXX XX\nX   XX   X\nX   XX   X\nX        X\nX   XX   X\nXX XXXXmXX\nX M XX H X\nXb bXX   X\nX   XX   X\nXXXXXXXXXX\n", "Health: 7 X: 7 Y: 15\nXXXXXXXXXX\nX   X    X\nX   XXX  X\nX        X\nX   XX   X\nXX XXXX XX\nX  oXX   X\nX   XX   X\nXe       X\nX   XX   X\nXX XXXX XX\nX   XX   X\nX   XX   X\nX        X\nX   XX   X\nXX XXXXmXX\nX M XX   X\nXb bXX   X\nX   XX   X\nXXXXXXXXXX\n", "Health: 7 X: 7 Y: 14\nXXXXXXXXXX\nX   X    X\nX   XXX  X\nX        X\nX   XX   X\nXX XXXX XX\nX  oXX   X\nX   XX   X\nXe       X\nX   XX   X\nXX XXXX XX\nX   XX   X\nX   XX   X\nX        X\nX   XX H X\nXX XXXXmXX\nX M XX   X\nXb bXX   X\nX   XX   X\nXXXXXXXXXX\n", "Health: 7 X: 7 Y: 13\nXXXXXXXXXX\nX   X    X\nX   XXX  X\nX        X\nX   XX   X\nXX XXXX XX\nX  oXX   X\nX   XX   X\nXe       X\nX   XX   X\nXX XXXX XX\nX   XX   X\nX   XX   X\nX        X\nX   XX   X\nXX XXXXmXX\nX M XX   X\nXb bXX   X\nX   XX   X\nXXXXXXXXXX\n", "Health: 7 X: 7 Y: 12\nXXXXXXXXXX\nX   X    X\nX   XXX  X\nX        X\nX   XX   X\nXX XXXX XX\nX  oXX   X\nX   XX   X\nXe       X\nX   XX   X\nXX XXXX XX\nX   XX   X\nX   XX H X\nX        X\nX   XX m X\nXX XXXX XX\nX M XX   X\nXb bXX   X\nX   XX   X\nXXXXXXXXXX\n", "Health: 7 X: 7 Y: 11\nXXXXXXXXXX\nX   X    X\nX   XXX  X\nX        X\nX   XX   X\nXX XXXX XX\nX  oXX   X\nX   XX   X\nXe       X\nX   XX   X\nXX XXXX XX\nX   XX H X\nX   XX   X\nX        X\nX   XX   X\nXX XXXX XX\nX M XX   X\nXb bXX   X\nX   XX   X\nXXXXXXXXXX\n", "Health: 7 X: 7 Y: 10\nXXXXXXXXXX\nX   X    X\nX   XXX  X\nX        X\nX   XX   X\nXX XXXX XX\nX  oXX   X\nX   XX   X\nXe       X\nX   XX   X\nXX XXXXHXX\nX   XX   X\nX   XX m X\nX        X\nX   XX   X\nXX XXXX XX\nX M XX   X\nXb bXX   X\nX   XX   X\nXXXXXXXXXX\n", "Health: 7 X: 7 Y: 9\nXXXXXXXXXX\nX   X    X\nX   XXX  X\nX        X\nX   XX   X\nXX XXXX XX\nX  oXX   X\nX   XX   X\nXe       X\nX   XX H X\nXX XXXX XX\nX   XX m X\nX   XX   X\nX        X\nX   XX   X\nXX XXXX XX\nX M XX   X\nXb bXX   X\nX   XX   X\nXXXXXXXXXX\n", "Health: 7 X: 7 Y: 8\nXXXXXXXXXX\nX   X    X\nX   XXX  X\nX        X\nX   XX   X\nXX XXXX XX\nX  oXX   X\nX   XX   X\nXe     H X\nX   XX   X\nXX XXXXmXX\nX   XX   X\nX   XX   X\nX        X\nX   XX   X\nXX XXXX XX\nX M XX   X\nXb bXX   X\nX   XX   X\nXXXXXXXXXX\n", "Health: 7 X: 6 Y: 8\nXXXXXXXXXX\nX   X    X\nX   XXX  X\nX        X\nX   XX   X\nXX XXXX XX\nX  oXX   X\nX   XX   X\nXe    H  X\nX   XX m X\nXX XXXX XX\nX   XX   X\nX   XX   X\nX        X\nX   XX   X\nXX XXXX XX\nX M XX   X\nXb bXX   X\nX   XX   X\nXXXXXXXXXX\n", "Health: 7 X: 5 Y: 8\nXXXXXXXXXX\nX   X    X\nX   XXX  X\nX        X\nX   XX   X\nXX XXXX XX\nX  oXX   X\nX   XX   X\nXe   H m X\nX   XX   X\nXX XXXX XX\nX   XX   X\nX   XX   X\nX        X\nX   XX   X\nXX XXXX XX\nX M XX   X\nXb bXX   X\nX   XX   X\nXXXXXXXXXX\n", "Health: 7 X: 4 Y: 8\nXXXXXXXXXX\nX   X    X\nX   XXX  X\nX        X\nX   XX   X\nXX XXXX XX\nX  oXX   X\nX   XX   X\nXe  H m  X\nX   XX   X\nXX XXXX XX\nX   XX   X\nX   XX   X\nX        X\nX   XX   X\nXX XXXX XX\nX M XX   X\nXb bXX   X\nX   XX   X\nXXXXXXXXXX\n", "Health: 7 X: 3 Y: 8\nXXXXXXXXXX\nX   X    X\nX   XXX  X\nX        X\nX   XX   X\nXX XXXX XX\nX   XX   X\nX  oXX   X\nXe H m   X\nX   XX   X\nXX XXXX XX\nX   XX   X\nX   XX   X\nX        X\nX   XX   X\nXX XXXX XX\nX M XX   X\nXb bXX   X\nX   XX   X\nXXXXXXXXXX\n", "Health: 7 X: 2 Y: 8\nXXXXXXXXXX\nX   X    X\nX   XXX  X\nX        X\nX   XX   X\nXX XXXX XX\nX   XX   X\nX o XX   X\nXeH m    X\nX   XX   X\nXX XXXX XX\nX   XX   X\nX   XX   X\nX        X\nX   XX   X\nXXMXXXX XX\nX   XX   X\nXb bXX   X\nX   XX   X\nXXXXXXXXXX\n", "Health: 5 X: 2 Y: 8\nXXXXXXXXXX\nX   X    X\nX   XXX  X\nX        X\nX   XX   X\nXX XXXX XX\nX   XX   X\nX \u221e XX   X\nXeHm     X\nX   XX   X\nXX XXXX XX\nX   XX   X\nX   XX   X\nX        X\nX M XX   X\nXX XXXX XX\nX   XX   X\nXb bXX   X\nX   XX   X\nXXXXXXXXXX\n", "Health: 5 X: 2 Y: 7\nXXXXXXXXXX\nX   X    X\nX   XXX  X\nX        X\nX   XX   X\nXX XXXX XX\nX   XX   X\nX \u221emXX   X\nXe       X\nX   XX   X\nXX XXXX XX\nX   XX   X\nX   XX   X\nX M      X\nX   XX   X\nXX XXXX XX\nX   XX   X\nXb bXX   X\nX   XX   X\nXXXXXXXXXX\n", "Health: 5 X: 2 Y: 6\nXXXXXXXXXX\nX   X    X\nX   XXX  X\nX        X\nX   XX   X\nXX XXXX XX\nX   XX   X\nX \u221e XX   X\nXe       X\nX   XX   X\nXX XXXX XX\nX   XX   X\nX M XX   X\nX        X\nX   XX   X\nXX XXXX XX\nX   XX   X\nXb bXX   X\nX   XX   X\nXXXXXXXXXX\n", "Health: 5 X: 2 Y: 6\nXXXXXXXXXX\nX   X    X\nX   XXX  X\nX        X\nX   XX   X\nXX XXXX XX\nX   XX   X\nX \u221e XX   X\nXe       X\nX   XX   X\nXX XXXX XX\nX M XX   X\nX   XX   X\nX        X\nX   XX   X\nXX XXXX XX\nX   XX   X\nXb bXX   X\nX   XX   X\nXXXXXXXXXX\n", "Health: 5 X: 3 Y: 6\nXXXXXXXXXX\nX   X    X\nX   XXX  X\nX        X\nX   XX   X\nXX XXXX XX\nX   XX   X\nX \u221e XX   X\nXe       X\nX   XX   X\nXXMXXXX XX\nX   XX   X\nX   XX   X\nX        X\nX   XX   X\nXX XXXX XX\nX   XX   X\nXb bXX   X\nX   XX   X\nXXXXXXXXXX\n", "Health: 5 X: 3 Y: 7\nXXXXXXXXXX\nX   X    X\nX   XXX  X\nX        X\nX   XX   X\nXX XXXX XX\nX   XX   X\nX \u221eHXX   X\nXe       X\nX M XX   X\nXX XXXX XX\nX   XX   X\nX   XX   X\nX        X\nX   XX   X\nXX XXXX XX\nX   XX   X\nXb bXX   X\nX   XX   X\nXXXXXXXXXX\n", "Health: 5 X: 3 Y: 8\nXXXXXXXXXX\nX   X    X\nX   XXX  X\nX        X\nX   XX   X\nXX XXXX XX\nX   XX   X\nX \u221e XX   X\nXeMH     X\nX   XX   X\nXX XXXX XX\nX   XX   X\nX   XX   X\nX        X\nX   XX   X\nXX XXXX XX\nX   XX   X\nXb bXX   X\nX   XX   X\nXXXXXXXXXX\n", "Health: 5 X: 3 Y: 8\nXXXXXXXXXX\nX   X    X\nX   XXX  X\nX        X\nX   XX   X\nXX XXXX XX\nX   XX   X\nX \u221e XX   X\nXe\u221eH     X\nX   XX   X\nXX XXXX XX\nX   XX   X\nX   XX   X\nX        X\nX   XX   X\nXX XXXX XX\nX   XX   X\nXb bXX   X\nX   XX   X\nXXXXXXXXXX\n", "Health: 5 X: 2 Y: 8\nXXXXXXXXXX\nX   X    X\nX   XXX  X\nX        X\nX   XX   X\nXX XXXX XX\nX   XX   X\nX \u221e XX   X\nXe\u221e      X\nX   XX   X\nXX XXXX XX\nX   XX   X\nX   XX   X\nX        X\nX   XX   X\nXX XXXX XX\nX   XX   X\nXb bXX   X\nX   XX   X\nXXXXXXXXXX\n", "Health: 5 X: 2 Y: 9\nXXXXXXXXXX\nX   X    X\nX   XXX  X\nX        X\nX   XX   X\nXX XXXX XX\nX   XX   X\nX \u221e XX   X\nXe\u221e      X\nX H XX   X\nXX XXXX XX\nX   XX   X\nX   XX   X\nX        X\nX   XX   X\nXX XXXX XX\nX   XX   X\nXb bXX   X\nX   XX   X\nXXXXXXXXXX\n", "Health: 5 X: 2 Y: 10\nXXXXXXXXXX\nX   X    X\nX   XXX  X\nX        X\nX   XX   X\nXX XXXX XX\nX   XX   X\nX \u221e XX   X\nXe\u221e      X\nX   XX   X\nXXHXXXX XX\nX   XX   X\nX   XX   X\nX        X\nX   XX   X\nXX XXXX XX\nX   XX   X\nXb bXX   X\nX   XX   X\nXXXXXXXXXX\n", "Health: 5 X: 2 Y: 11\nXXXXXXXXXX\nX   X    X\nX   XXX  X\nX        X\nX   XX   X\nXX XXXX XX\nX   XX   X\nX \u221e XX   X\nXe\u221e      X\nX m XX   X\nXX XXXX XX\nX H XX   X\nX   XX   X\nX        X\nX   XX   X\nXX XXXX XX\nX   XX   X\nXb bXX   X\nX   XX   X\nXXXXXXXXXX\n", "Health: 5 X: 2 Y: 12\nXXXXXXXXXX\nX   X    X\nX   XXX  X\nX        X\nX   XX   X\nXX XXXX XX\nX   XX   X\nX \u221e XX   X\nXe\u221e      X\nX   XX   X\nXXmXXXX XX\nX   XX   X\nX H XX   X\nX        X\nX   XX   X\nXX XXXX XX\nX   XX   X\nXb bXX   X\nX   XX   X\nXXXXXXXXXX\n", "Health: 5 X: 2 Y: 13\nXXXXXXXXXX\nX   X    X\nX   XXX  X\nX        X\nX   XX   X\nXX XXXX XX\nX   XX   X\nX \u221e XX   X\nXe\u221e      X\nX   XX   X\nXX XXXX XX\nX m XX   X\nX   XX   X\nX H      X\nX   XX   X\nXX XXXX XX\nX   XX   X\nXb bXX   X\nX   XX   X\nXXXXXXXXXX\n", "Health: 5 X: 2 Y: 14\nXXXXXXXXXX\nX   X    X\nX   XXX  X\nX        X\nX   XX   X\nXX XXXX XX\nX   XX   X\nX \u221e XX   X\nXe\u221e      X\nX   XX   X\nXX XXXX XX\nX   XX   X\nX m XX   X\nX        X\nX H XX   X\nXX XXXX XX\nX   XX   X\nXb bXX   X\nX   XX   X\nXXXXXXXXXX\n", "Health: 5 X: 2 Y: 15\nXXXXXXXXXX\nX   X    X\nX   XXX  X\nX        X\nX   XX   X\nXX XXXX XX\nX   XX   X\nX \u221e XX   X\nXe\u221e      X\nX   XX   X\nXX XXXX XX\nX   XX   X\nX   XX   X\nX m      X\nX   XX   X\nXXHXXXX XX\nXb bXX   X\nX   XX   X\nX   XX   X\nXXXXXXXXXX\n", "Health: 3 X: 2 Y: 16\nXXXXXXXXXX\nX   X    X\nX   XXX  X\nX        X\nX   XX   X\nXX XXXX XX\nX   XX   X\nX \u221e XX   X\nXe\u221e      X\nX   XX   X\nXX XXXX XX\nX   XX   X\nX   XX   X\nX        X\nX m XX   X\nXX XXXX XX\nX\u221eH\u221eXX   X\nX   XX   X\nX   XX   X\nXXXXXXXXXX\n", "Health: 3 X: 2 Y: 17\nXXXXXXXXXX\nX   X    X\nX   XXX  X\nX        X\nX   XX   X\nXX XXXX XX\nX   XX   X\nX \u221e XX   X\nXe\u221e      X\nX   XX   X\nXX XXXX XX\nX   XX   X\nX   XX   X\nX        X\nX   XX   X\nXXmXXXX XX\nX\u221e \u221eXX   X\nX H XX   X\nX   XX   X\nXXXXXXXXXX\n", "Health: 2 X: 2 Y: 16\nXXXXXXXXXX\nX   X    X\nX   XXX  X\nX        X\nX   XX   X\nXX XXXX XX\nX   XX   X\nX \u221e XX   X\nXe\u221e      X\nX   XX   X\nXX XXXX XX\nX   XX   X\nX   XX   X\nX        X\nX   XX   X\nXXmXXXX XX\nX\u221eH\u221eXX   X\nX   XX   X\nX   XX   X\nXXXXXXXXXX\n", "Health: 2 X: 2 Y: 15\nXXXXXXXXXX\nX   X    X\nX   XXX  X\nX        X\nX   XX   X\nXX XXXX XX\nX   XX   X\nX \u221e XX   X\nXe\u221e      X\nX   XX   X\nXX XXXX XX\nX   XX   X\nX   XX   X\nX        X\nX   XX   X\nXXmXXXX XX\nX\u221e \u221eXX   X\nX   XX   X\nX   XX   X\nXXXXXXXXXX\n", "Health: 2 X: 2 Y: 14\nXXXXXXXXXX\nX   X    X\nX   XXX  X\nX        X\nX   XX   X\nXX XXXX XX\nX   XX   X\nX \u221e XX   X\nXe\u221e      X\nX   XX   X\nXX XXXX XX\nX   XX   X\nX   XX   X\nX        X\nX H XX   X\nXXmXXXX XX\nX\u221e \u221eXX   X\nX   XX   X\nX   XX   X\nXXXXXXXXXX\n", "Health: 2 X: 2 Y: 13\nXXXXXXXXXX\nX   X    X\nX   XXX  X\nX        X\nX   XX   X\nXX XXXX XX\nX   XX   X\nX \u221e XX   X\nXe\u221e      X\nX   XX   X\nXX XXXX XX\nX   XX   X\nX   XX   X\nX H      X\nX   XX   X\nXXmXXXX XX\nX\u221e \u221eXX   X\nX   XX   X\nX   XX   X\nXXXXXXXXXX\n", "Health: 2 X: 2 Y: 12\nXXXXXXXXXX\nX   X    X\nX   XXX  X\nX        X\nX   XX   X\nXX XXXX XX\nX   XX   X\nX \u221e XX   X\nXe\u221e      X\nX   XX   X\nXX XXXX XX\nX   XX   X\nX H XX   X\nX        X\nX   XX   X\nXXmXXXX XX\nX\u221e \u221eXX   X\nX   XX   X\nX   XX   X\nXXXXXXXXXX\n", "Health: 2 X: 2 Y: 11\nXXXXXXXXXX\nX   X    X\nX   XXX  X\nX        X\nX   XX   X\nXX XXXX XX\nX   XX   X\nX \u221e XX   X\nXe\u221e      X\nX   XX   X\nXX XXXX XX\nX H XX   X\nX   XX   X\nX        X\nX   XX   X\nXXmXXXX XX\nX\u221e \u221eXX   X\nX   XX   X\nX   XX   X\nXXXXXXXXXX\n", "Health: 2 X: 2 Y: 10\nXXXXXXXXXX\nX   X    X\nX   XXX  X\nX        X\nX   XX   X\nXX XXXX XX\nX   XX   X\nX \u221e XX   X\nXe\u221e      X\nX   XX   X\nXXHXXXX XX\nX   XX   X\nX   XX   X\nX        X\nX m XX   X\nXX XXXX XX\nX\u221e \u221eXX   X\nX   XX   X\nX   XX   X\nXXXXXXXXXX\n", "Health: 2 X: 2 Y: 9\nXXXXXXXXXX\nX   X    X\nX   XXX  X\nX        X\nX   XX   X\nXX XXXX XX\nX   XX   X\nX \u221e XX   X\nXe\u221e      X\nX H XX   X\nXX XXXX XX\nX   XX   X\nX   XX   X\nX m      X\nX   XX   X\nXX XXXX XX\nX\u221e \u221eXX   X\nX   XX   X\nX   XX   X\nXXXXXXXXXX\n", "Health: 2 X: 2 Y: 8\nXXXXXXXXXX\nX   X    X\nX   XXX  X\nX        X\nX   XX   X\nXX XXXX XX\nX   XX   X\nX \u221e XX   X\nXe\u221e      X\nX   XX   X\nXX XXXX XX\nX   XX   X\nX m XX   X\nX        X\nX   XX   X\nXX XXXX XX\nX\u221e \u221eXX   X\nX   XX   X\nX   XX   X\nXXXXXXXXXX\n", "Health: 2 X: 3 Y: 8\nXXXXXXXXXX\nX   X    X\nX   XXX  X\nX        X\nX   XX   X\nXX XXXX XX\nX   XX   X\nX \u221e XX   X\nXe\u221eH     X\nX   XX   X\nXX XXXX XX\nX m XX   X\nX   XX   X\nX        X\nX   XX   X\nXX XXXX XX\nX\u221e \u221eXX   X\nX   XX   X\nX   XX   X\nXXXXXXXXXX\n", "Health: 2 X: 4 Y: 8\nXXXXXXXXXX\nX   X    X\nX   XXX  X\nX        X\nX   XX   X\nXX XXXX XX\nX   XX   X\nX \u221e XX   X\nXe\u221e H    X\nX   XX   X\nXXmXXXX XX\nX   XX   X\nX   XX   X\nX        X\nX   XX   X\nXX XXXX XX\nX\u221e \u221eXX   X\nX   XX   X\nX   XX   X\nXXXXXXXXXX\n", "Health: 2 X: 5 Y: 8\nXXXXXXXXXX\nX   X    X\nX   XXX  X\nX        X\nX   XX   X\nXX XXXX XX\nX   XX   X\nX \u221e XX   X\nXe\u221e  H   X\nX m XX   X\nXX XXXX XX\nX   XX   X\nX   XX   X\nX        X\nX   XX   X\nXX XXXX XX\nX\u221e \u221eXX   X\nX   XX   X\nX   XX   X\nXXXXXXXXXX\n", "Health: 2 X: 6 Y: 8\nXXXXXXXXXX\nX   X    X\nX   XXX  X\nX        X\nX   XX   X\nXX XXXX XX\nX   XX   X\nX \u221e XX   X\nXe\u221e   H  X\nX   XX   X\nXX XXXX XX\nX   XX   X\nX   XX   X\nX        X\nX   XX   X\nXX XXXX XX\nX\u221e \u221eXX   X\nX   XX   X\nX   XX   X\nXXXXXXXXXX\n", "Health: 2 X: 7 Y: 8\nXXXXXXXXXX\nX   X    X\nX   XXX  X\nX        X\nX   XX   X\nXX XXXX XX\nX   XX   X\nX \u221e XX   X\nXe\u221em   H X\nX   XX   X\nXX XXXX XX\nX   XX   X\nX   XX   X\nX        X\nX   XX   X\nXX XXXX XX\nX\u221e \u221eXX   X\nX   XX   X\nX   XX   X\nXXXXXXXXXX\n", "Health: 2 X: 7 Y: 7\nXXXXXXXXXX\nX   X    X\nX   XXX  X\nX        X\nX   XX   X\nXX XXXX XX\nX   XX   X\nX \u221e XX H X\nXe\u221e m    X\nX   XX   X\nXX XXXX XX\nX   XX   X\nX   XX   X\nX        X\nX   XX   X\nXX XXXX XX\nX\u221e \u221eXX   X\nX   XX   X\nX   XX   X\nXXXXXXXXXX\n", "Health: 2 X: 7 Y: 6\nXXXXXXXXXX\nX   X    X\nX   XXX  X\nX        X\nX   XX   X\nXX XXXX XX\nX   XX   X\nX \u221e XX   X\nXe\u221e  m   X\nX   XX   X\nXX XXXX XX\nX   XX   X\nX   XX   X\nX        X\nX   XX   X\nXX XXXX XX\nX\u221e \u221eXX   X\nX   XX   X\nX   XX   X\nXXXXXXXXXX\n", "Health: 2 X: 6 Y: 6\nXXXXXXXXXX\nX   X    X\nX   XXX  X\nX        X\nX   XX   X\nXX XXXX XX\nX   XX   X\nX \u221e XX   X\nXe\u221e   m  X\nX   XX   X\nXX XXXX XX\nX   XX   X\nX   XX   X\nX        X\nX   XX   X\nXX XXXX XX\nX\u221e \u221eXX   X\nX   XX   X\nX   XX   X\nXXXXXXXXXX\n", "Health: 2 X: 6 Y: 6\nXXXXXXXXXX\nX   X    X\nX   XXX  X\nX        X\nX   XX   X\nXX XXXX XX\nX   XX   X\nX \u221e XX   X\nXe\u221e   m  X\nX   XX   X\nXX XXXX XX\nX   XX   X\nX   XX   X\nX        X\nX   XX   X\nXX XXXX XX\nX\u221e \u221eXX   X\nX   XX   X\nX   XX   X\nXXXXXXXXXX\n", "Health: 2 X: 6 Y: 7\nXXXXXXXXXX\nX   X    X\nX   XXX  X\nX        X\nX   XX   X\nXX XXXX XX\nX   XX   X\nX \u221e XXH  X\nXe\u221e   m  X\nX   XX   X\nXX XXXX XX\nX   XX   X\nX   XX   X\nX        X\nX   XX   X\nXX XXXX XX\nX\u221e \u221eXX   X\nX   XX   X\nX   XX   X\nXXXXXXXXXX\n", "Health: 2 X: 6 Y: 8\nXXXXXXXXXX\nX   X    X\nX   XXX  X\nX        X\nX   XX   X\nXX XXXX XX\nX   XX   X\nX \u221e XX   X\nXe\u221e   m  X\nX   XX   X\nXX XXXX XX\nX   XX   X\nX   XX   X\nX        X\nX   XX   X\nXX XXXX XX\nX\u221e \u221eXX   X\nX   XX   X\nX   XX   X\nXXXXXXXXXX\n", "Health: 2 X: 6 Y: 9\nXXXXXXXXXX\nX   X    X\nX   XXX  X\nX        X\nX   XX   X\nXX XXXX XX\nX   XX   X\nX \u221e XX   X\nXe\u221e   m  X\nX   XXH  X\nXX XXXX XX\nX   XX   X\nX   XX   X\nX        X\nX   XX   X\nXX XXXX XX\nX\u221e \u221eXX   X\nX   XX   X\nX   XX   X\nXXXXXXXXXX\n", "Health: 2 X: 7 Y: 9\nXXXXXXXXXX\nX   X    X\nX   XXX  X\nX        X\nX   XX   X\nXX XXXX XX\nX   XX   X\nX \u221e XX   X\nXe\u221e   m  X\nX   XX H X\nXX XXXX XX\nX   XX   X\nX   XX   X\nX        X\nX   XX   X\nXX XXXX XX\nX\u221e \u221eXX   X\nX   XX   X\nX   XX   X\nXXXXXXXXXX\n", "Health: 1 X: 6 Y: 9\nXXXXXXXXXX\nX   X    X\nX   XXX  X\nX        X\nX   XX   X\nXX XXXX XX\nX   XX   X\nX \u221e XX   X\nXe\u221e   m  X\nX   XXH  X\nXX XXXX XX\nX   XX   X\nX   XX   X\nX        X\nX   XX   X\nXX XXXX XX\nX\u221e \u221eXX   X\nX   XX   X\nX   XX   X\nXXXXXXXXXX\n", "Health: 1 X: 7 Y: 9\nXXXXXXXXXX\nX   X    X\nX   XXX  X\nX        X\nX   XX   X\nXX XXXX XX\nX   XX   X\nX \u221e XX   X\nXe\u221e   m  X\nX   XX H X\nXX XXXX XX\nX   XX   X\nX   XX   X\nX        X\nX   XX   X\nXX XXXX XX\nX\u221e \u221eXX   X\nX   XX   X\nX   XX   X\nXXXXXXXXXX\n", "Health: 1 X: 7 Y: 10\nXXXXXXXXXX\nX   X    X\nX   XXX  X\nX        X\nX   XX   X\nXX XXXX XX\nX   XX   X\nX \u221e XX   X\nXe\u221e   m  X\nX   XX   X\nXX XXXXHXX\nX   XX   X\nX   XX   X\nX        X\nX   XX   X\nXX XXXX XX\nX\u221e \u221eXX   X\nX   XX   X\nX   XX   X\nXXXXXXXXXX\n", "Health: 1 X: 7 Y: 11\nXXXXXXXXXX\nX   X    X\nX   XXX  X\nX        X\nX   XX   X\nXX XXXX XX\nX   XX   X\nX \u221e XX   X\nXe\u221e   m  X\nX   XX   X\nXX XXXX XX\nX   XX H X\nX   XX   X\nX        X\nX   XX   X\nXX XXXX XX\nX\u221e \u221eXX   X\nX   XX   X\nX   XX   X\nXXXXXXXXXX\n", "Health: 1 X: 7 Y: 12\nXXXXXXXXXX\nX   X    X\nX   XXX  X\nX        X\nX   XX   X\nXX XXXX XX\nX   XX   X\nX \u221e XX   X\nXe\u221e   m  X\nX   XX   X\nXX XXXX XX\nX   XX   X\nX   XX H X\nX        X\nX   XX   X\nXX XXXX XX\nX\u221e \u221eXX   X\nX   XX   X\nX   XX   X\nXXXXXXXXXX\n", "Health: 1 X: 7 Y: 13\nXXXXXXXXXX\nX   X    X\nX   XXX  X\nX        X\nX   XX   X\nXX XXXX XX\nX   XX   X\nX \u221e XX   X\nXe\u221e   m  X\nX   XX   X\nXX XXXX XX\nX   XX   X\nX   XX   X\nX        X\nX   XX   X\nXX XXXX XX\nX\u221e \u221eXX   X\nX   XX   X\nX   XX   X\nXXXXXXXXXX\n", "Health: 1 X: 7 Y: 14\nXXXXXXXXXX\nX   X    X\nX   XXX  X\nX        X\nX   XX   X\nXX XXXX XX\nX   XX   X\nX \u221e XX   X\nXe\u221e    m X\nX   XX   X\nXX XXXX XX\nX   XX   X\nX   XX   X\nX        X\nX   XX H X\nXX XXXX XX\nX\u221e \u221eXX   X\nX   XX   X\nX   XX   X\nXXXXXXXXXX\n", "Health: 1 X: 7 Y: 15\nXXXXXXXXXX\nX   X    X\nX   XXX  X\nX        X\nX   XX   X\nXX XXXX XX\nX   XX   X\nX \u221e XX   X\nXe\u221e      X\nX   XX m X\nXX XXXX XX\nX   XX   X\nX   XX   X\nX        X\nX   XX   X\nXX XXXXHXX\nX\u221e \u221eXX   X\nX   XX   X\nX   XX   X\nXXXXXXXXXX\n", "Health: 1 X: 7 Y: 16\nXXXXXXXXXX\nX   X    X\nX   XXX  X\nX        X\nX   XX   X\nXX XXXX XX\nX   XX   X\nX \u221e XX   X\nXe\u221e      X\nX   XX   X\nXX XXXXmXX\nX   XX   X\nX   XX   X\nX        X\nX   XX   X\nXX XXXX XX\nX\u221e \u221eXX H X\nX   XX   X\nX   XX   X\nXXXXXXXXXX\n", "Health: 1 X: 7 Y: 17\nXXXXXXXXXX\nX   X    X\nX   XXX  X\nX        X\nX   XX   X\nXX XXXX XX\nX   XX   X\nX \u221e XX   X\nXe\u221e      X\nX   XX   X\nXX XXXX XX\nX   XX m X\nX   XX   X\nX        X\nX   XX   X\nXX XXXX XX\nX\u221e \u221eXX   X\nX   XX H X\nX   XX   X\nXXXXXXXXXX\n", "Health: 1 X: 7 Y: 18\nXXXXXXXXXX\nX   X    X\nX   XXX  X\nX        X\nX   XX   X\nXX XXXX XX\nX   XX   X\nX \u221e XX   X\nXe\u221e      X\nX   XX   X\nXX XXXX XX\nX   XX   X\nX   XX m X\nX        X\nX   XX   X\nXX XXXX XX\nX\u221e \u221eXX   X\nX   XX   X\nX   XX H X\nXXXXXXXXXX\n", "Health: 1 X: 8 Y: 18\nXXXXXXXXXX\nX   X    X\nX   XXX  X\nX        X\nX   XX   X\nXX XXXX XX\nX   XX   X\nX \u221e XX   X\nXe\u221e      X\nX   XX   X\nXX XXXX XX\nX   XX   X\nX   XX   X\nX        X\nX   XX   X\nXX XXXX XX\nX\u221e \u221eXX   X\nX   XX   X\nX   XX   X\nXXXXXXXXXX\n", "Health: 1 X: 8 Y: 17\nXXXXXXXXXX\nX   X    X\nX   XXX  X\nX        X\nX   XX   X\nXX XXXX XX\nX   XX   X\nX \u221e XX   X\nXe\u221e      X\nX   XX   X\nXX XXXX XX\nX   XX   X\nX   XX   X\nX        X\nX   XX m X\nXX XXXX XX\nX\u221e \u221eXX   X\nX   XX   X\nX   XX   X\nXXXXXXXXXX\n", "Health: 1 X: 7 Y: 17\nXXXXXXXXXX\nX   X    X\nX   XXX  X\nX        X\nX   XX   X\nXX XXXX XX\nX   XX   X\nX \u221e XX   X\nXe\u221e      X\nX   XX   X\nXX XXXX XX\nX   XX   X\nX   XX   X\nX        X\nX   XX   X\nXX XXXXmXX\nX\u221e \u221eXX   X\nX   XX H X\nX   XX   X\nXXXXXXXXXX\n", "Health: 1 X: 7 Y: 17\nXXXXXXXXXX\nX   X    X\nX   XXX  X\nX        X\nX   XX   X\nXX XXXX XX\nX   XX   X\nX \u221e XX   X\nXe\u221e      X\nX   XX   X\nXX XXXX XX\nX   XX   X\nX   XX   X\nX        X\nX   XX   X\nXX XXXXmXX\nX\u221e \u221eXX   X\nX   XX H X\nX   XX   X\nXXXXXXXXXX\n", "Health: 1 X: 7 Y: 16\nXXXXXXXXXX\nX   X    X\nX   XXX  X\nX        X\nX   XX   X\nXX XXXX XX\nX   XX   X\nX \u221e XX   X\nXe\u221e      X\nX   XX   X\nXX XXXX XX\nX   XX   X\nX   XX   X\nX        X\nX   XX   X\nXX XXXXmXX\nX\u221e \u221eXX H X\nX   XX   X\nX   XX   X\nXXXXXXXXXX\n", "Health: 1 X: 7 Y: 15\nXXXXXXXXXX\nX   X    X\nX   XXX  X\nX        X\nX   XX   X\nXX XXXX XX\nX   XX   X\nX \u221e XX   X\nXe\u221e      X\nX   XX   X\nXX XXXX XX\nX   XX   X\nX   XX   X\nX        X\nX   XX   X\nXX XXXXmXX\nX\u221e \u221eXX   X\nX   XX   X\nX   XX   X\nXXXXXXXXXX\n", "Health: 1 X: 7 Y: 14\nXXXXXXXXXX\nX   X    X\nX   XXX  X\nX        X\nX   XX   X\nXX XXXX XX\nX   XX   X\nX \u221e XX   X\nXe\u221e      X\nX   XX   X\nXX XXXX XX\nX   XX   X\nX   XX   X\nX        X\nX   XX H X\nXX XXXXmXX\nX\u221e \u221eXX   X\nX   XX   X\nX   XX   X\nXXXXXXXXXX\n", "Health: 1 X: 7 Y: 13\nXXXXXXXXXX\nX   X    X\nX   XXX  X\nX        X\nX   XX   X\nXX XXXX XX\nX   XX   X\nX \u221e XX   X\nXe\u221e      X\nX   XX   X\nXX XXXX XX\nX   XX   X\nX   XX   X\nX        X\nX   XX   X\nXX XXXXmXX\nX\u221e \u221eXX   X\nX   XX   X\nX   XX   X\nXXXXXXXXXX\n", "Health: 1 X: 7 Y: 12\nXXXXXXXXXX\nX   X    X\nX   XXX  X\nX        X\nX   XX   X\nXX XXXX XX\nX   XX   X\nX \u221e XX   X\nXe\u221e      X\nX   XX   X\nXX XXXX XX\nX   XX   X\nX   XX H X\nX        X\nX   XX m X\nXX XXXX XX\nX\u221e \u221eXX   X\nX   XX   X\nX   XX   X\nXXXXXXXXXX\n", "Health: 1 X: 7 Y: 11\nXXXXXXXXXX\nX   X    X\nX   XXX  X\nX        X\nX   XX   X\nXX XXXX XX\nX   XX   X\nX \u221e XX   X\nXe\u221e      X\nX   XX   X\nXX XXXX XX\nX   XX H X\nX   XX   X\nX        X\nX   XX   X\nXX XXXX XX\nX\u221e \u221eXX   X\nX   XX   X\nX   XX   X\nXXXXXXXXXX\n", "Health: 1 X: 7 Y: 10\nXXXXXXXXXX\nX   X    X\nX   XXX  X\nX        X\nX   XX   X\nXX XXXX XX\nX   XX   X\nX \u221e XX   X\nXe\u221e      X\nX   XX   X\nXX XXXXHXX\nX   XX   X\nX   XX m X\nX        X\nX   XX   X\nXX XXXX XX\nX\u221e \u221eXX   X\nX   XX   X\nX   XX   X\nXXXXXXXXXX\n", "Health: 1 X: 7 Y: 9\nXXXXXXXXXX\nX   X    X\nX   XXX  X\nX        X\nX   XX   X\nXX XXXX XX\nX   XX   X\nX \u221e XX   X\nXe\u221e      X\nX   XX H X\nXX XXXX XX\nX   XX m X\nX   XX   X\nX        X\nX   XX   X\nXX XXXX XX\nX\u221e \u221eXX   X\nX   XX   X\nX   XX   X\nXXXXXXXXXX\n", "Health: 1 X: 7 Y: 8\nXXXXXXXXXX\nX   X    X\nX   XXX  X\nX        X\nX   XX   X\nXX XXXX XX\nX   XX   X\nX \u221e XX   X\nXe\u221e    H X\nX   XX   X\nXX XXXXmXX\nX   XX   X\nX   XX   X\nX        X\nX   XX   X\nXX XXXX XX\nX\u221e \u221eXX   X\nX   XX   X\nX   XX   X\nXXXXXXXXXX\n", "Health: 1 X: 7 Y: 7\nXXXXXXXXXX\nX   X    X\nX   XXX  X\nX        X\nX   XX   X\nXX XXXX XX\nX   XX   X\nX \u221e XX H X\nXe\u221e      X\nX   XX m X\nXX XXXX XX\nX   XX   X\nX   XX   X\nX        X\nX   XX   X\nXX XXXX XX\nX\u221e \u221eXX   X\nX   XX   X\nX   XX   X\nXXXXXXXXXX\n", "Health: 1 X: 7 Y: 6\nXXXXXXXXXX\nX   X    X\nX   XXX  X\nX        X\nX   XX   X\nXX XXXX XX\nX   XX   X\nX \u221e XX   X\nXe\u221e    m X\nX   XX   X\nXX XXXX XX\nX   XX   X\nX   XX   X\nX        X\nX   XX   X\nXX XXXX XX\nX\u221e \u221eXX   X\nX   XX   X\nX   XX   X\nXXXXXXXXXX\n", "Health: 1 X: 7 Y: 5\nXXXXXXXXXX\nX   X    X\nX   XXX  X\nX        X\nX   XX   X\nXX XXXXHXX\nX   XX   X\nX \u221e XX m X\nXe\u221e      X\nX   XX   X\nXX XXXX XX\nX   XX   X\nX   XX   X\nX        X\nX   XX   X\nXX XXXX XX\nX\u221e \u221eXX   X\nX   XX   X\nX   XX   X\nXXXXXXXXXX\n", "Health: 1 X: 7 Y: 4\nXXXXXXXXXX\nX   X    X\nX   XXX  X\nX        X\nX   XX H X\nXX XXXX XX\nX   XX   X\nX \u221e XX   X\nXe\u221e      X\nX   XX   X\nXX XXXX XX\nX   XX   X\nX   XX   X\nX        X\nX   XX   X\nXX XXXX XX\nX\u221e \u221eXX   X\nX   XX   X\nX   XX   X\nXXXXXXXXXX\n", "Health: 1 X: 7 Y: 3\nXXXXXXXXXX\nX   X    X\nX   XXX  X\nX      H X\nX   XX   X\nXX XXXXmXX\nX   XX   X\nX \u221e XX   X\nXe\u221e      X\nX   XX   X\nXX XXXX XX\nX   XX   X\nX   XX   X\nX        X\nX   XX   X\nXX XXXX XX\nX\u221e \u221eXX   X\nX   XX   X\nX   XX   X\nXXXXXXXXXX\n", "Health: 1 X: 6 Y: 3\nXXXXXXXXXX\nX   X    X\nX   XXX  X\nX     H  X\nX   XX m X\nXX XXXX XX\nX   XX   X\nX \u221e XX   X\nXe\u221e      X\nX   XX   X\nXX XXXX XX\nX   XX   X\nX   XX   X\nX        X\nX   XX   X\nXX XXXX XX\nX\u221e \u221eXX   X\nX   XX   X\nX   XX   X\nXXXXXXXXXX\n", "Health: 1 X: 5 Y: 3\nXXXXXXXXXX\nX   X    X\nX   XXX  X\nX    H m X\nX   XX   X\nXX XXXX XX\nX   XX   X\nX \u221e XX   X\nXe\u221e      X\nX   XX   X\nXX XXXX XX\nX   XX   X\nX   XX   X\nX        X\nX   XX   X\nXX XXXX XX\nX\u221e \u221eXX   X\nX   XX   X\nX   XX   X\nXXXXXXXXXX\n", "Health: 1 X: 4 Y: 3\nXXXXXXXXXX\nX   X    X\nX   XXX  X\nX   H m  X\nX   XX   X\nXX XXXX XX\nX   XX   X\nX \u221e XX   X\nXe\u221e      X\nX   XX   X\nXX XXXX XX\nX   XX   X\nX   XX   X\nX        X\nX   XX   X\nXX XXXX XX\nX\u221e \u221eXX   X\nX   XX   X\nX   XX   X\nXXXXXXXXXX\n", "Health: 1 X: 3 Y: 3\nXXXXXXXXXX\nX   X    X\nX   XXX  X\nX  H m   X\nX   XX   X\nXX XXXX XX\nX   XX   X\nX \u221e XX   X\nXe\u221e      X\nX   XX   X\nXX XXXX XX\nX   XX   X\nX   XX   X\nX        X\nX   XX   X\nXX XXXX XX\nX\u221e \u221eXX   X\nX   XX   X\nX   XX   X\nXXXXXXXXXX\n", "Health: 1 X: 2 Y: 3\nXXXXXXXXXX\nX   X    X\nX   XXX  X\nX H m    X\nX   XX   X\nXX XXXX XX\nX   XX   X\nX \u221e XX   X\nXe\u221e      X\nX   XX   X\nXX XXXX XX\nX   XX   X\nX   XX   X\nX        X\nX   XX   X\nXX XXXX XX\nX\u221e \u221eXX   X\nX   XX   X\nX   XX   X\nXXXXXXXXXX\n", "Health: 1 X: 1 Y: 3\nXXXXXXXXXX\nX   X    X\nX   XXX  X\nXH m     X\nX   XX   X\nXX XXXX XX\nX   XX   X\nX \u221e XX   X\nXe\u221e      X\nX   XX   X\nXX XXXX XX\nX   XX   X\nX   XX   X\nX        X\nX   XX   X\nXX XXXX XX\nX\u221e \u221eXX   X\nX   XX   X\nX   XX   X\nXXXXXXXXXX\n", "Health: 1 X: 1 Y: 3\nXXXXXXXXXX\nX   X    X\nX   XXX  X\nXH m     X\nX   XX   X\nXX XXXX XX\nX   XX   X\nX \u221e XX   X\nXe\u221e      X\nX   XX   X\nXX XXXX XX\nX   XX   X\nX   XX   X\nX        X\nX   XX   X\nXX XXXX XX\nX\u221e \u221eXX   X\nX   XX   X\nX   XX   X\nXXXXXXXXXX\n", "Health: 1 X: 2 Y: 3\nXXXXXXXXXX\nX   X    X\nX   XXX  X\nX Hm     X\nX   XX   X\nXX XXXX XX\nX   XX   X\nX \u221e XX   X\nXe\u221e      X\nX   XX   X\nXX XXXX XX\nX   XX   X\nX   XX   X\nX        X\nX   XX   X\nXX XXXX XX\nX\u221e \u221eXX   X\nX   XX   X\nX   XX   X\nXXXXXXXXXX\n", "Health: 1 X: 2 Y: 4\nXXXXXXXXXX\nX   X    X\nX   XXX  X\nX  m     X\nX H XX   X\nXX XXXX XX\nX   XX   X\nX \u221e XX   X\nXe\u221e      X\nX   XX   X\nXX XXXX XX\nX   XX   X\nX   XX   X\nX        X\nX   XX   X\nXX XXXX XX\nX\u221e \u221eXX   X\nX   XX   X\nX   XX   X\nXXXXXXXXXX\n", "Health: 1 X: 2 Y: 5\nXXXXXXXXXX\nX   X    X\nX   XXX  X\nX  m     X\nX   XX   X\nXXHXXXX XX\nX   XX   X\nX \u221e XX   X\nXe\u221e      X\nX   XX   X\nXX XXXX XX\nX   XX   X\nX   XX   X\nX        X\nX   XX   X\nXX XXXX XX\nX\u221e \u221eXX   X\nX   XX   X\nX   XX   X\nXXXXXXXXXX\n", "Health: 1 X: 2 Y: 6\nXXXXXXXXXX\nX   X    X\nX   XXX  X\nX  m     X\nX   XX   X\nXX XXXX XX\nX   XX   X\nX \u221e XX   X\nXe\u221e      X\nX   XX   X\nXX XXXX XX\nX   XX   X\nX   XX   X\nX        X\nX   XX   X\nXX XXXX XX\nX\u221e \u221eXX   X\nX   XX   X\nX   XX   X\nXXXXXXXXXX\n", "Health: 1 X: 2 Y: 7\nXXXXXXXXXX\nX   X    X\nX   XXX  X\nX m      X\nX   XX   X\nXX XXXX XX\nX   XX   X\nX \u221e XX   X\nXe\u221e      X\nX   XX   X\nXX XXXX XX\nX   XX   X\nX   XX   X\nX        X\nX   XX   X\nXX XXXX XX\nX\u221e \u221eXX   X\nX   XX   X\nX   XX   X\nXXXXXXXXXX\n", "Health: 1 X: 2 Y: 8\nXXXXXXXXXX\nX   X    X\nX   XXX  X\nX        X\nX m XX   X\nXX XXXX XX\nX   XX   X\nX \u221e XX   X\nXe\u221e      X\nX   XX   X\nXX XXXX XX\nX   XX   X\nX   XX   X\nX        X\nX   XX   X\nXX XXXX XX\nX\u221e \u221eXX   X\nX   XX   X\nX   XX   X\nXXXXXXXXXX\n", "Health: 1 X: 2 Y: 9\nXXXXXXXXXX\nX   X    X\nX   XXX  X\nX        X\nX   XX   X\nXXmXXXX XX\nX   XX   X\nX \u221e XX   X\nXe\u221e      X\nX H XX   X\nXX XXXX XX\nX   XX   X\nX   XX   X\nX        X\nX   XX   X\nXX XXXX XX\nX\u221e \u221eXX   X\nX   XX   X\nX   XX   X\nXXXXXXXXXX\n", "Health: 1 X: 2 Y: 10\nXXXXXXXXXX\nX   X    X\nX   XXX  X\nX        X\nX   XX   X\nXX XXXX XX\nX   XX   X\nX \u221e XX   X\nXe\u221e      X\nX   XX   X\nXXHXXXX XX\nX   XX   X\nX   XX   X\nX        X\nX   XX   X\nXX XXXX XX\nX\u221e \u221eXX   X\nX   XX   X\nX   XX   X\nXXXXXXXXXX\n", "Health: 1 X: 2 Y: 9\nXXXXXXXXXX\nX   X    X\nX   XXX  X\nX        X\nX   XX   X\nXX XXXX XX\nX   XX   X\nX \u221e XX   X\nXe\u221e      X\nX H XX   X\nXX XXXX XX\nX   XX   X\nX   XX   X\nX        X\nX   XX   X\nXX XXXX XX\nX\u221e \u221eXX   X\nX   XX   X\nX   XX   X\nXXXXXXXXXX\n", "Health: 1 X: 1 Y: 9\nXXXXXXXXXX\nX   X    X\nX   XXX  X\nX        X\nX   XX   X\nXX XXXX XX\nX   XX   X\nXm\u221e XX   X\nXe\u221e      X\nXH  XX   X\nXX XXXX XX\nX   XX   X\nX   XX   X\nX        X\nX   XX   X\nXX XXXX XX\nX\u221e \u221eXX   X\nX   XX   X\nX   XX   X\nXXXXXXXXXX\n", "Health: 0 X: 1 Y: 8\nXXXXXXXXXX\nX   X    X\nX   XXX  X\nX        X\nX   XX   X\nXX XXXX XX\nX   XX   X\nX \u221e XX   X\nXe\u221e      X\nX   XX   X\nXX XXXX XX\nX   XX   X\nX   XX   X\nX        X\nX   XX   X\nXX XXXX XX\nX\u221e \u221eXX   X\nX   XX   X\nX   XX   X\nXXXXXXXXXX\n"], "map_number": 101}], "timestamp": "10-Aug-2021 21:38:57.542623", "ip": "104.59.134.131"}