{"Q1": "Never", "Q2": "Never", "Q3": "Never", "Q4": "Never", "Q5": "Never", "Q6": "Never", "Q7": "Never", "Q8": "Never", "Q9": "Never", "Q10": "Never", "results": [{"mechanics": [{"timestep": 16, "mechanic": "CollectTreasure"}, {"timestep": 24, "mechanic": "BlobHit"}, {"timestep": 33, "mechanic": "CollectTreasure"}, {"timestep": 34, "mechanic": "CollectTreasure"}, {"timestep": 38, "mechanic": "MinitaurHit"}, {"timestep": 39, "mechanic": "MinitaurHit"}, {"timestep": 43, "mechanic": "CollectTreasure"}, {"timestep": 44, "mechanic": "CollectTreasure"}, {"timestep": 45, "mechanic": "CollectTreasure"}, {"timestep": 46, "mechanic": "CollectTreasure"}, {"timestep": 47, "mechanic": "MinitaurHit"}, {"timestep": 48, "mechanic": "MinitaurHit"}, {"timestep": 76, "mechanic": "ReachStairs"}], "frequencies": {"CollectTreasure": 7, "BlobHit": 1, "MinitaurHit": 4, "ReachStairs": 1}, "levelReport": {"utilityGained": 0.0, "exitUtility": 1.0, "runnerUtility": 0.22999999999999998, "loitererUtility": 77.0, "completionistUtility": 0.6333333333333333, "monsterKillerUtility": 0.6, "treasureCollectorUtility": 1.0, "turnsTaken": 77, "health": 7, "healthLost": 3, "alive": true, "javelinsThrown": 0, "monsterKills": 3, "minitaurKnockouts": 3, "treasuresCollected": 7, "potionsTaken": 0, "totalMonsters": 8, "totalTreasures": 7, "totalPotions": 2, "timeTaken": 0.0}, "positions": [{"X": 5, "Y": 11}, {"X": 5, "Y": 12}, {"X": 4, "Y": 12}, {"X": 3, "Y": 12}, {"X": 2, "Y": 12}, {"X": 1, "Y": 12}, {"X": 1, "Y": 13}, {"X": 1, "Y": 14}, {"X": 2, "Y": 14}, {"X": 3, "Y": 14}, {"X": 4, "Y": 14}, {"X": 5, "Y": 14}, {"X": 6, "Y": 14}, {"X": 7, "Y": 14}, {"X": 7, "Y": 13}, {"X": 7, "Y": 12}, {"X": 8, "Y": 12}, {"X": 7, "Y": 12}, {"X": 7, "Y": 13}, {"X": 7, "Y": 14}, {"X": 6, "Y": 14}, {"X": 5, "Y": 14}, {"X": 6, "Y": 14}, {"X": 6, "Y": 15}, {"X": 6, "Y": 16}, {"X": 5, "Y": 16}, {"X": 4, "Y": 16}, {"X": 5, "Y": 16}, {"X": 5, "Y": 17}, {"X": 5, "Y": 18}, {"X": 6, "Y": 18}, {"X": 7, "Y": 18}, {"X": 8, "Y": 18}, {"X": 8, "Y": 17}, {"X": 8, "Y": 16}, {"X": 8, "Y": 17}, {"X": 8, "Y": 18}, {"X": 7, "Y": 18}, {"X": 6, "Y": 18}, {"X": 5, "Y": 18}, {"X": 4, "Y": 18}, {"X": 3, "Y": 18}, {"X": 2, "Y": 18}, {"X": 2, "Y": 17}, {"X": 2, "Y": 16}, {"X": 1, "Y": 16}, {"X": 1, "Y": 17}, {"X": 1, "Y": 18}, {"X": 2, "Y": 18}, {"X": 3, "Y": 18}, {"X": 4, "Y": 18}, {"X": 5, "Y": 18}, {"X": 6, "Y": 18}, {"X": 5, "Y": 18}, {"X": 5, "Y": 17}, {"X": 5, "Y": 16}, {"X": 6, "Y": 16}, {"X": 6, "Y": 15}, {"X": 6, "Y": 14}, {"X": 5, "Y": 14}, {"X": 4, "Y": 14}, {"X": 3, "Y": 14}, {"X": 2, "Y": 14}, {"X": 1, "Y": 14}, {"X": 1, "Y": 13}, {"X": 1, "Y": 12}, {"X": 2, "Y": 12}, {"X": 3, "Y": 12}, {"X": 4, "Y": 12}, {"X": 5, "Y": 12}, {"X": 5, "Y": 11}, {"X": 5, "Y": 10}, {"X": 5, "Y": 9}, {"X": 4, "Y": 9}, {"X": 3, "Y": 9}, {"X": 2, "Y": 9}, {"X": 1, "Y": 9}], "levelStates": ["Health: 10 X: 5 Y: 11\nXXXXXXXXXX\nX   b m  X\nX XXXXXX X\nXR      RX\nXXXX  XXXX\nX     M  X\nX  M     X\nX      M X\nXXX    XXX\nXe      PX\nX       PX\nXXXXXHXXXX\nX     X TX\nX XXXXX XX\nX        X\nXXXXXX XXX\nXTTX   XTX\nXTTXX XXTX\nX    b   X\nXXXXXXXXXX\n", "Health: 10 X: 5 Y: 12\nXXXXXXXXXX\nX   b  m X\nX XXXXXX X\nXR      RX\nXXXX  XXXX\nX    M   X\nX  M     X\nX      M X\nXXX    XXX\nXe      PX\nX       PX\nXXXXX XXXX\nX    HX TX\nX XXXXX XX\nX        X\nXXXXXX XXX\nXTTX   XTX\nXTTXX XXTX\nX    b   X\nXXXXXXXXXX\n", "Health: 10 X: 4 Y: 12\nXXXXXXXXXX\nX   b   mX\nX XXXXXX X\nXR      RX\nXXXX  XXXX\nX    M   X\nX  M     X\nX      M X\nXXX    XXX\nXe      PX\nX       PX\nXXXXX XXXX\nX   H X TX\nX XXXXX XX\nX        X\nXXXXXX XXX\nXTTX   XTX\nXTTXX XXTX\nX    b   X\nXXXXXXXXXX\n", "Health: 10 X: 3 Y: 12\nXXXXXXXXXX\nX   b    X\nX XXXXXXmX\nXR      RX\nXXXX  XXXX\nX    M   X\nX  M     X\nX      M X\nXXX    XXX\nXe      PX\nX       PX\nXXXXX XXXX\nX  H  X TX\nX XXXXX XX\nX        X\nXXXXXX XXX\nXTTX   XTX\nXTTXX XXTX\nX    b   X\nXXXXXXXXXX\n", "Health: 10 X: 2 Y: 12\nXXXXXXXXXX\nX   b    X\nX XXXXXX X\nXR      \u221eX\nXXXX  XXXX\nX    M   X\nX  M     X\nX      M X\nXXX    XXX\nXe      PX\nX       PX\nXXXXX XXXX\nX H   X TX\nX XXXXX XX\nX        X\nXXXXXX XXX\nXTTX   XTX\nXTTXX XXTX\nX    b   X\nXXXXXXXXXX\n", "Health: 10 X: 1 Y: 12\nXXXXXXXXXX\nX   b    X\nX XXXXXX X\nXR     m\u221eX\nXXXX  XXXX\nX    M   X\nX  M     X\nX      M X\nXXX    XXX\nXe      PX\nX       PX\nXXXXX XXXX\nXH    X TX\nX XXXXX XX\nX        X\nXXXXXX XXX\nXTTX   XTX\nXTTXX XXTX\nX    b   X\nXXXXXXXXXX\n", "Health: 10 X: 1 Y: 13\nXXXXXXXXXX\nX   b    X\nX XXXXXX X\nXR    m \u221eX\nXXXX  XXXX\nX    M   X\nX  M     X\nX      M X\nXXX    XXX\nXe      PX\nX       PX\nXXXXX XXXX\nX     X TX\nXHXXXXX XX\nX        X\nXXXXXX XXX\nXTTX   XTX\nXTTXX XXTX\nX    b   X\nXXXXXXXXXX\n", "Health: 10 X: 1 Y: 14\nXXXXXXXXXX\nX   b    X\nX XXXXXX X\nXR   m  \u221eX\nXXXX  XXXX\nX    M   X\nX  M     X\nX      M X\nXXX    XXX\nXe      PX\nX       PX\nXXXXX XXXX\nX     X TX\nX XXXXX XX\nXH       X\nXXXXXX XXX\nXTTX   XTX\nXTTXX XXTX\nX    b   X\nXXXXXXXXXX\n", "Health: 10 X: 2 Y: 14\nXXXXXXXXXX\nX   b    X\nX XXXXXX X\nXR      \u221eX\nXXXX mXXXX\nX    M   X\nX  M     X\nX      M X\nXXX    XXX\nXe      PX\nX       PX\nXXXXX XXXX\nX     X TX\nX XXXXX XX\nX H      X\nXXXXXX XXX\nXTTX   XTX\nXTTXX XXTX\nX    b   X\nXXXXXXXXXX\n", "Health: 10 X: 3 Y: 14\nXXXXXXXXXX\nX   b    X\nX XXXXXX X\nXR      \u221eX\nXXXX  XXXX\nX    \u221e   X\nX  M     X\nX      M X\nXXX    XXX\nXe      PX\nX       PX\nXXXXX XXXX\nX     X TX\nX XXXXX XX\nX  H     X\nXXXXXX XXX\nXTTX   XTX\nXTTXX XXTX\nX    b   X\nXXXXXXXXXX\n", "Health: 10 X: 4 Y: 14\nXXXXXXXXXX\nX   b    X\nX XXXXXX X\nXR      \u221eX\nXXXX  XXXX\nX    \u221e   X\nX  M     X\nX      M X\nXXX    XXX\nXe      PX\nX       PX\nXXXXX XXXX\nX     X TX\nX XXXXX XX\nX   H    X\nXXXXXX XXX\nXTTX   XTX\nXTTXX XXTX\nX    b   X\nXXXXXXXXXX\n", "Health: 10 X: 5 Y: 14\nXXXXXXXXXX\nX   b    X\nX XXXXXX X\nXR      \u221eX\nXXXX  XXXX\nX    \u221e   X\nX  M     X\nX      M X\nXXX    XXX\nXe      PX\nX       PX\nXXXXX XXXX\nX     X TX\nX XXXXX XX\nX    H   X\nXXXXXX XXX\nXTTX   XTX\nXTTXX XXTX\nX    b   X\nXXXXXXXXXX\n", "Health: 10 X: 6 Y: 14\nXXXXXXXXXX\nX   b    X\nX XXXXXX X\nXR      \u221eX\nXXXX  XXXX\nX    \u221e   X\nX  M     X\nX      M X\nXXX    XXX\nXe      PX\nX       PX\nXXXXX XXXX\nX     X TX\nX XXXXX XX\nX     H  X\nXXXXXX XXX\nXTTX   XTX\nXTTXXbXXTX\nX        X\nXXXXXXXXXX\n", "Health: 10 X: 7 Y: 14\nXXXXXXXXXX\nX   b    X\nX XXXXXX X\nXR      \u221eX\nXXXX  XXXX\nX    \u221e   X\nX  M     X\nX      M X\nXXX    XXX\nXe      PX\nX       PX\nXXXXX XXXX\nX     X TX\nX XXXXX XX\nX      H X\nXXXXXX XXX\nXTTX   XTX\nXTTXXbXXTX\nX        X\nXXXXXXXXXX\n", "Health: 10 X: 7 Y: 13\nXXXXXXXXXX\nX   b    X\nX XXXXXX X\nXR      \u221eX\nXXXX  XXXX\nX    \u221e   X\nX  M     X\nX      M X\nXXX    XXX\nXe      PX\nX       PX\nXXXXX XXXX\nX     X TX\nX XXXXXHXX\nX        X\nXXXXXX XXX\nXTTX b XTX\nXTTXX XXTX\nX        X\nXXXXXXXXXX\n", "Health: 10 X: 7 Y: 12\nXXXXXXXXXX\nX   b    X\nX XXXXXX X\nXR      \u221eX\nXXXX  XXXX\nX    \u221e   X\nX  M m   X\nX      M X\nXXX    XXX\nXe      PX\nX       PX\nXXXXX XXXX\nX     XHTX\nX XXXXX XX\nX        X\nXXXXXX XXX\nXTTX b XTX\nXTTXX XXTX\nX        X\nXXXXXXXXXX\n", "Health: 10 X: 8 Y: 12\nXXXXXXXXXX\nX   b    X\nX XXXXXX X\nXR      \u221eX\nXXXX  XXXX\nX    \u221e   X\nX  M     X\nX    m M X\nXXX    XXX\nXe      PX\nX       PX\nXXXXX XXXX\nX     X  X\nX XXXXX XX\nX        X\nXXXXXX XXX\nXTTX b XTX\nXTTXX XXTX\nX        X\nXXXXXXXXXX\n", "Health: 10 X: 7 Y: 12\nXXXXXXXXXX\nX   b    X\nX XXXXXX X\nXR      \u221eX\nXXXX  XXXX\nX    \u221e   X\nX  M     X\nX      M X\nXXX  m XXX\nXe      PX\nX       PX\nXXXXX XXXX\nX     XH X\nX XXXXX XX\nX        X\nXXXXXX XXX\nXTTX b XTX\nXTTXX XXTX\nX        X\nXXXXXXXXXX\n", "Health: 10 X: 7 Y: 13\nXXXXXXXXXX\nX   b    X\nX XXXXXX X\nXR      \u221eX\nXXXX  XXXX\nX    \u221e   X\nX  M     X\nX      M X\nXXX    XXX\nXe   m  PX\nX       PX\nXXXXX XXXX\nX     X  X\nX XXXXXHXX\nX        X\nXXXXXX XXX\nXTTX b XTX\nXTTXX XXTX\nX        X\nXXXXXXXXXX\n", "Health: 10 X: 7 Y: 14\nXXXXXXXXXX\nX   b    X\nX XXXXXX X\nXR      \u221eX\nXXXX  XXXX\nX    \u221e   X\nX  M     X\nX      M X\nXXX    XXX\nXe      PX\nX    m  PX\nXXXXX XXXX\nX     X  X\nX XXXXX XX\nX      H X\nXXXXXX XXX\nXTTX b XTX\nXTTXX XXTX\nX        X\nXXXXXXXXXX\n", "Health: 10 X: 6 Y: 14\nXXXXXXXXXX\nX   b    X\nX XXXXXX X\nXR      \u221eX\nXXXX  XXXX\nX    \u221e   X\nX  M     X\nX      M X\nXXX    XXX\nXe      PX\nX       PX\nXXXXXmXXXX\nX     X  X\nX XXXXX XX\nX     H  X\nXXXXXX XXX\nXTTX b XTX\nXTTXX XXTX\nX        X\nXXXXXXXXXX\n", "Health: 10 X: 5 Y: 14\nXXXXXXXXXX\nX   b    X\nX XXXXXX X\nXR      \u221eX\nXXXX  XXXX\nX    \u221e   X\nX  M     X\nX      M X\nXXX    XXX\nXe      PX\nX       PX\nXXXXX XXXX\nX    mX  X\nX XXXXX XX\nX    H   X\nXXXXXX XXX\nXTTX b XTX\nXTTXX XXTX\nX        X\nXXXXXXXXXX\n", "Health: 10 X: 6 Y: 14\nXXXXXXXXXX\nX   b    X\nX XXXXXX X\nXR      \u221eX\nXXXX  XXXX\nX    \u221e   X\nX  M     X\nX      M X\nXXX    XXX\nXe      PX\nX       PX\nXXXXX XXXX\nX   m X  X\nX XXXXX XX\nX     H  X\nXXXXXX XXX\nXTTX b XTX\nXTTXX XXTX\nX        X\nXXXXXXXXXX\n", "Health: 10 X: 6 Y: 15\nXXXXXXXXXX\nX   b    X\nX XXXXXX X\nXR      \u221eX\nXXXX  XXXX\nX    \u221e   X\nX  M     X\nX      M X\nXXX    XXX\nXe      PX\nX       PX\nXXXXX XXXX\nX  m  X  X\nX XXXXX XX\nX        X\nXXXXXXHXXX\nXTTX b XTX\nXTTXX XXTX\nX        X\nXXXXXXXXXX\n", "Health: 9 X: 6 Y: 16\nXXXXXXXXXX\nX   b    X\nX XXXXXX X\nXR      \u221eX\nXXXX  XXXX\nX    \u221e   X\nX  M     X\nX      M X\nXXX    XXX\nXe      PX\nX       PX\nXXXXX XXXX\nX m   X  X\nX XXXXX XX\nX        X\nXXXXXX XXX\nXTTX \u221eHXTX\nXTTXX XXTX\nX        X\nXXXXXXXXXX\n", "Health: 9 X: 5 Y: 16\nXXXXXXXXXX\nX   b    X\nX XXXXXX X\nXR      \u221eX\nXXXX  XXXX\nX    \u221e   X\nX  M     X\nX      M X\nXXX    XXX\nXe      PX\nX       PX\nXXXXX XXXX\nXm    X  X\nX XXXXX XX\nX        X\nXXXXXX XXX\nXTTX \u221e XTX\nXTTXX XXTX\nX        X\nXXXXXXXXXX\n", "Health: 9 X: 4 Y: 16\nXXXXXXXXXX\nX   b    X\nX XXXXXX X\nXR      \u221eX\nXXXX  XXXX\nX    \u221e   X\nX  M     X\nX      M X\nXXX    XXX\nXe      PX\nX       PX\nXXXXX XXXX\nX     X  X\nXmXXXXX XX\nX        X\nXXXXXX XXX\nXTTXH\u221e XTX\nXTTXX XXTX\nX        X\nXXXXXXXXXX\n", "Health: 9 X: 5 Y: 16\nXXXXXXXXXX\nX   b    X\nX XXXXXX X\nXR      \u221eX\nXXXX  XXXX\nX    \u221e   X\nX  M     X\nX      M X\nXXX    XXX\nXe      PX\nX       PX\nXXXXX XXXX\nX     X  X\nX XXXXX XX\nXm       X\nXXXXXX XXX\nXTTX \u221e XTX\nXTTXX XXTX\nX        X\nXXXXXXXXXX\n", "Health: 9 X: 5 Y: 17\nXXXXXXXXXX\nX   b    X\nX XXXXXX X\nXR      \u221eX\nXXXX  XXXX\nX    \u221e   X\nX  M     X\nX      M X\nXXX    XXX\nXe      PX\nX       PX\nXXXXX XXXX\nX     X  X\nX XXXXX XX\nX m      X\nXXXXXX XXX\nXTTX \u221e XTX\nXTTXXHXXTX\nX        X\nXXXXXXXXXX\n", "Health: 9 X: 5 Y: 18\nXXXXXXXXXX\nX   b    X\nX XXXXXX X\nXR      \u221eX\nXXXX  XXXX\nX    \u221e   X\nX  M     X\nX      M X\nXXX    XXX\nXe      PX\nX       PX\nXXXXX XXXX\nX     X  X\nX XXXXX XX\nX  m     X\nXXXXXX XXX\nXTTX \u221e XTX\nXTTXX XXTX\nX    H   X\nXXXXXXXXXX\n", "Health: 9 X: 6 Y: 18\nXXXXXXXXXX\nX   b    X\nX XXXXXX X\nXR      \u221eX\nXXXX  XXXX\nX    \u221e   X\nX  M     X\nX      M X\nXXX    XXX\nXe      PX\nX       PX\nXXXXX XXXX\nX     X  X\nX XXXXX XX\nX   m    X\nXXXXXX XXX\nXTTX \u221e XTX\nXTTXX XXTX\nX     H  X\nXXXXXXXXXX\n", "Health: 9 X: 7 Y: 18\nXXXXXXXXXX\nX   b    X\nX XXXXXX X\nXR      \u221eX\nXXXX  XXXX\nX    \u221e   X\nX  M     X\nX      M X\nXXX    XXX\nXe      PX\nX       PX\nXXXXX XXXX\nX     X  X\nX XXXXX XX\nX    m   X\nXXXXXX XXX\nXTTX \u221e XTX\nXTTXX XXTX\nX      H X\nXXXXXXXXXX\n", "Health: 9 X: 8 Y: 18\nXXXXXXXXXX\nX   b    X\nX XXXXXX X\nXR      \u221eX\nXXXX  XXXX\nX    \u221e   X\nX  M     X\nX      M X\nXXX    XXX\nXe      PX\nX       PX\nXXXXX XXXX\nX     X  X\nX XXXXX XX\nX     m  X\nXXXXXX XXX\nXTTX \u221e XTX\nXTTXX XXTX\nX       HX\nXXXXXXXXXX\n", "Health: 9 X: 8 Y: 17\nXXXXXXXXXX\nX   b    X\nX XXXXXX X\nXR      \u221eX\nXXXX  XXXX\nX    \u221e   X\nX  M     X\nX      M X\nXXX    XXX\nXe      PX\nX       PX\nXXXXX XXXX\nX     X  X\nX XXXXX XX\nX        X\nXXXXXXmXXX\nXTTX \u221e XTX\nXTTXX XX X\nX        X\nXXXXXXXXXX\n", "Health: 9 X: 8 Y: 16\nXXXXXXXXXX\nX   b    X\nX XXXXXX X\nXR      \u221eX\nXXXX  XXXX\nX    \u221e   X\nX  M     X\nX      M X\nXXX    XXX\nXe      PX\nX       PX\nXXXXX XXXX\nX     X  X\nX XXXXX XX\nX        X\nXXXXXX XXX\nXTTX \u221emX X\nXTTXX XX X\nX        X\nXXXXXXXXXX\n", "Health: 9 X: 8 Y: 17\nXXXXXXXXXX\nX   b    X\nX XXXXXX X\nXR      \u221eX\nXXXX  XXXX\nX    \u221e   X\nX  M     X\nX      M X\nXXX    XXX\nXe      PX\nX       PX\nXXXXX XXXX\nX     X  X\nX XXXXX XX\nX        X\nXXXXXX XXX\nXTTX \u221e X X\nXTTXX XX X\nX        X\nXXXXXXXXXX\n", "Health: 9 X: 8 Y: 18\nXXXXXXXXXX\nX   b    X\nX XXXXXX X\nXR      \u221eX\nXXXX  XXXX\nX    \u221e   X\nX  M     X\nX      M X\nXXX    XXX\nXe      PX\nX       PX\nXXXXX XXXX\nX     X  X\nX XXXXX XX\nX        X\nXXXXXX XXX\nXTTX \u221e X X\nXTTXXmXX X\nX       HX\nXXXXXXXXXX\n", "Health: 9 X: 7 Y: 18\nXXXXXXXXXX\nX   b    X\nX XXXXXX X\nXR      \u221eX\nXXXX  XXXX\nX    \u221e   X\nX  M     X\nX      M X\nXXX    XXX\nXe      PX\nX       PX\nXXXXX XXXX\nX     X  X\nX XXXXX XX\nX        X\nXXXXXX XXX\nXTTX \u221e X X\nXTTXX XX X\nX    m H X\nXXXXXXXXXX\n", "Health: 8 X: 6 Y: 18\nXXXXXXXXXX\nX   b    X\nX XXXXXX X\nXR      \u221eX\nXXXX  XXXX\nX    \u221e   X\nX  M     X\nX      M X\nXXX    XXX\nXe      PX\nX       PX\nXXXXX XXXX\nX     X  X\nX XXXXX XX\nX        X\nXXXXXX XXX\nXTTX \u221e X X\nXTTXX XX X\nX    mH  X\nXXXXXXXXXX\n", "Health: 8 X: 5 Y: 18\nXXXXXXXXXX\nX   b    X\nX XXXXXX X\nXR      \u221eX\nXXXX  XXXX\nX    \u221e   X\nX  M     X\nX      M X\nXXX    XXX\nXe      PX\nX       PX\nXXXXX XXXX\nX     X  X\nX XXXXX XX\nX        X\nXXXXXX XXX\nXTTX \u221e X X\nXTTXX XX X\nX    m   X\nXXXXXXXXXX\n", "Health: 8 X: 4 Y: 18\nXXXXXXXXXX\nX   b    X\nX XXXXXX X\nXR      \u221eX\nXXXX  XXXX\nX    \u221e   X\nX  M     X\nX      M X\nXXX    XXX\nXe      PX\nX       PX\nXXXXX XXXX\nX     X  X\nX XXXXX XX\nX        X\nXXXXXX XXX\nXTTX \u221e X X\nXTTXX XX X\nX   Hm   X\nXXXXXXXXXX\n", "Health: 8 X: 3 Y: 18\nXXXXXXXXXX\nX   b    X\nX XXXXXX X\nXR      \u221eX\nXXXX  XXXX\nX    \u221e   X\nX  M     X\nX      M X\nXXX    XXX\nXe      PX\nX       PX\nXXXXX XXXX\nX     X  X\nX XXXXX XX\nX        X\nXXXXXX XXX\nXTTX \u221e X X\nXTTXX XX X\nX  H m   X\nXXXXXXXXXX\n", "Health: 8 X: 2 Y: 18\nXXXXXXXXXX\nX   b    X\nX XXXXXX X\nXR      \u221eX\nXXXX  XXXX\nX    \u221e   X\nX  M     X\nX      M X\nXXX    XXX\nXe      PX\nX       PX\nXXXXX XXXX\nX     X  X\nX XXXXX XX\nX        X\nXXXXXX XXX\nXTTX \u221e X X\nXTTXX XX X\nX H  m   X\nXXXXXXXXXX\n", "Health: 8 X: 2 Y: 17\nXXXXXXXXXX\nX   b    X\nX XXXXXX X\nXR      \u221eX\nXXXX  XXXX\nX    \u221e   X\nX  M     X\nX      M X\nXXX    XXX\nXe      PX\nX       PX\nXXXXX XXXX\nX     X  X\nX XXXXX XX\nX        X\nXXXXXX XXX\nXTTX \u221e X X\nXT XX XX X\nX    m   X\nXXXXXXXXXX\n", "Health: 8 X: 2 Y: 16\nXXXXXXXXXX\nX   b    X\nX XXXXXX X\nXR      \u221eX\nXXXX  XXXX\nX    \u221e   X\nX  M     X\nX      M X\nXXX    XXX\nXe      PX\nX       PX\nXXXXX XXXX\nX     X  X\nX XXXXX XX\nX        X\nXXXXXX XXX\nXT X \u221e X X\nXT XX XX X\nX   m    X\nXXXXXXXXXX\n", "Health: 8 X: 1 Y: 16\nXXXXXXXXXX\nX   b    X\nX XXXXXX X\nXR      \u221eX\nXXXX  XXXX\nX    \u221e   X\nX  M     X\nX      M X\nXXX    XXX\nXe      PX\nX       PX\nXXXXX XXXX\nX     X  X\nX XXXXX XX\nX        X\nXXXXXX XXX\nX  X \u221e X X\nXT XX XX X\nX  m     X\nXXXXXXXXXX\n", "Health: 8 X: 1 Y: 17\nXXXXXXXXXX\nX   b    X\nX XXXXXX X\nXR      \u221eX\nXXXX  XXXX\nX    \u221e   X\nX  M     X\nX      M X\nXXX    XXX\nXe      PX\nX       PX\nXXXXX XXXX\nX     X  X\nX XXXXX XX\nX        X\nXXXXXX XXX\nX  X \u221e X X\nX  XX XX X\nX m      X\nXXXXXXXXXX\n", "Health: 7 X: 1 Y: 18\nXXXXXXXXXX\nX   b    X\nX XXXXXX X\nXR      \u221eX\nXXXX  XXXX\nX    \u221e   X\nX  M     X\nX      M X\nXXX    XXX\nXe      PX\nX       PX\nXXXXX XXXX\nX     X  X\nX XXXXX XX\nX        X\nXXXXXX XXX\nX  X \u221e X X\nX  XX XX X\nXHm      X\nXXXXXXXXXX\n", "Health: 7 X: 2 Y: 18\nXXXXXXXXXX\nX   b    X\nX XXXXXX X\nXR      \u221eX\nXXXX  XXXX\nX    \u221e   X\nX  M     X\nX      M X\nXXX    XXX\nXe      PX\nX       PX\nXXXXX XXXX\nX     X  X\nX XXXXX XX\nX        X\nXXXXXX XXX\nX  X \u221e X X\nX  XX XX X\nX m      X\nXXXXXXXXXX\n", "Health: 7 X: 3 Y: 18\nXXXXXXXXXX\nX   b    X\nX XXXXXX X\nXR      \u221eX\nXXXX  XXXX\nX    \u221e   X\nX  M     X\nX      M X\nXXX    XXX\nXe      PX\nX       PX\nXXXXX XXXX\nX     X  X\nX XXXXX XX\nX        X\nXXXXXX XXX\nX  X \u221e X X\nX  XX XX X\nX mH     X\nXXXXXXXXXX\n", "Health: 7 X: 4 Y: 18\nXXXXXXXXXX\nX   b    X\nX XXXXXX X\nXR      \u221eX\nXXXX  XXXX\nX    \u221e   X\nX  M     X\nX      M X\nXXX    XXX\nXe      PX\nX       PX\nXXXXX XXXX\nX     X  X\nX XXXXX XX\nX        X\nXXXXXX XXX\nX  X \u221e X X\nX  XX XX X\nX m H    X\nXXXXXXXXXX\n", "Health: 7 X: 5 Y: 18\nXXXXXXXXXX\nX   b    X\nX XXXXXX X\nXR      \u221eX\nXXXX  XXXX\nX    \u221e   X\nX  M     X\nX      M X\nXXX    XXX\nXe      PX\nX       PX\nXXXXX XXXX\nX     X  X\nX XXXXX XX\nX        X\nXXXXXX XXX\nX  X \u221e X X\nX  XX XX X\nX m  H   X\nXXXXXXXXXX\n", "Health: 7 X: 6 Y: 18\nXXXXXXXXXX\nX   b    X\nX XXXXXX X\nXR      \u221eX\nXXXX  XXXX\nX    \u221e   X\nX  M     X\nX      M X\nXXX    XXX\nXe      PX\nX       PX\nXXXXX XXXX\nX     X  X\nX XXXXX XX\nX        X\nXXXXXX XXX\nX  X \u221e X X\nX  XX XX X\nX m   H  X\nXXXXXXXXXX\n", "Health: 7 X: 5 Y: 18\nXXXXXXXXXX\nX   b    X\nX XXXXXX X\nXR      \u221eX\nXXXX  XXXX\nX    \u221e   X\nX  M     X\nX      M X\nXXX    XXX\nXe      PX\nX       PX\nXXXXX XXXX\nX     X  X\nX XXXXX XX\nX        X\nXXXXXX XXX\nX  X \u221e X X\nX  XX XX X\nX  m H   X\nXXXXXXXXXX\n", "Health: 7 X: 5 Y: 17\nXXXXXXXXXX\nX   b    X\nX XXXXXX X\nXR      \u221eX\nXXXX  XXXX\nX    \u221e   X\nX  M     X\nX      M X\nXXX    XXX\nXe      PX\nX       PX\nXXXXX XXXX\nX     X  X\nX XXXXX XX\nX        X\nXXXXXX XXX\nX  X \u221e X X\nX  XXHXX X\nX   m    X\nXXXXXXXXXX\n", "Health: 7 X: 5 Y: 16\nXXXXXXXXXX\nX   b    X\nX XXXXXX X\nXR      \u221eX\nXXXX  XXXX\nX    \u221e   X\nX  M     X\nX      M X\nXXX    XXX\nXe      PX\nX       PX\nXXXXX XXXX\nX     X  X\nX XXXXX XX\nX        X\nXXXXXX XXX\nX  X \u221e X X\nX  XX XX X\nX    m   X\nXXXXXXXXXX\n", "Health: 7 X: 6 Y: 16\nXXXXXXXXXX\nX   b    X\nX XXXXXX X\nXR      \u221eX\nXXXX  XXXX\nX    \u221e   X\nX  M     X\nX      M X\nXXX    XXX\nXe      PX\nX       PX\nXXXXX XXXX\nX     X  X\nX XXXXX XX\nX        X\nXXXXXX XXX\nX  X \u221eHX X\nX  XXmXX X\nX        X\nXXXXXXXXXX\n", "Health: 7 X: 6 Y: 15\nXXXXXXXXXX\nX   b    X\nX XXXXXX X\nXR      \u221eX\nXXXX  XXXX\nX    \u221e   X\nX  M     X\nX      M X\nXXX    XXX\nXe      PX\nX       PX\nXXXXX XXXX\nX     X  X\nX XXXXX XX\nX        X\nXXXXXXHXXX\nX  X \u221e X X\nX  XX XX X\nX        X\nXXXXXXXXXX\n", "Health: 7 X: 6 Y: 14\nXXXXXXXXXX\nX   b    X\nX XXXXXX X\nXR      \u221eX\nXXXX  XXXX\nX    \u221e   X\nX  M     X\nX      M X\nXXX    XXX\nXe      PX\nX       PX\nXXXXX XXXX\nX     X  X\nX XXXXX XX\nX     H  X\nXXXXXX XXX\nX  X \u221emX X\nX  XX XX X\nX        X\nXXXXXXXXXX\n", "Health: 7 X: 5 Y: 14\nXXXXXXXXXX\nX   b    X\nX XXXXXX X\nXR      \u221eX\nXXXX  XXXX\nX    \u221e   X\nX  M     X\nX      M X\nXXX    XXX\nXe      PX\nX       PX\nXXXXX XXXX\nX     X  X\nX XXXXX XX\nX    H   X\nXXXXXXmXXX\nX  X \u221e X X\nX  XX XX X\nX        X\nXXXXXXXXXX\n", "Health: 7 X: 4 Y: 14\nXXXXXXXXXX\nX   b    X\nX XXXXXX X\nXR      \u221eX\nXXXX  XXXX\nX    \u221e   X\nX  M     X\nX      M X\nXXX    XXX\nXe      PX\nX       PX\nXXXXX XXXX\nX     X  X\nX XXXXX XX\nX   H m  X\nXXXXXX XXX\nX  X \u221e X X\nX  XX XX X\nX        X\nXXXXXXXXXX\n", "Health: 7 X: 3 Y: 14\nXXXXXXXXXX\nX   b    X\nX XXXXXX X\nXR      \u221eX\nXXXX  XXXX\nX    \u221e   X\nX  M     X\nX      M X\nXXX    XXX\nXe      PX\nX       PX\nXXXXX XXXX\nX     X  X\nX XXXXX XX\nX  H m   X\nXXXXXX XXX\nX  X \u221e X X\nX  XX XX X\nX        X\nXXXXXXXXXX\n", "Health: 7 X: 2 Y: 14\nXXXXXXXXXX\nX   b    X\nX XXXXXX X\nXR      \u221eX\nXXXX  XXXX\nX    \u221e   X\nX  M     X\nX      M X\nXXX    XXX\nXe      PX\nX       PX\nXXXXX XXXX\nX     X  X\nX XXXXX XX\nX H m    X\nXXXXXX XXX\nX  X \u221e X X\nX  XX XX X\nX        X\nXXXXXXXXXX\n", "Health: 7 X: 1 Y: 14\nXXXXXXXXXX\nX   b    X\nX XXXXXX X\nXR      \u221eX\nXXXX  XXXX\nX    \u221e   X\nX  M     X\nX      M X\nXXX    XXX\nXe      PX\nX       PX\nXXXXX XXXX\nX     X  X\nX XXXXX XX\nXH m     X\nXXXXXX XXX\nX  X \u221e X X\nX  XX XX X\nX        X\nXXXXXXXXXX\n", "Health: 7 X: 1 Y: 13\nXXXXXXXXXX\nX   b    X\nX XXXXXX X\nXR      \u221eX\nXXXX  XXXX\nX    \u221e   X\nX  M     X\nX      M X\nXXX    XXX\nXe      PX\nX       PX\nXXXXX XXXX\nX     X  X\nXHXXXXX XX\nX m      X\nXXXXXX XXX\nX  X \u221e X X\nX  XX XX X\nX        X\nXXXXXXXXXX\n", "Health: 7 X: 1 Y: 12\nXXXXXXXXXX\nX   b    X\nX XXXXXX X\nXR      \u221eX\nXXXX  XXXX\nX    \u221e   X\nX  M     X\nX      M X\nXXX    XXX\nXe      PX\nX       PX\nXXXXX XXXX\nXH    X  X\nX XXXXX XX\nXm       X\nXXXXXX XXX\nX  X \u221e X X\nX  XX XX X\nX        X\nXXXXXXXXXX\n", "Health: 7 X: 2 Y: 12\nXXXXXXXXXX\nX   b    X\nX XXXXXX X\nXR      \u221eX\nXXXX  XXXX\nX    \u221e   X\nX  M     X\nX      M X\nXXX    XXX\nXe      PX\nX       PX\nXXXXX XXXX\nX H   X  X\nXmXXXXX XX\nX        X\nXXXXXX XXX\nX  X \u221e X X\nX  XX XX X\nX        X\nXXXXXXXXXX\n", "Health: 7 X: 3 Y: 12\nXXXXXXXXXX\nX   b    X\nX XXXXXX X\nXR      \u221eX\nXXXX  XXXX\nX    \u221e   X\nX  M     X\nX      M X\nXXX    XXX\nXe      PX\nX       PX\nXXXXX XXXX\nXm H  X  X\nX XXXXX XX\nX        X\nXXXXXX XXX\nX  X \u221e X X\nX  XX XX X\nX        X\nXXXXXXXXXX\n", "Health: 7 X: 4 Y: 12\nXXXXXXXXXX\nX   b    X\nX XXXXXX X\nXR      \u221eX\nXXXX  XXXX\nX    \u221e   X\nX  M     X\nX      M X\nXXX    XXX\nXe      PX\nX       PX\nXXXXX XXXX\nX m H X  X\nX XXXXX XX\nX        X\nXXXXXX XXX\nX  X \u221e X X\nX  XX XX X\nX        X\nXXXXXXXXXX\n", "Health: 7 X: 5 Y: 12\nXXXXXXXXXX\nX   b    X\nX XXXXXX X\nXR      \u221eX\nXXXX  XXXX\nX    \u221e   X\nX  M     X\nX      M X\nXXX    XXX\nXe      PX\nX       PX\nXXXXX XXXX\nX  m HX  X\nX XXXXX XX\nX        X\nXXXXXX XXX\nX  X \u221e X X\nX  XX XX X\nX        X\nXXXXXXXXXX\n", "Health: 7 X: 5 Y: 11\nXXXXXXXXXX\nX   b    X\nX XXXXXX X\nXR      \u221eX\nXXXX  XXXX\nX    \u221e   X\nX   M    X\nX      M X\nXXX    XXX\nXe      PX\nX       PX\nXXXXXHXXXX\nX   m X  X\nX XXXXX XX\nX        X\nXXXXXX XXX\nX  X \u221e X X\nX  XX XX X\nX        X\nXXXXXXXXXX\n", "Health: 7 X: 5 Y: 10\nXXXXXXXXXX\nX   b    X\nX XXXXXX X\nXR      \u221eX\nXXXX  XXXX\nX    \u221e   X\nX    M   X\nX      M X\nXXX    XXX\nXe      PX\nX    H  PX\nXXXXX XXXX\nX    mX  X\nX XXXXX XX\nX        X\nXXXXXX XXX\nX  X \u221e X X\nX  XX XX X\nX        X\nXXXXXXXXXX\n", "Health: 7 X: 5 Y: 9\nXXXXXXXXXX\nX   b    X\nX XXXXXX X\nXR      \u221eX\nXXXX  XXXX\nX    \u221e   X\nX        X\nX    M M X\nXXX    XXX\nXe   H  PX\nX       PX\nXXXXXmXXXX\nX     X  X\nX XXXXX XX\nX        X\nXXXXXX XXX\nX  X \u221e X X\nX  XX XX X\nX        X\nXXXXXXXXXX\n", "Health: 7 X: 4 Y: 9\nXXXXXXXXXX\nX   b    X\nX XXXXXX X\nXR      \u221eX\nXXXX  XXXX\nX    \u221e   X\nX        X\nX   M M  X\nXXX    XXX\nXe  H   PX\nX    m  PX\nXXXXX XXXX\nX     X  X\nX XXXXX XX\nX        X\nXXXXXX XXX\nX  X \u221e X X\nX  XX XX X\nX        X\nXXXXXXXXXX\n", "Health: 7 X: 3 Y: 9\nXXXXXXXXXX\nX   b    X\nX XXXXXX X\nXR      \u221eX\nXXXX  XXXX\nX    \u221e   X\nX        X\nX  M M   X\nXXX    XXX\nXe H m  PX\nX       PX\nXXXXX XXXX\nX     X  X\nX XXXXX XX\nX        X\nXXXXXX XXX\nX  X \u221e X X\nX  XX XX X\nX        X\nXXXXXXXXXX\n", "Health: 7 X: 2 Y: 9\nXXXXXXXXXX\nX   b    X\nX XXXXXX X\nXR      \u221eX\nXXXX  XXXX\nX    \u221e   X\nX        X\nX  MM    X\nXXX    XXX\nXeH m   PX\nX       PX\nXXXXX XXXX\nX     X  X\nX XXXXX XX\nX        X\nXXXXXX XXX\nX  X \u221e X X\nX  XX XX X\nX        X\nXXXXXXXXXX\n", "Health: 7 X: 1 Y: 9\nXXXXXXXXXX\nX   b    X\nX XXXXXX X\nXR      \u221eX\nXXXX  XXXX\nX    \u221e   X\nX        X\nX  MM    X\nXXX    XXX\nXe m    PX\nX       PX\nXXXXX XXXX\nX     X  X\nX XXXXX XX\nX        X\nXXXXXX XXX\nX  X \u221e X X\nX  XX XX X\nX        X\nXXXXXXXXXX\n"], "map_number": 102}, {"mechanics": [{"timestep": 2, "mechanic": "JavelinThrow"}, {"timestep": 4, "mechanic": "MinitaurHit"}, {"timestep": 7, "mechanic": "UsePortal"}, {"timestep": 11, "mechanic": "CollectTreasure"}, {"timestep": 15, "mechanic": "UsePortal"}, {"timestep": 17, "mechanic": "UsePortal"}, {"timestep": 21, "mechanic": "CollectTreasure"}, {"timestep": 21, "mechanic": "GoblinRangedHit"}, {"timestep": 22, "mechanic": "CollectTreasure"}, {"timestep": 22, "mechanic": "GoblinRangedHit"}, {"timestep": 28, "mechanic": "CollectTreasure"}, {"timestep": 35, "mechanic": "TriggerTrap"}, {"timestep": 37, "mechanic": "CollectTreasure"}, {"timestep": 38, "mechanic": "CollectTreasure"}, {"timestep": 39, "mechanic": "CollectTreasure"}, {"timestep": 40, "mechanic": "CollectTreasure"}, {"timestep": 49, "mechanic": "MinitaurHit"}, {"timestep": 49, "mechanic": "TriggerTrap"}, {"timestep": 55, "mechanic": "CollectPotion"}, {"timestep": 60, "mechanic": "CollectPotion"}, {"timestep": 67, "mechanic": "UsePortal"}, {"timestep": 69, "mechanic": "UsePortal"}, {"timestep": 73, "mechanic": "ReachStairs"}], "frequencies": {"JavelinThrow": 1, "MinitaurHit": 2, "UsePortal": 5, "CollectTreasure": 8, "GoblinRangedHit": 2, "TriggerTrap": 2, "CollectPotion": 2, "ReachStairs": 1}, "levelReport": {"utilityGained": 0.0, "exitUtility": 1.0, "runnerUtility": 0.26, "loitererUtility": 74.0, "completionistUtility": 0.8444444444444443, "monsterKillerUtility": 0.5333333333333333, "treasureCollectorUtility": 1.0, "turnsTaken": 74, "health": 10, "healthLost": 4, "alive": true, "javelinsThrown": 1, "monsterKills": 2, "minitaurKnockouts": 5, "treasuresCollected": 8, "potionsTaken": 2, "totalMonsters": 7, "totalTreasures": 8, "totalPotions": 2, "timeTaken": 0.0}, "positions": [{"X": 8, "Y": 2}, {"X": 8, "Y": 1}, {"X": 8, "Y": 1}, {"X": 7, "Y": 1}, {"X": 6, "Y": 1}, {"X": 5, "Y": 1}, {"X": 4, "Y": 1}, {"X": 1, "Y": 17}, {"X": 1, "Y": 16}, {"X": 1, "Y": 15}, {"X": 1, "Y": 14}, {"X": 1, "Y": 13}, {"X": 1, "Y": 14}, {"X": 1, "Y": 15}, {"X": 1, "Y": 16}, {"X": 3, "Y": 1}, {"X": 4, "Y": 1}, {"X": 1, "Y": 17}, {"X": 1, "Y": 16}, {"X": 2, "Y": 16}, {"X": 3, "Y": 16}, {"X": 4, "Y": 16}, {"X": 5, "Y": 16}, {"X": 6, "Y": 16}, {"X": 7, "Y": 16}, {"X": 8, "Y": 16}, {"X": 8, "Y": 15}, {"X": 8, "Y": 14}, {"X": 8, "Y": 13}, {"X": 8, "Y": 12}, {"X": 8, "Y": 11}, {"X": 8, "Y": 10}, {"X": 8, "Y": 9}, {"X": 8, "Y": 8}, {"X": 8, "Y": 7}, {"X": 8, "Y": 6}, {"X": 7, "Y": 6}, {"X": 6, "Y": 6}, {"X": 6, "Y": 7}, {"X": 6, "Y": 8}, {"X": 6, "Y": 9}, {"X": 6, "Y": 8}, {"X": 6, "Y": 9}, {"X": 6, "Y": 8}, {"X": 6, "Y": 9}, {"X": 6, "Y": 8}, {"X": 6, "Y": 7}, {"X": 6, "Y": 6}, {"X": 7, "Y": 6}, {"X": 8, "Y": 6}, {"X": 8, "Y": 7}, {"X": 8, "Y": 8}, {"X": 8, "Y": 9}, {"X": 8, "Y": 10}, {"X": 8, "Y": 11}, {"X": 7, "Y": 11}, {"X": 6, "Y": 11}, {"X": 5, "Y": 11}, {"X": 4, "Y": 11}, {"X": 3, "Y": 11}, {"X": 2, "Y": 11}, {"X": 1, "Y": 11}, {"X": 1, "Y": 12}, {"X": 1, "Y": 13}, {"X": 1, "Y": 14}, {"X": 1, "Y": 15}, {"X": 1, "Y": 16}, {"X": 3, "Y": 1}, {"X": 4, "Y": 1}, {"X": 1, "Y": 17}, {"X": 2, "Y": 17}, {"X": 3, "Y": 17}, {"X": 4, "Y": 17}, {"X": 5, "Y": 17}], "levelStates": ["Health: 10 X: 8 Y: 2\nXXXXXXXXXX\nXXXT m   X\nXXXXXXXXHX\nX    b   X\nX XX XXXXX\nX XX XXXXX\nX MX XT tX\nX XX XTX X\nX XX XTX X\nX MX XTX X\nX XX XXX X\nX P o  P X\nX XXXXXX X\nXTX RR XTX\nX X    X X\nX XX  XX X\nX   TT   X\nXT   e   X\nXXXXXXXXXX\n", "Health: 10 X: 8 Y: 1\nXXXXXXXXXX\nXXXT  m HX\nXXXXXXXX X\nX    b   X\nX XX XXXXX\nX XX XXXXX\nX MX XT tX\nX XX XTX X\nX XX XTX X\nX MX XTX X\nX XX XXX X\nX P o  P X\nX XXXXXX X\nXTX RR XTX\nX X    X X\nX XX  XX X\nX   TT   X\nXT   e   X\nXXXXXXXXXX\n", "Health: 10 X: 8 Y: 1\nXXXXXXXXXX\nXXXT  m HX\nXXXXXXXX X\nX    b   X\nX XX XXXXX\nX XX XXXXX\nX MX XT tX\nX XX XTX X\nX XX XTX X\nX MX XTX X\nX XX XXX X\nX P o  P X\nX XXXXXX X\nXTX RR XTX\nX X    X X\nX XX  XX X\nX   TT   X\nXT   e   X\nXXXXXXXXXX\n", "Health: 10 X: 7 Y: 1\nXXXXXXXXXX\nXXXT  mH X\nXXXXXXXX X\nX    b   X\nX XX XXXXX\nX XX XXXXX\nX MX XT tX\nX XX XTX X\nX XX XTX X\nX MX XTX X\nX XX XXX X\nX P o  P X\nX XXXXXX X\nXTX RR XTX\nX X    X X\nX XX  XX X\nX   TT   X\nXT   e   X\nXXXXXXXXXX\n", "Health: 10 X: 6 Y: 1\nXXXXXXXXXX\nXXXT  m  X\nXXXXXXXX X\nX    b   X\nX XX XXXXX\nX XX XXXXX\nX MX XT tX\nX XX XTX X\nX XX XTX X\nX MX XTX X\nX XX XXX X\nX P o  P X\nX XXXXXX X\nXTX RR XTX\nX X    X X\nX XX  XX X\nX   TT   X\nXT   e   X\nXXXXXXXXXX\n", "Health: 10 X: 5 Y: 1\nXXXXXXXXXX\nXXXT Hm  X\nXXXXXXXX X\nX    b   X\nX XX XXXXX\nX XX XXXXX\nX MX XT tX\nX XX XTX X\nX XX XTX X\nX MX XTX X\nX XX XXX X\nX P o  P X\nX XXXXXX X\nXTX RR XTX\nX X    X X\nX XX  XX X\nX   TT   X\nXT   e   X\nXXXXXXXXXX\n", "Health: 10 X: 4 Y: 1\nXXXXXXXXXX\nXXXTH m  X\nXXXXXXXX X\nX    b   X\nX XX XXXXX\nX XX XXXXX\nX MX XT tX\nX XX XTX X\nX XX XTX X\nX MX XTX X\nX XX XXX X\nX P o  P X\nX XXXXXX X\nXTX RR XTX\nX X    X X\nX XX  XX X\nX   TT   X\nXT   e   X\nXXXXXXXXXX\n", "Health: 10 X: 1 Y: 17\nXXXXXXXXXX\nXXXT   m X\nXXXXXXXX X\nX    b   X\nX XX XXXXX\nX XX XXXXX\nX MX XT tX\nX XX XTX X\nX XX XTX X\nX MX XTX X\nX XX XXX X\nX P o  P X\nX XXXXXX X\nXTX RR XTX\nX X    X X\nX XX  XX X\nX   TT   X\nXT   e   X\nXXXXXXXXXX\n", "Health: 10 X: 1 Y: 16\nXXXXXXXXXX\nXXXT    mX\nXXXXXXXX X\nX    b   X\nX XX XXXXX\nX XX XXXXX\nX MX XT tX\nX XX XTX X\nX XX XTX X\nX MX XTX X\nX XX XXX X\nX P o  P X\nX XXXXXX X\nXTX RR XTX\nX X    X X\nX XX  XX X\nXH  TT   X\nXT   e   X\nXXXXXXXXXX\n", "Health: 10 X: 1 Y: 15\nXXXXXXXXXX\nXXXT     X\nXXXXXXXXmX\nX    b   X\nX XX XXXXX\nX XX XXXXX\nX MX XT tX\nX XX XTX X\nX XX XTX X\nX MX XTX X\nX XX XXX X\nX P o  P X\nX XXXXXX X\nXTX RR XTX\nX X    X X\nXHXX  XX X\nX   TT   X\nXT   e   X\nXXXXXXXXXX\n", "Health: 10 X: 1 Y: 14\nXXXXXXXXXX\nXXXT     X\nXXXXXXXX X\nX    b  mX\nX XX XXXXX\nX XX XXXXX\nX MX XT tX\nX XX XTX X\nX XX XTX X\nX MX XTX X\nX XX XXX X\nX P o  P X\nX XXXXXX X\nXTX RR XTX\nXHX    X X\nX XX  XX X\nX   TT   X\nXT   e   X\nXXXXXXXXXX\n", "Health: 10 X: 1 Y: 13\nXXXXXXXXXX\nXXXT     X\nXXXXXXXX X\nX    b m X\nX XX XXXXX\nX XX XXXXX\nX MX XT tX\nX XX XTX X\nX XX XTX X\nX MX XTX X\nX XX XXX X\nX P o  P X\nX XXXXXX X\nX X RR XTX\nX X    X X\nX XX  XX X\nX   TT   X\nXT   e   X\nXXXXXXXXXX\n", "Health: 10 X: 1 Y: 14\nXXXXXXXXXX\nXXXT     X\nXXXXXXXX X\nX    bm  X\nX XX XXXXX\nX XX XXXXX\nX MX XT tX\nX XX XTX X\nX XX XTX X\nX MX XTX X\nX XX XXX X\nX P o  P X\nX XXXXXX X\nX X RR XTX\nXHX    X X\nX XX  XX X\nX   TT   X\nXT   e   X\nXXXXXXXXXX\n", "Health: 10 X: 1 Y: 15\nXXXXXXXXXX\nXXXT     X\nXXXXXXXX X\nX    \u221e   X\nX XX XXXXX\nX XX XXXXX\nX MX XT tX\nX XX XTX X\nX XX XTX X\nX MX XTX X\nX XX XXX X\nX P o  P X\nX XXXXXX X\nX X RR XTX\nX X    X X\nXHXX  XX X\nX   TT   X\nXT   e   X\nXXXXXXXXXX\n", "Health: 10 X: 1 Y: 16\nXXXXXXXXXX\nXXXT     X\nXXXXXXXX X\nX    \u221e   X\nX XX XXXXX\nX XX XXXXX\nX MX XT tX\nX XX XTX X\nX XX XTX X\nX MX XTX X\nX XX XXX X\nX P o  P X\nX XXXXXX X\nX X RR XTX\nX X    X X\nX XX  XX X\nXH  TT   X\nXT   e   X\nXXXXXXXXXX\n", "Health: 10 X: 3 Y: 1\nXXXXXXXXXX\nXXXT     X\nXXXXXXXX X\nX    \u221e   X\nX XX XXXXX\nX XX XXXXX\nX MX XT tX\nX XX XTX X\nX XX XTX X\nX MX XTX X\nX XX XXX X\nX P o  P X\nX XXXXXX X\nX X RR XTX\nX X    X X\nX XX  XX X\nX   TT   X\nXT   e   X\nXXXXXXXXXX\n", "Health: 10 X: 4 Y: 1\nXXXXXXXXXX\nXXXTH    X\nXXXXXXXX X\nX    \u221e   X\nX XX XXXXX\nX XX XXXXX\nX MX XT tX\nX XX XTX X\nX XX XTX X\nX MX XTX X\nX XX XXX X\nX P o  P X\nX XXXXXX X\nX X RR XTX\nX X    X X\nX XX  XX X\nX   TT   X\nXT   e   X\nXXXXXXXXXX\n", "Health: 10 X: 1 Y: 17\nXXXXXXXXXX\nXXXT     X\nXXXXXXXX X\nX    \u221e   X\nX XX XXXXX\nX XX XXXXX\nX MX XT tX\nX XX XTX X\nX XX XTX X\nX MX XTX X\nX XX XXX X\nX P o  P X\nX XXXXXX X\nX X RR XTX\nX X    X X\nX XX  XX X\nX   TT   X\nXT   e   X\nXXXXXXXXXX\n", "Health: 10 X: 1 Y: 16\nXXXXXXXXXX\nXXXT     X\nXXXXXXXX X\nX    \u221e   X\nX XX XXXXX\nX XX XXXXX\nX MX XT tX\nX XX XTX X\nX XX XTX X\nX MX XTX X\nX XX XXX X\nX P o  P X\nX XXXXXX X\nX X RR XTX\nX X    X X\nX XX  XX X\nXH  TT   X\nXT   e   X\nXXXXXXXXXX\n", "Health: 10 X: 2 Y: 16\nXXXXXXXXXX\nXXXT     X\nXXXXXXXX X\nX   m\u221e   X\nX XX XXXXX\nX XX XXXXX\nX MX XT tX\nX XX XTX X\nX XX XTX X\nX MX XTX X\nX XX XXX X\nX P o  P X\nX XXXXXX X\nX X RR XTX\nX X    X X\nX XX  XX X\nX H TT   X\nXT   e   X\nXXXXXXXXXX\n", "Health: 10 X: 3 Y: 16\nXXXXXXXXXX\nXXXT     X\nXXXXXXXX X\nX    \u221e   X\nX XXmXXXXX\nX XX XXXXX\nX MX XT tX\nX XX XTX X\nX XX XTX X\nX MX XTX X\nX XX XXX X\nX P o  P X\nX XXXXXX X\nX X RR XTX\nX X    X X\nX XX  XX X\nX  HTT   X\nXT   e   X\nXXXXXXXXXX\n", "Health: 9 X: 4 Y: 16\nXXXXXXXXXX\nXXXT     X\nXXXXXXXX X\nX    \u221e   X\nX XX XXXXX\nX XXmXXXXX\nX MX XT tX\nX XX XTX X\nX XX XTX X\nX MX XTX X\nX XX XXX X\nX P o  P X\nX XXXXXX X\nX X RR XTX\nX X    X X\nX XX  XX X\nX    T   X\nXT   e   X\nXXXXXXXXXX\n", "Health: 8 X: 5 Y: 16\nXXXXXXXXXX\nXXXT     X\nXXXXXXXX X\nX    \u221e   X\nX XX XXXXX\nX XX XXXXX\nX MXmXT tX\nX XX XTX X\nX XX XTX X\nX MX XTX X\nX XX XXX X\nX P o  P X\nX XXXXXX X\nX X RR XTX\nX X    X X\nX XX  XX X\nX        X\nXT   e   X\nXXXXXXXXXX\n", "Health: 8 X: 6 Y: 16\nXXXXXXXXXX\nXXXT     X\nXXXXXXXX X\nX    \u221e   X\nX XX XXXXX\nX XX XXXXX\nX MX XT tX\nX XXmXTX X\nX XX XTX X\nX MX XTX X\nX XX XXX X\nX P o  P X\nX XXXXXX X\nX X RR XTX\nX X    X X\nX XX  XX X\nX     H  X\nXT   e   X\nXXXXXXXXXX\n", "Health: 8 X: 7 Y: 16\nXXXXXXXXXX\nXXXT     X\nXXXXXXXX X\nX    \u221e   X\nX XX XXXXX\nX XX XXXXX\nX MX XT tX\nX XX XTX X\nX XXmXTX X\nX MX XTX X\nX XX XXX X\nX P o  P X\nX XXXXXX X\nX X RR XTX\nX X    X X\nX XX  XX X\nX      H X\nXT   e   X\nXXXXXXXXXX\n", "Health: 8 X: 8 Y: 16\nXXXXXXXXXX\nXXXT     X\nXXXXXXXX X\nX    \u221e   X\nX XX XXXXX\nX XX XXXXX\nX MX XT tX\nX XX XTX X\nX XX XTX X\nX MXmXTX X\nX XX XXX X\nX P o  P X\nX XXXXXX X\nX X RR XTX\nX X    X X\nX XX  XX X\nX       HX\nXT   e   X\nXXXXXXXXXX\n", "Health: 8 X: 8 Y: 15\nXXXXXXXXXX\nXXXT     X\nXXXXXXXX X\nX    \u221e   X\nX XX XXXXX\nX XX XXXXX\nX MX XT tX\nX XX XTX X\nX XX XTX X\nX MX XTX X\nX XXmXXX X\nX P o  P X\nX XXXXXX X\nX X RR XTX\nX X    X X\nX XX  XXHX\nX        X\nXT   e   X\nXXXXXXXXXX\n", "Health: 8 X: 8 Y: 14\nXXXXXXXXXX\nXXXT     X\nXXXXXXXX X\nX    \u221e   X\nX XX XXXXX\nX XX XXXXX\nX MX XT tX\nX XX XTX X\nX XX XTX X\nX MX XTX X\nX XXmXXX X\nX P o  P X\nX XXXXXX X\nX X RR XTX\nX X    XHX\nX XX  XX X\nX        X\nXT   e   X\nXXXXXXXXXX\n", "Health: 8 X: 8 Y: 13\nXXXXXXXXXX\nXXXT     X\nXXXXXXXX X\nX    \u221e   X\nX XX XXXXX\nX XX XXXXX\nX MX XT tX\nX XX XTX X\nX XX XTX X\nX MX XTX X\nX XXmXXX X\nX P o  P X\nX XXXXXX X\nX X RR X X\nX X    X X\nX XX  XX X\nX        X\nXT   e   X\nXXXXXXXXXX\n", "Health: 8 X: 8 Y: 12\nXXXXXXXXXX\nXXXT     X\nXXXXXXXX X\nX    \u221e   X\nX XX XXXXX\nX XX XXXXX\nX MX XT tX\nX XX XTX X\nX XX XTX X\nX MX XTX X\nX XXmXXX X\nX P o  P X\nX XXXXXXHX\nX X RR X X\nX X    X X\nX XX  XX X\nX        X\nXT   e   X\nXXXXXXXXXX\n", "Health: 8 X: 8 Y: 11\nXXXXXXXXXX\nXXXT     X\nXXXXXXXX X\nX    \u221e   X\nX XX XXXXX\nX XX XXXXX\nX MX XT tX\nX XX XTX X\nX XX XTX X\nX MX XTX X\nX XXmXXX X\nX P  o PHX\nX XXXXXX X\nX X RR X X\nX X    X X\nX XX  XX X\nX        X\nXT   e   X\nXXXXXXXXXX\n", "Health: 8 X: 8 Y: 10\nXXXXXXXXXX\nXXXT     X\nXXXXXXXX X\nX    \u221e   X\nX XX XXXXX\nX XX XXXXX\nX MX XT tX\nX XX XTX X\nX XX XTX X\nX MX XTX X\nX XXmXXXHX\nX P  o P X\nX XXXXXX X\nX X RR X X\nX X    X X\nX XX  XX X\nX        X\nXT   e   X\nXXXXXXXXXX\n", "Health: 8 X: 8 Y: 9\nXXXXXXXXXX\nXXXT     X\nXXXXXXXX X\nX    \u221e   X\nX XX XXXXX\nX XX XXXXX\nX MX XT tX\nX XX XTX X\nX XX XTX X\nX MX XTXHX\nX XXmXXX X\nX P  o P X\nX XXXXXX X\nX X RR X X\nX X    X X\nX XX  XX X\nX        X\nXT   e   X\nXXXXXXXXXX\n", "Health: 8 X: 8 Y: 8\nXXXXXXXXXX\nXXXT     X\nXXXXXXXX X\nX    \u221e   X\nX XX XXXXX\nX XX XXXXX\nX MX XT tX\nX XX XTX X\nX XX XTXHX\nX MX XTX X\nX XX XXX X\nX P mo P X\nX XXXXXX X\nX X RR X X\nX X    X X\nX XX  XX X\nX        X\nXT   e   X\nXXXXXXXXXX\n", "Health: 8 X: 8 Y: 7\nXXXXXXXXXX\nXXXT     X\nXXXXXXXX X\nX    \u221e   X\nX XX XXXXX\nX XX XXXXX\nX MX XT tX\nX XX XTXHX\nX XX XTX X\nX MX XTX X\nX XX XXX X\nX P  \u221e P X\nX XXXXXX X\nX X RR X X\nX X    X X\nX XX  XX X\nX        X\nXT   e   X\nXXXXXXXXXX\n", "Health: 7 X: 8 Y: 6\nXXXXXXXXXX\nXXXT     X\nXXXXXXXX X\nX    \u221e   X\nX XX XXXXX\nX XX XXXXX\nX MX XT tX\nX XX XTX X\nX XX XTX X\nX MX XTX X\nX XX XXX X\nX P  \u221e P X\nX XXXXXX X\nX X RR X X\nX X    X X\nX XX  XX X\nX        X\nXT   e   X\nXXXXXXXXXX\n", "Health: 7 X: 7 Y: 6\nXXXXXXXXXX\nXXXT     X\nXXXXXXXX X\nX    \u221e   X\nX XX XXXXX\nX XX XXXXX\nX MX XTHtX\nX XX XTX X\nX XX XTX X\nX MX XTX X\nX XX XXX X\nX P  \u221e P X\nX XXXXXX X\nX X RR X X\nX X    X X\nX XX  XX X\nX        X\nXT   e   X\nXXXXXXXXXX\n", "Health: 7 X: 6 Y: 6\nXXXXXXXXXX\nXXXT     X\nXXXXXXXX X\nX    \u221e   X\nX XX XXXXX\nX XX XXXXX\nX MX X  tX\nX XX XTX X\nX XX XTX X\nX MX XTX X\nX XX XXX X\nX P  \u221e P X\nX XXXXXX X\nX X RR X X\nX X    X X\nX XX  XX X\nX        X\nXT   e   X\nXXXXXXXXXX\n", "Health: 7 X: 6 Y: 7\nXXXXXXXXXX\nXXXT     X\nXXXXXXXX X\nX    \u221e   X\nX XX XXXXX\nX XX XXXXX\nX MX X  tX\nX XX X X X\nX XX XTX X\nX MX XTX X\nX XX XXX X\nX P  \u221e P X\nX XXXXXX X\nX X RR X X\nX X    X X\nX XX  XX X\nX        X\nXT   e   X\nXXXXXXXXXX\n", "Health: 7 X: 6 Y: 8\nXXXXXXXXXX\nXXXT     X\nXXXXXXXX X\nX    \u221e   X\nX XX XXXXX\nX XX XXXXX\nX MX X  tX\nX XX X X X\nX XX X X X\nX MX XTX X\nX XX XXX X\nX P  \u221e P X\nX XXXXXX X\nX X RR X X\nX X    X X\nX XX  XX X\nX        X\nXT   e   X\nXXXXXXXXXX\n", "Health: 7 X: 6 Y: 9\nXXXXXXXXXX\nXXXT     X\nXXXXXXXX X\nX    \u221e   X\nX XX XXXXX\nX XX XXXXX\nX MX X  tX\nX XX X X X\nX XX X X X\nX MX X X X\nX XX XXX X\nX P  \u221emP X\nX XXXXXX X\nX X RR X X\nX X    X X\nX XX  XX X\nX        X\nXT   e   X\nXXXXXXXXXX\n", "Health: 7 X: 6 Y: 8\nXXXXXXXXXX\nXXXT     X\nXXXXXXXX X\nX    \u221e   X\nX XX XXXXX\nX XX XXXXX\nX MX X  tX\nX XX X X X\nX XX X X X\nX MX X X X\nX XX XXX X\nX P  \u221e P X\nX XXXXXX X\nX X RR X X\nX X    X X\nX XX  XX X\nX        X\nXT   e   X\nXXXXXXXXXX\n", "Health: 7 X: 6 Y: 9\nXXXXXXXXXX\nXXXT     X\nXXXXXXXX X\nX    \u221e   X\nX XX XXXXX\nX XX XXXXX\nX MX X  tX\nX XX X X X\nX XX X X X\nX MX X X X\nX XX XXX X\nX P  \u221e PmX\nX XXXXXX X\nX X RR X X\nX X    X X\nX XX  XX X\nX        X\nXT   e   X\nXXXXXXXXXX\n", "Health: 7 X: 6 Y: 8\nXXXXXXXXXX\nXXXT     X\nXXXXXXXX X\nX    \u221e   X\nX XX XXXXX\nX XX XXXXX\nX MX X  tX\nX XX X X X\nX XX X X X\nX MX X X X\nX XX XXXmX\nX P  \u221e P X\nX XXXXXX X\nX X RR X X\nX X    X X\nX XX  XX X\nX        X\nXT   e   X\nXXXXXXXXXX\n", "Health: 7 X: 6 Y: 9\nXXXXXXXXXX\nXXXT     X\nXXXXXXXX X\nX    \u221e   X\nX XX XXXXX\nX XX XXXXX\nX MX X  tX\nX XX X X X\nX XX X X X\nX MX X XmX\nX XX XXX X\nX P  \u221e P X\nX XXXXXX X\nX X RR X X\nX X    X X\nX XX  XX X\nX        X\nXT   e   X\nXXXXXXXXXX\n", "Health: 7 X: 6 Y: 8\nXXXXXXXXXX\nXXXT     X\nXXXXXXXX X\nX    \u221e   X\nX XX XXXXX\nX XX XXXXX\nX MX X  tX\nX XX X X X\nX XX X XmX\nX MX X X X\nX XX XXX X\nX P  \u221e P X\nX XXXXXX X\nX X RR X X\nX X    X X\nX XX  XX X\nX        X\nXT   e   X\nXXXXXXXXXX\n", "Health: 7 X: 6 Y: 7\nXXXXXXXXXX\nXXXT     X\nXXXXXXXX X\nX    \u221e   X\nX XX XXXXX\nX XX XXXXX\nX MX X  tX\nX XX X XmX\nX XX X X X\nX MX X X X\nX XX XXX X\nX P  \u221e P X\nX XXXXXX X\nX X RR X X\nX X    X X\nX XX  XX X\nX        X\nXT   e   X\nXXXXXXXXXX\n", "Health: 7 X: 6 Y: 6\nXXXXXXXXXX\nXXXT     X\nXXXXXXXX X\nX    \u221e   X\nX XX XXXXX\nX XX XXXXX\nX MX X  tX\nX XX X X X\nX XX X X X\nX MX X X X\nX XX XXX X\nX P  \u221e P X\nX XXXXXX X\nX X RR X X\nX X    X X\nX XX  XX X\nX        X\nXT   e   X\nXXXXXXXXXX\n", "Health: 7 X: 7 Y: 6\nXXXXXXXXXX\nXXXT     X\nXXXXXXXX X\nX    \u221e   X\nX XX XXXXX\nX XX XXXXX\nX MX X HtX\nX XX X X X\nX XX X X X\nX MX X X X\nX XX XXX X\nX P  \u221e P X\nX XXXXXX X\nX X RR X X\nX X    X X\nX XX  XX X\nX        X\nXT   e   X\nXXXXXXXXXX\n", "Health: 6 X: 8 Y: 6\nXXXXXXXXXX\nXXXT     X\nXXXXXXXX X\nX    \u221e   X\nX XX XXXXX\nX XX XXXXX\nX MX X  tX\nX XX X X X\nX XX X X X\nX MX X X X\nX XX XXX X\nX P  \u221e P X\nX XXXXXX X\nX X RR X X\nX X    X X\nX XX  XX X\nX        X\nXT   e   X\nXXXXXXXXXX\n", "Health: 6 X: 8 Y: 7\nXXXXXXXXXX\nXXXT     X\nXXXXXXXX X\nX    \u221e   X\nX XX XXXXX\nX XX XXXXX\nX MX X  tX\nX XX X XHX\nX XX X X X\nX MX X X X\nX XX XXX X\nX P  \u221e P X\nX XXXXXX X\nX X RR X X\nX X    X X\nX XX  XX X\nX        X\nXT   e   X\nXXXXXXXXXX\n", "Health: 6 X: 8 Y: 8\nXXXXXXXXXX\nXXXT     X\nXXXXXXXX X\nX    \u221e   X\nX XX XXXXX\nX XX XXXXX\nX MX X  tX\nX XX X X X\nX XX X XHX\nX MX X X X\nX XX XXX X\nX P  \u221e P X\nX XXXXXX X\nX X RR X X\nX X    X X\nX XX  XX X\nX        X\nXT   e   X\nXXXXXXXXXX\n", "Health: 6 X: 8 Y: 9\nXXXXXXXXXX\nXXXT     X\nXXXXXXXX X\nX    \u221e   X\nX XX XXXXX\nX XX XXXXX\nX MX X  tX\nX XX X X X\nX XX X X X\nX MX X XHX\nX XX XXX X\nX P  \u221e P X\nX XXXXXX X\nX X RR X X\nX X    X X\nX XX  XX X\nX        X\nXT   e   X\nXXXXXXXXXX\n", "Health: 6 X: 8 Y: 10\nXXXXXXXXXX\nXXXT     X\nXXXXXXXX X\nX    \u221e   X\nX XX XXXXX\nX XX XXXXX\nX MX X  tX\nX XX X XmX\nX XX X X X\nX MX X X X\nX XX XXXHX\nX P  \u221e P X\nX XXXXXX X\nX X RR X X\nX X    X X\nX XX  XX X\nX        X\nXT   e   X\nXXXXXXXXXX\n", "Health: 6 X: 8 Y: 11\nXXXXXXXXXX\nXXXT     X\nXXXXXXXX X\nX    \u221e   X\nX XX XXXXX\nX XX XXXXX\nX MX X  tX\nX XX X X X\nX XX X XmX\nX MX X X X\nX XX XXX X\nX P  \u221e PHX\nX XXXXXX X\nX X RR X X\nX X    X X\nX XX  XX X\nX        X\nXT   e   X\nXXXXXXXXXX\n", "Health: 8 X: 7 Y: 11\nXXXXXXXXXX\nXXXT     X\nXXXXXXXX X\nX    \u221e   X\nX XX XXXXX\nX XX XXXXX\nX MX X  tX\nX XX X X X\nX XX X X X\nX MX X XmX\nX XX XXX X\nX P  \u221e   X\nX XXXXXX X\nX X RR X X\nX X    X X\nX XX  XX X\nX        X\nXT   e   X\nXXXXXXXXXX\n", "Health: 8 X: 6 Y: 11\nXXXXXXXXXX\nXXXT     X\nXXXXXXXX X\nX    \u221e   X\nX XX XXXXX\nX XX XXXXX\nX MX X  tX\nX XX X X X\nX XX X X X\nX MX X X X\nX XX XXXmX\nX P  \u221eH  X\nX XXXXXX X\nX X RR X X\nX X    X X\nX XX  XX X\nX        X\nXT   e   X\nXXXXXXXXXX\n", "Health: 8 X: 5 Y: 11\nXXXXXXXXXX\nXXXT     X\nXXXXXXXX X\nX    \u221e   X\nX XX XXXXX\nX XX XXXXX\nX MX X  tX\nX XX X X X\nX XX X X X\nX MX X X X\nX XX XXX X\nX P  \u221e  mX\nX XXXXXX X\nX X RR X X\nX X    X X\nX XX  XX X\nX        X\nXT   e   X\nXXXXXXXXXX\n", "Health: 8 X: 4 Y: 11\nXXXXXXXXXX\nXXXT     X\nXXXXXXXX X\nX    \u221e   X\nX XX XXXXX\nX XX XXXXX\nX MX X  tX\nX XX X X X\nX XX X X X\nX MX X X X\nX XX XXX X\nX P H\u221e   X\nX XXXXXX X\nX X RR X X\nX X    X X\nX XX  XX X\nX        X\nXT   e   X\nXXXXXXXXXX\n", "Health: 8 X: 3 Y: 11\nXXXXXXXXXX\nXXXT     X\nXXXXXXXX X\nX    \u221e   X\nX XX XXXXX\nX XX XXXXX\nX MX X  tX\nX XX X X X\nX XX X X X\nX MX X X X\nX XX XXX X\nX PH \u221em  X\nX XXXXXX X\nX X RR X X\nX X    X X\nX XX  XX X\nX        X\nXT   e   X\nXXXXXXXXXX\n", "Health: 10 X: 2 Y: 11\nXXXXXXXXXX\nXXXT     X\nXXXXXXXX X\nX    \u221e   X\nX XX XXXXX\nX XX XXXXX\nX MX X  tX\nX XX X X X\nX XX X X X\nX MX X X X\nX XX XXX X\nX    \u221e   X\nX XXXXXX X\nX X RR X X\nX X    X X\nX XX  XX X\nX        X\nXT   e   X\nXXXXXXXXXX\n", "Health: 10 X: 1 Y: 11\nXXXXXXXXXX\nXXXT     X\nXXXXXXXX X\nX    \u221e   X\nX XX XXXXX\nX XX XXXXX\nX MX X  tX\nX XX X X X\nX XX X X X\nX MX X X X\nX XX XXX X\nXH  m\u221e   X\nX XXXXXX X\nX X RR X X\nX X    X X\nX XX  XX X\nX        X\nXT   e   X\nXXXXXXXXXX\n", "Health: 10 X: 1 Y: 12\nXXXXXXXXXX\nXXXT     X\nXXXXXXXX X\nX    \u221e   X\nX XX XXXXX\nX XX XXXXX\nX MX X  tX\nX XX X X X\nX XX X X X\nX MX X X X\nX XX XXX X\nX  m \u221e   X\nXHXXXXXX X\nX X RR X X\nX X    X X\nX XX  XX X\nX        X\nXT   e   X\nXXXXXXXXXX\n", "Health: 10 X: 1 Y: 13\nXXXXXXXXXX\nXXXT     X\nXXXXXXXX X\nX    \u221e   X\nX XX XXXXX\nX XX XXXXX\nX MX X  tX\nX XX X X X\nX XX X X X\nX MX X X X\nX XX XXX X\nX    \u221e   X\nX XXXXXX X\nX X RR X X\nX X    X X\nX XX  XX X\nX        X\nXT   e   X\nXXXXXXXXXX\n", "Health: 10 X: 1 Y: 14\nXXXXXXXXXX\nXXXT     X\nXXXXXXXX X\nX    \u221e   X\nX XX XXXXX\nX XX XXXXX\nX MX X  tX\nX XX X X X\nX XX X X X\nX MX X X X\nX XX XXX X\nXm   \u221e   X\nX XXXXXX X\nX X RR X X\nXHX    X X\nX XX  XX X\nX        X\nXT   e   X\nXXXXXXXXXX\n", "Health: 10 X: 1 Y: 15\nXXXXXXXXXX\nXXXT     X\nXXXXXXXX X\nX    \u221e   X\nX XX XXXXX\nX XX XXXXX\nX MX X  tX\nX XX X X X\nX XX X X X\nX MX X X X\nX XX XXX X\nX    \u221e   X\nXmXXXXXX X\nX X RR X X\nX X    X X\nXHXX  XX X\nX        X\nXT   e   X\nXXXXXXXXXX\n", "Health: 10 X: 1 Y: 16\nXXXXXXXXXX\nXXXT     X\nXXXXXXXX X\nX    \u221e   X\nX XX XXXXX\nX XX XXXXX\nX MX X  tX\nX XX X X X\nX XX X X X\nX MX X X X\nX XX XXX X\nX    \u221e   X\nX XXXXXX X\nX X RR X X\nX X    X X\nX XX  XX X\nXH       X\nXT   e   X\nXXXXXXXXXX\n", "Health: 10 X: 3 Y: 1\nXXXXXXXXXX\nXXXT     X\nXXXXXXXX X\nX    \u221e   X\nX XX XXXXX\nX XX XXXXX\nX MX X  tX\nX XX X X X\nX XX X X X\nX MX X X X\nX XX XXX X\nX    \u221e   X\nXmXXXXXX X\nX X RR X X\nX X    X X\nX XX  XX X\nX        X\nXT   e   X\nXXXXXXXXXX\n", "Health: 10 X: 4 Y: 1\nXXXXXXXXXX\nXXXTH    X\nXXXXXXXX X\nX    \u221e   X\nX XX XXXXX\nX XX XXXXX\nX MX X  tX\nX XX X X X\nX XX X X X\nX MX X X X\nX XX XXX X\nXm   \u221e   X\nX XXXXXX X\nX X RR X X\nX X    X X\nX XX  XX X\nX        X\nXT   e   X\nXXXXXXXXXX\n", "Health: 10 X: 1 Y: 17\nXXXXXXXXXX\nXXXT     X\nXXXXXXXX X\nX    \u221e   X\nX XX XXXXX\nX XX XXXXX\nX MX X  tX\nX XX X X X\nX XX X X X\nX MX X X X\nX XX XXX X\nX    \u221e   X\nXmXXXXXX X\nX X RR X X\nX X    X X\nX XX  XX X\nX        X\nXT   e   X\nXXXXXXXXXX\n", "Health: 10 X: 2 Y: 17\nXXXXXXXXXX\nXXXT     X\nXXXXXXXX X\nX    \u221e   X\nX XX XXXXX\nX XX XXXXX\nX MX X  tX\nX XX X X X\nX XX X X X\nX MX X X X\nX XX XXX X\nX    \u221e   X\nX XXXXXX X\nX X RR X X\nX X    X X\nX XX  XX X\nX        X\nXTH  e   X\nXXXXXXXXXX\n", "Health: 10 X: 3 Y: 17\nXXXXXXXXXX\nXXXT     X\nXXXXXXXX X\nX    \u221e   X\nX XX XXXXX\nX XX XXXXX\nX MX X  tX\nX XX X X X\nX XX X X X\nX MX X X X\nX XX XXX X\nX    \u221e   X\nX XXXXXX X\nX X RR X X\nXmX    X X\nX XX  XX X\nX        X\nXT H e   X\nXXXXXXXXXX\n", "Health: 10 X: 4 Y: 17\nXXXXXXXXXX\nXXXT     X\nXXXXXXXX X\nX    \u221e   X\nX XX XXXXX\nX XX XXXXX\nX MX X  tX\nX XX X X X\nX XX X X X\nX MX X X X\nX XX XXX X\nX    \u221e   X\nX XXXXXX X\nX X R  X X\nX X R  X X\nXmXX  XX X\nX        X\nXT  He   X\nXXXXXXXXXX\n", "Health: 10 X: 5 Y: 17\nXXXXXXXXXX\nXXXT     X\nXXXXXXXX X\nX    \u221e   X\nX XX XXXXX\nX XX XXXXX\nX MX X  tX\nX XX X X X\nX XX X X X\nX MX X X X\nX XX XXX X\nX    \u221e   X\nX XXXXXX X\nX X  R X X\nX X  R X X\nX XX  XX X\nXm       X\nXT   e   X\nXXXXXXXXXX\n"], "map_number": 201}, {"mechanics": [{"timestep": 2, "mechanic": "OgreTreasure"}, {"timestep": 2, "mechanic": "BlobPotion"}, {"timestep": 3, "mechanic": "OgreTreasure"}, {"timestep": 3, "mechanic": "BlobHit"}, {"timestep": 4, "mechanic": "BlobHit"}, {"timestep": 11, "mechanic": "CollectTreasure"}, {"timestep": 16, "mechanic": "CollectTreasure"}, {"timestep": 17, "mechanic": "CollectTreasure"}, {"timestep": 19, "mechanic": "CollectTreasure"}, {"timestep": 23, "mechanic": "MinitaurHit"}, {"timestep": 24, "mechanic": "CollectTreasure"}, {"timestep": 26, "mechanic": "MinitaurHit"}, {"timestep": 36, "mechanic": "JavelinThrow"}, {"timestep": 38, "mechanic": "MinitaurHit"}, {"timestep": 42, "mechanic": "CollectPotion"}, {"timestep": 43, "mechanic": "JavelinThrow"}, {"timestep": 45, "mechanic": "MinitaurHit"}, {"timestep": 51, "mechanic": "JavelinThrow"}, {"timestep": 53, "mechanic": "MinitaurHit"}, {"timestep": 60, "mechanic": "CollectTreasure"}, {"timestep": 62, "mechanic": "CollectTreasure"}, {"timestep": 68, "mechanic": "OgreHit"}, {"timestep": 73, "mechanic": "ReachStairs"}], "frequencies": {"OgreTreasure": 2, "BlobPotion": 1, "BlobHit": 2, "CollectTreasure": 7, "MinitaurHit": 5, "JavelinThrow": 3, "CollectPotion": 1, "OgreHit": 1, "ReachStairs": 1}, "levelReport": {"utilityGained": 0.0, "exitUtility": 1.0, "runnerUtility": 0.26, "loitererUtility": 74.0, "completionistUtility": 0.6914814814814815, "monsterKillerUtility": 0.58, "treasureCollectorUtility": 0.8444444444444443, "turnsTaken": 74, "health": 7, "healthLost": 5, "alive": true, "javelinsThrown": 3, "monsterKills": 2, "minitaurKnockouts": 5, "treasuresCollected": 7, "potionsTaken": 1, "totalMonsters": 6, "totalTreasures": 9, "totalPotions": 2, "timeTaken": 0.0}, "positions": [{"X": 6, "Y": 3}, {"X": 7, "Y": 3}, {"X": 7, "Y": 4}, {"X": 7, "Y": 5}, {"X": 7, "Y": 6}, {"X": 7, "Y": 7}, {"X": 7, "Y": 8}, {"X": 7, "Y": 9}, {"X": 7, "Y": 10}, {"X": 7, "Y": 11}, {"X": 7, "Y": 12}, {"X": 7, "Y": 13}, {"X": 7, "Y": 14}, {"X": 7, "Y": 15}, {"X": 7, "Y": 16}, {"X": 7, "Y": 17}, {"X": 6, "Y": 17}, {"X": 6, "Y": 18}, {"X": 7, "Y": 18}, {"X": 8, "Y": 18}, {"X": 7, "Y": 18}, {"X": 6, "Y": 18}, {"X": 7, "Y": 18}, {"X": 7, "Y": 17}, {"X": 8, "Y": 17}, {"X": 7, "Y": 17}, {"X": 7, "Y": 16}, {"X": 7, "Y": 15}, {"X": 7, "Y": 14}, {"X": 7, "Y": 13}, {"X": 7, "Y": 12}, {"X": 7, "Y": 11}, {"X": 7, "Y": 10}, {"X": 7, "Y": 9}, {"X": 7, "Y": 8}, {"X": 7, "Y": 7}, {"X": 7, "Y": 7}, {"X": 7, "Y": 8}, {"X": 7, "Y": 9}, {"X": 7, "Y": 8}, {"X": 7, "Y": 7}, {"X": 7, "Y": 6}, {"X": 6, "Y": 6}, {"X": 6, "Y": 6}, {"X": 7, "Y": 6}, {"X": 7, "Y": 7}, {"X": 7, "Y": 6}, {"X": 7, "Y": 5}, {"X": 7, "Y": 4}, {"X": 7, "Y": 3}, {"X": 7, "Y": 2}, {"X": 7, "Y": 2}, {"X": 7, "Y": 3}, {"X": 7, "Y": 4}, {"X": 6, "Y": 4}, {"X": 6, "Y": 3}, {"X": 5, "Y": 3}, {"X": 4, "Y": 3}, {"X": 3, "Y": 3}, {"X": 3, "Y": 2}, {"X": 3, "Y": 1}, {"X": 2, "Y": 1}, {"X": 1, "Y": 1}, {"X": 1, "Y": 2}, {"X": 1, "Y": 3}, {"X": 1, "Y": 4}, {"X": 2, "Y": 4}, {"X": 2, "Y": 5}, {"X": 2, "Y": 6}, {"X": 2, "Y": 7}, {"X": 2, "Y": 8}, {"X": 2, "Y": 9}, {"X": 1, "Y": 9}, {"X": 1, "Y": 8}], "levelStates": ["Health: 10 X: 6 Y: 3\nXXXXXXXXXX\nXT TX m  X\nX   XXX  X\nX     H  X\nX   XX   X\nXX XXXX XX\nX TTXXPP X\nX   XX   X\nXeo    b X\nX   XX   X\nXX XXXX XX\nX   XX   X\nX   XX   X\nX      T X\nX   XX   X\nXX XXXX XX\nX   XX   X\nXb bXXT TX\nX M XXT TX\nXXXXXXXXXX\n", "Health: 10 X: 7 Y: 3\nXXXXXXXXXX\nXT TX  m X\nX   XXX  X\nX      H X\nX   XX   X\nXX XXXX XX\nX TTXXPP X\nX o XX b X\nXe       X\nX   XX   X\nXX XXXX XX\nX   XX   X\nX   XX   X\nX      T X\nX   XX   X\nXX XXXX XX\nX   XX   X\nXb bXXT TX\nX M XXT TX\nXXXXXXXXXX\n", "Health: 10 X: 7 Y: 4\nXXXXXXXXXX\nXT TX    X\nX   XXXm X\nX        X\nX   XX H X\nXX XXXX XX\nX oTXXPb X\nX   XX   X\nXe       X\nX   XX   X\nXX XXXX XX\nX   XX   X\nX   XX   X\nX      T X\nX   XX   X\nXX XXXX XX\nX   XX   X\nXb bXXT TX\nX M XXT TX\nXXXXXXXXXX\n", "Health: 8 X: 7 Y: 5\nXXXXXXXXXX\nXT TX    X\nX   XXX  X\nX      m X\nX   XX   X\nXX XXXXHXX\nX  oXXPb X\nX   XX   X\nXe       X\nX   XX   X\nXX XXXX XX\nX   XX   X\nX   XX   X\nX      T X\nX   XX   X\nXX XXXX XX\nX   XX   X\nXb bXXT TX\nX M XXT TX\nXXXXXXXXXX\n", "Health: 8 X: 7 Y: 6\nXXXXXXXXXX\nXT TX    X\nX   XXX  X\nX        X\nX   XX m X\nXX XXXX XX\nX  oXXP\u221e X\nX   XX   X\nXe       X\nX   XX   X\nXX XXXX XX\nX   XX   X\nX   XX   X\nX      T X\nX   XX   X\nXX XXXX XX\nX   XX   X\nXb bXXT TX\nX M XXT TX\nXXXXXXXXXX\n", "Health: 8 X: 7 Y: 7\nXXXXXXXXXX\nXT TX    X\nX   XXX  X\nX        X\nX   XX   X\nXX XXXXmXX\nX  oXXP\u221e X\nX   XX H X\nXe       X\nX   XX   X\nXX XXXX XX\nX   XX   X\nX   XX   X\nX      T X\nX   XX   X\nXX XXXX XX\nX   XX   X\nXb bXXT TX\nX M XXT TX\nXXXXXXXXXX\n", "Health: 8 X: 7 Y: 8\nXXXXXXXXXX\nXT TX    X\nX   XXX  X\nX        X\nX   XX   X\nXX XXXX XX\nX  oXXP\u221e X\nX   XX   X\nXe     H X\nX   XX   X\nXX XXXX XX\nX   XX   X\nX   XX   X\nX      T X\nX   XX   X\nXX XXXX XX\nX   XX   X\nXb bXXT TX\nX M XXT TX\nXXXXXXXXXX\n", "Health: 8 X: 7 Y: 9\nXXXXXXXXXX\nXT TX    X\nX   XXX  X\nX        X\nX   XX   X\nXX XXXX XX\nX  oXXP\u221e X\nX   XX m X\nXe       X\nX   XX H X\nXX XXXX XX\nX   XX   X\nX   XX   X\nX      T X\nX   XX   X\nXX XXXX XX\nX   XX   X\nXb bXXT TX\nX M XXT TX\nXXXXXXXXXX\n", "Health: 8 X: 7 Y: 10\nXXXXXXXXXX\nXT TX    X\nX   XXX  X\nX        X\nX   XX   X\nXX XXXX XX\nX  oXXP\u221e X\nX   XX   X\nXe     m X\nX   XX   X\nXX XXXXHXX\nX   XX   X\nX   XX   X\nX      T X\nX   XX   X\nXX XXXX XX\nX   XX   X\nXb bXXT TX\nX M XXT TX\nXXXXXXXXXX\n", "Health: 8 X: 7 Y: 11\nXXXXXXXXXX\nXT TX    X\nX   XXX  X\nX        X\nX   XX   X\nXX XXXX XX\nX  oXXP\u221e X\nX   XX   X\nXe       X\nX   XX m X\nXX XXXX XX\nX   XX H X\nX   XX   X\nX      T X\nX   XX   X\nXX XXXX XX\nX   XX   X\nXb bXXT TX\nX M XXT TX\nXXXXXXXXXX\n", "Health: 8 X: 7 Y: 12\nXXXXXXXXXX\nXT TX    X\nX   XXX  X\nX        X\nX   XX   X\nXX XXXX XX\nX  oXXP\u221e X\nX   XX   X\nXe       X\nX   XX   X\nXX XXXXmXX\nX   XX   X\nX   XX H X\nX      T X\nX   XX   X\nXX XXXX XX\nX   XX   X\nXb bXXT TX\nX M XXT TX\nXXXXXXXXXX\n", "Health: 8 X: 7 Y: 13\nXXXXXXXXXX\nXT TX    X\nX   XXX  X\nX        X\nX   XX   X\nXX XXXX XX\nX  oXXP\u221e X\nX   XX   X\nXe       X\nX   XX   X\nXX XXXX XX\nX   XX m X\nX   XX   X\nX        X\nX   XX   X\nXX XXXX XX\nX   XX   X\nXb bXXT TX\nX M XXT TX\nXXXXXXXXXX\n", "Health: 8 X: 7 Y: 14\nXXXXXXXXXX\nXT TX    X\nX   XXX  X\nX        X\nX   XX   X\nXX XXXX XX\nX  oXXP\u221e X\nX   XX   X\nXe       X\nX   XX   X\nXX XXXX XX\nX   XX   X\nX   XX m X\nX        X\nX   XX H X\nXX XXXX XX\nX   XX   X\nXb bXXT TX\nX M XXT TX\nXXXXXXXXXX\n", "Health: 8 X: 7 Y: 15\nXXXXXXXXXX\nXT TX    X\nX   XXX  X\nX        X\nX   XX   X\nXX XXXX XX\nX  oXXP\u221e X\nX   XX   X\nXe       X\nX   XX   X\nXX XXXX XX\nX   XX   X\nX   XX   X\nX        X\nX   XX   X\nXX XXXXHXX\nX   XX   X\nXb bXXT TX\nX M XXT TX\nXXXXXXXXXX\n", "Health: 8 X: 7 Y: 16\nXXXXXXXXXX\nXT TX    X\nX   XXX  X\nX        X\nX   XX   X\nXX XXXX XX\nX  oXXP\u221e X\nX   XX   X\nXe       X\nX   XX   X\nXX XXXX XX\nX   XX   X\nX   XX   X\nX        X\nX   XX m X\nXX XXXX XX\nX   XX H X\nXb bXXT TX\nX M XXT TX\nXXXXXXXXXX\n", "Health: 8 X: 7 Y: 17\nXXXXXXXXXX\nXT TX    X\nX   XXX  X\nX        X\nX   XX   X\nXX XXXX XX\nX  oXXP\u221e X\nX   XX   X\nXe       X\nX   XX   X\nXX XXXX XX\nX   XX   X\nX   XX   X\nX        X\nX   XX   X\nXX XXXXmXX\nX   XX   X\nXb bXXTHTX\nX M XXT TX\nXXXXXXXXXX\n", "Health: 8 X: 6 Y: 17\nXXXXXXXXXX\nXT TX    X\nX   XXX  X\nX        X\nX   XX   X\nXX XXXX XX\nX  oXXP\u221e X\nX   XX   X\nXe       X\nX   XX   X\nXX XXXX XX\nX   XX   X\nX   XX   X\nX        X\nX   XX   X\nXX XXXX XX\nX   XX m X\nXb bXX  TX\nX M XXT TX\nXXXXXXXXXX\n", "Health: 8 X: 6 Y: 18\nXXXXXXXXXX\nXT TX    X\nX   XXX  X\nX        X\nX   XX   X\nXX XXXX XX\nX  oXXP\u221e X\nX   XX   X\nXe       X\nX   XX   X\nXX XXXX XX\nX   XX   X\nX   XX   X\nX        X\nX   XX   X\nXX XXXX XX\nX   XXm  X\nXb bXX  TX\nX M XX  TX\nXXXXXXXXXX\n", "Health: 8 X: 7 Y: 18\nXXXXXXXXXX\nXT TX    X\nX   XXX  X\nX        X\nX   XX   X\nXX XXXX XX\nX  oXXP\u221e X\nX   XX   X\nXe       X\nX   XX   X\nXX XXXX XX\nX   XX   X\nX   XX   X\nX        X\nX   XX   X\nXX XXXX XX\nX   XX m X\nXb bXX  TX\nX M XX HTX\nXXXXXXXXXX\n", "Health: 8 X: 8 Y: 18\nXXXXXXXXXX\nXT TX    X\nX   XXX  X\nX        X\nX   XX   X\nXX XXXX XX\nX  oXXP\u221e X\nX   XX   X\nXe       X\nX   XX   X\nXX XXXX XX\nX   XX   X\nX   XX   X\nX        X\nX   XX   X\nXX XXXX XX\nX   XX  mX\nXb bXX  TX\nX M XX   X\nXXXXXXXXXX\n", "Health: 8 X: 7 Y: 18\nXXXXXXXXXX\nXT TX    X\nX   XXX  X\nX        X\nX   XX   X\nXX XXXX XX\nX  oXXP\u221e X\nX   XX   X\nXe       X\nX   XX   X\nXX XXXX XX\nX   XX   X\nX   XX   X\nX        X\nX   XX   X\nXX XXXX XX\nX   XX m X\nXb bXX  TX\nX M XX H X\nXXXXXXXXXX\n", "Health: 8 X: 6 Y: 18\nXXXXXXXXXX\nXT TX    X\nX   XXX  X\nX        X\nX   XX   X\nXX XXXX XX\nX  oXXP\u221e X\nX   XX   X\nXe       X\nX   XX   X\nXX XXXX XX\nX   XX   X\nX   XX   X\nX        X\nX   XX   X\nXX XXXX XX\nX   XXm  X\nXb bXX  TX\nX M XX   X\nXXXXXXXXXX\n", "Health: 8 X: 7 Y: 18\nXXXXXXXXXX\nXT TX    X\nX   XXX  X\nX        X\nX   XX   X\nXX XXXX XX\nX  oXXP\u221e X\nX   XX   X\nXe       X\nX   XX   X\nXX XXXX XX\nX   XX   X\nX   XX   X\nX        X\nX   XX   X\nXX XXXX XX\nX   XX m X\nXb bXX  TX\nX M XX H X\nXXXXXXXXXX\n", "Health: 7 X: 7 Y: 17\nXXXXXXXXXX\nXT TX    X\nX   XXX  X\nX        X\nX   XX   X\nXX XXXX XX\nX  oXXP\u221e X\nX   XX   X\nXe       X\nX   XX   X\nXX XXXX XX\nX   XX   X\nX   XX   X\nX        X\nX   XX   X\nXX XXXX XX\nX   XX m X\nXb bXX HTX\nX M XX   X\nXXXXXXXXXX\n", "Health: 7 X: 8 Y: 17\nXXXXXXXXXX\nXT TX    X\nX   XXX  X\nX        X\nX   XX   X\nXX XXXX XX\nX  oXXP\u221e X\nX   XX   X\nXe       X\nX   XX   X\nXX XXXX XX\nX   XX   X\nX   XX   X\nX        X\nX   XX   X\nXX XXXX XX\nX   XX m X\nXb bXX   X\nX M XX   X\nXXXXXXXXXX\n", "Health: 7 X: 7 Y: 17\nXXXXXXXXXX\nXT TX    X\nX   XXX  X\nX        X\nX   XX   X\nXX XXXX XX\nX  oXXP\u221e X\nX   XX   X\nXe       X\nX   XX   X\nXX XXXX XX\nX   XX   X\nX   XX   X\nX        X\nX   XX   X\nXX XXXX XX\nX   XX m X\nXb bXX H X\nX M XX   X\nXXXXXXXXXX\n", "Health: 7 X: 7 Y: 16\nXXXXXXXXXX\nXT TX    X\nX   XXX  X\nX        X\nX   XX   X\nXX XXXX XX\nX  oXXP\u221e X\nX   XX   X\nXe       X\nX   XX   X\nXX XXXX XX\nX   XX   X\nX   XX   X\nX        X\nX   XX   X\nXX XXXX XX\nX   XX m X\nXb bXX   X\nX M XX   X\nXXXXXXXXXX\n", "Health: 7 X: 7 Y: 15\nXXXXXXXXXX\nXT TX    X\nX   XXX  X\nX        X\nX   XX   X\nXX XXXX XX\nX  oXXP\u221e X\nX   XX   X\nXe       X\nX   XX   X\nXX XXXX XX\nX   XX   X\nX   XX   X\nX        X\nX   XX   X\nXX XXXXHXX\nX   XX m X\nXb bXX   X\nX M XX   X\nXXXXXXXXXX\n", "Health: 7 X: 7 Y: 14\nXXXXXXXXXX\nXT TX    X\nX   XXX  X\nX        X\nX   XX   X\nXX XXXX XX\nX  oXXP\u221e X\nX   XX   X\nXe       X\nX   XX   X\nXX XXXX XX\nX   XX   X\nX   XX   X\nX        X\nX   XX H X\nXX XXXX XX\nX   XX m X\nXb bXX   X\nX M XX   X\nXXXXXXXXXX\n", "Health: 7 X: 7 Y: 13\nXXXXXXXXXX\nXT TX    X\nX   XXX  X\nX        X\nX   XX   X\nXX XXXX XX\nX  oXXP\u221e X\nX   XX   X\nXe       X\nX   XX   X\nXX XXXX XX\nX   XX   X\nX   XX   X\nX        X\nX   XX   X\nXX XXXXmXX\nX   XX   X\nXb bXX   X\nX M XX   X\nXXXXXXXXXX\n", "Health: 7 X: 7 Y: 12\nXXXXXXXXXX\nXT TX    X\nX   XXX  X\nX        X\nX   XX   X\nXX XXXX XX\nX  oXXP\u221e X\nX   XX   X\nXe       X\nX   XX   X\nXX XXXX XX\nX   XX   X\nX   XX H X\nX        X\nX   XX m X\nXX XXXX XX\nX   XX   X\nXb bXX   X\nX M XX   X\nXXXXXXXXXX\n", "Health: 7 X: 7 Y: 11\nXXXXXXXXXX\nXT TX    X\nX   XXX  X\nX        X\nX   XX   X\nXX XXXX XX\nX  oXXP\u221e X\nX   XX   X\nXe       X\nX   XX   X\nXX XXXX XX\nX   XX H X\nX   XX   X\nX        X\nX   XX   X\nXX XXXX XX\nX   XX   X\nXb bXX   X\nX M XX   X\nXXXXXXXXXX\n", "Health: 7 X: 7 Y: 10\nXXXXXXXXXX\nXT TX    X\nX   XXX  X\nX        X\nX   XX   X\nXX XXXX XX\nX  oXXP\u221e X\nX   XX   X\nXe       X\nX   XX   X\nXX XXXXHXX\nX   XX   X\nX   XX m X\nX        X\nX   XX   X\nXX XXXX XX\nX   XX   X\nXb bXX   X\nX M XX   X\nXXXXXXXXXX\n", "Health: 7 X: 7 Y: 9\nXXXXXXXXXX\nXT TX    X\nX   XXX  X\nX        X\nX   XX   X\nXX XXXX XX\nX  oXXP\u221e X\nX   XX   X\nXe       X\nX   XX H X\nXX XXXX XX\nX   XX m X\nX   XX   X\nX        X\nX   XX   X\nXX XXXX XX\nX   XX   X\nXb bXX   X\nX M XX   X\nXXXXXXXXXX\n", "Health: 7 X: 7 Y: 8\nXXXXXXXXXX\nXT TX    X\nX   XXX  X\nX        X\nX   XX   X\nXX XXXX XX\nX  oXXP\u221e X\nX   XX   X\nXe     H X\nX   XX   X\nXX XXXXmXX\nX   XX   X\nX   XX   X\nX        X\nX   XX   X\nXX XXXX XX\nX   XX   X\nXb bXX   X\nX M XX   X\nXXXXXXXXXX\n", "Health: 7 X: 7 Y: 7\nXXXXXXXXXX\nXT TX    X\nX   XXX  X\nX        X\nX   XX   X\nXX XXXX XX\nX  oXXP\u221e X\nX   XX H X\nXe       X\nX   XX m X\nXX XXXX XX\nX   XX   X\nX   XX   X\nX        X\nX   XX   X\nXX XXXX XX\nX   XX   X\nXb bXX   X\nX M XX   X\nXXXXXXXXXX\n", "Health: 7 X: 7 Y: 7\nXXXXXXXXXX\nXT TX    X\nX   XXX  X\nX        X\nX   XX   X\nXX XXXX XX\nX  oXXP\u221e X\nX   XX H X\nXe       X\nX   XX m X\nXX XXXX XX\nX   XX   X\nX   XX   X\nX        X\nX   XX   X\nXX XXXX XX\nX   XX   X\nXb bXX   X\nX M XX   X\nXXXXXXXXXX\n", "Health: 7 X: 7 Y: 8\nXXXXXXXXXX\nXT TX    X\nX   XXX  X\nX        X\nX   XX   X\nXX XXXX XX\nX  oXXP\u221e X\nX   XX   X\nXe     H X\nX   XX m X\nXX XXXX XX\nX   XX   X\nX   XX   X\nX        X\nX   XX   X\nXX XXXX XX\nX   XX   X\nXb bXX   X\nX M XX   X\nXXXXXXXXXX\n", "Health: 7 X: 7 Y: 9\nXXXXXXXXXX\nXT TX    X\nX   XXX  X\nX        X\nX   XX   X\nXX XXXX XX\nX  oXXP\u221e X\nX   XX   X\nXe       X\nX   XX m X\nXX XXXX XX\nX   XX   X\nX   XX   X\nX        X\nX   XX   X\nXX XXXX XX\nX   XX   X\nXb bXX   X\nX M XX   X\nXXXXXXXXXX\n", "Health: 7 X: 7 Y: 8\nXXXXXXXXXX\nXT TX    X\nX   XXX  X\nX        X\nX   XX   X\nXX XXXX XX\nX  oXXP\u221e X\nX   XX   X\nXe     H X\nX   XX m X\nXX XXXX XX\nX   XX   X\nX   XX   X\nX        X\nX   XX   X\nXX XXXX XX\nX   XX   X\nXb bXX   X\nX M XX   X\nXXXXXXXXXX\n", "Health: 7 X: 7 Y: 7\nXXXXXXXXXX\nXT TX    X\nX   XXX  X\nX        X\nX   XX   X\nXX XXXX XX\nX  oXXP\u221e X\nX   XX H X\nXe       X\nX   XX m X\nXX XXXX XX\nX   XX   X\nX   XX   X\nX        X\nX   XX   X\nXX XXXX XX\nX   XX   X\nXb bXX   X\nX M XX   X\nXXXXXXXXXX\n", "Health: 7 X: 7 Y: 6\nXXXXXXXXXX\nXT TX    X\nX   XXX  X\nX        X\nX   XX   X\nXX XXXX XX\nX  oXXP\u221e X\nX   XX   X\nXe     m X\nX   XX   X\nXX XXXX XX\nX   XX   X\nX   XX   X\nX        X\nX   XX   X\nXX XXXX XX\nX   XX   X\nXb bXX   X\nX M XX   X\nXXXXXXXXXX\n", "Health: 9 X: 6 Y: 6\nXXXXXXXXXX\nXT TX    X\nX   XXX  X\nX        X\nX   XX   X\nXX XXXX XX\nX  oXX \u221e X\nX   XX m X\nXe       X\nX   XX   X\nXX XXXX XX\nX   XX   X\nX   XX   X\nX        X\nX   XX   X\nXX XXXX XX\nX   XX   X\nXb bXX   X\nX M XX   X\nXXXXXXXXXX\n", "Health: 9 X: 6 Y: 6\nXXXXXXXXXX\nXT TX    X\nX   XXX  X\nX        X\nX   XX   X\nXX XXXX XX\nX  oXX \u221e X\nX   XX m X\nXe       X\nX   XX   X\nXX XXXX XX\nX   XX   X\nX   XX   X\nX        X\nX   XX   X\nXX XXXX XX\nX   XX   X\nXb bXX   X\nX M XX   X\nXXXXXXXXXX\n", "Health: 9 X: 7 Y: 6\nXXXXXXXXXX\nXT TX    X\nX   XXX  X\nX        X\nX   XX   X\nXX XXXX XX\nX  oXX \u221e X\nX   XX m X\nXe       X\nX   XX   X\nXX XXXX XX\nX   XX   X\nX   XX   X\nX        X\nX   XX   X\nXX XXXX XX\nX   XX   X\nXb bXX   X\nX M XX   X\nXXXXXXXXXX\n", "Health: 9 X: 7 Y: 7\nXXXXXXXXXX\nXT TX    X\nX   XXX  X\nX        X\nX   XX   X\nXX XXXX XX\nX  oXX \u221e X\nX   XX m X\nXe       X\nX   XX   X\nXX XXXX XX\nX   XX   X\nX   XX   X\nX        X\nX   XX   X\nXX XXXX XX\nX   XX   X\nXb bXX   X\nX M XX   X\nXXXXXXXXXX\n", "Health: 9 X: 7 Y: 6\nXXXXXXXXXX\nXT TX    X\nX   XXX  X\nX        X\nX   XX   X\nXX XXXX XX\nX  oXX \u221e X\nX   XX m X\nXe       X\nX   XX   X\nXX XXXX XX\nX   XX   X\nX   XX   X\nX        X\nX   XX   X\nXX XXXX XX\nX   XX   X\nXb bXX   X\nX M XX   X\nXXXXXXXXXX\n", "Health: 9 X: 7 Y: 5\nXXXXXXXXXX\nXT TX    X\nX   XXX  X\nX        X\nX   XX   X\nXX XXXXHXX\nX  oXX \u221e X\nX   XX m X\nXe       X\nX   XX   X\nXX XXXX XX\nX   XX   X\nX   XX   X\nX        X\nX   XX   X\nXX XXXX XX\nX   XX   X\nXb bXX   X\nX M XX   X\nXXXXXXXXXX\n", "Health: 9 X: 7 Y: 4\nXXXXXXXXXX\nXT TX    X\nX   XXX  X\nX        X\nX   XX H X\nXX XXXX XX\nX  oXX \u221e X\nX   XX   X\nXe       X\nX   XX   X\nXX XXXX XX\nX   XX   X\nX   XX   X\nX        X\nX   XX   X\nXX XXXX XX\nX   XX   X\nXb bXX   X\nX M XX   X\nXXXXXXXXXX\n", "Health: 9 X: 7 Y: 3\nXXXXXXXXXX\nXT TX    X\nX   XXX  X\nX      H X\nX   XX   X\nXX XXXXmXX\nX  oXX \u221e X\nX   XX   X\nXe       X\nX   XX   X\nXX XXXX XX\nX   XX   X\nX   XX   X\nX        X\nX   XX   X\nXX XXXX XX\nX   XX   X\nXb bXX   X\nX M XX   X\nXXXXXXXXXX\n", "Health: 9 X: 7 Y: 2\nXXXXXXXXXX\nXT TX    X\nX   XXXH X\nX        X\nX   XX m X\nXX XXXX XX\nX  oXX \u221e X\nX   XX   X\nXe       X\nX   XX   X\nXX XXXX XX\nX   XX   X\nX   XX   X\nX        X\nX   XX   X\nXX XXXX XX\nX   XX   X\nXb bXX   X\nX M XX   X\nXXXXXXXXXX\n", "Health: 9 X: 7 Y: 2\nXXXXXXXXXX\nXT TX    X\nX   XXXH X\nX        X\nX   XX m X\nXX XXXX XX\nX  oXX \u221e X\nX   XX   X\nXe       X\nX   XX   X\nXX XXXX XX\nX   XX   X\nX   XX   X\nX        X\nX   XX   X\nXX XXXX XX\nX   XX   X\nXb bXX   X\nX M XX   X\nXXXXXXXXXX\n", "Health: 9 X: 7 Y: 3\nXXXXXXXXXX\nXT TX    X\nX   XXX  X\nX      H X\nX   XX m X\nXX XXXX XX\nX  oXX \u221e X\nX   XX   X\nXe       X\nX   XX   X\nXX XXXX XX\nX   XX   X\nX   XX   X\nX        X\nX   XX   X\nXX XXXX XX\nX   XX   X\nXb bXX   X\nX M XX   X\nXXXXXXXXXX\n", "Health: 9 X: 7 Y: 4\nXXXXXXXXXX\nXT TX    X\nX   XXX  X\nX        X\nX   XX m X\nXX XXXX XX\nX  oXX \u221e X\nX   XX   X\nXe       X\nX   XX   X\nXX XXXX XX\nX   XX   X\nX   XX   X\nX        X\nX   XX   X\nXX XXXX XX\nX   XX   X\nXb bXX   X\nX M XX   X\nXXXXXXXXXX\n", "Health: 9 X: 6 Y: 4\nXXXXXXXXXX\nXT TX    X\nX   XXX  X\nX        X\nX   XXHm X\nXX XXXX XX\nX  oXX \u221e X\nX   XX   X\nXe       X\nX   XX   X\nXX XXXX XX\nX   XX   X\nX   XX   X\nX        X\nX   XX   X\nXX XXXX XX\nX   XX   X\nXb bXX   X\nX M XX   X\nXXXXXXXXXX\n", "Health: 9 X: 6 Y: 3\nXXXXXXXXXX\nXT TX    X\nX   XXX  X\nX     H  X\nX   XX m X\nXX XXXX XX\nX  oXX \u221e X\nX   XX   X\nXe       X\nX   XX   X\nXX XXXX XX\nX   XX   X\nX   XX   X\nX        X\nX   XX   X\nXX XXXX XX\nX   XX   X\nXb bXX   X\nX M XX   X\nXXXXXXXXXX\n", "Health: 9 X: 5 Y: 3\nXXXXXXXXXX\nXT TX    X\nX   XXX  X\nX    H m X\nX   XX   X\nXX XXXX XX\nX  oXX \u221e X\nX   XX   X\nXe       X\nX   XX   X\nXX XXXX XX\nX   XX   X\nX   XX   X\nX        X\nX   XX   X\nXX XXXX XX\nX   XX   X\nXb bXX   X\nX M XX   X\nXXXXXXXXXX\n", "Health: 9 X: 4 Y: 3\nXXXXXXXXXX\nXT TX    X\nX   XXX  X\nX   H m  X\nX   XX   X\nXX XXXX XX\nX  oXX \u221e X\nX   XX   X\nXe       X\nX   XX   X\nXX XXXX XX\nX   XX   X\nX   XX   X\nX        X\nX   XX   X\nXX XXXX XX\nX   XX   X\nXb bXX   X\nX M XX   X\nXXXXXXXXXX\n", "Health: 9 X: 3 Y: 3\nXXXXXXXXXX\nXT TX    X\nX   XXX  X\nX  H m   X\nX   XX   X\nXX XXXX XX\nX  oXX \u221e X\nX   XX   X\nXe       X\nX   XX   X\nXX XXXX XX\nX   XX   X\nX   XX   X\nX        X\nX   XX   X\nXX XXXX XX\nX   XX   X\nXb bXX   X\nX M XX   X\nXXXXXXXXXX\n", "Health: 9 X: 3 Y: 2\nXXXXXXXXXX\nXT TX    X\nX  HXXX  X\nX   m    X\nX   XX   X\nXX XXXX XX\nX  oXX \u221e X\nX   XX   X\nXe       X\nX   XX   X\nXX XXXX XX\nX   XX   X\nX   XX   X\nX        X\nX   XX   X\nXX XXXX XX\nX   XX   X\nXb bXX   X\nX M XX   X\nXXXXXXXXXX\n", "Health: 9 X: 3 Y: 1\nXXXXXXXXXX\nXT  X    X\nX   XXX  X\nX  m     X\nX   XX   X\nXX XXXX XX\nX  oXX \u221e X\nX   XX   X\nXe       X\nX   XX   X\nXX XXXX XX\nX   XX   X\nX   XX   X\nX        X\nX   XX   X\nXX XXXX XX\nX   XX   X\nXb bXX   X\nX M XX   X\nXXXXXXXXXX\n", "Health: 9 X: 2 Y: 1\nXXXXXXXXXX\nXTH X    X\nX  mXXX  X\nX        X\nX   XX   X\nXX XXXX XX\nX  oXX \u221e X\nX   XX   X\nXe       X\nX   XX   X\nXX XXXX XX\nX   XX   X\nX   XX   X\nX        X\nX   XX   X\nXX XXXX XX\nX   XX   X\nXbMbXX   X\nX   XX   X\nXXXXXXXXXX\n", "Health: 9 X: 1 Y: 1\nXXXXXXXXXX\nX  mX    X\nX   XXX  X\nX        X\nX   XX   X\nXX XXXX XX\nX  oXX \u221e X\nX   XX   X\nXe       X\nX   XX   X\nXX XXXX XX\nX   XX   X\nX   XX   X\nX        X\nX   XX   X\nXX XXXX XX\nX   XX   X\nXbMbXX   X\nX   XX   X\nXXXXXXXXXX\n", "Health: 9 X: 1 Y: 2\nXXXXXXXXXX\nX m X    X\nXH  XXX  X\nX        X\nX   XX   X\nXX XXXX XX\nX  oXX \u221e X\nX   XX   X\nXe       X\nX   XX   X\nXX XXXX XX\nX   XX   X\nX   XX   X\nX        X\nX   XX   X\nXX XXXX XX\nX   XX   X\nXbMbXX   X\nX   XX   X\nXXXXXXXXXX\n", "Health: 9 X: 1 Y: 3\nXXXXXXXXXX\nXm  X    X\nX   XXX  X\nXH       X\nX   XX   X\nXX XXXX XX\nX  oXX \u221e X\nX   XX   X\nXe       X\nX   XX   X\nXX XXXX XX\nX   XX   X\nX   XX   X\nX        X\nX   XX   X\nXX XXXX XX\nX   XX   X\nXbMbXX   X\nX   XX   X\nXXXXXXXXXX\n", "Health: 9 X: 1 Y: 4\nXXXXXXXXXX\nX   X    X\nXm  XXX  X\nX        X\nXH  XX   X\nXX XXXX XX\nX  oXX \u221e X\nX   XX   X\nXe       X\nX   XX   X\nXX XXXX XX\nX   XX   X\nX   XX   X\nX        X\nX   XX   X\nXX XXXX XX\nX   XX   X\nXbMbXX   X\nX   XX   X\nXXXXXXXXXX\n", "Health: 9 X: 2 Y: 4\nXXXXXXXXXX\nX   X    X\nX m XXX  X\nX        X\nX H XX   X\nXX XXXX XX\nX  oXX \u221e X\nX   XX   X\nXe       X\nX   XX   X\nXX XXXX XX\nX   XX   X\nX   XX   X\nX        X\nX   XX   X\nXX XXXX XX\nX M XX   X\nXb bXX   X\nX   XX   X\nXXXXXXXXXX\n", "Health: 9 X: 2 Y: 5\nXXXXXXXXXX\nX   X    X\nX   XXX  X\nX m      X\nX   XX   X\nXXHXXXX XX\nX  oXX \u221e X\nX   XX   X\nXe       X\nX   XX   X\nXX XXXX XX\nX   XX   X\nX   XX   X\nX        X\nX   XX   X\nXXMXXXX XX\nX   XX   X\nXb bXX   X\nX   XX   X\nXXXXXXXXXX\n", "Health: 7 X: 2 Y: 6\nXXXXXXXXXX\nX   X    X\nX   XXX  X\nX        X\nX m XX   X\nXX XXXX XX\nX  oXX \u221e X\nX   XX   X\nXe       X\nX   XX   X\nXX XXXX XX\nX   XX   X\nX   XX   X\nX        X\nX M XX   X\nXX XXXX XX\nX   XX   X\nXb bXX   X\nX   XX   X\nXXXXXXXXXX\n", "Health: 7 X: 2 Y: 7\nXXXXXXXXXX\nX   X    X\nX   XXX  X\nX        X\nX   XX   X\nXXmXXXX XX\nX o XX \u221e X\nX H XX   X\nXe       X\nX   XX   X\nXX XXXX XX\nX   XX   X\nX   XX   X\nX M      X\nX   XX   X\nXX XXXX XX\nX   XX   X\nXb bXX   X\nX   XX   X\nXXXXXXXXXX\n", "Health: 7 X: 2 Y: 8\nXXXXXXXXXX\nX   X    X\nX   XXX  X\nX        X\nX   XX   X\nXX XXXX XX\nX \u221e XX \u221e X\nX   XX   X\nXeH      X\nX   XX   X\nXX XXXX XX\nX   XX   X\nX M XX   X\nX        X\nX   XX   X\nXX XXXX XX\nX   XX   X\nXb bXX   X\nX   XX   X\nXXXXXXXXXX\n", "Health: 7 X: 2 Y: 9\nXXXXXXXXXX\nX   X    X\nX   XXX  X\nX        X\nX   XX   X\nXX XXXX XX\nX \u221e XX \u221e X\nX   XX   X\nXe       X\nX H XX   X\nXX XXXX XX\nX M XX   X\nX   XX   X\nX        X\nX   XX   X\nXX XXXX XX\nX   XX   X\nXb bXX   X\nX   XX   X\nXXXXXXXXXX\n", "Health: 7 X: 1 Y: 9\nXXXXXXXXXX\nX   X    X\nX   XXX  X\nX        X\nX   XX   X\nXX XXXX XX\nX \u221e XX \u221e X\nX   XX   X\nXe       X\nXH  XX   X\nXX XXXX XX\nX M XX   X\nX   XX   X\nX        X\nX   XX   X\nXX XXXX XX\nX   XX   X\nXb bXX   X\nX   XX   X\nXXXXXXXXXX\n", "Health: 7 X: 1 Y: 8\nXXXXXXXXXX\nX   X    X\nX   XXX  X\nX        X\nX   XX   X\nXX XXXX XX\nX \u221e XX \u221e X\nX   XX   X\nXe       X\nX   XX   X\nXXMXXXX XX\nX   XX   X\nX   XX   X\nX        X\nX   XX   X\nXX XXXX XX\nX   XX   X\nXb bXX   X\nX   XX   X\nXXXXXXXXXX\n"], "map_number": 101}], "timestamp": "10-Aug-2021 21:53:29.979174", "ip": "73.207.74.112"}