{"Q1": "Never", "Q2": "Never", "Q3": "Never", "Q4": "Never", "Q5": "Never", "Q6": "Never", "Q7": "Never", "Q8": "Never", "Q9": "Never", "Q10": "Never", "results": [{"mechanics": [{"timestep": 2, "mechanic": "GoblinMeleeHit"}, {"timestep": 14, "mechanic": "CollectPotion"}, {"timestep": 15, "mechanic": "CollectPotion"}, {"timestep": 22, "mechanic": "MinitaurHit"}, {"timestep": 27, "mechanic": "MinitaurHit"}, {"timestep": 33, "mechanic": "GoblinRangedHit"}, {"timestep": 34, "mechanic": "GoblinRangedHit"}, {"timestep": 35, "mechanic": "GoblinRangedHit"}, {"timestep": 36, "mechanic": "GoblinRangedHit"}, {"timestep": 39, "mechanic": "BlobHit"}, {"timestep": 81, "mechanic": "MinitaurHit"}, {"timestep": 84, "mechanic": "CollectTreasure"}, {"timestep": 87, "mechanic": "MinitaurHit"}, {"timestep": 88, "mechanic": "MinitaurHit"}, {"timestep": 90, "mechanic": "MinitaurHit"}, {"timestep": 92, "mechanic": "BlobHit"}, {"timestep": 95, "mechanic": "MinitaurHit"}, {"timestep": 102, "mechanic": "CollectTreasure"}, {"timestep": 103, "mechanic": "CollectTreasure"}, {"timestep": 104, "mechanic": "CollectTreasure"}, {"timestep": 105, "mechanic": "CollectTreasure"}, {"timestep": 106, "mechanic": "MinitaurHit"}, {"timestep": 107, "mechanic": "MinitaurHit"}, {"timestep": 109, "mechanic": "MinitaurHit"}, {"timestep": 115, "mechanic": "CollectTreasure"}, {"timestep": 116, "mechanic": "CollectTreasure"}, {"timestep": 117, "mechanic": "MinitaurHit"}, {"timestep": 118, "mechanic": "MinitaurHit"}, {"timestep": 146, "mechanic": "ReachStairs"}], "frequencies": {"GoblinMeleeHit": 1, "CollectPotion": 2, "MinitaurHit": 12, "GoblinRangedHit": 4, "BlobHit": 2, "CollectTreasure": 7, "ReachStairs": 1}, "levelReport": {"utilityGained": 0.0, "exitUtility": 1.0, "runnerUtility": -0.47, "loitererUtility": 147.0, "completionistUtility": 0.9999999999999998, "monsterKillerUtility": 1.0, "treasureCollectorUtility": 1.0, "turnsTaken": 147, "health": 1, "healthLost": 13, "alive": true, "javelinsThrown": 0, "monsterKills": 7, "minitaurKnockouts": 7, "treasuresCollected": 7, "potionsTaken": 2, "totalMonsters": 8, "totalTreasures": 7, "totalPotions": 2, "timeTaken": 0.0}, "positions": [{"X": 5, "Y": 9}, {"X": 5, "Y": 8}, {"X": 6, "Y": 8}, {"X": 6, "Y": 7}, {"X": 6, "Y": 6}, {"X": 6, "Y": 5}, {"X": 6, "Y": 6}, {"X": 6, "Y": 7}, {"X": 6, "Y": 8}, {"X": 6, "Y": 9}, {"X": 5, "Y": 9}, {"X": 5, "Y": 10}, {"X": 6, "Y": 10}, {"X": 7, "Y": 10}, {"X": 8, "Y": 10}, {"X": 8, "Y": 9}, {"X": 8, "Y": 10}, {"X": 7, "Y": 10}, {"X": 6, "Y": 10}, {"X": 5, "Y": 10}, {"X": 6, "Y": 10}, {"X": 5, "Y": 10}, {"X": 5, "Y": 9}, {"X": 4, "Y": 9}, {"X": 4, "Y": 10}, {"X": 3, "Y": 10}, {"X": 3, "Y": 9}, {"X": 4, "Y": 9}, {"X": 4, "Y": 8}, {"X": 4, "Y": 7}, {"X": 4, "Y": 6}, {"X": 4, "Y": 5}, {"X": 4, "Y": 4}, {"X": 4, "Y": 3}, {"X": 3, "Y": 3}, {"X": 2, "Y": 3}, {"X": 1, "Y": 3}, {"X": 1, "Y": 2}, {"X": 1, "Y": 1}, {"X": 2, "Y": 1}, {"X": 3, "Y": 1}, {"X": 4, "Y": 1}, {"X": 5, "Y": 1}, {"X": 6, "Y": 1}, {"X": 7, "Y": 1}, {"X": 8, "Y": 1}, {"X": 8, "Y": 2}, {"X": 8, "Y": 3}, {"X": 7, "Y": 3}, {"X": 6, "Y": 3}, {"X": 5, "Y": 3}, {"X": 4, "Y": 3}, {"X": 4, "Y": 4}, {"X": 4, "Y": 5}, {"X": 4, "Y": 6}, {"X": 4, "Y": 7}, {"X": 4, "Y": 8}, {"X": 4, "Y": 9}, {"X": 4, "Y": 10}, {"X": 5, "Y": 10}, {"X": 6, "Y": 10}, {"X": 7, "Y": 10}, {"X": 8, "Y": 10}, {"X": 7, "Y": 10}, {"X": 6, "Y": 10}, {"X": 5, "Y": 10}, {"X": 5, "Y": 11}, {"X": 5, "Y": 12}, {"X": 4, "Y": 12}, {"X": 3, "Y": 12}, {"X": 2, "Y": 12}, {"X": 1, "Y": 12}, {"X": 1, "Y": 13}, {"X": 1, "Y": 14}, {"X": 2, "Y": 14}, {"X": 3, "Y": 14}, {"X": 4, "Y": 14}, {"X": 5, "Y": 14}, {"X": 6, "Y": 14}, {"X": 7, "Y": 14}, {"X": 8, "Y": 14}, {"X": 7, "Y": 14}, {"X": 7, "Y": 13}, {"X": 7, "Y": 12}, {"X": 8, "Y": 12}, {"X": 7, "Y": 12}, {"X": 7, "Y": 13}, {"X": 7, "Y": 14}, {"X": 6, "Y": 14}, {"X": 5, "Y": 14}, {"X": 6, "Y": 14}, {"X": 6, "Y": 15}, {"X": 6, "Y": 16}, {"X": 5, "Y": 16}, {"X": 4, "Y": 16}, {"X": 5, "Y": 16}, {"X": 5, "Y": 17}, {"X": 5, "Y": 18}, {"X": 4, "Y": 18}, {"X": 3, "Y": 18}, {"X": 2, "Y": 18}, {"X": 1, "Y": 18}, {"X": 1, "Y": 17}, {"X": 1, "Y": 16}, {"X": 2, "Y": 16}, {"X": 2, "Y": 17}, {"X": 2, "Y": 18}, {"X": 3, "Y": 18}, {"X": 4, "Y": 18}, {"X": 3, "Y": 18}, {"X": 4, "Y": 18}, {"X": 5, "Y": 18}, {"X": 6, "Y": 18}, {"X": 7, "Y": 18}, {"X": 8, "Y": 18}, {"X": 8, "Y": 17}, {"X": 8, "Y": 16}, {"X": 8, "Y": 17}, {"X": 8, "Y": 18}, {"X": 7, "Y": 18}, {"X": 6, "Y": 18}, {"X": 5, "Y": 18}, {"X": 4, "Y": 18}, {"X": 5, "Y": 18}, {"X": 5, "Y": 17}, {"X": 5, "Y": 16}, {"X": 6, "Y": 16}, {"X": 6, "Y": 15}, {"X": 6, "Y": 14}, {"X": 5, "Y": 14}, {"X": 4, "Y": 14}, {"X": 3, "Y": 14}, {"X": 2, "Y": 14}, {"X": 1, "Y": 14}, {"X": 1, "Y": 13}, {"X": 1, "Y": 12}, {"X": 2, "Y": 12}, {"X": 3, "Y": 12}, {"X": 4, "Y": 12}, {"X": 5, "Y": 12}, {"X": 5, "Y": 11}, {"X": 5, "Y": 10}, {"X": 5, "Y": 9}, {"X": 4, "Y": 9}, {"X": 3, "Y": 9}, {"X": 2, "Y": 9}, {"X": 1, "Y": 9}], "levelStates": ["Health: 10 X: 5 Y: 9\nXXXXXXXXXX\nX   b m  X\nX XXXXXX X\nXR      RX\nXXXX  XXXX\nX     M  X\nX  M     X\nX      M X\nXXX    XXX\nXe   H  PX\nX       PX\nXXXXX XXXX\nX     X TX\nX XXXXX XX\nX        X\nXXXXXX XXX\nXTTX   XTX\nXTTXX XXTX\nX    b   X\nXXXXXXXXXX\n", "Health: 10 X: 5 Y: 8\nXXXXXXXXXX\nX   b  m X\nX XXXXXX X\nXR      RX\nXXXX  XXXX\nX    M   X\nX   M    X\nX     M  X\nXXX  H XXX\nXe      PX\nX       PX\nXXXXX XXXX\nX     X TX\nX XXXXX XX\nX        X\nXXXXXX XXX\nXTTX   XTX\nXTTXX XXTX\nX    b   X\nXXXXXXXXXX\n", "Health: 9 X: 6 Y: 8\nXXXXXXXXXX\nX   b   mX\nX XXXXXX X\nXR      RX\nXXXX  XXXX\nX     M  X\nX    M   X\nX     \u221e  X\nXXX   HXXX\nXe      PX\nX       PX\nXXXXX XXXX\nX     X TX\nX XXXXX XX\nX        X\nXXXXXX XXX\nXTTX   XTX\nXTTXX XXTX\nX    b   X\nXXXXXXXXXX\n", "Health: 9 X: 6 Y: 7\nXXXXXXXXXX\nX   b    X\nX XXXXXXmX\nXR      RX\nXXXX  XXXX\nX        X\nX     \u221e  X\nX     \u221e  X\nXXX    XXX\nXe      PX\nX       PX\nXXXXX XXXX\nX     X TX\nX XXXXX XX\nX        X\nXXXXXX XXX\nXTTX   XTX\nXTTXX XXTX\nX    b   X\nXXXXXXXXXX\n", "Health: 9 X: 6 Y: 6\nXXXXXXXXXX\nX   b    X\nX XXXXXX X\nXR      \u221eX\nXXXX  XXXX\nX        X\nX     \u221e  X\nX     \u221e  X\nXXX    XXX\nXe      PX\nX       PX\nXXXXX XXXX\nX     X TX\nX XXXXX XX\nX        X\nXXXXXX XXX\nXTTX   XTX\nXTTXX XXTX\nX    b   X\nXXXXXXXXXX\n", "Health: 9 X: 6 Y: 5\nXXXXXXXXXX\nX   b    X\nX XXXXXX X\nXR     m\u221eX\nXXXX  XXXX\nX     H  X\nX     \u221e  X\nX     \u221e  X\nXXX    XXX\nXe      PX\nX       PX\nXXXXX XXXX\nX     X TX\nX XXXXX XX\nX        X\nXXXXXX XXX\nXTTX   XTX\nXTTXX XXTX\nX    b   X\nXXXXXXXXXX\n", "Health: 9 X: 6 Y: 6\nXXXXXXXXXX\nX   b    X\nX XXXXXX X\nXR    m \u221eX\nXXXX  XXXX\nX        X\nX     \u221e  X\nX     \u221e  X\nXXX    XXX\nXe      PX\nX       PX\nXXXXX XXXX\nX     X TX\nX XXXXX XX\nX        X\nXXXXXX XXX\nXTTX   XTX\nXTTXX XXTX\nX    b   X\nXXXXXXXXXX\n", "Health: 9 X: 6 Y: 7\nXXXXXXXXXX\nX   b    X\nX XXXXXX X\nXR   m  \u221eX\nXXXX  XXXX\nX        X\nX     \u221e  X\nX     \u221e  X\nXXX    XXX\nXe      PX\nX       PX\nXXXXX XXXX\nX     X TX\nX XXXXX XX\nX        X\nXXXXXX XXX\nXTTX   XTX\nXTTXX XXTX\nX    b   X\nXXXXXXXXXX\n", "Health: 9 X: 6 Y: 8\nXXXXXXXXXX\nX   b    X\nX XXXXXX X\nXR      \u221eX\nXXXX mXXXX\nX        X\nX     \u221e  X\nX     \u221e  X\nXXX   HXXX\nXe      PX\nX       PX\nXXXXX XXXX\nX     X TX\nX XXXXX XX\nX        X\nXXXXXX XXX\nXTTX   XTX\nXTTXX XXTX\nX    b   X\nXXXXXXXXXX\n", "Health: 9 X: 6 Y: 9\nXXXXXXXXXX\nX   b    X\nX XXXXXX X\nXR      \u221eX\nXXXX  XXXX\nX    m   X\nX     \u221e  X\nX     \u221e  X\nXXX    XXX\nXe    H PX\nX       PX\nXXXXX XXXX\nX     X TX\nX XXXXX XX\nX        X\nXXXXXX XXX\nXTTX   XTX\nXTTXX XXTX\nX    b   X\nXXXXXXXXXX\n", "Health: 9 X: 5 Y: 9\nXXXXXXXXXX\nX   b    X\nX XXXXXX X\nXR      \u221eX\nXXXX  XXXX\nX        X\nX    m\u221e  X\nX     \u221e  X\nXXX    XXX\nXe   H  PX\nX       PX\nXXXXX XXXX\nX     X TX\nX XXXXX XX\nX        X\nXXXXXX XXX\nXTTX   XTX\nXTTXX XXTX\nX    b   X\nXXXXXXXXXX\n", "Health: 9 X: 5 Y: 10\nXXXXXXXXXX\nX   b    X\nX XXXXXX X\nXR      \u221eX\nXXXX  XXXX\nX        X\nX     \u221e  X\nX    m\u221e  X\nXXX    XXX\nXe      PX\nX    H  PX\nXXXXX XXXX\nX     X TX\nX XXXXX XX\nX        X\nXXXXXX XXX\nXTTX   XTX\nXTTXX XXTX\nX    b   X\nXXXXXXXXXX\n", "Health: 9 X: 6 Y: 10\nXXXXXXXXXX\nX   b    X\nX XXXXXX X\nXR      \u221eX\nXXXX  XXXX\nX        X\nX     \u221e  X\nX     \u221e  X\nXXX    XXX\nXe      PX\nX     H PX\nXXXXX XXXX\nX     X TX\nX XXXXX XX\nX        X\nXXXXXX XXX\nXTTX   XTX\nXTTXX XXTX\nX    b   X\nXXXXXXXXXX\n", "Health: 9 X: 7 Y: 10\nXXXXXXXXXX\nX   b    X\nX XXXXXX X\nXR      \u221eX\nXXXX  XXXX\nX        X\nX     \u221e  X\nX     \u221e  X\nXXX   mXXX\nXe      PX\nX      HPX\nXXXXX XXXX\nX     X TX\nX XXXXX XX\nX        X\nXXXXXX XXX\nXTTX   XTX\nXTTXX XXTX\nX    b   X\nXXXXXXXXXX\n", "Health: 11 X: 8 Y: 10\nXXXXXXXXXX\nX   b    X\nX XXXXXX X\nXR      \u221eX\nXXXX  XXXX\nX        X\nX     \u221e  X\nX     \u221e  X\nXXX    XXX\nXe    m PX\nX        X\nXXXXX XXXX\nX     X TX\nX XXXXX XX\nX        X\nXXXXXX XXX\nXTTX   XTX\nXTTXX XXTX\nX    b   X\nXXXXXXXXXX\n", "Health: 13 X: 8 Y: 9\nXXXXXXXXXX\nX   b    X\nX XXXXXX X\nXR      \u221eX\nXXXX  XXXX\nX        X\nX     \u221e  X\nX     \u221e  X\nXXX    XXX\nXe     m X\nX        X\nXXXXX XXXX\nX     X TX\nX XXXXX XX\nX        X\nXXXXXX XXX\nXTTX   XTX\nXTTXX XXTX\nX    b   X\nXXXXXXXXXX\n", "Health: 13 X: 8 Y: 10\nXXXXXXXXXX\nX   b    X\nX XXXXXX X\nXR      \u221eX\nXXXX  XXXX\nX        X\nX     \u221e  X\nX     \u221e  X\nXXX    XXX\nXe       X\nX        X\nXXXXX XXXX\nX     X TX\nX XXXXX XX\nX        X\nXXXXXX XXX\nXTTX   XTX\nXTTXX XXTX\nX    b   X\nXXXXXXXXXX\n", "Health: 13 X: 7 Y: 10\nXXXXXXXXXX\nX   b    X\nX XXXXXX X\nXR      \u221eX\nXXXX  XXXX\nX        X\nX     \u221e  X\nX     \u221e  X\nXXX    XXX\nXe     m X\nX      H X\nXXXXX XXXX\nX     X TX\nX XXXXX XX\nX        X\nXXXXXX XXX\nXTTX   XTX\nXTTXX XXTX\nX    b   X\nXXXXXXXXXX\n", "Health: 13 X: 6 Y: 10\nXXXXXXXXXX\nX   b    X\nX XXXXXX X\nXR      \u221eX\nXXXX  XXXX\nX        X\nX     \u221e  X\nX     \u221e  X\nXXX    XXX\nXe    m  X\nX     H  X\nXXXXX XXXX\nX     X TX\nX XXXXX XX\nX        X\nXXXXXX XXX\nXTTX   XTX\nXTTXX XXTX\nX    b   X\nXXXXXXXXXX\n", "Health: 13 X: 5 Y: 10\nXXXXXXXXXX\nX   b    X\nX XXXXXX X\nXR      \u221eX\nXXXX  XXXX\nX        X\nX     \u221e  X\nX     \u221e  X\nXXX    XXX\nXe   m   X\nX    H   X\nXXXXX XXXX\nX     X TX\nX XXXXX XX\nX        X\nXXXXXX XXX\nXTTX   XTX\nXTTXX XXTX\nX    b   X\nXXXXXXXXXX\n", "Health: 13 X: 6 Y: 10\nXXXXXXXXXX\nX   b    X\nX XXXXXX X\nXR      \u221eX\nXXXX  XXXX\nX        X\nX     \u221e  X\nX     \u221e  X\nXXX    XXX\nXe    m  X\nX     H  X\nXXXXX XXXX\nX     X TX\nX XXXXX XX\nX        X\nXXXXXX XXX\nXTTX   XTX\nXTTXX XXTX\nX    b   X\nXXXXXXXXXX\n", "Health: 13 X: 5 Y: 10\nXXXXXXXXXX\nX   b    X\nX XXXXXX X\nXR      \u221eX\nXXXX  XXXX\nX        X\nX     \u221e  X\nX     \u221e  X\nXXX    XXX\nXe   m   X\nX    H   X\nXXXXX XXXX\nX     X TX\nX XXXXX XX\nX        X\nXXXXXX XXX\nXTTX   XTX\nXTTXX XXTX\nX    b   X\nXXXXXXXXXX\n", "Health: 12 X: 5 Y: 9\nXXXXXXXXXX\nX   b    X\nX XXXXXX X\nXR      \u221eX\nXXXX  XXXX\nX        X\nX     \u221e  X\nX     \u221e  X\nXXX    XXX\nXe   m   X\nX        X\nXXXXX XXXX\nX     X TX\nX XXXXX XX\nX        X\nXXXXXX XXX\nXTTX   XTX\nXTTXX XXTX\nX    b   X\nXXXXXXXXXX\n", "Health: 12 X: 4 Y: 9\nXXXXXXXXXX\nX   b    X\nX XXXXXX X\nXR      \u221eX\nXXXX  XXXX\nX        X\nX     \u221e  X\nX     \u221e  X\nXXX    XXX\nXe  Hm   X\nX        X\nXXXXX XXXX\nX     X TX\nX XXXXX XX\nX        X\nXXXXXX XXX\nXTTX   XTX\nXTTXX XXTX\nX    b   X\nXXXXXXXXXX\n", "Health: 12 X: 4 Y: 10\nXXXXXXXXXX\nX   b    X\nX XXXXXX X\nXR      \u221eX\nXXXX  XXXX\nX        X\nX     \u221e  X\nX     \u221e  X\nXXX    XXX\nXe   m   X\nX   H    X\nXXXXX XXXX\nX     X TX\nX XXXXX XX\nX        X\nXXXXXX XXX\nXTTX   XTX\nXTTXX XXTX\nX    b   X\nXXXXXXXXXX\n", "Health: 12 X: 3 Y: 10\nXXXXXXXXXX\nX   b    X\nX XXXXXX X\nXR      \u221eX\nXXXX  XXXX\nX        X\nX     \u221e  X\nX     \u221e  X\nXXX    XXX\nXe   m   X\nX  H     X\nXXXXX XXXX\nX     X TX\nX XXXXX XX\nX        X\nXXXXXX XXX\nXTTX   XTX\nXTTXX XXTX\nX    b   X\nXXXXXXXXXX\n", "Health: 12 X: 3 Y: 9\nXXXXXXXXXX\nX   b    X\nX XXXXXX X\nXR      \u221eX\nXXXX  XXXX\nX        X\nX     \u221e  X\nX     \u221e  X\nXXX    XXX\nXe H m   X\nX        X\nXXXXX XXXX\nX     X TX\nX XXXXX XX\nX        X\nXXXXXX XXX\nXTTX   XTX\nXTTXX XXTX\nX    b   X\nXXXXXXXXXX\n", "Health: 11 X: 4 Y: 9\nXXXXXXXXXX\nX   b    X\nX XXXXXX X\nXR      \u221eX\nXXXX  XXXX\nX        X\nX     \u221e  X\nX     \u221e  X\nXXX    XXX\nXe  Hm   X\nX        X\nXXXXX XXXX\nX     X TX\nX XXXXX XX\nX        X\nXXXXXX XXX\nXTTX   XTX\nXTTXX XXTX\nX    b   X\nXXXXXXXXXX\n", "Health: 11 X: 4 Y: 8\nXXXXXXXXXX\nX   b    X\nX XXXXXX X\nXR      \u221eX\nXXXX  XXXX\nX        X\nX     \u221e  X\nX     \u221e  X\nXXX H  XXX\nXe   m   X\nX        X\nXXXXX XXXX\nX     X TX\nX XXXXX XX\nX        X\nXXXXXX XXX\nXTTX   XTX\nXTTXX XXTX\nX    b   X\nXXXXXXXXXX\n", "Health: 11 X: 4 Y: 7\nXXXXXXXXXX\nX   b    X\nX XXXXXX X\nXR      \u221eX\nXXXX  XXXX\nX        X\nX     \u221e  X\nX   H \u221e  X\nXXX    XXX\nXe   m   X\nX        X\nXXXXX XXXX\nX     X TX\nX XXXXX XX\nX        X\nXXXXXX XXX\nXTTX   XTX\nXTTXX XXTX\nX    b   X\nXXXXXXXXXX\n", "Health: 11 X: 4 Y: 6\nXXXXXXXXXX\nX   b    X\nX XXXXXX X\nXR      \u221eX\nXXXX  XXXX\nX        X\nX   H \u221e  X\nX     \u221e  X\nXXX    XXX\nXe   m   X\nX        X\nXXXXX XXXX\nX     X TX\nX XXXXX XX\nX        X\nXXXXXX XXX\nXTTX   XTX\nXTTXX XXTX\nX    b   X\nXXXXXXXXXX\n", "Health: 11 X: 4 Y: 5\nXXXXXXXXXX\nX   b    X\nX XXXXXX X\nXR      \u221eX\nXXXX  XXXX\nX   H    X\nX     \u221e  X\nX     \u221e  X\nXXX    XXX\nXe   m   X\nX        X\nXXXXX XXXX\nX     X TX\nX XXXXX XX\nX        X\nXXXXXX XXX\nXTTX   XTX\nXTTXX XXTX\nX    b   X\nXXXXXXXXXX\n", "Health: 11 X: 4 Y: 4\nXXXXXXXXXX\nX   b    X\nX XXXXXX X\nXR      \u221eX\nXXXXH XXXX\nX        X\nX     \u221e  X\nX     \u221e  X\nXXX    XXX\nXe   m   X\nX        X\nXXXXX XXXX\nX     X TX\nX XXXXX XX\nX        X\nXXXXXX XXX\nXTTX   XTX\nXTTXX XXTX\nX    b   X\nXXXXXXXXXX\n", "Health: 10 X: 4 Y: 3\nXXXXXXXXXX\nX   b    X\nX XXXXXX X\nXR  H   \u221eX\nXXXX  XXXX\nX        X\nX     \u221e  X\nX     \u221e  X\nXXX  m XXX\nXe       X\nX        X\nXXXXX XXXX\nX     X TX\nX XXXXX XX\nX        X\nXXXXXX XXX\nXTTX   XTX\nXTTXX XXTX\nX    b   X\nXXXXXXXXXX\n", "Health: 9 X: 3 Y: 3\nXXXXXXXXXX\nX   b    X\nX XXXXXX X\nXR H    \u221eX\nXXXX  XXXX\nX        X\nX     \u221e  X\nX    m\u221e  X\nXXX    XXX\nXe       X\nX        X\nXXXXX XXXX\nX     X TX\nX XXXXX XX\nX        X\nXXXXXX XXX\nXTTX   XTX\nXTTXX XXTX\nX    b   X\nXXXXXXXXXX\n", "Health: 8 X: 2 Y: 3\nXXXXXXXXXX\nX   b    X\nX XXXXXX X\nXRH     \u221eX\nXXXX  XXXX\nX        X\nX    m\u221e  X\nX     \u221e  X\nXXX    XXX\nXe       X\nX        X\nXXXXX XXXX\nX     X TX\nX XXXXX XX\nX        X\nXXXXXX XXX\nXTTX   XTX\nXTTXX XXTX\nX    b   X\nXXXXXXXXXX\n", "Health: 8 X: 1 Y: 3\nXXXXXXXXXX\nX   b    X\nX XXXXXX X\nX\u221e      \u221eX\nXXXX  XXXX\nX    m   X\nX     \u221e  X\nX     \u221e  X\nXXX    XXX\nXe       X\nX        X\nXXXXX XXXX\nX     X TX\nX XXXXX XX\nX        X\nXXXXXX XXX\nXTTX   XTX\nXTTXX XXTX\nX    b   X\nXXXXXXXXXX\n", "Health: 8 X: 1 Y: 2\nXXXXXXXXXX\nX   b    X\nXHXXXXXX X\nX\u221e      \u221eX\nXXXX mXXXX\nX        X\nX     \u221e  X\nX     \u221e  X\nXXX    XXX\nXe       X\nX        X\nXXXXX XXXX\nX     X TX\nX XXXXX XX\nX        X\nXXXXXX XXX\nXTTX   XTX\nXTTXX XXTX\nX    b   X\nXXXXXXXXXX\n", "Health: 8 X: 1 Y: 1\nXXXXXXXXXX\nXH b     X\nX XXXXXX X\nX\u221e   m  \u221eX\nXXXX  XXXX\nX        X\nX     \u221e  X\nX     \u221e  X\nXXX    XXX\nXe       X\nX        X\nXXXXX XXXX\nX     X TX\nX XXXXX XX\nX        X\nXXXXXX XXX\nXTTX   XTX\nXTTXX XXTX\nX    b   X\nXXXXXXXXXX\n", "Health: 7 X: 2 Y: 1\nXXXXXXXXXX\nX H\u221e     X\nX XXXXXX X\nX\u221e  m   \u221eX\nXXXX  XXXX\nX        X\nX     \u221e  X\nX     \u221e  X\nXXX    XXX\nXe       X\nX        X\nXXXXX XXXX\nX     X TX\nX XXXXX XX\nX        X\nXXXXXX XXX\nXTTX   XTX\nXTTXX XXTX\nX    b   X\nXXXXXXXXXX\n", "Health: 7 X: 3 Y: 1\nXXXXXXXXXX\nX  \u221e     X\nX XXXXXX X\nX\u221e m    \u221eX\nXXXX  XXXX\nX        X\nX     \u221e  X\nX     \u221e  X\nXXX    XXX\nXe       X\nX        X\nXXXXX XXXX\nX     X TX\nX XXXXX XX\nX        X\nXXXXXX XXX\nXTTX   XTX\nXTTXX XXTX\nX    b   X\nXXXXXXXXXX\n", "Health: 7 X: 4 Y: 1\nXXXXXXXXXX\nX  \u221eH    X\nX XXXXXX X\nX\u221em     \u221eX\nXXXX  XXXX\nX        X\nX     \u221e  X\nX     \u221e  X\nXXX    XXX\nXe       X\nX        X\nXXXXX XXXX\nX     X TX\nX XXXXX XX\nX        X\nXXXXXX XXX\nXTTX   XTX\nXTTXX XXTX\nX    b   X\nXXXXXXXXXX\n", "Health: 7 X: 5 Y: 1\nXXXXXXXXXX\nX  \u221e H   X\nX XXXXXX X\nX\u221e      \u221eX\nXXXX  XXXX\nX        X\nX     \u221e  X\nX     \u221e  X\nXXX    XXX\nXe       X\nX        X\nXXXXX XXXX\nX     X TX\nX XXXXX XX\nX        X\nXXXXXX XXX\nXTTX   XTX\nXTTXX XXTX\nX    b   X\nXXXXXXXXXX\n", "Health: 7 X: 6 Y: 1\nXXXXXXXXXX\nX  \u221e  H  X\nXmXXXXXX X\nX\u221e      \u221eX\nXXXX  XXXX\nX        X\nX     \u221e  X\nX     \u221e  X\nXXX    XXX\nXe       X\nX        X\nXXXXX XXXX\nX     X TX\nX XXXXX XX\nX        X\nXXXXXX XXX\nXTTX   XTX\nXTTXX XXTX\nX    b   X\nXXXXXXXXXX\n", "Health: 7 X: 7 Y: 1\nXXXXXXXXXX\nXm \u221e   H X\nX XXXXXX X\nX\u221e      \u221eX\nXXXX  XXXX\nX        X\nX     \u221e  X\nX     \u221e  X\nXXX    XXX\nXe       X\nX        X\nXXXXX XXXX\nX     X TX\nX XXXXX XX\nX        X\nXXXXXX XXX\nXTTX   XTX\nXTTXX XXTX\nX    b   X\nXXXXXXXXXX\n", "Health: 7 X: 8 Y: 1\nXXXXXXXXXX\nX m\u221e    HX\nX XXXXXX X\nX\u221e      \u221eX\nXXXX  XXXX\nX        X\nX     \u221e  X\nX     \u221e  X\nXXX    XXX\nXe       X\nX        X\nXXXXX XXXX\nX     X TX\nX XXXXX XX\nX        X\nXXXXXX XXX\nXTTX   XTX\nXTTXX XXTX\nX    b   X\nXXXXXXXXXX\n", "Health: 7 X: 8 Y: 2\nXXXXXXXXXX\nX  m     X\nX XXXXXXHX\nX\u221e      \u221eX\nXXXX  XXXX\nX        X\nX     \u221e  X\nX     \u221e  X\nXXX    XXX\nXe       X\nX        X\nXXXXX XXXX\nX     X TX\nX XXXXX XX\nX        X\nXXXXXX XXX\nXTTX   XTX\nXTTXX XXTX\nX    b   X\nXXXXXXXXXX\n", "Health: 7 X: 8 Y: 3\nXXXXXXXXXX\nX  \u221em    X\nX XXXXXX X\nX\u221e      \u221eX\nXXXX  XXXX\nX        X\nX     \u221e  X\nX     \u221e  X\nXXX    XXX\nXe       X\nX        X\nXXXXX XXXX\nX     X TX\nX XXXXX XX\nX        X\nXXXXXX XXX\nXTTX   XTX\nXTTXX XXTX\nX    b   X\nXXXXXXXXXX\n", "Health: 7 X: 7 Y: 3\nXXXXXXXXXX\nX  \u221e m   X\nX XXXXXX X\nX\u221e     H\u221eX\nXXXX  XXXX\nX        X\nX     \u221e  X\nX     \u221e  X\nXXX    XXX\nXe       X\nX        X\nXXXXX XXXX\nX     X TX\nX XXXXX XX\nX        X\nXXXXXX XXX\nXTTX   XTX\nXTTXX XXTX\nX    b   X\nXXXXXXXXXX\n", "Health: 7 X: 6 Y: 3\nXXXXXXXXXX\nX  \u221e  m  X\nX XXXXXX X\nX\u221e    H \u221eX\nXXXX  XXXX\nX        X\nX     \u221e  X\nX     \u221e  X\nXXX    XXX\nXe       X\nX        X\nXXXXX XXXX\nX     X TX\nX XXXXX XX\nX        X\nXXXXXX XXX\nXTTX   XTX\nXTTXX XXTX\nX    b   X\nXXXXXXXXXX\n", "Health: 7 X: 5 Y: 3\nXXXXXXXXXX\nX  \u221e   m X\nX XXXXXX X\nX\u221e   H  \u221eX\nXXXX  XXXX\nX        X\nX     \u221e  X\nX     \u221e  X\nXXX    XXX\nXe       X\nX        X\nXXXXX XXXX\nX     X TX\nX XXXXX XX\nX        X\nXXXXXX XXX\nXTTX   XTX\nXTTXX XXTX\nX    b   X\nXXXXXXXXXX\n", "Health: 7 X: 4 Y: 3\nXXXXXXXXXX\nX  \u221e    mX\nX XXXXXX X\nX\u221e  H   \u221eX\nXXXX  XXXX\nX        X\nX     \u221e  X\nX     \u221e  X\nXXX    XXX\nXe       X\nX        X\nXXXXX XXXX\nX     X TX\nX XXXXX XX\nX        X\nXXXXXX XXX\nXTTX   XTX\nXTTXX XXTX\nX    b   X\nXXXXXXXXXX\n", "Health: 7 X: 4 Y: 4\nXXXXXXXXXX\nX  \u221e     X\nX XXXXXXmX\nX\u221e      \u221eX\nXXXXH XXXX\nX        X\nX     \u221e  X\nX     \u221e  X\nXXX    XXX\nXe       X\nX        X\nXXXXX XXXX\nX     X TX\nX XXXXX XX\nX        X\nXXXXXX XXX\nXTTX   XTX\nXTTXX XXTX\nX    b   X\nXXXXXXXXXX\n", "Health: 7 X: 4 Y: 5\nXXXXXXXXXX\nX  \u221e     X\nX XXXXXX X\nX\u221e      \u221eX\nXXXX  XXXX\nX   H    X\nX     \u221e  X\nX     \u221e  X\nXXX    XXX\nXe       X\nX        X\nXXXXX XXXX\nX     X TX\nX XXXXX XX\nX        X\nXXXXXX XXX\nXTTX   XTX\nXTTXX XXTX\nX    b   X\nXXXXXXXXXX\n", "Health: 7 X: 4 Y: 6\nXXXXXXXXXX\nX  \u221e     X\nX XXXXXX X\nX\u221e     m\u221eX\nXXXX  XXXX\nX        X\nX   H \u221e  X\nX     \u221e  X\nXXX    XXX\nXe       X\nX        X\nXXXXX XXXX\nX     X TX\nX XXXXX XX\nX        X\nXXXXXX XXX\nXTTX   XTX\nXTTXX XXTX\nX    b   X\nXXXXXXXXXX\n", "Health: 7 X: 4 Y: 7\nXXXXXXXXXX\nX  \u221e     X\nX XXXXXX X\nX\u221e    m \u221eX\nXXXX  XXXX\nX        X\nX     \u221e  X\nX   H \u221e  X\nXXX    XXX\nXe       X\nX        X\nXXXXX XXXX\nX     X TX\nX XXXXX XX\nX        X\nXXXXXX XXX\nXTTX   XTX\nXTTXX XXTX\nX    b   X\nXXXXXXXXXX\n", "Health: 7 X: 4 Y: 8\nXXXXXXXXXX\nX  \u221e     X\nX XXXXXX X\nX\u221e   m  \u221eX\nXXXX  XXXX\nX        X\nX     \u221e  X\nX     \u221e  X\nXXX H  XXX\nXe       X\nX        X\nXXXXX XXXX\nX     X TX\nX XXXXX XX\nX        X\nXXXXXX XXX\nXTTX   XTX\nXTTXX XXTX\nX    b   X\nXXXXXXXXXX\n", "Health: 7 X: 4 Y: 9\nXXXXXXXXXX\nX  \u221e     X\nX XXXXXX X\nX\u221e  m   \u221eX\nXXXX  XXXX\nX        X\nX     \u221e  X\nX     \u221e  X\nXXX    XXX\nXe  H    X\nX        X\nXXXXX XXXX\nX     X TX\nX XXXXX XX\nX        X\nXXXXXX XXX\nXTTX   XTX\nXTTXX XXTX\nX    b   X\nXXXXXXXXXX\n", "Health: 7 X: 4 Y: 10\nXXXXXXXXXX\nX  \u221e     X\nX XXXXXX X\nX\u221e      \u221eX\nXXXXm XXXX\nX        X\nX     \u221e  X\nX     \u221e  X\nXXX    XXX\nXe       X\nX   H    X\nXXXXX XXXX\nX     X TX\nX XXXXX XX\nX        X\nXXXXXX XXX\nXTTX   XTX\nXTTXX XXTX\nX    b   X\nXXXXXXXXXX\n", "Health: 7 X: 5 Y: 10\nXXXXXXXXXX\nX  \u221e     X\nX XXXXXX X\nX\u221e      \u221eX\nXXXX mXXXX\nX        X\nX     \u221e  X\nX     \u221e  X\nXXX    XXX\nXe       X\nX    H   X\nXXXXX XXXX\nX     X TX\nX XXXXX XX\nX        X\nXXXXXX XXX\nXTTX   XTX\nXTTXX XXTX\nX    b   X\nXXXXXXXXXX\n", "Health: 7 X: 6 Y: 10\nXXXXXXXXXX\nX  \u221e     X\nX XXXXXX X\nX\u221e      \u221eX\nXXXX  XXXX\nX    m   X\nX     \u221e  X\nX     \u221e  X\nXXX    XXX\nXe       X\nX     H  X\nXXXXX XXXX\nX     X TX\nX XXXXX XX\nX        X\nXXXXXX XXX\nXTTX   XTX\nXTTXX XXTX\nX    b   X\nXXXXXXXXXX\n", "Health: 7 X: 7 Y: 10\nXXXXXXXXXX\nX  \u221e     X\nX XXXXXX X\nX\u221e      \u221eX\nXXXX  XXXX\nX     m  X\nX     \u221e  X\nX     \u221e  X\nXXX    XXX\nXe       X\nX      H X\nXXXXX XXXX\nX     X TX\nX XXXXX XX\nX        X\nXXXXXX XXX\nXTTX   XTX\nXTTXX XXTX\nX    b   X\nXXXXXXXXXX\n", "Health: 7 X: 8 Y: 10\nXXXXXXXXXX\nX  \u221e     X\nX XXXXXX X\nX\u221e      \u221eX\nXXXX  XXXX\nX        X\nX     \u221e  X\nX     \u221e  X\nXXX    XXX\nXe       X\nX        X\nXXXXX XXXX\nX     X TX\nX XXXXX XX\nX        X\nXXXXXX XXX\nXTTX   XTX\nXTTXX XXTX\nX    b   X\nXXXXXXXXXX\n", "Health: 7 X: 7 Y: 10\nXXXXXXXXXX\nX  \u221e     X\nX XXXXXX X\nX\u221e      \u221eX\nXXXX  XXXX\nX        X\nX     \u221e  X\nX     \u221e  X\nXXX    XXX\nXe       X\nX      H X\nXXXXX XXXX\nX     X TX\nX XXXXX XX\nX        X\nXXXXXX XXX\nXTTX   XTX\nXTTXX XXTX\nX    b   X\nXXXXXXXXXX\n", "Health: 7 X: 6 Y: 10\nXXXXXXXXXX\nX  \u221e     X\nX XXXXXX X\nX\u221e      \u221eX\nXXXX  XXXX\nX        X\nX     \u221e  X\nX     \u221e  X\nXXX   mXXX\nXe       X\nX     H  X\nXXXXX XXXX\nX     X TX\nX XXXXX XX\nX        X\nXXXXXX XXX\nXTTX   XTX\nXTTXX XXTX\nX    b   X\nXXXXXXXXXX\n", "Health: 7 X: 5 Y: 10\nXXXXXXXXXX\nX  \u221e     X\nX XXXXXX X\nX\u221e      \u221eX\nXXXX  XXXX\nX        X\nX     \u221e  X\nX     \u221e  X\nXXX  m XXX\nXe       X\nX    H   X\nXXXXX XXXX\nX     X TX\nX XXXXX XX\nX        X\nXXXXXX XXX\nXTTX   XTX\nXTTXX XXTX\nX    b   X\nXXXXXXXXXX\n", "Health: 7 X: 5 Y: 11\nXXXXXXXXXX\nX  \u221e     X\nX XXXXXX X\nX\u221e      \u221eX\nXXXX  XXXX\nX        X\nX     \u221e  X\nX     \u221e  X\nXXX    XXX\nXe   m   X\nX        X\nXXXXXHXXXX\nX     X TX\nX XXXXX XX\nX        X\nXXXXXX XXX\nXTTX   XTX\nXTTXX XXTX\nX    b   X\nXXXXXXXXXX\n", "Health: 7 X: 5 Y: 12\nXXXXXXXXXX\nX  \u221e     X\nX XXXXXX X\nX\u221e      \u221eX\nXXXX  XXXX\nX        X\nX     \u221e  X\nX     \u221e  X\nXXX    XXX\nXe       X\nX    m   X\nXXXXX XXXX\nX    HX TX\nX XXXXX XX\nX        X\nXXXXXX XXX\nXTTX   XTX\nXTTXX XXTX\nX    b   X\nXXXXXXXXXX\n", "Health: 7 X: 4 Y: 12\nXXXXXXXXXX\nX  \u221e     X\nX XXXXXX X\nX\u221e      \u221eX\nXXXX  XXXX\nX        X\nX     \u221e  X\nX     \u221e  X\nXXX    XXX\nXe       X\nX        X\nXXXXXmXXXX\nX   H X TX\nX XXXXX XX\nX        X\nXXXXXX XXX\nXTTX   XTX\nXTTXX XXTX\nX    b   X\nXXXXXXXXXX\n", "Health: 7 X: 3 Y: 12\nXXXXXXXXXX\nX  \u221e     X\nX XXXXXX X\nX\u221e      \u221eX\nXXXX  XXXX\nX        X\nX     \u221e  X\nX     \u221e  X\nXXX    XXX\nXe       X\nX        X\nXXXXX XXXX\nX  H mX TX\nX XXXXX XX\nX        X\nXXXXXX XXX\nXTTX   XTX\nXTTXX XXTX\nX    b   X\nXXXXXXXXXX\n", "Health: 7 X: 2 Y: 12\nXXXXXXXXXX\nX  \u221e     X\nX XXXXXX X\nX\u221e      \u221eX\nXXXX  XXXX\nX        X\nX     \u221e  X\nX     \u221e  X\nXXX    XXX\nXe       X\nX        X\nXXXXX XXXX\nX H m X TX\nX XXXXX XX\nX        X\nXXXXXX XXX\nXTTX   XTX\nXTTXX XXTX\nX    b   X\nXXXXXXXXXX\n", "Health: 7 X: 1 Y: 12\nXXXXXXXXXX\nX  \u221e     X\nX XXXXXX X\nX\u221e      \u221eX\nXXXX  XXXX\nX        X\nX     \u221e  X\nX     \u221e  X\nXXX    XXX\nXe       X\nX        X\nXXXXX XXXX\nXH m  X TX\nX XXXXX XX\nX        X\nXXXXXX XXX\nXTTX   XTX\nXTTXX XXTX\nX    b   X\nXXXXXXXXXX\n", "Health: 7 X: 1 Y: 13\nXXXXXXXXXX\nX  \u221e     X\nX XXXXXX X\nX\u221e      \u221eX\nXXXX  XXXX\nX        X\nX     \u221e  X\nX     \u221e  X\nXXX    XXX\nXe       X\nX        X\nXXXXX XXXX\nX m   X TX\nXHXXXXX XX\nX        X\nXXXXXX XXX\nXTTX   XTX\nXTTXX XXTX\nX    b   X\nXXXXXXXXXX\n", "Health: 7 X: 1 Y: 14\nXXXXXXXXXX\nX  \u221e     X\nX XXXXXX X\nX\u221e      \u221eX\nXXXX  XXXX\nX        X\nX     \u221e  X\nX     \u221e  X\nXXX    XXX\nXe       X\nX        X\nXXXXX XXXX\nXm    X TX\nX XXXXX XX\nXH       X\nXXXXXX XXX\nXTTX   XTX\nXTTXX XXTX\nX    b   X\nXXXXXXXXXX\n", "Health: 7 X: 2 Y: 14\nXXXXXXXXXX\nX  \u221e     X\nX XXXXXX X\nX\u221e      \u221eX\nXXXX  XXXX\nX        X\nX     \u221e  X\nX     \u221e  X\nXXX    XXX\nXe       X\nX        X\nXXXXX XXXX\nX     X TX\nXmXXXXX XX\nX H      X\nXXXXXX XXX\nXTTX   XTX\nXTTXX XXTX\nX    b   X\nXXXXXXXXXX\n", "Health: 7 X: 3 Y: 14\nXXXXXXXXXX\nX  \u221e     X\nX XXXXXX X\nX\u221e      \u221eX\nXXXX  XXXX\nX        X\nX     \u221e  X\nX     \u221e  X\nXXX    XXX\nXe       X\nX        X\nXXXXX XXXX\nX     X TX\nX XXXXX XX\nXm H     X\nXXXXXX XXX\nXTTX   XTX\nXTTXX XXTX\nX    b   X\nXXXXXXXXXX\n", "Health: 7 X: 4 Y: 14\nXXXXXXXXXX\nX  \u221e     X\nX XXXXXX X\nX\u221e      \u221eX\nXXXX  XXXX\nX        X\nX     \u221e  X\nX     \u221e  X\nXXX    XXX\nXe       X\nX        X\nXXXXX XXXX\nX     X TX\nX XXXXX XX\nX m H    X\nXXXXXX XXX\nXTTX   XTX\nXTTXX XXTX\nX    b   X\nXXXXXXXXXX\n", "Health: 7 X: 5 Y: 14\nXXXXXXXXXX\nX  \u221e     X\nX XXXXXX X\nX\u221e      \u221eX\nXXXX  XXXX\nX        X\nX     \u221e  X\nX     \u221e  X\nXXX    XXX\nXe       X\nX        X\nXXXXX XXXX\nX     X TX\nX XXXXX XX\nX  m H   X\nXXXXXX XXX\nXTTX   XTX\nXTTXX XXTX\nX    b   X\nXXXXXXXXXX\n", "Health: 7 X: 6 Y: 14\nXXXXXXXXXX\nX  \u221e     X\nX XXXXXX X\nX\u221e      \u221eX\nXXXX  XXXX\nX        X\nX     \u221e  X\nX     \u221e  X\nXXX    XXX\nXe       X\nX        X\nXXXXX XXXX\nX     X TX\nX XXXXX XX\nX   m H  X\nXXXXXX XXX\nXTTX   XTX\nXTTXXbXXTX\nX        X\nXXXXXXXXXX\n", "Health: 7 X: 7 Y: 14\nXXXXXXXXXX\nX  \u221e     X\nX XXXXXX X\nX\u221e      \u221eX\nXXXX  XXXX\nX        X\nX     \u221e  X\nX     \u221e  X\nXXX    XXX\nXe       X\nX        X\nXXXXX XXXX\nX     X TX\nX XXXXX XX\nX    m H X\nXXXXXX XXX\nXTTX   XTX\nXTTXXbXXTX\nX        X\nXXXXXXXXXX\n", "Health: 7 X: 8 Y: 14\nXXXXXXXXXX\nX  \u221e     X\nX XXXXXX X\nX\u221e      \u221eX\nXXXX  XXXX\nX        X\nX     \u221e  X\nX     \u221e  X\nXXX    XXX\nXe       X\nX        X\nXXXXX XXXX\nX     X TX\nX XXXXX XX\nX     m HX\nXXXXXX XXX\nXTTX   XTX\nXTTXXbXXTX\nX        X\nXXXXXXXXXX\n", "Health: 6 X: 7 Y: 14\nXXXXXXXXXX\nX  \u221e     X\nX XXXXXX X\nX\u221e      \u221eX\nXXXX  XXXX\nX        X\nX     \u221e  X\nX     \u221e  X\nXXX    XXX\nXe       X\nX        X\nXXXXX XXXX\nX     X TX\nX XXXXX XX\nX     mH X\nXXXXXX XXX\nXTTX   XTX\nXTTXXbXXTX\nX        X\nXXXXXXXXXX\n", "Health: 6 X: 7 Y: 13\nXXXXXXXXXX\nX  \u221e     X\nX XXXXXX X\nX\u221e      \u221eX\nXXXX  XXXX\nX        X\nX     \u221e  X\nX     \u221e  X\nXXX    XXX\nXe       X\nX        X\nXXXXX XXXX\nX     X TX\nX XXXXXHXX\nX     m  X\nXXXXXX XXX\nXTTX b XTX\nXTTXX XXTX\nX        X\nXXXXXXXXXX\n", "Health: 6 X: 7 Y: 12\nXXXXXXXXXX\nX  \u221e     X\nX XXXXXX X\nX\u221e      \u221eX\nXXXX  XXXX\nX        X\nX     \u221e  X\nX     \u221e  X\nXXX    XXX\nXe       X\nX        X\nXXXXX XXXX\nX     XHTX\nX XXXXX XX\nX     m  X\nXXXXXX XXX\nXTTX b XTX\nXTTXX XXTX\nX        X\nXXXXXXXXXX\n", "Health: 6 X: 8 Y: 12\nXXXXXXXXXX\nX  \u221e     X\nX XXXXXX X\nX\u221e      \u221eX\nXXXX  XXXX\nX        X\nX     \u221e  X\nX     \u221e  X\nXXX    XXX\nXe       X\nX        X\nXXXXX XXXX\nX     X  X\nX XXXXX XX\nX     m  X\nXXXXXX XXX\nXTTX b XTX\nXTTXX XXTX\nX        X\nXXXXXXXXXX\n", "Health: 6 X: 7 Y: 12\nXXXXXXXXXX\nX  \u221e     X\nX XXXXXX X\nX\u221e      \u221eX\nXXXX  XXXX\nX        X\nX     \u221e  X\nX     \u221e  X\nXXX    XXX\nXe       X\nX        X\nXXXXX XXXX\nX     XH X\nX XXXXX XX\nX     m  X\nXXXXXX XXX\nXTTX b XTX\nXTTXX XXTX\nX        X\nXXXXXXXXXX\n", "Health: 6 X: 7 Y: 13\nXXXXXXXXXX\nX  \u221e     X\nX XXXXXX X\nX\u221e      \u221eX\nXXXX  XXXX\nX        X\nX     \u221e  X\nX     \u221e  X\nXXX    XXX\nXe       X\nX        X\nXXXXX XXXX\nX     X  X\nX XXXXXHXX\nX     m  X\nXXXXXX XXX\nXTTX b XTX\nXTTXX XXTX\nX        X\nXXXXXXXXXX\n", "Health: 5 X: 7 Y: 14\nXXXXXXXXXX\nX  \u221e     X\nX XXXXXX X\nX\u221e      \u221eX\nXXXX  XXXX\nX        X\nX     \u221e  X\nX     \u221e  X\nXXX    XXX\nXe       X\nX        X\nXXXXX XXXX\nX     X  X\nX XXXXX XX\nX     mH X\nXXXXXX XXX\nXTTX b XTX\nXTTXX XXTX\nX        X\nXXXXXXXXXX\n", "Health: 5 X: 6 Y: 14\nXXXXXXXXXX\nX  \u221e     X\nX XXXXXX X\nX\u221e      \u221eX\nXXXX  XXXX\nX        X\nX     \u221e  X\nX     \u221e  X\nXXX    XXX\nXe       X\nX        X\nXXXXX XXXX\nX     X  X\nX XXXXX XX\nX     m  X\nXXXXXX XXX\nXTTX b XTX\nXTTXX XXTX\nX        X\nXXXXXXXXXX\n", "Health: 5 X: 5 Y: 14\nXXXXXXXXXX\nX  \u221e     X\nX XXXXXX X\nX\u221e      \u221eX\nXXXX  XXXX\nX        X\nX     \u221e  X\nX     \u221e  X\nXXX    XXX\nXe       X\nX        X\nXXXXX XXXX\nX     X  X\nX XXXXX XX\nX    Hm  X\nXXXXXX XXX\nXTTX b XTX\nXTTXX XXTX\nX        X\nXXXXXXXXXX\n", "Health: 5 X: 6 Y: 14\nXXXXXXXXXX\nX  \u221e     X\nX XXXXXX X\nX\u221e      \u221eX\nXXXX  XXXX\nX        X\nX     \u221e  X\nX     \u221e  X\nXXX    XXX\nXe       X\nX        X\nXXXXX XXXX\nX     X  X\nX XXXXX XX\nX     m  X\nXXXXXX XXX\nXTTX b XTX\nXTTXX XXTX\nX        X\nXXXXXXXXXX\n", "Health: 5 X: 6 Y: 15\nXXXXXXXXXX\nX  \u221e     X\nX XXXXXX X\nX\u221e      \u221eX\nXXXX  XXXX\nX        X\nX     \u221e  X\nX     \u221e  X\nXXX    XXX\nXe       X\nX        X\nXXXXX XXXX\nX     X  X\nX XXXXX XX\nX     m  X\nXXXXXXHXXX\nXTTX b XTX\nXTTXX XXTX\nX        X\nXXXXXXXXXX\n", "Health: 4 X: 6 Y: 16\nXXXXXXXXXX\nX  \u221e     X\nX XXXXXX X\nX\u221e      \u221eX\nXXXX  XXXX\nX        X\nX     \u221e  X\nX     \u221e  X\nXXX    XXX\nXe       X\nX        X\nXXXXX XXXX\nX     X  X\nX XXXXX XX\nX     m  X\nXXXXXX XXX\nXTTX \u221eHXTX\nXTTXX XXTX\nX        X\nXXXXXXXXXX\n", "Health: 4 X: 5 Y: 16\nXXXXXXXXXX\nX  \u221e     X\nX XXXXXX X\nX\u221e      \u221eX\nXXXX  XXXX\nX        X\nX     \u221e  X\nX     \u221e  X\nXXX    XXX\nXe       X\nX        X\nXXXXX XXXX\nX     X  X\nX XXXXX XX\nX        X\nXXXXXXmXXX\nXTTX \u221e XTX\nXTTXX XXTX\nX        X\nXXXXXXXXXX\n", "Health: 4 X: 4 Y: 16\nXXXXXXXXXX\nX  \u221e     X\nX XXXXXX X\nX\u221e      \u221eX\nXXXX  XXXX\nX        X\nX     \u221e  X\nX     \u221e  X\nXXX    XXX\nXe       X\nX        X\nXXXXX XXXX\nX     X  X\nX XXXXX XX\nX        X\nXXXXXX XXX\nXTTXH\u221emXTX\nXTTXX XXTX\nX        X\nXXXXXXXXXX\n", "Health: 3 X: 5 Y: 16\nXXXXXXXXXX\nX  \u221e     X\nX XXXXXX X\nX\u221e      \u221eX\nXXXX  XXXX\nX        X\nX     \u221e  X\nX     \u221e  X\nXXX    XXX\nXe       X\nX        X\nXXXXX XXXX\nX     X  X\nX XXXXX XX\nX        X\nXXXXXX XXX\nXTTX \u221emXTX\nXTTXX XXTX\nX        X\nXXXXXXXXXX\n", "Health: 3 X: 5 Y: 17\nXXXXXXXXXX\nX  \u221e     X\nX XXXXXX X\nX\u221e      \u221eX\nXXXX  XXXX\nX        X\nX     \u221e  X\nX     \u221e  X\nXXX    XXX\nXe       X\nX        X\nXXXXX XXXX\nX     X  X\nX XXXXX XX\nX        X\nXXXXXX XXX\nXTTX \u221emXTX\nXTTXXHXXTX\nX        X\nXXXXXXXXXX\n", "Health: 3 X: 5 Y: 18\nXXXXXXXXXX\nX  \u221e     X\nX XXXXXX X\nX\u221e      \u221eX\nXXXX  XXXX\nX        X\nX     \u221e  X\nX     \u221e  X\nXXX    XXX\nXe       X\nX        X\nXXXXX XXXX\nX     X  X\nX XXXXX XX\nX        X\nXXXXXX XXX\nXTTX \u221emXTX\nXTTXX XXTX\nX    H   X\nXXXXXXXXXX\n", "Health: 3 X: 4 Y: 18\nXXXXXXXXXX\nX  \u221e     X\nX XXXXXX X\nX\u221e      \u221eX\nXXXX  XXXX\nX        X\nX     \u221e  X\nX     \u221e  X\nXXX    XXX\nXe       X\nX        X\nXXXXX XXXX\nX     X  X\nX XXXXX XX\nX        X\nXXXXXX XXX\nXTTX \u221emXTX\nXTTXX XXTX\nX   H    X\nXXXXXXXXXX\n", "Health: 3 X: 3 Y: 18\nXXXXXXXXXX\nX  \u221e     X\nX XXXXXX X\nX\u221e      \u221eX\nXXXX  XXXX\nX        X\nX     \u221e  X\nX     \u221e  X\nXXX    XXX\nXe       X\nX        X\nXXXXX XXXX\nX     X  X\nX XXXXX XX\nX        X\nXXXXXX XXX\nXTTX \u221emXTX\nXTTXX XXTX\nX  H     X\nXXXXXXXXXX\n", "Health: 3 X: 2 Y: 18\nXXXXXXXXXX\nX  \u221e     X\nX XXXXXX X\nX\u221e      \u221eX\nXXXX  XXXX\nX        X\nX     \u221e  X\nX     \u221e  X\nXXX    XXX\nXe       X\nX        X\nXXXXX XXXX\nX     X  X\nX XXXXX XX\nX        X\nXXXXXX XXX\nXTTX \u221emXTX\nXTTXX XXTX\nX H      X\nXXXXXXXXXX\n", "Health: 3 X: 1 Y: 18\nXXXXXXXXXX\nX  \u221e     X\nX XXXXXX X\nX\u221e      \u221eX\nXXXX  XXXX\nX        X\nX     \u221e  X\nX     \u221e  X\nXXX    XXX\nXe       X\nX        X\nXXXXX XXXX\nX     X  X\nX XXXXX XX\nX        X\nXXXXXX XXX\nXTTX \u221e XTX\nXTTXX XXTX\nXH       X\nXXXXXXXXXX\n", "Health: 3 X: 1 Y: 17\nXXXXXXXXXX\nX  \u221e     X\nX XXXXXX X\nX\u221e      \u221eX\nXXXX  XXXX\nX        X\nX     \u221e  X\nX     \u221e  X\nXXX    XXX\nXe       X\nX        X\nXXXXX XXXX\nX     X  X\nX XXXXX XX\nX        X\nXXXXXX XXX\nXTTX \u221e XTX\nX TXXmXXTX\nX        X\nXXXXXXXXXX\n", "Health: 3 X: 1 Y: 16\nXXXXXXXXXX\nX  \u221e     X\nX XXXXXX X\nX\u221e      \u221eX\nXXXX  XXXX\nX        X\nX     \u221e  X\nX     \u221e  X\nXXX    XXX\nXe       X\nX        X\nXXXXX XXXX\nX     X  X\nX XXXXX XX\nX        X\nXXXXXX XXX\nX TX \u221e XTX\nX TXX XXTX\nX    m   X\nXXXXXXXXXX\n", "Health: 3 X: 2 Y: 16\nXXXXXXXXXX\nX  \u221e     X\nX XXXXXX X\nX\u221e      \u221eX\nXXXX  XXXX\nX        X\nX     \u221e  X\nX     \u221e  X\nXXX    XXX\nXe       X\nX        X\nXXXXX XXXX\nX     X  X\nX XXXXX XX\nX        X\nXXXXXX XXX\nX  X \u221e XTX\nX TXX XXTX\nX   m    X\nXXXXXXXXXX\n", "Health: 3 X: 2 Y: 17\nXXXXXXXXXX\nX  \u221e     X\nX XXXXXX X\nX\u221e      \u221eX\nXXXX  XXXX\nX        X\nX     \u221e  X\nX     \u221e  X\nXXX    XXX\nXe       X\nX        X\nXXXXX XXXX\nX     X  X\nX XXXXX XX\nX        X\nXXXXXX XXX\nX  X \u221e XTX\nX  XX XXTX\nX  m     X\nXXXXXXXXXX\n", "Health: 2 X: 2 Y: 18\nXXXXXXXXXX\nX  \u221e     X\nX XXXXXX X\nX\u221e      \u221eX\nXXXX  XXXX\nX        X\nX     \u221e  X\nX     \u221e  X\nXXX    XXX\nXe       X\nX        X\nXXXXX XXXX\nX     X  X\nX XXXXX XX\nX        X\nXXXXXX XXX\nX  X \u221e XTX\nX  XX XXTX\nX Hm     X\nXXXXXXXXXX\n", "Health: 2 X: 3 Y: 18\nXXXXXXXXXX\nX  \u221e     X\nX XXXXXX X\nX\u221e      \u221eX\nXXXX  XXXX\nX        X\nX     \u221e  X\nX     \u221e  X\nXXX    XXX\nXe       X\nX        X\nXXXXX XXXX\nX     X  X\nX XXXXX XX\nX        X\nXXXXXX XXX\nX  X \u221e XTX\nX  XX XXTX\nX  m     X\nXXXXXXXXXX\n", "Health: 2 X: 4 Y: 18\nXXXXXXXXXX\nX  \u221e     X\nX XXXXXX X\nX\u221e      \u221eX\nXXXX  XXXX\nX        X\nX     \u221e  X\nX     \u221e  X\nXXX    XXX\nXe       X\nX        X\nXXXXX XXXX\nX     X  X\nX XXXXX XX\nX        X\nXXXXXX XXX\nX  X \u221e XTX\nX  XX XXTX\nX  mH    X\nXXXXXXXXXX\n", "Health: 2 X: 3 Y: 18\nXXXXXXXXXX\nX  \u221e     X\nX XXXXXX X\nX\u221e      \u221eX\nXXXX  XXXX\nX        X\nX     \u221e  X\nX     \u221e  X\nXXX    XXX\nXe       X\nX        X\nXXXXX XXXX\nX     X  X\nX XXXXX XX\nX        X\nXXXXXX XXX\nX  X \u221e XTX\nX  XX XXTX\nX  m     X\nXXXXXXXXXX\n", "Health: 2 X: 4 Y: 18\nXXXXXXXXXX\nX  \u221e     X\nX XXXXXX X\nX\u221e      \u221eX\nXXXX  XXXX\nX        X\nX     \u221e  X\nX     \u221e  X\nXXX    XXX\nXe       X\nX        X\nXXXXX XXXX\nX     X  X\nX XXXXX XX\nX        X\nXXXXXX XXX\nX  X \u221e XTX\nX  XX XXTX\nX  mH    X\nXXXXXXXXXX\n", "Health: 2 X: 5 Y: 18\nXXXXXXXXXX\nX  \u221e     X\nX XXXXXX X\nX\u221e      \u221eX\nXXXX  XXXX\nX        X\nX     \u221e  X\nX     \u221e  X\nXXX    XXX\nXe       X\nX        X\nXXXXX XXXX\nX     X  X\nX XXXXX XX\nX        X\nXXXXXX XXX\nX  X \u221e XTX\nX  XX XXTX\nX  m H   X\nXXXXXXXXXX\n", "Health: 2 X: 6 Y: 18\nXXXXXXXXXX\nX  \u221e     X\nX XXXXXX X\nX\u221e      \u221eX\nXXXX  XXXX\nX        X\nX     \u221e  X\nX     \u221e  X\nXXX    XXX\nXe       X\nX        X\nXXXXX XXXX\nX     X  X\nX XXXXX XX\nX        X\nXXXXXX XXX\nX  X \u221e XTX\nX  XX XXTX\nX   m H  X\nXXXXXXXXXX\n", "Health: 2 X: 7 Y: 18\nXXXXXXXXXX\nX  \u221e     X\nX XXXXXX X\nX\u221e      \u221eX\nXXXX  XXXX\nX        X\nX     \u221e  X\nX     \u221e  X\nXXX    XXX\nXe       X\nX        X\nXXXXX XXXX\nX     X  X\nX XXXXX XX\nX        X\nXXXXXX XXX\nX  X \u221e XTX\nX  XX XXTX\nX    m H X\nXXXXXXXXXX\n", "Health: 2 X: 8 Y: 18\nXXXXXXXXXX\nX  \u221e     X\nX XXXXXX X\nX\u221e      \u221eX\nXXXX  XXXX\nX        X\nX     \u221e  X\nX     \u221e  X\nXXX    XXX\nXe       X\nX        X\nXXXXX XXXX\nX     X  X\nX XXXXX XX\nX        X\nXXXXXX XXX\nX  X \u221e XTX\nX  XX XXTX\nX     m HX\nXXXXXXXXXX\n", "Health: 2 X: 8 Y: 17\nXXXXXXXXXX\nX  \u221e     X\nX XXXXXX X\nX\u221e      \u221eX\nXXXX  XXXX\nX        X\nX     \u221e  X\nX     \u221e  X\nXXX    XXX\nXe       X\nX        X\nXXXXX XXXX\nX     X  X\nX XXXXX XX\nX        X\nXXXXXX XXX\nX  X \u221e XTX\nX  XX XX X\nX      m X\nXXXXXXXXXX\n", "Health: 2 X: 8 Y: 16\nXXXXXXXXXX\nX  \u221e     X\nX XXXXXX X\nX\u221e      \u221eX\nXXXX  XXXX\nX        X\nX     \u221e  X\nX     \u221e  X\nXXX    XXX\nXe       X\nX        X\nXXXXX XXXX\nX     X  X\nX XXXXX XX\nX        X\nXXXXXX XXX\nX  X \u221e X X\nX  XX XX X\nX       mX\nXXXXXXXXXX\n", "Health: 1 X: 8 Y: 17\nXXXXXXXXXX\nX  \u221e     X\nX XXXXXX X\nX\u221e      \u221eX\nXXXX  XXXX\nX        X\nX     \u221e  X\nX     \u221e  X\nXXX    XXX\nXe       X\nX        X\nXXXXX XXXX\nX     X  X\nX XXXXX XX\nX        X\nXXXXXX XXX\nX  X \u221e X X\nX  XX XX X\nX       mX\nXXXXXXXXXX\n", "Health: 1 X: 8 Y: 18\nXXXXXXXXXX\nX  \u221e     X\nX XXXXXX X\nX\u221e      \u221eX\nXXXX  XXXX\nX        X\nX     \u221e  X\nX     \u221e  X\nXXX    XXX\nXe       X\nX        X\nXXXXX XXXX\nX     X  X\nX XXXXX XX\nX        X\nXXXXXX XXX\nX  X \u221e X X\nX  XX XX X\nX       mX\nXXXXXXXXXX\n", "Health: 1 X: 7 Y: 18\nXXXXXXXXXX\nX  \u221e     X\nX XXXXXX X\nX\u221e      \u221eX\nXXXX  XXXX\nX        X\nX     \u221e  X\nX     \u221e  X\nXXX    XXX\nXe       X\nX        X\nXXXXX XXXX\nX     X  X\nX XXXXX XX\nX        X\nXXXXXX XXX\nX  X \u221e X X\nX  XX XX X\nX      HmX\nXXXXXXXXXX\n", "Health: 1 X: 6 Y: 18\nXXXXXXXXXX\nX  \u221e     X\nX XXXXXX X\nX\u221e      \u221eX\nXXXX  XXXX\nX        X\nX     \u221e  X\nX     \u221e  X\nXXX    XXX\nXe       X\nX        X\nXXXXX XXXX\nX     X  X\nX XXXXX XX\nX        X\nXXXXXX XXX\nX  X \u221e X X\nX  XX XX X\nX     H mX\nXXXXXXXXXX\n", "Health: 1 X: 5 Y: 18\nXXXXXXXXXX\nX  \u221e     X\nX XXXXXX X\nX\u221e      \u221eX\nXXXX  XXXX\nX        X\nX     \u221e  X\nX     \u221e  X\nXXX    XXX\nXe       X\nX        X\nXXXXX XXXX\nX     X  X\nX XXXXX XX\nX        X\nXXXXXX XXX\nX  X \u221e X X\nX  XX XX X\nX    H  mX\nXXXXXXXXXX\n", "Health: 1 X: 4 Y: 18\nXXXXXXXXXX\nX  \u221e     X\nX XXXXXX X\nX\u221e      \u221eX\nXXXX  XXXX\nX        X\nX     \u221e  X\nX     \u221e  X\nXXX    XXX\nXe       X\nX        X\nXXXXX XXXX\nX     X  X\nX XXXXX XX\nX        X\nXXXXXX XXX\nX  X \u221e X X\nX  XX XX X\nX   H   mX\nXXXXXXXXXX\n", "Health: 1 X: 5 Y: 18\nXXXXXXXXXX\nX  \u221e     X\nX XXXXXX X\nX\u221e      \u221eX\nXXXX  XXXX\nX        X\nX     \u221e  X\nX     \u221e  X\nXXX    XXX\nXe       X\nX        X\nXXXXX XXXX\nX     X  X\nX XXXXX XX\nX        X\nXXXXXX XXX\nX  X \u221e X X\nX  XX XX X\nX    H m X\nXXXXXXXXXX\n", "Health: 1 X: 5 Y: 17\nXXXXXXXXXX\nX  \u221e     X\nX XXXXXX X\nX\u221e      \u221eX\nXXXX  XXXX\nX        X\nX     \u221e  X\nX     \u221e  X\nXXX    XXX\nXe       X\nX        X\nXXXXX XXXX\nX     X  X\nX XXXXX XX\nX        X\nXXXXXX XXX\nX  X \u221e X X\nX  XXHXX X\nX     m  X\nXXXXXXXXXX\n", "Health: 1 X: 5 Y: 16\nXXXXXXXXXX\nX  \u221e     X\nX XXXXXX X\nX\u221e      \u221eX\nXXXX  XXXX\nX        X\nX     \u221e  X\nX     \u221e  X\nXXX    XXX\nXe       X\nX        X\nXXXXX XXXX\nX     X  X\nX XXXXX XX\nX        X\nXXXXXX XXX\nX  X \u221e X X\nX  XX XX X\nX    m   X\nXXXXXXXXXX\n", "Health: 1 X: 6 Y: 16\nXXXXXXXXXX\nX  \u221e     X\nX XXXXXX X\nX\u221e      \u221eX\nXXXX  XXXX\nX        X\nX     \u221e  X\nX     \u221e  X\nXXX    XXX\nXe       X\nX        X\nXXXXX XXXX\nX     X  X\nX XXXXX XX\nX        X\nXXXXXX XXX\nX  X \u221eHX X\nX  XXmXX X\nX        X\nXXXXXXXXXX\n", "Health: 1 X: 6 Y: 15\nXXXXXXXXXX\nX  \u221e     X\nX XXXXXX X\nX\u221e      \u221eX\nXXXX  XXXX\nX        X\nX     \u221e  X\nX     \u221e  X\nXXX    XXX\nXe       X\nX        X\nXXXXX XXXX\nX     X  X\nX XXXXX XX\nX        X\nXXXXXXHXXX\nX  X \u221e X X\nX  XX XX X\nX        X\nXXXXXXXXXX\n", "Health: 1 X: 6 Y: 14\nXXXXXXXXXX\nX  \u221e     X\nX XXXXXX X\nX\u221e      \u221eX\nXXXX  XXXX\nX        X\nX     \u221e  X\nX     \u221e  X\nXXX    XXX\nXe       X\nX        X\nXXXXX XXXX\nX     X  X\nX XXXXX XX\nX     H  X\nXXXXXX XXX\nX  X \u221emX X\nX  XX XX X\nX        X\nXXXXXXXXXX\n", "Health: 1 X: 5 Y: 14\nXXXXXXXXXX\nX  \u221e     X\nX XXXXXX X\nX\u221e      \u221eX\nXXXX  XXXX\nX        X\nX     \u221e  X\nX     \u221e  X\nXXX    XXX\nXe       X\nX        X\nXXXXX XXXX\nX     X  X\nX XXXXX XX\nX    H   X\nXXXXXXmXXX\nX  X \u221e X X\nX  XX XX X\nX        X\nXXXXXXXXXX\n", "Health: 1 X: 4 Y: 14\nXXXXXXXXXX\nX  \u221e     X\nX XXXXXX X\nX\u221e      \u221eX\nXXXX  XXXX\nX        X\nX     \u221e  X\nX     \u221e  X\nXXX    XXX\nXe       X\nX        X\nXXXXX XXXX\nX     X  X\nX XXXXX XX\nX   H m  X\nXXXXXX XXX\nX  X \u221e X X\nX  XX XX X\nX        X\nXXXXXXXXXX\n", "Health: 1 X: 3 Y: 14\nXXXXXXXXXX\nX  \u221e     X\nX XXXXXX X\nX\u221e      \u221eX\nXXXX  XXXX\nX        X\nX     \u221e  X\nX     \u221e  X\nXXX    XXX\nXe       X\nX        X\nXXXXX XXXX\nX     X  X\nX XXXXX XX\nX  H m   X\nXXXXXX XXX\nX  X \u221e X X\nX  XX XX X\nX        X\nXXXXXXXXXX\n", "Health: 1 X: 2 Y: 14\nXXXXXXXXXX\nX  \u221e     X\nX XXXXXX X\nX\u221e      \u221eX\nXXXX  XXXX\nX        X\nX     \u221e  X\nX     \u221e  X\nXXX    XXX\nXe       X\nX        X\nXXXXX XXXX\nX     X  X\nX XXXXX XX\nX H m    X\nXXXXXX XXX\nX  X \u221e X X\nX  XX XX X\nX        X\nXXXXXXXXXX\n", "Health: 1 X: 1 Y: 14\nXXXXXXXXXX\nX  \u221e     X\nX XXXXXX X\nX\u221e      \u221eX\nXXXX  XXXX\nX        X\nX     \u221e  X\nX     \u221e  X\nXXX    XXX\nXe       X\nX        X\nXXXXX XXXX\nX     X  X\nX XXXXX XX\nXH m     X\nXXXXXX XXX\nX  X \u221e X X\nX  XX XX X\nX        X\nXXXXXXXXXX\n", "Health: 1 X: 1 Y: 13\nXXXXXXXXXX\nX  \u221e     X\nX XXXXXX X\nX\u221e      \u221eX\nXXXX  XXXX\nX        X\nX     \u221e  X\nX     \u221e  X\nXXX    XXX\nXe       X\nX        X\nXXXXX XXXX\nX     X  X\nXHXXXXX XX\nX m      X\nXXXXXX XXX\nX  X \u221e X X\nX  XX XX X\nX        X\nXXXXXXXXXX\n", "Health: 1 X: 1 Y: 12\nXXXXXXXXXX\nX  \u221e     X\nX XXXXXX X\nX\u221e      \u221eX\nXXXX  XXXX\nX        X\nX     \u221e  X\nX     \u221e  X\nXXX    XXX\nXe       X\nX        X\nXXXXX XXXX\nXH    X  X\nX XXXXX XX\nXm       X\nXXXXXX XXX\nX  X \u221e X X\nX  XX XX X\nX        X\nXXXXXXXXXX\n", "Health: 1 X: 2 Y: 12\nXXXXXXXXXX\nX  \u221e     X\nX XXXXXX X\nX\u221e      \u221eX\nXXXX  XXXX\nX        X\nX     \u221e  X\nX     \u221e  X\nXXX    XXX\nXe       X\nX        X\nXXXXX XXXX\nX H   X  X\nXmXXXXX XX\nX        X\nXXXXXX XXX\nX  X \u221e X X\nX  XX XX X\nX        X\nXXXXXXXXXX\n", "Health: 1 X: 3 Y: 12\nXXXXXXXXXX\nX  \u221e     X\nX XXXXXX X\nX\u221e      \u221eX\nXXXX  XXXX\nX        X\nX     \u221e  X\nX     \u221e  X\nXXX    XXX\nXe       X\nX        X\nXXXXX XXXX\nXm H  X  X\nX XXXXX XX\nX        X\nXXXXXX XXX\nX  X \u221e X X\nX  XX XX X\nX        X\nXXXXXXXXXX\n", "Health: 1 X: 4 Y: 12\nXXXXXXXXXX\nX  \u221e     X\nX XXXXXX X\nX\u221e      \u221eX\nXXXX  XXXX\nX        X\nX     \u221e  X\nX     \u221e  X\nXXX    XXX\nXe       X\nX        X\nXXXXX XXXX\nX m H X  X\nX XXXXX XX\nX        X\nXXXXXX XXX\nX  X \u221e X X\nX  XX XX X\nX        X\nXXXXXXXXXX\n", "Health: 1 X: 5 Y: 12\nXXXXXXXXXX\nX  \u221e     X\nX XXXXXX X\nX\u221e      \u221eX\nXXXX  XXXX\nX        X\nX     \u221e  X\nX     \u221e  X\nXXX    XXX\nXe       X\nX        X\nXXXXX XXXX\nX  m HX  X\nX XXXXX XX\nX        X\nXXXXXX XXX\nX  X \u221e X X\nX  XX XX X\nX        X\nXXXXXXXXXX\n", "Health: 1 X: 5 Y: 11\nXXXXXXXXXX\nX  \u221e     X\nX XXXXXX X\nX\u221e      \u221eX\nXXXX  XXXX\nX        X\nX     \u221e  X\nX     \u221e  X\nXXX    XXX\nXe       X\nX        X\nXXXXXHXXXX\nX   m X  X\nX XXXXX XX\nX        X\nXXXXXX XXX\nX  X \u221e X X\nX  XX XX X\nX        X\nXXXXXXXXXX\n", "Health: 1 X: 5 Y: 10\nXXXXXXXXXX\nX  \u221e     X\nX XXXXXX X\nX\u221e      \u221eX\nXXXX  XXXX\nX        X\nX     \u221e  X\nX     \u221e  X\nXXX    XXX\nXe       X\nX    H   X\nXXXXX XXXX\nX    mX  X\nX XXXXX XX\nX        X\nXXXXXX XXX\nX  X \u221e X X\nX  XX XX X\nX        X\nXXXXXXXXXX\n", "Health: 1 X: 5 Y: 9\nXXXXXXXXXX\nX  \u221e     X\nX XXXXXX X\nX\u221e      \u221eX\nXXXX  XXXX\nX        X\nX     \u221e  X\nX     \u221e  X\nXXX    XXX\nXe   H   X\nX        X\nXXXXXmXXXX\nX     X  X\nX XXXXX XX\nX        X\nXXXXXX XXX\nX  X \u221e X X\nX  XX XX X\nX        X\nXXXXXXXXXX\n", "Health: 1 X: 4 Y: 9\nXXXXXXXXXX\nX  \u221e     X\nX XXXXXX X\nX\u221e      \u221eX\nXXXX  XXXX\nX        X\nX     \u221e  X\nX     \u221e  X\nXXX    XXX\nXe  H    X\nX    m   X\nXXXXX XXXX\nX     X  X\nX XXXXX XX\nX        X\nXXXXXX XXX\nX  X \u221e X X\nX  XX XX X\nX        X\nXXXXXXXXXX\n", "Health: 1 X: 3 Y: 9\nXXXXXXXXXX\nX  \u221e     X\nX XXXXXX X\nX\u221e      \u221eX\nXXXX  XXXX\nX        X\nX     \u221e  X\nX     \u221e  X\nXXX    XXX\nXe H m   X\nX        X\nXXXXX XXXX\nX     X  X\nX XXXXX XX\nX        X\nXXXXXX XXX\nX  X \u221e X X\nX  XX XX X\nX        X\nXXXXXXXXXX\n", "Health: 1 X: 2 Y: 9\nXXXXXXXXXX\nX  \u221e     X\nX XXXXXX X\nX\u221e      \u221eX\nXXXX  XXXX\nX        X\nX     \u221e  X\nX     \u221e  X\nXXX    XXX\nXeH m    X\nX        X\nXXXXX XXXX\nX     X  X\nX XXXXX XX\nX        X\nXXXXXX XXX\nX  X \u221e X X\nX  XX XX X\nX        X\nXXXXXXXXXX\n", "Health: 1 X: 1 Y: 9\nXXXXXXXXXX\nX  \u221e     X\nX XXXXXX X\nX\u221e      \u221eX\nXXXX  XXXX\nX        X\nX     \u221e  X\nX     \u221e  X\nXXX    XXX\nXe m     X\nX        X\nXXXXX XXXX\nX     X  X\nX XXXXX XX\nX        X\nXXXXXX XXX\nX  X \u221e X X\nX  XX XX X\nX        X\nXXXXXXXXXX\n"], "map_number": 102}, {"mechanics": [{"timestep": 2, "mechanic": "OgreHit"}, {"timestep": 2, "mechanic": "BlobPotion"}, {"timestep": 2, "mechanic": "BlobPotion"}, {"timestep": 3, "mechanic": "OgreHit"}, {"timestep": 4, "mechanic": "BlobPotion"}, {"timestep": 9, "mechanic": "CollectPotion"}, {"timestep": 12, "mechanic": "MinitaurHit"}, {"timestep": 14, "mechanic": "GoblinMeleeHit"}, {"timestep": 22, "mechanic": "CollectTreasure"}, {"timestep": 24, "mechanic": "MinitaurHit"}, {"timestep": 26, "mechanic": "BlobHit"}, {"timestep": 27, "mechanic": "BlobHit"}, {"timestep": 40, "mechanic": "BlobCombine"}, {"timestep": 46, "mechanic": "CollectTreasure"}, {"timestep": 48, "mechanic": "CollectTreasure"}, {"timestep": 50, "mechanic": "BlobHit"}, {"timestep": 58, "mechanic": "CollectTreasure"}, {"timestep": 60, "mechanic": "CollectTreasure"}, {"timestep": 71, "mechanic": "MinitaurHit"}, {"timestep": 71, "mechanic": "Die"}], "frequencies": {}, "levelReport": {"utilityGained": 0.0, "exitUtility": 0.0, "runnerUtility": 0.40909090909090906, "loitererUtility": 0.0, "completionistUtility": 0.12272727272727271, "monsterKillerUtility": 0.12272727272727271, "treasureCollectorUtility": 0.12272727272727271, "turnsTaken": 0, "health": 10, "healthLost": 0, "alive": true, "javelinsThrown": 0, "monsterKills": 0, "minitaurKnockouts": 0, "treasuresCollected": 0, "potionsTaken": 0, "totalMonsters": 6, "totalTreasures": 6, "totalPotions": 4, "timeTaken": 0.0}, "positions": [{"X": 6, "Y": 3}, {"X": 6, "Y": 4}, {"X": 6, "Y": 3}, {"X": 5, "Y": 3}, {"X": 4, "Y": 3}, {"X": 3, "Y": 3}, {"X": 2, "Y": 3}, {"X": 2, "Y": 2}, {"X": 2, "Y": 1}, {"X": 1, "Y": 1}, {"X": 1, "Y": 2}, {"X": 1, "Y": 3}, {"X": 2, "Y": 3}, {"X": 3, "Y": 3}, {"X": 3, "Y": 4}, {"X": 2, "Y": 4}, {"X": 2, "Y": 5}, {"X": 2, "Y": 6}, {"X": 3, "Y": 6}, {"X": 2, "Y": 6}, {"X": 2, "Y": 7}, {"X": 2, "Y": 8}, {"X": 3, "Y": 8}, {"X": 3, "Y": 9}, {"X": 3, "Y": 8}, {"X": 4, "Y": 8}, {"X": 5, "Y": 8}, {"X": 6, "Y": 8}, {"X": 7, "Y": 8}, {"X": 7, "Y": 8}], "levelStates": ["Health: 10 X: 6 Y: 3\nXXXXXXXXXX\nXT TX m  X\nX   XXX  X\nX     H  X\nX   XX   X\nXX XXXX XX\nX TTXXPP X\nX   XX   X\nXeo    b X\nX   XX   X\nXX XXXX XX\nX   XX   X\nX   XX   X\nX      T X\nX   XX   X\nXX XXXX XX\nX   XX   X\nXb bXXT TX\nX M XXT TX\nXXXXXXXXXX\n", "Health: 10 X: 6 Y: 4\nXXXXXXXXXX\nXT TX  m X\nX   XXX  X\nX        X\nX   XXH  X\nXX XXXX XX\nX TTXXPP X\nX o XX b X\nXe       X\nX   XX   X\nXX XXXX XX\nX   XX   X\nX   XX   X\nX      T X\nX   XX   X\nXX XXXX XX\nX   XX   X\nXb bXXT TX\nX M XXT TX\nXXXXXXXXXX\n", "Health: 10 X: 6 Y: 3\nXXXXXXXXXX\nXT TX    X\nX   XXXm X\nX     H  X\nX   XX   X\nXX XXXX XX\nX oTXXPb X\nX   XX   X\nXe       X\nX   XX   X\nXX XXXX XX\nX   XX   X\nX   XX   X\nX      T X\nX   XX   X\nXX XXXX XX\nX   XX   X\nXb bXXT TX\nX M XXT TX\nXXXXXXXXXX\n", "Health: 10 X: 5 Y: 3\nXXXXXXXXXX\nXT TX    X\nX   XXX  X\nX    H m X\nX   XX   X\nXX XXXX XX\nX  oXXb  X\nX   XX   X\nXe       X\nX   XX   X\nXX XXXX XX\nX   XX   X\nX   XX   X\nX      T X\nX   XX   X\nXX XXXX XX\nX   XX   X\nXb bXXT TX\nX M XXT TX\nXXXXXXXXXX\n", "Health: 10 X: 4 Y: 3\nXXXXXXXXXX\nXT TX    X\nX   XXX  X\nX   H m  X\nX   XX   X\nXX XXXX XX\nX  oXXb  X\nX   XX   X\nXe       X\nX   XX   X\nXX XXXX XX\nX   XX   X\nX   XX   X\nX      T X\nX   XX   X\nXX XXXX XX\nX   XX   X\nXb bXXT TX\nX M XXT TX\nXXXXXXXXXX\n", "Health: 10 X: 3 Y: 3\nXXXXXXXXXX\nXT TX    X\nX   XXX  X\nX  H m   X\nX   XX   X\nXX XXXX XX\nX  oXXb  X\nX   XX   X\nXe       X\nX   XX   X\nXX XXXX XX\nX   XX   X\nX   XX   X\nX      T X\nX   XX   X\nXX XXXX XX\nX   XX   X\nXb bXXT TX\nX M XXT TX\nXXXXXXXXXX\n", "Health: 10 X: 2 Y: 3\nXXXXXXXXXX\nXT TX    X\nX   XXX  X\nX H m    X\nX   XX   X\nXX XXXX XX\nX  oXXb  X\nX   XX   X\nXe       X\nX   XX   X\nXX XXXX XX\nX   XX   X\nX   XX   X\nX      T X\nX   XX   X\nXX XXXX XX\nX   XX   X\nXbMbXXT TX\nX   XXT TX\nXXXXXXXXXX\n", "Health: 10 X: 2 Y: 2\nXXXXXXXXXX\nXT TX    X\nX H XXX  X\nX  m     X\nX   XX   X\nXX XXXX XX\nX  oXXb  X\nX   XX   X\nXe       X\nX   XX   X\nXX XXXX XX\nX   XX   X\nX   XX   X\nX      T X\nX   XX   X\nXX XXXX XX\nX M XX   X\nXb bXXT TX\nX   XXT TX\nXXXXXXXXXX\n", "Health: 10 X: 2 Y: 1\nXXXXXXXXXX\nXTHTX    X\nX  mXXX  X\nX        X\nX   XX   X\nXX XXXX XX\nX  oXXb  X\nX   XX   X\nXe       X\nX   XX   X\nXX XXXX XX\nX   XX   X\nX   XX   X\nX      T X\nX   XX   X\nXXMXXXX XX\nX   XX   X\nXb bXXT TX\nX   XXT TX\nXXXXXXXXXX\n", "Health: 10 X: 1 Y: 1\nXXXXXXXXXX\nX  mX    X\nX   XXX  X\nX        X\nX   XX   X\nXX XXXX XX\nX  oXXb  X\nX   XX   X\nXe       X\nX   XX   X\nXX XXXX XX\nX   XX   X\nX   XX   X\nX      T X\nX   XX   X\nXXMXXXX XX\nX   XX   X\nXb bXXT TX\nX   XXT TX\nXXXXXXXXXX\n", "Health: 10 X: 1 Y: 2\nXXXXXXXXXX\nX mTX    X\nXH  XXX  X\nX        X\nX   XX   X\nXX XXXX XX\nX  oXXb  X\nX   XX   X\nXe       X\nX   XX   X\nXX XXXX XX\nX   XX   X\nX   XX   X\nX      T X\nX   XX   X\nXXMXXXX XX\nX   XX   X\nXb bXXT TX\nX   XXT TX\nXXXXXXXXXX\n", "Health: 10 X: 1 Y: 3\nXXXXXXXXXX\nXm TX    X\nX   XXX  X\nXH       X\nX   XX   X\nXX XXXX XX\nX  oXXb  X\nX   XX   X\nXe       X\nX   XX   X\nXX XXXX XX\nX   XX   X\nX   XX   X\nX      T X\nX   XX   X\nXXMXXXX XX\nX   XX   X\nXb bXXT TX\nX   XXT TX\nXXXXXXXXXX\n", "Health: 10 X: 2 Y: 3\nXXXXXXXXXX\nX mTX    X\nX   XXX  X\nX H      X\nX   XX   X\nXX XXXX XX\nX  oXXb  X\nX   XX   X\nXe       X\nX   XX   X\nXX XXXX XX\nX   XX   X\nX   XX   X\nX      T X\nX M XX   X\nXX XXXX XX\nX   XX   X\nXb bXXT TX\nX   XXT TX\nXXXXXXXXXX\n", "Health: 10 X: 3 Y: 3\nXXXXXXXXXX\nX  mX    X\nX   XXX  X\nX  H     X\nX   XX   X\nXX XXXX XX\nX  oXXb  X\nX   XX   X\nXe       X\nX   XX   X\nXX XXXX XX\nX   XX   X\nX   XX   X\nX      T X\nX M XX   X\nXX XXXX XX\nX   XX   X\nXb bXXT TX\nX   XXT TX\nXXXXXXXXXX\n", "Health: 10 X: 3 Y: 4\nXXXXXXXXXX\nX  TX    X\nX  mXXX  X\nX        X\nX  HXX   X\nXX XXXX XX\nX  oXXb  X\nX   XX   X\nXe       X\nX   XX   X\nXX XXXX XX\nX   XX   X\nX   XX   X\nX      T X\nX M XX   X\nXX XXXX XX\nX   XX   X\nXb bXXT TX\nX   XXT TX\nXXXXXXXXXX\n", "Health: 10 X: 2 Y: 4\nXXXXXXXXXX\nX  TX    X\nX m XXX  X\nX        X\nX H XX   X\nXX XXXX XX\nX  oXXb  X\nX   XX   X\nXe       X\nX   XX   X\nXX XXXX XX\nX   XX   X\nX   XX   X\nX M    T X\nX   XX   X\nXX XXXX XX\nX   XX   X\nXb bXXT TX\nX   XXT TX\nXXXXXXXXXX\n", "Health: 10 X: 2 Y: 5\nXXXXXXXXXX\nX  TX    X\nX   XXX  X\nX m      X\nX   XX   X\nXXHXXXX XX\nX  oXXb  X\nX   XX   X\nXe       X\nX   XX   X\nXX XXXX XX\nX   XX   X\nX M XX   X\nX      T X\nX   XX   X\nXX XXXX XX\nX   XX   X\nXb bXXT TX\nX   XXT TX\nXXXXXXXXXX\n", "Health: 8 X: 2 Y: 6\nXXXXXXXXXX\nX  TX    X\nX   XXX  X\nX        X\nX m XX   X\nXX XXXX XX\nX  oXXb  X\nX   XX   X\nXe       X\nX   XX   X\nXX XXXX XX\nX M XX   X\nX   XX   X\nX      T X\nX   XX   X\nXX XXXX XX\nX   XX   X\nXb bXXT TX\nX   XXT TX\nXXXXXXXXXX\n", "Health: 6 X: 3 Y: 6\nXXXXXXXXXX\nX  TX    X\nX   XXX  X\nX        X\nX   XX   X\nXXmXXXX XX\nX  \u221eXXb  X\nX   XX   X\nXe       X\nX   XX   X\nXXMXXXX XX\nX   XX   X\nX   XX   X\nX      T X\nX   XX   X\nXX XXXX XX\nX   XX   X\nXb bXXT TX\nX   XXT TX\nXXXXXXXXXX\n", "Health: 5 X: 2 Y: 6\nXXXXXXXXXX\nX  TX    X\nX   XXX  X\nX        X\nX   XX   X\nXXmXXXX XX\nX  \u221eXXb  X\nX   XX   X\nXe       X\nX M XX   X\nXX XXXX XX\nX   XX   X\nX   XX   X\nX      T X\nX   XX   X\nXX XXXX XX\nX   XX   X\nXb bXXT TX\nX   XXT TX\nXXXXXXXXXX\n", "Health: 5 X: 2 Y: 7\nXXXXXXXXXX\nX  TX    X\nX   XXX  X\nX        X\nX   XX   X\nXXmXXXX XX\nX  \u221eXXb  X\nX H XX   X\nXeM      X\nX   XX   X\nXX XXXX XX\nX   XX   X\nX   XX   X\nX      T X\nX   XX   X\nXX XXXX XX\nX   XX   X\nXb bXXT TX\nX   XXT TX\nXXXXXXXXXX\n", "Health: 4 X: 2 Y: 8\nXXXXXXXXXX\nX  TX    X\nX   XXX  X\nX        X\nX   XX   X\nXXmXXXX XX\nX  \u221eXXb  X\nX   XX   X\nXe\u221e      X\nX   XX   X\nXX XXXX XX\nX   XX   X\nX   XX   X\nX      T X\nX   XX   X\nXX XXXX XX\nX   XX   X\nXb bXXT TX\nX   XXT TX\nXXXXXXXXXX\n", "Health: 4 X: 3 Y: 8\nXXXXXXXXXX\nX  TX    X\nX   XXX  X\nX        X\nX   XX   X\nXXmXXXX XX\nX  \u221eXXb  X\nX   XX   X\nXe\u221eH     X\nX   XX   X\nXX XXXX XX\nX   XX   X\nX   XX   X\nX      T X\nX   XX   X\nXX XXXX XX\nX   XX   X\nXb bXXT TX\nX   XXT TX\nXXXXXXXXXX\n", "Health: 4 X: 3 Y: 9\nXXXXXXXXXX\nX  TX    X\nX   XXX  X\nX        X\nX   XX   X\nXXmXXXX XX\nX  \u221eXXb  X\nX   XX   X\nXe\u221e      X\nX  HXX   X\nXX XXXX XX\nX   XX   X\nX   XX   X\nX      T X\nX   XX   X\nXX XXXX XX\nX   XX   X\nXb bXXT TX\nX   XXT TX\nXXXXXXXXXX\n", "Health: 4 X: 3 Y: 8\nXXXXXXXXXX\nX  TX    X\nX   XXX  X\nX        X\nX   XX   X\nXXmXXXX XX\nX  \u221eXXb  X\nX   XX   X\nXe\u221eH     X\nX   XX   X\nXX XXXX XX\nX   XX   X\nX   XX   X\nX      T X\nX   XX   X\nXX XXXX XX\nX   XX   X\nXb bXXT TX\nX   XXT TX\nXXXXXXXXXX\n", "Health: 4 X: 4 Y: 8\nXXXXXXXXXX\nX  TX    X\nX   XXX  X\nX        X\nX   XX   X\nXX XXXX XX\nX  \u221eXXb  X\nX   XX   X\nXe\u221e H    X\nX   XX   X\nXX XXXX XX\nX   XX   X\nX   XX   X\nX      T X\nX   XX   X\nXX XXXX XX\nX   XX   X\nXb bXXT TX\nX   XXT TX\nXXXXXXXXXX\n", "Health: 4 X: 5 Y: 8\nXXXXXXXXXX\nX  TX    X\nX   XXX  X\nX        X\nX   XX   X\nXX XXXX XX\nX  \u221eXXb  X\nX   XX   X\nXe\u221e  H   X\nX   XX   X\nXX XXXX XX\nX   XX   X\nX   XX   X\nX      T X\nX   XX   X\nXX XXXX XX\nX   XX   X\nXb bXXT TX\nX   XXT TX\nXXXXXXXXXX\n", "Health: 4 X: 6 Y: 8\nXXXXXXXXXX\nX  TX    X\nX   XXX  X\nX        X\nX   XX   X\nXX XXXX XX\nX  \u221eXX   X\nX  mXXb  X\nXe\u221e   H  X\nX   XX   X\nXX XXXX XX\nX   XX   X\nX   XX   X\nX      T X\nX   XX   X\nXX XXXX XX\nX   XX   X\nXb bXXT TX\nX   XXT TX\nXXXXXXXXXX\n", "Health: 4 X: 7 Y: 8\nXXXXXXXXXX\nX  TX    X\nX   XXX  X\nX        X\nX   XX   X\nXX XXXX XX\nX  \u221eXX   X\nX   XX b X\nXe\u221em   H X\nX   XX   X\nXX XXXX XX\nX   XX   X\nX   XX   X\nX      T X\nX   XX   X\nXX XXXX XX\nX   XX   X\nXb bXXT TX\nX   XXT TX\nXXXXXXXXXX\n", "Health: 0 X: 7 Y: 8\nXXXXXXXXXX\nX  TX    X\nX   XXX  X\nX        X\nX   XX   X\nXX XXXX XX\nX  \u221eXX   X\nX   XX   X\nXe\u221e m  b X\nX   XX   X\nXX XXXX XX\nX   XX   X\nX   XX   X\nX      T X\nX   XX   X\nXX XXXX XX\nX   XX   X\nXb bXXT TX\nX   XXT TX\nXXXXXXXXXX\n"], "map_number": 101}, {"mechanics": [{"timestep": 2, "mechanic": "OgreHit"}, {"timestep": 2, "mechanic": "BlobPotion"}, {"timestep": 2, "mechanic": "BlobPotion"}, {"timestep": 3, "mechanic": "OgreHit"}, {"timestep": 4, "mechanic": "BlobPotion"}, {"timestep": 9, "mechanic": "CollectPotion"}, {"timestep": 12, "mechanic": "MinitaurHit"}, {"timestep": 14, "mechanic": "GoblinMeleeHit"}, {"timestep": 22, "mechanic": "CollectTreasure"}, {"timestep": 24, "mechanic": "MinitaurHit"}, {"timestep": 26, "mechanic": "BlobHit"}, {"timestep": 27, "mechanic": "BlobHit"}, {"timestep": 40, "mechanic": "BlobCombine"}, {"timestep": 46, "mechanic": "CollectTreasure"}, {"timestep": 48, "mechanic": "CollectTreasure"}, {"timestep": 50, "mechanic": "BlobHit"}, {"timestep": 58, "mechanic": "CollectTreasure"}, {"timestep": 60, "mechanic": "CollectTreasure"}, {"timestep": 71, "mechanic": "MinitaurHit"}, {"timestep": 71, "mechanic": "Die"}], "frequencies": {"OgreHit": 2, "BlobPotion": 3, "CollectPotion": 1, "MinitaurHit": 3, "GoblinMeleeHit": 1, "CollectTreasure": 5, "BlobHit": 3, "BlobCombine": 1, "Die": 1}, "levelReport": {"utilityGained": 0.0, "exitUtility": 0.0, "runnerUtility": -5.492727272727272, "loitererUtility": 67.0, "completionistUtility": -4.445707070707071, "monsterKillerUtility": -4.2318181818181815, "treasureCollectorUtility": -4.348484848484849, "turnsTaken": 72, "health": 0, "healthLost": 12, "alive": false, "javelinsThrown": 0, "monsterKills": 5, "minitaurKnockouts": 5, "treasuresCollected": 5, "potionsTaken": 1, "totalMonsters": 6, "totalTreasures": 6, "totalPotions": 4, "timeTaken": 0.0}, "positions": [{"X": 4, "Y": 11}, {"X": 5, "Y": 11}, {"X": 5, "Y": 10}, {"X": 5, "Y": 9}, {"X": 5, "Y": 8}, {"X": 5, "Y": 7}, {"X": 5, "Y": 6}, {"X": 4, "Y": 6}, {"X": 3, "Y": 6}, {"X": 2, "Y": 6}, {"X": 1, "Y": 6}, {"X": 2, "Y": 6}, {"X": 3, "Y": 6}, {"X": 3, "Y": 5}, {"X": 3, "Y": 4}, {"X": 3, "Y": 3}, {"X": 3, "Y": 2}, {"X": 4, "Y": 2}, {"X": 5, "Y": 2}, {"X": 6, "Y": 2}, {"X": 7, "Y": 2}, {"X": 8, "Y": 2}, {"X": 8, "Y": 1}, {"X": 8, "Y": 2}, {"X": 7, "Y": 2}, {"X": 7, "Y": 3}, {"X": 7, "Y": 4}, {"X": 8, "Y": 4}, {"X": 8, "Y": 5}, {"X": 7, "Y": 5}, {"X": 6, "Y": 5}, {"X": 6, "Y": 6}, {"X": 6, "Y": 7}, {"X": 5, "Y": 7}, {"X": 5, "Y": 8}, {"X": 5, "Y": 9}, {"X": 5, "Y": 10}, {"X": 5, "Y": 11}, {"X": 5, "Y": 12}, {"X": 5, "Y": 13}, {"X": 5, "Y": 14}, {"X": 5, "Y": 15}, {"X": 5, "Y": 16}, {"X": 4, "Y": 16}, {"X": 3, "Y": 16}, {"X": 3, "Y": 17}, {"X": 3, "Y": 18}, {"X": 2, "Y": 18}, {"X": 1, "Y": 18}, {"X": 2, "Y": 18}, {"X": 2, "Y": 17}, {"X": 3, "Y": 17}, {"X": 4, "Y": 17}, {"X": 5, "Y": 17}, {"X": 6, "Y": 17}, {"X": 7, "Y": 17}, {"X": 6, "Y": 17}, {"X": 6, "Y": 18}, {"X": 7, "Y": 18}, {"X": 6, "Y": 18}, {"X": 5, "Y": 18}, {"X": 5, "Y": 17}, {"X": 4, "Y": 17}, {"X": 5, "Y": 17}, {"X": 4, "Y": 17}, {"X": 3, "Y": 17}, {"X": 2, "Y": 17}, {"X": 1, "Y": 17}, {"X": 2, "Y": 17}, {"X": 3, "Y": 17}, {"X": 4, "Y": 17}, {"X": 4, "Y": 16}], "levelStates": ["Health: 10 X: 4 Y: 11\nXXXXXXXXXX\nX X e X TX\nXM       X\nX   X   XX\nX   T    X\nXX  XX   X\nX P     bX\nX X X  X X\nXT       X\nX     o  X\nX  X   XPX\nX   H    X\nXX      XX\nX        X\nXb      bX\nX X T  X X\nXP   m  PX\nX        X\nXT TXT TXX\nXXXXXXXXXX\n", "Health: 10 X: 5 Y: 11\nXXXXXXXXXX\nX X e X TX\nX M      X\nX   X   XX\nX   T    X\nXX  XX   X\nX P      X\nX X X  XbX\nXT       X\nX    o   X\nX  X   XPX\nX    H   X\nXX      XX\nX        X\nX        X\nXbX Tm XbX\nXP      PX\nX        X\nXT TXT TXX\nXXXXXXXXXX\n", "Health: 8 X: 5 Y: 10\nXXXXXXXXXX\nX X e X TX\nX M      X\nX   X   XX\nX   T    X\nXX  XX   X\nX P      X\nX X X  X X\nXT      bX\nX    o   X\nX  X H XPX\nX        X\nXX      XX\nX        X\nX    m   X\nX X T  X X\nX        X\nX        X\nXT TXT TXX\nXXXXXXXXXX\n", "Health: 6 X: 5 Y: 9\nXXXXXXXXXX\nX X e X TX\nX M      X\nX   X   XX\nX   T    X\nXX  XX   X\nX P      X\nX X X  X X\nXT       X\nX    \u221e  bX\nX  X   XPX\nX        X\nXX      XX\nX    m   X\nX        X\nX X T  X X\nX        X\nX        X\nXT TXT TXX\nXXXXXXXXXX\n", "Health: 6 X: 5 Y: 8\nXXXXXXXXXX\nX X e X TX\nX M      X\nX   X   XX\nX   T    X\nXX  XX   X\nX P      X\nX X X  X X\nXT   H   X\nX    \u221e   X\nX  X   X X\nX        X\nXX   m  XX\nX        X\nX        X\nX X T  X X\nX        X\nX        X\nXT TXT TXX\nXXXXXXXXXX\n", "Health: 6 X: 5 Y: 7\nXXXXXXXXXX\nX X e X TX\nX M      X\nX   X   XX\nX   T    X\nXX  XX   X\nX P      X\nX X XH X X\nXT       X\nX    \u221e  bX\nX  X   X X\nX    m   X\nXX      XX\nX        X\nX        X\nX X T  XbX\nX        X\nX        X\nXT TXT TXX\nXXXXXXXXXX\n", "Health: 6 X: 5 Y: 6\nXXXXXXXXXX\nX X e X TX\nX M      X\nX   X   XX\nX   T    X\nXX  XX   X\nX P  H   X\nX X X  X X\nXT       X\nX    \u221e  bX\nX  X m X X\nX        X\nXX      XX\nX        X\nX        X\nX X T  XbX\nX        X\nX        X\nXT TXT TXX\nXXXXXXXXXX\n", "Health: 6 X: 4 Y: 6\nXXXXXXXXXX\nX X e X TX\nX M      X\nX   X   XX\nX   T    X\nXX  XX   X\nX P H    X\nX X X  X X\nXT      bX\nX    m   X\nX  X   X X\nX        X\nXX      XX\nX        X\nX        X\nX X T  XbX\nX        X\nX        X\nXT TXT TXX\nXXXXXXXXXX\n", "Health: 6 X: 3 Y: 6\nXXXXXXXXXX\nX X e X TX\nX  M     X\nX   X   XX\nX   T    X\nXX  XX   X\nX PH     X\nX X X  X X\nXT   m  bX\nX    \u221e   X\nX  X   X X\nX        X\nXX      XX\nX        X\nX        X\nXbX T  XbX\nX        X\nX        X\nXT TXT TXX\nXXXXXXXXXX\n", "Health: 8 X: 2 Y: 6\nXXXXXXXXXX\nX X e X TX\nX M      X\nX   X   XX\nX   T    X\nXX  XX   X\nX        X\nX X Xm X X\nXT      bX\nX    \u221e   X\nX  X   X X\nX        X\nXX      XX\nX        X\nX        X\nXbX T  XbX\nX        X\nX        X\nXT TXT TXX\nXXXXXXXXXX\n", "Health: 8 X: 1 Y: 6\nXXXXXXXXXX\nX X e X TX\nX M      X\nX   X   XX\nX   T    X\nXX  XX   X\nXH   m   X\nX X X  X X\nXT      bX\nX    \u221e   X\nX  X   X X\nX        X\nXX      XX\nX        X\nX        X\nXbX T  XbX\nX        X\nX        X\nXT TXT TXX\nXXXXXXXXXX\n", "Health: 8 X: 2 Y: 6\nXXXXXXXXXX\nX X e X TX\nX        X\nX M X   XX\nX   T    X\nXX  XX   X\nX   m    X\nX X X  X X\nXT      bX\nX    \u221e   X\nX  X   X X\nX        X\nXX      XX\nX        X\nX        X\nXbX T  XbX\nX        X\nX        X\nXT TXT TXX\nXXXXXXXXXX\n", "Health: 7 X: 3 Y: 6\nXXXXXXXXXX\nX X e X TX\nX        X\nX  MX   XX\nX   T    X\nXX  XX   X\nX  Hm    X\nX X X  X X\nXT      bX\nX    \u221e   X\nX  X   X X\nX        X\nXX      XX\nX        X\nXb       X\nX X T  XbX\nX        X\nX        X\nXT TXT TXX\nXXXXXXXXXX\n", "Health: 7 X: 3 Y: 5\nXXXXXXXXXX\nX X e X TX\nX        X\nX   X   XX\nX  MT    X\nXX HXX   X\nX   m    X\nX X X  X X\nXT      bX\nX    \u221e   X\nX  X   X X\nX        X\nXX      XX\nX        X\nXb       X\nX X T  XbX\nX        X\nX        X\nXT TXT TXX\nXXXXXXXXXX\n", "Health: 6 X: 3 Y: 4\nXXXXXXXXXX\nX X e X TX\nX        X\nX   X   XX\nX  \u221eT    X\nXX  XX   X\nX   m    X\nX X X  X X\nXT      bX\nX    \u221e   X\nX  X   X X\nX        X\nXX      XX\nX        X\nXb       X\nX X T  XbX\nX        X\nX        X\nXT TXT TXX\nXXXXXXXXXX\n", "Health: 6 X: 3 Y: 3\nXXXXXXXXXX\nX X e X TX\nX        X\nX  HX   XX\nX  \u221eT    X\nXX  XX   X\nX   m    X\nX X X  X X\nXT      bX\nX    \u221e   X\nX  X   X X\nX        X\nXX      XX\nX        X\nXb       X\nX X T  XbX\nX        X\nX        X\nXT TXT TXX\nXXXXXXXXXX\n", "Health: 6 X: 3 Y: 2\nXXXXXXXXXX\nX X e X TX\nX  H     X\nX   X   XX\nX  \u221eT    X\nXX  XX   X\nX   m    X\nX X X  X X\nXT      bX\nX    \u221e   X\nX  X   X X\nX        X\nXX      XX\nX        X\nXb       X\nX X T  XbX\nX        X\nX        X\nXT TXT TXX\nXXXXXXXXXX\n", "Health: 6 X: 4 Y: 2\nXXXXXXXXXX\nX X e X TX\nX   H    X\nX   X   XX\nX  \u221eT    X\nXX  XX   X\nX   m    X\nX X X  X X\nXT      bX\nX    \u221e   X\nX  X   X X\nX        X\nXX      XX\nX        X\nXb       X\nX X T  XbX\nX        X\nX        X\nXT TXT TXX\nXXXXXXXXXX\n", "Health: 6 X: 5 Y: 2\nXXXXXXXXXX\nX X e X TX\nX    H   X\nX   X   XX\nX  \u221eT    X\nXX  XX   X\nX    m   X\nX X X  X X\nXT      bX\nX    \u221e   X\nX  X   X X\nX        X\nXX      XX\nX        X\nXb       X\nX X T  XbX\nX        X\nX        X\nXT TXT TXX\nXXXXXXXXXX\n", "Health: 6 X: 6 Y: 2\nXXXXXXXXXX\nX X e X TX\nX     H  X\nX   X   XX\nX  \u221eT    X\nXX  XX   X\nX     m  X\nX X X  XbX\nXT       X\nX    \u221e   X\nX  X   X X\nX        X\nXX      XX\nX        X\nXb       X\nX X T  XbX\nX        X\nX        X\nXT TXT TXX\nXXXXXXXXXX\n", "Health: 6 X: 7 Y: 2\nXXXXXXXXXX\nX X e X TX\nX      H X\nX   X   XX\nX  \u221eT    X\nXX  XXm  X\nX       bX\nX X X  X X\nXT       X\nX    \u221e   X\nX  X   X X\nX        X\nXX      XX\nX        X\nXb       X\nX X T  XbX\nX        X\nX        X\nXT TXT TXX\nXXXXXXXXXX\n", "Health: 6 X: 8 Y: 2\nXXXXXXXXXX\nX X e X TX\nX       HX\nX   X   XX\nX  \u221eT m  X\nXX  XX   X\nX       bX\nX X X  X X\nXT       X\nX    \u221e   X\nX  X   X X\nX        X\nXX      XX\nX        X\nXb       X\nX X T  XbX\nX        X\nX        X\nXT TXT TXX\nXXXXXXXXXX\n", "Health: 6 X: 8 Y: 1\nXXXXXXXXXX\nX X e X  X\nX        X\nX   X m XX\nX  \u221eT    X\nXX  XX   X\nX       bX\nX X X  X X\nXT       X\nX    \u221e   X\nX  X   X X\nX        X\nXX      XX\nX        X\nXb       X\nX X T  XbX\nX        X\nX        X\nXT TXT TXX\nXXXXXXXXXX\n", "Health: 6 X: 8 Y: 2\nXXXXXXXXXX\nX X e X  X\nX     m HX\nX   X   XX\nX  \u221eT    X\nXX  XX   X\nX       bX\nX X X  X X\nXT       X\nX    \u221e   X\nX  X   X X\nX        X\nXX      XX\nX        X\nXb       X\nX X T  XbX\nX        X\nX        X\nXT TXT TXX\nXXXXXXXXXX\n", "Health: 5 X: 7 Y: 2\nXXXXXXXXXX\nX X e X  X\nX     mH X\nX   X   XX\nX  \u221eT    X\nXX  XX  bX\nX        X\nX X X  X X\nXT       X\nX    \u221e   X\nX  X   X X\nX        X\nXX      XX\nX        X\nXb       X\nX X T  XbX\nX        X\nX        X\nXT TXT TXX\nXXXXXXXXXX\n", "Health: 5 X: 7 Y: 3\nXXXXXXXXXX\nX X e X  X\nX     m  X\nX   X  HXX\nX  \u221eT   bX\nXX  XX   X\nX        X\nX X X  X X\nXT       X\nX    \u221e   X\nX  X   X X\nX        X\nXX      XX\nX        X\nXb       X\nX X T  XbX\nX        X\nX        X\nXT TXT TXX\nXXXXXXXXXX\n", "Health: 3 X: 7 Y: 4\nXXXXXXXXXX\nX X e X  X\nX     m  X\nX   X   XX\nX  \u221eT  HbX\nXX  XX   X\nX        X\nX X X  X X\nXT       X\nX    \u221e   X\nX  X   X X\nX        X\nXX      XX\nX        X\nXb       X\nX X T  XbX\nX        X\nX        X\nXT TXT TXX\nXXXXXXXXXX\n", "Health: 3 X: 8 Y: 4\nXXXXXXXXXX\nX X e X  X\nX     m  X\nX   X   XX\nX  \u221eT   \u221eX\nXX  XX   X\nX        X\nX X X  X X\nXT       X\nX    \u221e   X\nX  X   X X\nX        X\nXX      XX\nX        X\nXb       X\nX X T  XbX\nX        X\nX        X\nXT TXT TXX\nXXXXXXXXXX\n", "Health: 3 X: 8 Y: 5\nXXXXXXXXXX\nX X e X  X\nX     m  X\nX   X   XX\nX  \u221eT   \u221eX\nXX  XX  HX\nX        X\nX X X  X X\nXT       X\nX    \u221e   X\nX  X   X X\nX        X\nXX      XX\nX        X\nXb       X\nX X T  XbX\nX        X\nX        X\nXT TXT TXX\nXXXXXXXXXX\n", "Health: 3 X: 7 Y: 5\nXXXXXXXXXX\nX X e X  X\nX     m  X\nX   X   XX\nX  \u221eT   \u221eX\nXX  XX H X\nX        X\nX X X  X X\nXT       X\nX    \u221e   X\nX  X   X X\nX        X\nXX      XX\nX        X\nXb       X\nX X T  XbX\nX        X\nX        X\nXT TXT TXX\nXXXXXXXXXX\n", "Health: 3 X: 6 Y: 5\nXXXXXXXXXX\nX X e X  X\nX        X\nX   X m XX\nX  \u221eT   \u221eX\nXX  XXH  X\nX        X\nX X X  X X\nXT       X\nX    \u221e   X\nX  X   X X\nX        X\nXX      XX\nX        X\nXb       X\nX X T  XbX\nX        X\nX        X\nXT TXT TXX\nXXXXXXXXXX\n", "Health: 3 X: 6 Y: 6\nXXXXXXXXXX\nX X e X  X\nX        X\nX   X   XX\nX  \u221eT m \u221eX\nXX  XX   X\nX     H  X\nX X X  X X\nXT       X\nX    \u221e   X\nX  X   X X\nX        X\nXX      XX\nX        X\nXb       X\nX X T  XbX\nX        X\nX        X\nXT TXT TXX\nXXXXXXXXXX\n", "Health: 3 X: 6 Y: 7\nXXXXXXXXXX\nX X e X  X\nX        X\nX   X   XX\nX  \u221eT   \u221eX\nXX  XXm  X\nX        X\nX X X HX X\nXT       X\nX    \u221e   X\nX  X   X X\nX        X\nXX      XX\nX        X\nXb       X\nX X T  XbX\nX        X\nX        X\nXT TXT TXX\nXXXXXXXXXX\n", "Health: 3 X: 5 Y: 7\nXXXXXXXXXX\nX X e X  X\nX        X\nX   X   XX\nX  \u221eT   \u221eX\nXX  XX   X\nX     m  X\nX X XH X X\nXT       X\nX    \u221e   X\nX  X   X X\nX        X\nXX      XX\nX        X\nXb      bX\nX X T  X X\nX        X\nX        X\nXT TXT TXX\nXXXXXXXXXX\n", "Health: 3 X: 5 Y: 8\nXXXXXXXXXX\nX X e X  X\nX        X\nX   X   XX\nX  \u221eT   \u221eX\nXX  XX   X\nX    m   X\nX X X  X X\nXT   H   X\nX    \u221e   X\nX  X   X X\nX        X\nXX      XX\nX       bX\nXb       X\nX X T  X X\nX        X\nX        X\nXT TXT TXX\nXXXXXXXXXX\n", "Health: 3 X: 5 Y: 9\nXXXXXXXXXX\nX X e X  X\nX        X\nX   X   XX\nX  \u221eT   \u221eX\nXX  XX   X\nX        X\nX X Xm X X\nXT       X\nX    \u221e   X\nX  X   X X\nX        X\nXX      XX\nXb      bX\nX        X\nX X T  X X\nX        X\nX        X\nXT TXT TXX\nXXXXXXXXXX\n", "Health: 3 X: 5 Y: 10\nXXXXXXXXXX\nX X e X  X\nX        X\nX   X   XX\nX  \u221eT   \u221eX\nXX  XX   X\nX        X\nX X X  X X\nXT   m   X\nX    \u221e   X\nX  X H X X\nX        X\nXX      XX\nX b     bX\nX        X\nX X T  X X\nX        X\nX        X\nXT TXT TXX\nXXXXXXXXXX\n", "Health: 3 X: 5 Y: 11\nXXXXXXXXXX\nX X e X  X\nX        X\nX   X   XX\nX  \u221eT   \u221eX\nXX  XX   X\nX        X\nX X X  X X\nXT       X\nX    m   X\nX  X   X X\nX    H   X\nXXb     XX\nX      b X\nX        X\nX X T  X X\nX        X\nX        X\nXT TXT TXX\nXXXXXXXXXX\n", "Health: 3 X: 5 Y: 12\nXXXXXXXXXX\nX X e X  X\nX        X\nX   X   XX\nX  \u221eT   \u221eX\nXX  XX   X\nX        X\nX X X  X X\nXT       X\nX    \u221e   X\nX  X m X X\nX        X\nXX b H bXX\nX        X\nX        X\nX X T  X X\nX        X\nX        X\nXT TXT TXX\nXXXXXXXXXX\n", "Health: 3 X: 5 Y: 13\nXXXXXXXXXX\nX X e X  X\nX        X\nX   X   XX\nX  \u221eT   \u221eX\nXX  XX   X\nX        X\nX X X  X X\nXT       X\nX    \u221e   X\nX  X   X X\nX    m   X\nXX  b b XX\nX    H   X\nX        X\nX X T  X X\nX        X\nX        X\nXT TXT TXX\nXXXXXXXXXX\n", "Health: 3 X: 5 Y: 14\nXXXXXXXXXX\nX X e X  X\nX        X\nX   X   XX\nX  \u221eT   \u221eX\nXX  XX   X\nX        X\nX X X  X X\nXT       X\nX    \u221e   X\nX  X   X X\nX    m   X\nXX   b  XX\nX        X\nX    H   X\nX X T  X X\nX        X\nX        X\nXT TXT TXX\nXXXXXXXXXX\n", "Health: 3 X: 5 Y: 15\nXXXXXXXXXX\nX X e X  X\nX        X\nX   X   XX\nX  \u221eT   \u221eX\nXX  XX   X\nX        X\nX X X  X X\nXT       X\nX    \u221e   X\nX  X   X X\nX    m   X\nXX   \u221e  XX\nX    b   X\nX        X\nX X TH X X\nX        X\nX        X\nXT TXT TXX\nXXXXXXXXXX\n", "Health: 3 X: 5 Y: 16\nXXXXXXXXXX\nX X e X  X\nX        X\nX   X   XX\nX  \u221eT   \u221eX\nXX  XX   X\nX        X\nX X X  X X\nXT       X\nX    \u221e   X\nX  X   X X\nX    m   X\nXX   \u221e  XX\nX        X\nX    b   X\nX X T  X X\nX    H   X\nX        X\nXT TXT TXX\nXXXXXXXXXX\n", "Health: 3 X: 4 Y: 16\nXXXXXXXXXX\nX X e X  X\nX        X\nX   X   XX\nX  \u221eT   \u221eX\nXX  XX   X\nX        X\nX X X  X X\nXT       X\nX    \u221e   X\nX  X   X X\nX    m   X\nXX   \u221e  XX\nX        X\nX   b    X\nX X T  X X\nX   H    X\nX        X\nXT TXT TXX\nXXXXXXXXXX\n", "Health: 3 X: 3 Y: 16\nXXXXXXXXXX\nX X e X  X\nX        X\nX   X   XX\nX  \u221eT   \u221eX\nXX  XX   X\nX        X\nX X X  X X\nXT       X\nX    \u221e   X\nX  X   X X\nX    m   X\nXX   \u221e  XX\nX        X\nX  b     X\nX X T  X X\nX  H     X\nX        X\nXT TXT TXX\nXXXXXXXXXX\n", "Health: 3 X: 3 Y: 17\nXXXXXXXXXX\nX X e X  X\nX        X\nX   X   XX\nX  \u221eT   \u221eX\nXX  XX   X\nX        X\nX X X  X X\nXT       X\nX    \u221e   X\nX  X   X X\nX    m   X\nXX   \u221e  XX\nX        X\nX        X\nX XbT  X X\nX        X\nX  H     X\nXT TXT TXX\nXXXXXXXXXX\n", "Health: 3 X: 3 Y: 18\nXXXXXXXXXX\nX X e X  X\nX        X\nX   X   XX\nX  \u221eT   \u221eX\nXX  XX   X\nX        X\nX X X  X X\nXT       X\nX    \u221e   X\nX  X   X X\nX        X\nXX   m  XX\nX        X\nX        X\nX X T  X X\nX  b     X\nX        X\nXT  XT TXX\nXXXXXXXXXX\n", "Health: 3 X: 2 Y: 18\nXXXXXXXXXX\nX X e X  X\nX        X\nX   X   XX\nX  \u221eT   \u221eX\nXX  XX   X\nX        X\nX X X  X X\nXT       X\nX    \u221e   X\nX  X   X X\nX        X\nXX  m\u221e  XX\nX        X\nX        X\nX X T  X X\nX b      X\nX        X\nXTH XT TXX\nXXXXXXXXXX\n", "Health: 3 X: 1 Y: 18\nXXXXXXXXXX\nX X e X  X\nX        X\nX   X   XX\nX  \u221eT   \u221eX\nXX  XX   X\nX        X\nX X X  X X\nXT       X\nX    \u221e   X\nX  X   X X\nX        X\nXX m \u221e  XX\nX        X\nX        X\nX X T  X X\nX        X\nX        X\nX   XT TXX\nXXXXXXXXXX\n", "Health: 3 X: 2 Y: 18\nXXXXXXXXXX\nX X e X  X\nX        X\nX   X   XX\nX  \u221eT   \u221eX\nXX  XX   X\nX        X\nX X X  X X\nXT       X\nX    \u221e   X\nX  X   X X\nX        X\nXX   \u221e  XX\nX  m     X\nX        X\nX X T  X X\nX b      X\nX        X\nX H XT TXX\nXXXXXXXXXX\n", "Health: 1 X: 2 Y: 17\nXXXXXXXXXX\nX X e X  X\nX        X\nX   X   XX\nX  \u221eT   \u221eX\nXX  XX   X\nX        X\nX X X  X X\nXT       X\nX    \u221e   X\nX  X   X X\nX        X\nXX   \u221e  XX\nX        X\nX  m     X\nX X T  X X\nX b      X\nX H      X\nX   XT TXX\nXXXXXXXXXX\n", "Health: 1 X: 3 Y: 17\nXXXXXXXXXX\nX X e X  X\nX        X\nX   X   XX\nX  \u221eT   \u221eX\nXX  XX   X\nX        X\nX X X  X X\nXT       X\nX    \u221e   X\nX  X   X X\nX        X\nXX   \u221e  XX\nX        X\nX        X\nX XmT  X X\nX  b     X\nX  H     X\nX   XT TXX\nXXXXXXXXXX\n", "Health: 1 X: 4 Y: 17\nXXXXXXXXXX\nX X e X  X\nX        X\nX   X   XX\nX  \u221eT   \u221eX\nXX  XX   X\nX        X\nX X X  X X\nXT       X\nX    \u221e   X\nX  X   X X\nX        X\nXX   \u221e  XX\nX        X\nX        X\nX X m  X X\nX   b    X\nX   H    X\nX   XT TXX\nXXXXXXXXXX\n", "Health: 1 X: 5 Y: 17\nXXXXXXXXXX\nX X e X  X\nX        X\nX   X   XX\nX  \u221eT   \u221eX\nXX  XX   X\nX        X\nX X X  X X\nXT       X\nX    \u221e   X\nX  X   X X\nX        X\nXX   \u221e  XX\nX        X\nX        X\nX X Tm X X\nX    b   X\nX    H   X\nX   XT TXX\nXXXXXXXXXX\n", "Health: 1 X: 6 Y: 17\nXXXXXXXXXX\nX X e X  X\nX        X\nX   X   XX\nX  \u221eT   \u221eX\nXX  XX   X\nX        X\nX X X  X X\nXT       X\nX    \u221e   X\nX  X   X X\nX        X\nXX   \u221e  XX\nX        X\nX        X\nX X T mX X\nX     b  X\nX     H  X\nX   XT TXX\nXXXXXXXXXX\n", "Health: 1 X: 7 Y: 17\nXXXXXXXXXX\nX X e X  X\nX        X\nX   X   XX\nX  \u221eT   \u221eX\nXX  XX   X\nX        X\nX X X  X X\nXT       X\nX    \u221e   X\nX  X   X X\nX        X\nXX   \u221e  XX\nX        X\nX        X\nX X T  X X\nX     mb X\nX      H X\nX   XT TXX\nXXXXXXXXXX\n", "Health: 1 X: 6 Y: 17\nXXXXXXXXXX\nX X e X  X\nX        X\nX   X   XX\nX  \u221eT   \u221eX\nXX  XX   X\nX        X\nX X X  X X\nXT       X\nX    \u221e   X\nX  X   X X\nX        X\nXX   \u221e  XX\nX        X\nX        X\nX X T  X X\nX     m  X\nX     H  X\nX   XT TXX\nXXXXXXXXXX\n", "Health: 1 X: 6 Y: 18\nXXXXXXXXXX\nX X e X  X\nX        X\nX   X   XX\nX  \u221eT   \u221eX\nXX  XX   X\nX        X\nX X X  X X\nXT       X\nX    \u221e   X\nX  X   X X\nX        X\nXX   \u221e  XX\nX        X\nX        X\nX X T  X X\nX     m  X\nX        X\nX   XTHTXX\nXXXXXXXXXX\n", "Health: 1 X: 7 Y: 18\nXXXXXXXXXX\nX X e X  X\nX        X\nX   X   XX\nX  \u221eT   \u221eX\nXX  XX   X\nX        X\nX X X  X X\nXT       X\nX    \u221e   X\nX  X   X X\nX        X\nXX   \u221e  XX\nX        X\nX        X\nX X T  X X\nX     m  X\nX        X\nX   XT  XX\nXXXXXXXXXX\n", "Health: 1 X: 6 Y: 18\nXXXXXXXXXX\nX X e X  X\nX        X\nX   X   XX\nX  \u221eT   \u221eX\nXX  XX   X\nX        X\nX X X  X X\nXT       X\nX    \u221e   X\nX  X   X X\nX        X\nXX   \u221e  XX\nX        X\nX        X\nX X T  X X\nX     m  X\nX        X\nX   XTH XX\nXXXXXXXXXX\n", "Health: 1 X: 5 Y: 18\nXXXXXXXXXX\nX X e X  X\nX        X\nX   X   XX\nX  \u221eT   \u221eX\nXX  XX   X\nX        X\nX X X  X X\nXT       X\nX    \u221e   X\nX  X   X X\nX        X\nXX   \u221e  XX\nX        X\nX        X\nX X T  X X\nX     m  X\nX        X\nX   X   XX\nXXXXXXXXXX\n", "Health: 1 X: 5 Y: 17\nXXXXXXXXXX\nX X e X  X\nX        X\nX   X   XX\nX  \u221eT   \u221eX\nXX  XX   X\nX        X\nX X X  X X\nXT       X\nX    \u221e   X\nX  X   X X\nX        X\nXX   \u221e  XX\nX        X\nX        X\nX X T  X X\nX    m\u221e  X\nX    H   X\nX   X   XX\nXXXXXXXXXX\n", "Health: 1 X: 4 Y: 17\nXXXXXXXXXX\nX X e X  X\nX        X\nX   X   XX\nX  \u221eT   \u221eX\nXX  XX   X\nX        X\nX X X  X X\nXT       X\nX    \u221e   X\nX  X   X X\nX        X\nXX   \u221e  XX\nX        X\nX        X\nX X T  X X\nX   m \u221e  X\nX   H    X\nX   X   XX\nXXXXXXXXXX\n", "Health: 1 X: 5 Y: 17\nXXXXXXXXXX\nX X e X  X\nX        X\nX   X   XX\nX  \u221eT   \u221eX\nXX  XX   X\nX        X\nX X X  X X\nXT       X\nX    \u221e   X\nX  X   X X\nX        X\nXX   \u221e  XX\nX        X\nX        X\nX X T  X X\nX    m\u221e  X\nX    H   X\nX   X   XX\nXXXXXXXXXX\n", "Health: 1 X: 4 Y: 17\nXXXXXXXXXX\nX X e X  X\nX        X\nX   X   XX\nX  \u221eT   \u221eX\nXX  XX   X\nX        X\nX X X  X X\nXT       X\nX    \u221e   X\nX  X   X X\nX        X\nXX   \u221e  XX\nX        X\nX        X\nX X T  X X\nX   m \u221e  X\nX   H    X\nX   X   XX\nXXXXXXXXXX\n", "Health: 1 X: 3 Y: 17\nXXXXXXXXXX\nX X e X  X\nX        X\nX   X   XX\nX  \u221eT   \u221eX\nXX  XX   X\nX        X\nX X X  X X\nXT       X\nX    \u221e   X\nX  X   X X\nX        X\nXX   \u221e  XX\nX        X\nX        X\nX X T  X X\nX  m  \u221e  X\nX  H     X\nX   X   XX\nXXXXXXXXXX\n", "Health: 1 X: 2 Y: 17\nXXXXXXXXXX\nX X e X  X\nX        X\nX   X   XX\nX  \u221eT   \u221eX\nXX  XX   X\nX        X\nX X X  X X\nXT       X\nX    \u221e   X\nX  X   X X\nX        X\nXX   \u221e  XX\nX        X\nX        X\nX X T  X X\nX m   \u221e  X\nX H      X\nX   X   XX\nXXXXXXXXXX\n", "Health: 1 X: 1 Y: 17\nXXXXXXXXXX\nX X e X  X\nX        X\nX   X   XX\nX  \u221eT   \u221eX\nXX  XX   X\nX        X\nX X X  X X\nXT       X\nX    \u221e   X\nX  X   X X\nX        X\nXX   \u221e  XX\nX        X\nX        X\nX X T  X X\nXm    \u221e  X\nXH       X\nX   X   XX\nXXXXXXXXXX\n", "Health: 1 X: 2 Y: 17\nXXXXXXXXXX\nX X e X  X\nX        X\nX   X   XX\nX  \u221eT   \u221eX\nXX  XX   X\nX        X\nX X X  X X\nXT       X\nX    \u221e   X\nX  X   X X\nX        X\nXX   \u221e  XX\nX        X\nX        X\nX X T  X X\nX m   \u221e  X\nX H      X\nX   X   XX\nXXXXXXXXXX\n", "Health: 1 X: 3 Y: 17\nXXXXXXXXXX\nX X e X  X\nX        X\nX   X   XX\nX  \u221eT   \u221eX\nXX  XX   X\nX        X\nX X X  X X\nXT       X\nX    \u221e   X\nX  X   X X\nX        X\nXX   \u221e  XX\nX        X\nX        X\nX X T  X X\nX  m  \u221e  X\nX  H     X\nX   X   XX\nXXXXXXXXXX\n", "Health: 1 X: 4 Y: 17\nXXXXXXXXXX\nX X e X  X\nX        X\nX   X   XX\nX  \u221eT   \u221eX\nXX  XX   X\nX        X\nX X X  X X\nXT       X\nX    \u221e   X\nX  X   X X\nX        X\nXX   \u221e  XX\nX        X\nX        X\nX X T  X X\nX   m \u221e  X\nX   H    X\nX   X   XX\nXXXXXXXXXX\n", "Health: 0 X: 4 Y: 16\nXXXXXXXXXX\nX X e X  X\nX        X\nX   X   XX\nX  \u221eT   \u221eX\nXX  XX   X\nX        X\nX X X  X X\nXT       X\nX    \u221e   X\nX  X   X X\nX        X\nXX   \u221e  XX\nX        X\nX        X\nX X T  X X\nX   m \u221e  X\nX        X\nX   X   XX\nXXXXXXXXXX\n"], "map_number": 101}], "timestamp": "10-Aug-2021 23:19:25.640486", "ip": "76.8.145.139"}