{"Q1": "Every day", "Q2": "Often", "Q3": "Always", "Q4": "Often", "Q5": "Always", "Q6": "Often", "Q7": "Always", "Q8": "Often", "Q9": "Always", "Q10": "Sometimes", "results": [{"mechanics": [{"timestep": 0, "mechanic": "CollectTreasure"}, {"timestep": 3, "mechanic": "OgreTreasure"}, {"timestep": 5, "mechanic": "OgreHit"}, {"timestep": 6, "mechanic": "OgreHit"}, {"timestep": 9, "mechanic": "CollectTreasure"}, {"timestep": 12, "mechanic": "CollectTreasure"}, {"timestep": 15, "mechanic": "CollectTreasure"}, {"timestep": 18, "mechanic": "CollectTreasure"}, {"timestep": 21, "mechanic": "CollectTreasure"}, {"timestep": 22, "mechanic": "MinitaurHit"}, {"timestep": 23, "mechanic": "MinitaurHit"}, {"timestep": 28, "mechanic": "UsePortal"}, {"timestep": 29, "mechanic": "GoblinMeleeHit"}, {"timestep": 29, "mechanic": "GoblinRangedHit"}, {"timestep": 31, "mechanic": "CollectPotion"}, {"timestep": 33, "mechanic": "BlobHit"}, {"timestep": 40, "mechanic": "CollectTreasure"}, {"timestep": 57, "mechanic": "ReachStairs"}], "frequencies": {"CollectTreasure": 7, "OgreTreasure": 1, "OgreHit": 2, "MinitaurHit": 2, "UsePortal": 1, "GoblinMeleeHit": 1, "GoblinRangedHit": 1, "CollectPotion": 1, "BlobHit": 1, "ReachStairs": 1}, "levelReport": {"utilityGained": 0.0, "exitUtility": 1.0, "runnerUtility": 0.42000000000000004, "loitererUtility": 58.0, "completionistUtility": 0.9299999999999999, "monsterKillerUtility": 1.0, "treasureCollectorUtility": 0.7899999999999999, "turnsTaken": 58, "health": 4, "healthLost": 8, "alive": true, "javelinsThrown": 0, "monsterKills": 4, "minitaurKnockouts": 1, "treasuresCollected": 7, "potionsTaken": 1, "totalMonsters": 5, "totalTreasures": 10, "totalPotions": 1, "timeTaken": 0.0}, "positions": [{"X": 6, "Y": 3}, {"X": 7, "Y": 3}, {"X": 8, "Y": 3}, {"X": 8, "Y": 4}, {"X": 8, "Y": 5}, {"X": 8, "Y": 6}, {"X": 7, "Y": 6}, {"X": 7, "Y": 7}, {"X": 8, "Y": 7}, {"X": 8, "Y": 8}, {"X": 8, "Y": 9}, {"X": 7, "Y": 9}, {"X": 7, "Y": 10}, {"X": 7, "Y": 11}, {"X": 7, "Y": 12}, {"X": 8, "Y": 12}, {"X": 7, "Y": 12}, {"X": 7, "Y": 13}, {"X": 7, "Y": 14}, {"X": 7, "Y": 15}, {"X": 8, "Y": 15}, {"X": 8, "Y": 16}, {"X": 8, "Y": 15}, {"X": 7, "Y": 15}, {"X": 7, "Y": 14}, {"X": 7, "Y": 13}, {"X": 7, "Y": 12}, {"X": 8, "Y": 12}, {"X": 3, "Y": 11}, {"X": 2, "Y": 11}, {"X": 2, "Y": 10}, {"X": 2, "Y": 9}, {"X": 2, "Y": 8}, {"X": 2, "Y": 7}, {"X": 3, "Y": 7}, {"X": 3, "Y": 6}, {"X": 3, "Y": 5}, {"X": 2, "Y": 5}, {"X": 2, "Y": 4}, {"X": 2, "Y": 3}, {"X": 3, "Y": 3}, {"X": 4, "Y": 3}, {"X": 5, "Y": 3}, {"X": 5, "Y": 4}, {"X": 5, "Y": 5}, {"X": 5, "Y": 6}, {"X": 5, "Y": 7}, {"X": 5, "Y": 8}, {"X": 5, "Y": 9}, {"X": 5, "Y": 10}, {"X": 5, "Y": 11}, {"X": 5, "Y": 12}, {"X": 5, "Y": 13}, {"X": 5, "Y": 14}, {"X": 5, "Y": 15}, {"X": 5, "Y": 16}, {"X": 5, "Y": 17}, {"X": 5, "Y": 18}], "levelStates": ["Health: 10 X: 6 Y: 3\nXXXXXXXXXX\nX m   tTTX\nXXXXX XXXX\nXX T     X\nXX XX XX X\nX   X X oX\nX   X X  X\nX  bX XT X\nXX XX XXTX\nX P X X  X\nXX XX XTXX\nX  TX X TX\nX M X X TX\nX   X X  X\nXX XX XTXX\nX R X X  X\nX   X XXTX\nX XXX X  X\nX    e   X\nXXXXXXXXXX\n", "Health: 10 X: 7 Y: 3\nXXXXXXXXXX\nX  m  tTTX\nXXXXX XXXX\nXX T   H X\nXX XX XX X\nX   X Xo X\nX   X X  X\nX  bX XT X\nXX XX XXTX\nX P X X  X\nXX XX XTXX\nX  TX X TX\nX M X X TX\nX   X X  X\nXX XX XTXX\nX R X X  X\nX   X XXTX\nX XXX X  X\nX    e   X\nXXXXXXXXXX\n", "Health: 10 X: 8 Y: 3\nXXXXXXXXXX\nX   m tTTX\nXXXXX XXXX\nXX T    HX\nXX XX XX X\nX   X X  X\nX   X Xo X\nX  bX XT X\nXX XX XXTX\nX P X X  X\nXX XX XTXX\nX  TX X TX\nX M X X TX\nX   X X  X\nXX XX XTXX\nX R X X  X\nX   X XXTX\nX XXX X  X\nX    e   X\nXXXXXXXXXX\n", "Health: 10 X: 8 Y: 4\nXXXXXXXXXX\nX    mtTTX\nXXXXX XXXX\nXX T     X\nXX XX XXHX\nX   X X  X\nX   X X  X\nX  bX X  X\nXX XX XXTX\nX P X X  X\nXX XX XTXX\nX  TX X TX\nX M X X TX\nX   X X  X\nXX XX XTXX\nX R X X  X\nX   X XXTX\nX XXX X  X\nX    e   X\nXXXXXXXXXX\n", "Health: 10 X: 8 Y: 5\nXXXXXXXXXX\nX     tTTX\nXXXXXmXXXX\nXX T     X\nXX XX XX X\nX   X X HX\nX   X Xo X\nX  bX X  X\nXX XX XXTX\nX P X X  X\nXX XX XTXX\nX  TX X TX\nX M X X TX\nX   X X  X\nXX XX XTXX\nX R X X  X\nX   X XXTX\nX XXX X  X\nX    e   X\nXXXXXXXXXX\n", "Health: 8 X: 8 Y: 6\nXXXXXXXXXX\nX     tTTX\nXXXXX XXXX\nXX T m   X\nXX XX XX X\nX   X X  X\nX   X XoHX\nX  bX X  X\nXX XX XXTX\nX P X X  X\nXX XX XTXX\nX  TX X TX\nX M X X TX\nX   X X  X\nXX XX XTXX\nX R X X  X\nX   X XXTX\nX XXX X  X\nX    e   X\nXXXXXXXXXX\n", "Health: 6 X: 7 Y: 6\nXXXXXXXXXX\nX     tTTX\nXXXXX XXXX\nXX T     X\nXX XX XX X\nX   X X  X\nX   X X\u221e X\nX  bX X  X\nXX XX XXTX\nX P X X  X\nXX XX XTXX\nX  TX X TX\nX M X X TX\nX   X X  X\nXX XX XTXX\nX R X X  X\nX   X XXTX\nX XXX X  X\nX    e   X\nXXXXXXXXXX\n", "Health: 6 X: 7 Y: 7\nXXXXXXXXXX\nX     tTTX\nXXXXX XXXX\nXX T   m X\nXX XX XX X\nX   X X  X\nX   X X\u221e X\nX  bX X  X\nXX XX XXTX\nX P X X  X\nXX XX XTXX\nX  TX X TX\nX M X X TX\nX   X X  X\nXX XX XTXX\nX R X X  X\nX   X XXTX\nX XXX X  X\nX    e   X\nXXXXXXXXXX\n", "Health: 6 X: 8 Y: 7\nXXXXXXXXXX\nX     tTTX\nXXXXX XXXX\nXX T    mX\nXX XX XX X\nX   X X  X\nX   X X\u221e X\nX  bX X HX\nXX XX XXTX\nX P X X  X\nXX XX XTXX\nX  TX X TX\nX M X X TX\nX   X X  X\nXX XX XTXX\nX R X X  X\nX   X XXTX\nX XXX X  X\nX    e   X\nXXXXXXXXXX\n", "Health: 6 X: 8 Y: 8\nXXXXXXXXXX\nX     tTTX\nXXXXX XXXX\nXX T     X\nXX XX XXmX\nX   X X  X\nX   X X\u221e X\nX  bX X  X\nXX XX XX X\nX P X X  X\nXX XX XTXX\nX  TX X TX\nX M X X TX\nX   X X  X\nXX XX XTXX\nX R X X  X\nX   X XXTX\nX XXX X  X\nX    e   X\nXXXXXXXXXX\n", "Health: 6 X: 8 Y: 9\nXXXXXXXXXX\nX     tTTX\nXXXXX XXXX\nXX T     X\nXX XX XX X\nX   X X mX\nX   X X\u221e X\nX  bX X  X\nXX XX XX X\nX P X X HX\nXX XX XTXX\nX  TX X TX\nX M X X TX\nX   X X  X\nXX XX XTXX\nX R X X  X\nX   X XXTX\nX XXX X  X\nX    e   X\nXXXXXXXXXX\n", "Health: 6 X: 7 Y: 9\nXXXXXXXXXX\nX     tTTX\nXXXXX XXXX\nXX T     X\nXX XX XX X\nX   X X  X\nX   X X\u221emX\nX  bX X  X\nXX XX XX X\nX P X XH X\nXX XX XTXX\nX  TX X TX\nX M X X TX\nX   X X  X\nXX XX XTXX\nX R X X  X\nX   X XXTX\nX XXX X  X\nX    e   X\nXXXXXXXXXX\n", "Health: 6 X: 7 Y: 10\nXXXXXXXXXX\nX     tTTX\nXXXXX XXXX\nXX T     X\nXX XX XX X\nX   X X  X\nX   X X\u221e X\nX  bX X mX\nXX XX XX X\nX P X X  X\nXX XX X XX\nX  TX X TX\nX M X X TX\nX   X X  X\nXX XX XTXX\nX R X X  X\nX   X XXTX\nX XXX X  X\nX    e   X\nXXXXXXXXXX\n", "Health: 6 X: 7 Y: 11\nXXXXXXXXXX\nX     tTTX\nXXXXX XXXX\nXX T     X\nXX XX XX X\nX   X X  X\nX   X X\u221e X\nX  bX X  X\nXX XX XX X\nX P X X  X\nXX XX X XX\nX  TX XHTX\nX M X X TX\nX   X X  X\nXX XX XTXX\nX R X X  X\nX   X XXTX\nX XXX X  X\nX    e   X\nXXXXXXXXXX\n", "Health: 6 X: 7 Y: 12\nXXXXXXXXXX\nX     tTTX\nXXXXX XXXX\nXX T     X\nXX XX XX X\nX   X X  X\nX   X X\u221e X\nX  bX X  X\nXX XX XX X\nX P X X mX\nXX XX X XX\nX  TX X TX\nX M X XHTX\nX   X X  X\nXX XX XTXX\nX R X X  X\nX   X XXTX\nX XXX X  X\nX    e   X\nXXXXXXXXXX\n", "Health: 6 X: 8 Y: 12\nXXXXXXXXXX\nX     tTTX\nXXXXX XXXX\nXX T     X\nXX XX XX X\nX   X X  X\nX   X X\u221e X\nX  bX X  X\nXX XX XX X\nX P X Xm X\nXX XX X XX\nX  TX X TX\nX M X X  X\nX   X X  X\nXX XX XTXX\nX R X X  X\nX   X XXTX\nX XXX X  X\nX    e   X\nXXXXXXXXXX\n", "Health: 6 X: 7 Y: 12\nXXXXXXXXXX\nX     tTTX\nXXXXX XXXX\nXX T     X\nXX XX XX X\nX   X X  X\nX   X X\u221e X\nX  bX X  X\nXX XX XX X\nX P X X  X\nXX XX X XX\nX  TX X TX\nX M X XH X\nX   X X  X\nXX XX XTXX\nX R X X  X\nX   X XXTX\nX XXX X  X\nX    e   X\nXXXXXXXXXX\n", "Health: 6 X: 7 Y: 13\nXXXXXXXXXX\nX     tTTX\nXXXXX XXXX\nXX T     X\nXX XX XX X\nX   X X  X\nX   X X\u221e X\nX  bX X  X\nXX XX XX X\nX P X X  X\nXX XX X XX\nX  TX XmTX\nX M X X  X\nX   X XH X\nXX XX XTXX\nX R X X  X\nX   X XXTX\nX XXX X  X\nX    e   X\nXXXXXXXXXX\n", "Health: 6 X: 7 Y: 14\nXXXXXXXXXX\nX     tTTX\nXXXXX XXXX\nXX T     X\nXX XX XX X\nX   X X  X\nX   X X\u221e X\nX  bX X  X\nXX XX XX X\nX P X X  X\nXX XX X XX\nX  TX X TX\nX M X Xm X\nX   X X  X\nXX XX X XX\nX R X X  X\nX   X XXTX\nX XXX X  X\nX    e   X\nXXXXXXXXXX\n", "Health: 6 X: 7 Y: 15\nXXXXXXXXXX\nX     tTTX\nXXXXX XXXX\nXX T     X\nXX XX XX X\nX   X X  X\nX   X X\u221e X\nX  bX X  X\nXX XX XX X\nX P X X  X\nXX XX X XX\nX  TX X TX\nX M X X  X\nX   X Xm X\nXX XX X XX\nX R X XH X\nX   X XXTX\nX XXX X  X\nX    e   X\nXXXXXXXXXX\n", "Health: 6 X: 8 Y: 15\nXXXXXXXXXX\nX     tTTX\nXXXXX XXXX\nXX T     X\nXX XX XX X\nX   X X  X\nX   X X\u221e X\nX  bX X  X\nXX XX XX X\nX P X X  X\nXX XX X XX\nX  TX X TX\nX M X X  X\nX   X X  X\nXX XX X XX\nX R X X HX\nX   X XXTX\nX XXX X  X\nX    e   X\nXXXXXXXXXX\n", "Health: 6 X: 8 Y: 16\nXXXXXXXXXX\nX     tTTX\nXXXXX XXXX\nXX T     X\nXX XX XX X\nX   X X  X\nX   X X\u221e X\nX  bX X  X\nXX XX XX X\nX P X X  X\nXX XX X XX\nX  TX X TX\nX M X X  X\nX   X X  X\nXX XX X XX\nX R X Xm X\nX   X XX X\nX XXX X  X\nX    e   X\nXXXXXXXXXX\n", "Health: 5 X: 8 Y: 15\nXXXXXXXXXX\nX     tTTX\nXXXXX XXXX\nXX T     X\nXX XX XX X\nX   X X  X\nX   X X\u221e X\nX  bX X  X\nXX XX XX X\nX P X X  X\nXX XX X XX\nX  TX X TX\nX M X X  X\nX   X X  X\nXX XX X XX\nX R X XmHX\nX   X XX X\nX XXX X  X\nX    e   X\nXXXXXXXXXX\n", "Health: 5 X: 7 Y: 15\nXXXXXXXXXX\nX     tTTX\nXXXXX XXXX\nXX T     X\nXX XX XX X\nX   X X  X\nX   X X\u221e X\nX  bX X  X\nXX XX XX X\nX P X X  X\nXX XX X XX\nX  TX X TX\nX M X X  X\nX   X X  X\nXX XX X XX\nX R X Xm X\nX   X XX X\nX XXX X  X\nX    e   X\nXXXXXXXXXX\n", "Health: 5 X: 7 Y: 14\nXXXXXXXXXX\nX     tTTX\nXXXXX XXXX\nXX T     X\nXX XX XX X\nX   X X  X\nX   X X\u221e X\nX  bX X  X\nXX XX XX X\nX P X X  X\nXX XX X XX\nX  TX X TX\nX M X X  X\nX   X X  X\nXX XX X XX\nX R X Xm X\nX   X XX X\nX XXX X  X\nX    e   X\nXXXXXXXXXX\n", "Health: 5 X: 7 Y: 13\nXXXXXXXXXX\nX     tTTX\nXXXXX XXXX\nXX T     X\nXX XX XX X\nX   X X  X\nX   X X\u221e X\nX  bX X  X\nXX XX XX X\nX P X X  X\nXX XX X XX\nX  TX X TX\nX M X X  X\nX   X XH X\nXX XX X XX\nX R X Xm X\nX   X XX X\nX XXX X  X\nX    e   X\nXXXXXXXXXX\n", "Health: 5 X: 7 Y: 12\nXXXXXXXXXX\nX     tTTX\nXXXXX XXXX\nXX T     X\nXX XX XX X\nX   X X  X\nX   X X\u221e X\nX  bX X  X\nXX XX XX X\nX P X X  X\nXX XX X XX\nX  TX X TX\nX M X XH X\nX   X X  X\nXX XX X XX\nX R X Xm X\nX   X XX X\nX XXX X  X\nX    e   X\nXXXXXXXXXX\n", "Health: 5 X: 8 Y: 12\nXXXXXXXXXX\nX     tTTX\nXXXXX XXXX\nXX T     X\nXX XX XX X\nX   X X  X\nX   X X\u221e X\nX  bX X  X\nXX XX XX X\nX P X X  X\nXX XX X XX\nX  TX X TX\nX M X X  X\nX   X X  X\nXX XX X XX\nX R X Xm X\nX   X XX X\nX XXX X  X\nX    e   X\nXXXXXXXXXX\n", "Health: 5 X: 3 Y: 11\nXXXXXXXXXX\nX     tTTX\nXXXXX XXXX\nXX T     X\nXX XX XX X\nX   X X  X\nX   X X\u221e X\nX  bX X  X\nXX XX XX X\nX P X X  X\nXX XX X XX\nX MTX X TX\nX   X X  X\nX   X X  X\nXXRXX X XX\nX   X X mX\nX   X XX X\nX XXX X  X\nX    e   X\nXXXXXXXXXX\n", "Health: 3 X: 2 Y: 11\nXXXXXXXXXX\nX     tTTX\nXXXXX XXXX\nXX T     X\nXX XX XX X\nX   X X  X\nX   X X\u221e X\nX  bX X  X\nXX XX XX X\nX P X X  X\nXX XX X XX\nX \u221eTX X TX\nX   X X  X\nX   X X  X\nXXRXX X XX\nX   X X  X\nX   X XX X\nX XXX X  X\nX    e   X\nXXXXXXXXXX\n", "Health: 3 X: 2 Y: 10\nXXXXXXXXXX\nX     tTTX\nXXXXX XXXX\nXX T     X\nXX XX XX X\nX   X X  X\nX   X X\u221e X\nX  bX X  X\nXX XX XX X\nX P X X  X\nXXHXX X XX\nX \u221eTX X TX\nX   X X  X\nX R X X  X\nXX XX X XX\nX   X X  X\nX   X XX X\nX XXX X mX\nX    e   X\nXXXXXXXXXX\n", "Health: 5 X: 2 Y: 9\nXXXXXXXXXX\nX     tTTX\nXXXXX XXXX\nXX T     X\nXX XX XX X\nX   X X  X\nX   X X\u221e X\nX  bX X  X\nXX XX XX X\nX   X X  X\nXX XX X XX\nX \u221eTX X TX\nX R X X  X\nX   X X  X\nXX XX X XX\nX   X X  X\nX   X XX X\nX XXX Xm X\nX    e   X\nXXXXXXXXXX\n", "Health: 5 X: 2 Y: 8\nXXXXXXXXXX\nX     tTTX\nXXXXX XXXX\nXX T     X\nXX XX XX X\nX   X X  X\nX   X X\u221e X\nX  bX X  X\nXXHXX XX X\nX   X X  X\nXX XX X XX\nX RTX X TX\nX   X X  X\nX   X X  X\nXX XX X XX\nX   X X  X\nX   X XX X\nX XXX X  X\nX    e m X\nXXXXXXXXXX\n", "Health: 4 X: 2 Y: 7\nXXXXXXXXXX\nX     tTTX\nXXXXX XXXX\nXX T     X\nXX XX XX X\nX   X X  X\nX   X X\u221e X\nX H\u221eX X  X\nXX XX XX X\nX   X X  X\nXXRXX X XX\nX \u221eTX X TX\nX   X X  X\nX   X X  X\nXX XX X XX\nX   X X  X\nX   X XX X\nX XXX X  X\nX    em  X\nXXXXXXXXXX\n", "Health: 4 X: 3 Y: 7\nXXXXXXXXXX\nX     tTTX\nXXXXX XXXX\nXX T     X\nXX XX XX X\nX   X X  X\nX   X X\u221e X\nX  \u221eX X  X\nXX XX XX X\nX   X X  X\nXXRXX X XX\nX \u221eTX X TX\nX   X X  X\nX   X X  X\nXX XX X XX\nX   X X  X\nX   X XX X\nX XXX X  X\nX    e   X\nXXXXXXXXXX\n", "Health: 4 X: 3 Y: 6\nXXXXXXXXXX\nX     tTTX\nXXXXX XXXX\nXX T     X\nXX XX XX X\nX   X X  X\nX  HX X\u221e X\nX  \u221eX X  X\nXX XX XX X\nX   X X  X\nXXRXX X XX\nX \u221eTX X TX\nX   X X  X\nX   X X  X\nXX XX X XX\nX   X X  X\nX   X XX X\nX XXX X  X\nX   me   X\nXXXXXXXXXX\n", "Health: 4 X: 3 Y: 5\nXXXXXXXXXX\nX     tTTX\nXXXXX XXXX\nXX T     X\nXX XX XX X\nX  HX X  X\nX   X X\u221e X\nX  \u221eX X  X\nXX XX XX X\nX R X X  X\nXX XX X XX\nX \u221eTX X TX\nX   X X  X\nX   X X  X\nXX XX X XX\nX   X X  X\nX   X XX X\nX XXX X  X\nX  m e   X\nXXXXXXXXXX\n", "Health: 4 X: 2 Y: 5\nXXXXXXXXXX\nX     tTTX\nXXXXX XXXX\nXX T     X\nXX XX XX X\nX H X X  X\nX   X X\u221e X\nX  \u221eX X  X\nXXRXX XX X\nX   X X  X\nXX XX X XX\nX \u221eTX X TX\nX   X X  X\nX   X X  X\nXX XX X XX\nX   X X  X\nX   X XX X\nX XXX X  X\nX m  e   X\nXXXXXXXXXX\n", "Health: 4 X: 2 Y: 4\nXXXXXXXXXX\nX     tTTX\nXXXXX XXXX\nXX T     X\nXXHXX XX X\nX   X X  X\nX   X X\u221e X\nX R\u221eX X  X\nXX XX XX X\nX   X X  X\nXX XX X XX\nX \u221eTX X TX\nX   X X  X\nX   X X  X\nXX XX X XX\nX   X X  X\nX   X XX X\nX XXX X  X\nXm   e   X\nXXXXXXXXXX\n", "Health: 4 X: 2 Y: 3\nXXXXXXXXXX\nX     tTTX\nXXXXX XXXX\nXXHT     X\nXX XX XX X\nX   X X  X\nX R X X\u221e X\nX  \u221eX X  X\nXX XX XX X\nX   X X  X\nXX XX X XX\nX \u221eTX X TX\nX   X X  X\nX   X X  X\nXX XX X XX\nX   X X  X\nX   X XX X\nXmXXX X  X\nX    e   X\nXXXXXXXXXX\n", "Health: 4 X: 3 Y: 3\nXXXXXXXXXX\nX     tTTX\nXXXXX XXXX\nXX       X\nXX XX XX X\nX   X X  X\nX R X X\u221e X\nX  \u221eX X  X\nXX XX XX X\nX   X X  X\nXX XX X XX\nX \u221eTX X TX\nX   X X  X\nX   X X  X\nXX XX X XX\nX   X X  X\nXm  X XX X\nX XXX X  X\nX    e   X\nXXXXXXXXXX\n", "Health: 4 X: 4 Y: 3\nXXXXXXXXXX\nX     tTTX\nXXXXX XXXX\nXX  H    X\nXX XX XX X\nX   X X  X\nX R X X\u221e X\nX  \u221eX X  X\nXX XX XX X\nX   X X  X\nXX XX X XX\nX \u221eTX X TX\nX   X X  X\nX   X X  X\nXX XX X XX\nXm  X X  X\nX   X XX X\nX XXX X  X\nX    e   X\nXXXXXXXXXX\n", "Health: 4 X: 5 Y: 3\nXXXXXXXXXX\nX     tTTX\nXXXXX XXXX\nXX   H   X\nXX XX XX X\nX   X X  X\nX R X X\u221e X\nX  \u221eX X  X\nXX XX XX X\nX   X X  X\nXX XX X XX\nX \u221eTX X TX\nX   X X  X\nX   X X  X\nXX XX X XX\nX m X X  X\nX   X XX X\nX XXX X  X\nX    e   X\nXXXXXXXXXX\n", "Health: 4 X: 5 Y: 4\nXXXXXXXXXX\nX     tTTX\nXXXXX XXXX\nXX       X\nXX XXHXX X\nX   X X  X\nX R X X\u221e X\nX  \u221eX X  X\nXX XX XX X\nX   X X  X\nXX XX X XX\nX \u221eTX X TX\nX   X X  X\nX   X X  X\nXXmXX X XX\nX   X X  X\nX   X XX X\nX XXX X  X\nX    e   X\nXXXXXXXXXX\n", "Health: 4 X: 5 Y: 5\nXXXXXXXXXX\nX     tTTX\nXXXXX XXXX\nXX       X\nXX XX XX X\nX   XHX  X\nX R X X\u221e X\nX  \u221eX X  X\nXX XX XX X\nX   X X  X\nXX XX X XX\nX \u221eTX X TX\nX   X X  X\nX m X X  X\nXX XX X XX\nX   X X  X\nX   X XX X\nX XXX X  X\nX    e   X\nXXXXXXXXXX\n", "Health: 4 X: 5 Y: 6\nXXXXXXXXXX\nX     tTTX\nXXXXX XXXX\nXX       X\nXX XX XX X\nX   X X  X\nX R XHX\u221e X\nX  \u221eX X  X\nXX XX XX X\nX   X X  X\nXX XX X XX\nX \u221eTX X TX\nX m X X  X\nX   X X  X\nXX XX X XX\nX   X X  X\nX   X XX X\nX XXX X  X\nX    e   X\nXXXXXXXXXX\n", "Health: 4 X: 5 Y: 7\nXXXXXXXXXX\nX     tTTX\nXXXXX XXXX\nXX       X\nXX XX XX X\nX   X X  X\nX R X X\u221e X\nX  \u221eXHX  X\nXX XX XX X\nX   X X  X\nXX XX X XX\nX \u221eTX X TX\nX   X X  X\nX   X X  X\nXX XX X XX\nX   X X  X\nX   X XX X\nX XXX X  X\nX    e   X\nXXXXXXXXXX\n", "Health: 4 X: 5 Y: 8\nXXXXXXXXXX\nX     tTTX\nXXXXX XXXX\nXX       X\nXX XX XX X\nX   X X  X\nX R X X\u221e X\nX  \u221eX X  X\nXX XXHXX X\nX   X X  X\nXXmXX X XX\nX \u221eTX X TX\nX   X X  X\nX   X X  X\nXX XX X XX\nX   X X  X\nX   X XX X\nX XXX X  X\nX    e   X\nXXXXXXXXXX\n", "Health: 4 X: 5 Y: 9\nXXXXXXXXXX\nX     tTTX\nXXXXX XXXX\nXX       X\nXX XX XX X\nX   X X  X\nX R X X\u221e X\nX  \u221eX X  X\nXX XX XX X\nX   XHX  X\nXX XX X XX\nX \u221eTX X TX\nX   X X  X\nX   X X  X\nXX XX X XX\nX   X X  X\nX   X XX X\nX XXX X  X\nX    e   X\nXXXXXXXXXX\n", "Health: 4 X: 5 Y: 10\nXXXXXXXXXX\nX     tTTX\nXXXXX XXXX\nXX       X\nXX XX XX X\nX   X X  X\nX R X X\u221e X\nX  \u221eX X  X\nXXmXX XX X\nX   X X  X\nXX XXHX XX\nX \u221eTX X TX\nX   X X  X\nX   X X  X\nXX XX X XX\nX   X X  X\nX   X XX X\nX XXX X  X\nX    e   X\nXXXXXXXXXX\n", "Health: 4 X: 5 Y: 11\nXXXXXXXXXX\nX     tTTX\nXXXXX XXXX\nXX       X\nXX XX XX X\nX   X X  X\nX R X X\u221e X\nX m\u221eX X  X\nXX XX XX X\nX   X X  X\nXX XX X XX\nX \u221eTXHX TX\nX   X X  X\nX   X X  X\nXX XX X XX\nX   X X  X\nX   X XX X\nX XXX X  X\nX    e   X\nXXXXXXXXXX\n", "Health: 4 X: 5 Y: 12\nXXXXXXXXXX\nX     tTTX\nXXXXX XXXX\nXX       X\nXX XX XX X\nX   X X  X\nX \u221e X X\u221e X\nX  \u221eX X  X\nXX XX XX X\nX   X X  X\nXX XX X XX\nX \u221eTX X TX\nX   XHX  X\nX   X X  X\nXX XX X XX\nX   X X  X\nX   X XX X\nX XXX X  X\nX    e   X\nXXXXXXXXXX\n", "Health: 4 X: 5 Y: 13\nXXXXXXXXXX\nX     tTTX\nXXXXX XXXX\nXX       X\nXX XX XX X\nX m X X  X\nX \u221e X X\u221e X\nX  \u221eX X  X\nXX XX XX X\nX   X X  X\nXX XX X XX\nX \u221eTX X TX\nX   X X  X\nX   XHX  X\nXX XX X XX\nX   X X  X\nX   X XX X\nX XXX X  X\nX    e   X\nXXXXXXXXXX\n", "Health: 4 X: 5 Y: 14\nXXXXXXXXXX\nX     tTTX\nXXXXX XXXX\nXX       X\nXXmXX XX X\nX   X X  X\nX \u221e X X\u221e X\nX  \u221eX X  X\nXX XX XX X\nX   X X  X\nXX XX X XX\nX \u221eTX X TX\nX   X X  X\nX   X X  X\nXX XXHX XX\nX   X X  X\nX   X XX X\nX XXX X  X\nX    e   X\nXXXXXXXXXX\n", "Health: 4 X: 5 Y: 15\nXXXXXXXXXX\nX     tTTX\nXXXXX XXXX\nXXm      X\nXX XX XX X\nX   X X  X\nX \u221e X X\u221e X\nX  \u221eX X  X\nXX XX XX X\nX   X X  X\nXX XX X XX\nX \u221eTX X TX\nX   X X  X\nX   X X  X\nXX XX X XX\nX   XHX  X\nX   X XX X\nX XXX X  X\nX    e   X\nXXXXXXXXXX\n", "Health: 4 X: 5 Y: 16\nXXXXXXXXXX\nX     tTTX\nXXXXX XXXX\nXX       X\nXX XX XX X\nX   X X  X\nX \u221e X X\u221e X\nX  \u221eX X  X\nXX XX XX X\nX   X X  X\nXX XX X XX\nX \u221eTX X TX\nX   X X  X\nX   X X  X\nXX XX X XX\nX   X X  X\nX   XHXX X\nX XXX X  X\nX    e   X\nXXXXXXXXXX\n", "Health: 4 X: 5 Y: 17\nXXXXXXXXXX\nX     tTTX\nXXXXX XXXX\nXX  m    X\nXX XX XX X\nX   X X  X\nX \u221e X X\u221e X\nX  \u221eX X  X\nXX XX XX X\nX   X X  X\nXX XX X XX\nX \u221eTX X TX\nX   X X  X\nX   X X  X\nXX XX X XX\nX   X X  X\nX   X XX X\nX XXXHX  X\nX    e   X\nXXXXXXXXXX\n", "Health: 4 X: 5 Y: 18\nXXXXXXXXXX\nX     tTTX\nXXXXX XXXX\nXX   m   X\nXX XX XX X\nX   X X  X\nX \u221e X X\u221e X\nX  \u221eX X  X\nXX XX XX X\nX   X X  X\nXX XX X XX\nX \u221eTX X TX\nX   X X  X\nX   X X  X\nXX XX X XX\nX   X X  X\nX   X XX X\nX XXX X  X\nX    e   X\nXXXXXXXXXX\n"], "map_number": 100}, {"mechanics": [{"timestep": 2, "mechanic": "BlobPotion"}, {"timestep": 2, "mechanic": "BlobPotion"}, {"timestep": 3, "mechanic": "MinitaurHit"}, {"timestep": 4, "mechanic": "BlobPotion"}, {"timestep": 6, "mechanic": "UsePortal"}, {"timestep": 8, "mechanic": "UsePortal"}, {"timestep": 12, "mechanic": "CollectTreasure"}, {"timestep": 14, "mechanic": "CollectTreasure"}, {"timestep": 20, "mechanic": "CollectTreasure"}, {"timestep": 22, "mechanic": "CollectTreasure"}, {"timestep": 23, "mechanic": "MinitaurHit"}, {"timestep": 24, "mechanic": "BlobHit"}, {"timestep": 25, "mechanic": "BlobHit"}, {"timestep": 28, "mechanic": "UsePortal"}, {"timestep": 30, "mechanic": "GoblinMeleeHit"}, {"timestep": 32, "mechanic": "CollectPotion"}, {"timestep": 39, "mechanic": "ReachStairs"}], "frequencies": {"BlobPotion": 3, "MinitaurHit": 2, "UsePortal": 3, "CollectTreasure": 4, "BlobHit": 2, "GoblinMeleeHit": 1, "CollectPotion": 1, "ReachStairs": 1}, "levelReport": {"utilityGained": 0.0, "exitUtility": 1.0, "runnerUtility": 0.6, "loitererUtility": 40.0, "completionistUtility": 0.7472222222222222, "monsterKillerUtility": 1.0, "treasureCollectorUtility": 0.7666666666666666, "turnsTaken": 40, "health": 7, "healthLost": 5, "alive": true, "javelinsThrown": 0, "monsterKills": 5, "minitaurKnockouts": 3, "treasuresCollected": 4, "potionsTaken": 1, "totalMonsters": 6, "totalTreasures": 6, "totalPotions": 4, "timeTaken": 0.0}, "positions": [{"X": 5, "Y": 12}, {"X": 6, "Y": 12}, {"X": 6, "Y": 13}, {"X": 6, "Y": 14}, {"X": 6, "Y": 15}, {"X": 5, "Y": 15}, {"X": 4, "Y": 4}, {"X": 3, "Y": 4}, {"X": 4, "Y": 15}, {"X": 4, "Y": 16}, {"X": 4, "Y": 17}, {"X": 3, "Y": 17}, {"X": 3, "Y": 18}, {"X": 2, "Y": 18}, {"X": 1, "Y": 18}, {"X": 1, "Y": 17}, {"X": 2, "Y": 17}, {"X": 3, "Y": 17}, {"X": 4, "Y": 17}, {"X": 5, "Y": 17}, {"X": 5, "Y": 18}, {"X": 6, "Y": 18}, {"X": 7, "Y": 18}, {"X": 7, "Y": 17}, {"X": 6, "Y": 17}, {"X": 6, "Y": 16}, {"X": 6, "Y": 15}, {"X": 5, "Y": 15}, {"X": 4, "Y": 4}, {"X": 3, "Y": 4}, {"X": 3, "Y": 5}, {"X": 2, "Y": 5}, {"X": 2, "Y": 6}, {"X": 2, "Y": 5}, {"X": 2, "Y": 4}, {"X": 2, "Y": 3}, {"X": 2, "Y": 2}, {"X": 3, "Y": 2}, {"X": 4, "Y": 2}, {"X": 4, "Y": 1}], "levelStates": ["Health: 10 X: 5 Y: 12\nXXXXXXXXXX\nX X e X TX\nXM       X\nX   X   XX\nX   T    X\nXX  XX   X\nX P     bX\nX X X  X X\nXT     o X\nX        X\nX  X   XPX\nX        X\nXX   H  XX\nX        X\nXb      bX\nX X T  X X\nXP   m  PX\nX        X\nXT TXT TXX\nXXXXXXXXXX\n", "Health: 10 X: 6 Y: 12\nXXXXXXXXXX\nX X e X TX\nXM       X\nX   X   XX\nX   T    X\nXX  XX   X\nX P      X\nX X X  XbX\nXT    o  X\nX        X\nX  X   XPX\nX        X\nXX    H XX\nX        X\nX        X\nXbX Tm XbX\nXP      PX\nX        X\nXT TXT TXX\nXXXXXXXXXX\n", "Health: 10 X: 6 Y: 13\nXXXXXXXXXX\nX X e X TX\nX M      X\nX   X   XX\nX   T    X\nXX  XX   X\nX P      X\nX X X  X X\nXT      bX\nX     o  X\nX  X   XPX\nX        X\nXX      XX\nX     H  X\nX    m   X\nX X T  X X\nX        X\nX        X\nXT TXT TXX\nXXXXXXXXXX\n", "Health: 9 X: 6 Y: 14\nXXXXXXXXXX\nX X e X TX\nX M      X\nX   X   XX\nX   T    X\nXX  XX   X\nX P      X\nX X X  X X\nXT       X\nX       bX\nX  X  oXPX\nX        X\nXX      XX\nX        X\nX    mH  X\nX X T  X X\nX        X\nX        X\nXT TXT TXX\nXXXXXXXXXX\n", "Health: 9 X: 6 Y: 15\nXXXXXXXXXX\nX X e X TX\nX M      X\nX   X   XX\nX   T    X\nXX  XX   X\nX P      X\nX X X  X X\nXT       X\nX        X\nX  X   X X\nX     o  X\nXX      XX\nX        X\nX    m   X\nX X T HX X\nX b      X\nX        X\nXT TXT TXX\nXXXXXXXXXX\n", "Health: 9 X: 5 Y: 15\nXXXXXXXXXX\nX X e X TX\nX  M     X\nX   X   XX\nX   T    X\nXX  XX   X\nX P      X\nX X X  X X\nXT       X\nX        X\nX  X   X X\nX    o  bX\nXX      XX\nX        X\nX    m   X\nX X TH X X\nX  b     X\nX        X\nXT TXT TXX\nXXXXXXXXXX\n", "Health: 9 X: 4 Y: 4\nXXXXXXXXXX\nX X e X TX\nX  M     X\nX   X   XX\nX   T    X\nXX  XX   X\nX P      X\nX X X  X X\nXT       X\nX        X\nX  X   X X\nX       bX\nXX   o  XX\nX        X\nX    m   X\nX X T  X X\nX  b     X\nX        X\nXT TXT TXX\nXXXXXXXXXX\n", "Health: 9 X: 3 Y: 4\nXXXXXXXXXX\nX X e X TX\nX        X\nX  MX   XX\nX  HT    X\nXX  XX   X\nX P      X\nX X X  X X\nXT       X\nX        X\nX  X   X X\nX       bX\nXX      XX\nX    o   X\nX    m   X\nX X T  X X\nX  b     X\nX        X\nXT TXT TXX\nXXXXXXXXXX\n", "Health: 9 X: 4 Y: 15\nXXXXXXXXXX\nX X e X TX\nX        X\nX   X   XX\nX  MT    X\nXX  XX   X\nX P      X\nX X X  X X\nXT       X\nX        X\nX  X   X X\nX       bX\nXX      XX\nX   o    X\nX    m   X\nX XbT  X X\nX      b X\nX        X\nXT TXT TXX\nXXXXXXXXXX\n", "Health: 9 X: 4 Y: 16\nXXXXXXXXXX\nX X e X TX\nX        X\nX   X   XX\nX  MT    X\nXX  XX   X\nX P      X\nX X X  X X\nXT       X\nX        X\nX  X   X X\nX       bX\nXX      XX\nX        X\nX   om   X\nX X T  X X\nX   H b  X\nX        X\nXT TXT TXX\nXXXXXXXXXX\n", "Health: 9 X: 4 Y: 17\nXXXXXXXXXX\nX X e X TX\nX        X\nX   X   XX\nX  MT    X\nXX  XX   X\nX P      X\nX X X  X X\nXT       X\nX        X\nX  X   X X\nX       bX\nXX      XX\nX        X\nX    m   X\nX X T  X X\nX    b   X\nX   H    X\nXT TXT TXX\nXXXXXXXXXX\n", "Health: 9 X: 3 Y: 17\nXXXXXXXXXX\nX X e X TX\nX        X\nX   X   XX\nX  MT    X\nXX  XX   X\nX P      X\nX X X  X X\nXT       X\nX        X\nX  X   X X\nX       bX\nXX      XX\nX        X\nX    m   X\nX XoT  X X\nX   b    X\nX  H     X\nXT TXT TXX\nXXXXXXXXXX\n", "Health: 9 X: 3 Y: 18\nXXXXXXXXXX\nX X e X TX\nX        X\nX   X   XX\nX  MT    X\nXX  XX   X\nX P      X\nX X X  X X\nXT       X\nX        X\nX  X   X X\nX       bX\nXX      XX\nX        X\nX    m   X\nX X T  X X\nX  \u221e     X\nX        X\nXT  XT TXX\nXXXXXXXXXX\n", "Health: 9 X: 2 Y: 18\nXXXXXXXXXX\nX X e X TX\nX        X\nX   X   XX\nX  MT    X\nXX  XX   X\nX P      X\nX X X  X X\nXT       X\nX        X\nX  X   X X\nX       bX\nXX      XX\nX        X\nX    m   X\nX X T  X X\nX  \u221e     X\nX        X\nXTH XT TXX\nXXXXXXXXXX\n", "Health: 9 X: 1 Y: 18\nXXXXXXXXXX\nX X e X TX\nX        X\nX   X   XX\nX  MT    X\nXX  XX   X\nX P      X\nX X X  X X\nXT       X\nX        X\nX  X   X X\nX       bX\nXX      XX\nX        X\nX    m   X\nX X T  X X\nX  \u221e     X\nX        X\nX   XT TXX\nXXXXXXXXXX\n", "Health: 9 X: 1 Y: 17\nXXXXXXXXXX\nX X e X TX\nX        X\nX   X   XX\nX  MT    X\nXX  XX   X\nX P      X\nX X X  X X\nXT       X\nX        X\nX  X   X X\nX      b X\nXX      XX\nX        X\nX   m    X\nX X T  X X\nX  \u221e     X\nXH       X\nX   XT TXX\nXXXXXXXXXX\n", "Health: 9 X: 2 Y: 17\nXXXXXXXXXX\nX X e X TX\nX        X\nX   X   XX\nX  MT    X\nXX  XX   X\nX P      X\nX X X  X X\nXT       X\nX        X\nX  X   X X\nX     b  X\nXX      XX\nX        X\nX        X\nX X m  X X\nX  \u221e     X\nX H      X\nX   XT TXX\nXXXXXXXXXX\n", "Health: 9 X: 3 Y: 17\nXXXXXXXXXX\nX X e X TX\nX        X\nX   X   XX\nX  MT    X\nXX  XX   X\nX P      X\nX X X  X X\nXT       X\nX        X\nX  X   X X\nX        X\nXX    b XX\nX        X\nX        X\nX XmT  X X\nX  \u221e     X\nX  H     X\nX   XT TXX\nXXXXXXXXXX\n", "Health: 9 X: 4 Y: 17\nXXXXXXXXXX\nX X e X TX\nX        X\nX   X   XX\nX  MT    X\nXX  XX   X\nX P      X\nX X X  X X\nXT       X\nX        X\nX  X   X X\nX        X\nXX      XX\nX     b  X\nX        X\nX X m  X X\nX  \u221e     X\nX   H    X\nX   XT TXX\nXXXXXXXXXX\n", "Health: 9 X: 5 Y: 17\nXXXXXXXXXX\nX X e X TX\nX        X\nX   X   XX\nX  MT    X\nXX  XX   X\nX P      X\nX X X  X X\nXT       X\nX        X\nX  X   X X\nX        X\nXX      XX\nX    b   X\nX        X\nX X Tm X X\nX  \u221e     X\nX    H   X\nX   XT TXX\nXXXXXXXXXX\n", "Health: 9 X: 5 Y: 18\nXXXXXXXXXX\nX X e X TX\nX        X\nX   X   XX\nX   T    X\nXX MXX   X\nX P      X\nX X X  X X\nXT       X\nX        X\nX  X   X X\nX        X\nXX      XX\nX        X\nX    b   X\nX X T  X X\nX  \u221e m   X\nX        X\nX   X  TXX\nXXXXXXXXXX\n", "Health: 9 X: 6 Y: 18\nXXXXXXXXXX\nX X e X TX\nX        X\nX   X   XX\nX   T    X\nXX MXX   X\nX P      X\nX X X  X X\nXT       X\nX        X\nX  X   X X\nX        X\nXX      XX\nX        X\nX     b  X\nX X T  X X\nX  \u221e  m  X\nX        X\nX   X HTXX\nXXXXXXXXXX\n", "Health: 9 X: 7 Y: 18\nXXXXXXXXXX\nX X e X TX\nX        X\nX   X   XX\nX   T    X\nXX MXX   X\nX P      X\nX X X  X X\nXT       X\nX        X\nX  X   X X\nX        X\nXX      XX\nX        X\nX        X\nX X T bX X\nX  \u221e   m X\nX        X\nX   X   XX\nXXXXXXXXXX\n", "Health: 8 X: 7 Y: 17\nXXXXXXXXXX\nX X e X TX\nX        X\nX   X   XX\nX   T    X\nXX MXX   X\nX P      X\nX X X  X X\nXT       X\nX        X\nX  X   X X\nX        X\nXX      XX\nX        X\nX        X\nX X T  X X\nX  \u221e  bm X\nX      H X\nX   X   XX\nXXXXXXXXXX\n", "Health: 6 X: 6 Y: 17\nXXXXXXXXXX\nX X e X TX\nX        X\nX   X   XX\nX   T    X\nXX MXX   X\nX P      X\nX X X  X X\nXT       X\nX        X\nX  X   X X\nX        X\nXX      XX\nX        X\nX        X\nX X T  X X\nX  \u221e  bm X\nX     H  X\nX   X   XX\nXXXXXXXXXX\n", "Health: 6 X: 6 Y: 16\nXXXXXXXXXX\nX X e X TX\nX        X\nX   X   XX\nX   T    X\nXX MXX   X\nX P      X\nX X X  X X\nXT       X\nX        X\nX  X   X X\nX        X\nXX      XX\nX        X\nX        X\nX X T  X X\nX  \u221e  \u221em X\nX        X\nX   X   XX\nXXXXXXXXXX\n", "Health: 6 X: 6 Y: 15\nXXXXXXXXXX\nX X e X TX\nX        X\nX   X   XX\nX   T    X\nXX MXX   X\nX P      X\nX X X  X X\nXT       X\nX        X\nX  X   X X\nX        X\nXX      XX\nX        X\nX        X\nX X T HX X\nX  \u221e  \u221em X\nX        X\nX   X   XX\nXXXXXXXXXX\n", "Health: 6 X: 5 Y: 15\nXXXXXXXXXX\nX X e X TX\nX        X\nX   X   XX\nX   T    X\nXX  XX   X\nX PM     X\nX X X  X X\nXT       X\nX        X\nX  X   X X\nX        X\nXX      XX\nX        X\nX        X\nX X TH X X\nX  \u221e  \u221em X\nX        X\nX   X   XX\nXXXXXXXXXX\n", "Health: 6 X: 4 Y: 4\nXXXXXXXXXX\nX X e X TX\nX        X\nX   X   XX\nX   T    X\nXX  XX   X\nX PM     X\nX X X  X X\nXT       X\nX        X\nX  X   X X\nX        X\nXX      XX\nX        X\nX        X\nX X T  X X\nX  \u221e  \u221em X\nX        X\nX   X   XX\nXXXXXXXXXX\n", "Health: 6 X: 3 Y: 4\nXXXXXXXXXX\nX X e X TX\nX        X\nX   X   XX\nX  HT    X\nXX MXX   X\nX P      X\nX X X  X X\nXT       X\nX        X\nX  X   X X\nX        X\nXX      XX\nX        X\nX        X\nX X T  X X\nX  \u221e  m  X\nX        X\nX   X   XX\nXXXXXXXXXX\n", "Health: 5 X: 3 Y: 5\nXXXXXXXXXX\nX X e X TX\nX        X\nX   X   XX\nX   T    X\nXX \u221eXX   X\nX P      X\nX X X  X X\nXT       X\nX        X\nX  X   X X\nX        X\nXX      XX\nX        X\nX        X\nX X T mX X\nX  \u221e  \u221e  X\nX        X\nX   X   XX\nXXXXXXXXXX\n", "Health: 5 X: 2 Y: 5\nXXXXXXXXXX\nX X e X TX\nX        X\nX   X   XX\nX   T    X\nXXH\u221eXX   X\nX P      X\nX X X  X X\nXT       X\nX        X\nX  X   X X\nX        X\nXX      XX\nX        X\nX     m  X\nX X T  X X\nX  \u221e  \u221e  X\nX        X\nX   X   XX\nXXXXXXXXXX\n", "Health: 7 X: 2 Y: 6\nXXXXXXXXXX\nX X e X TX\nX        X\nX   X   XX\nX   T    X\nXX \u221eXX   X\nX        X\nX X X  X X\nXT       X\nX        X\nX  X   X X\nX        X\nXX      XX\nX     m  X\nX        X\nX X T  X X\nX  \u221e  \u221e  X\nX        X\nX   X   XX\nXXXXXXXXXX\n", "Health: 7 X: 2 Y: 5\nXXXXXXXXXX\nX X e X TX\nX        X\nX   X   XX\nX   T    X\nXXH\u221eXX   X\nX        X\nX X X  X X\nXT       X\nX        X\nX  X   X X\nX        X\nXX    m XX\nX        X\nX        X\nX X T  X X\nX  \u221e  \u221e  X\nX        X\nX   X   XX\nXXXXXXXXXX\n", "Health: 7 X: 2 Y: 4\nXXXXXXXXXX\nX X e X TX\nX        X\nX   X   XX\nX H T    X\nXX \u221eXX   X\nX        X\nX X X  X X\nXT       X\nX        X\nX  X   X X\nX     m  X\nXX      XX\nX        X\nX        X\nX X T  X X\nX  \u221e  \u221e  X\nX        X\nX   X   XX\nXXXXXXXXXX\n", "Health: 7 X: 2 Y: 3\nXXXXXXXXXX\nX X e X TX\nX        X\nX H X   XX\nX   T    X\nXX \u221eXX   X\nX        X\nX X X  X X\nXT       X\nX        X\nX  X  mX X\nX        X\nXX      XX\nX        X\nX        X\nX X T  X X\nX  \u221e  \u221e  X\nX        X\nX   X   XX\nXXXXXXXXXX\n", "Health: 7 X: 2 Y: 2\nXXXXXXXXXX\nX X e X TX\nX H      X\nX   X   XX\nX   T    X\nXX \u221eXX   X\nX        X\nX X X  X X\nXT       X\nX     m  X\nX  X   X X\nX        X\nXX      XX\nX        X\nX        X\nX X T  X X\nX  \u221e  \u221e  X\nX        X\nX   X   XX\nXXXXXXXXXX\n", "Health: 7 X: 3 Y: 2\nXXXXXXXXXX\nX X e X TX\nX  H     X\nX   X   XX\nX   T    X\nXX \u221eXX   X\nX        X\nX X X  X X\nXT    m  X\nX        X\nX  X   X X\nX        X\nXX      XX\nX        X\nX        X\nX X T  X X\nX  \u221e  \u221e  X\nX        X\nX   X   XX\nXXXXXXXXXX\n", "Health: 7 X: 4 Y: 2\nXXXXXXXXXX\nX X e X TX\nX   H    X\nX   X   XX\nX   T    X\nXX \u221eXX   X\nX        X\nX X X mX X\nXT       X\nX        X\nX  X   X X\nX        X\nXX      XX\nX        X\nX        X\nX X T  X X\nX  \u221e  \u221e  X\nX        X\nX   X   XX\nXXXXXXXXXX\n", "Health: 7 X: 4 Y: 1\nXXXXXXXXXX\nX X e X TX\nX        X\nX   X   XX\nX   T    X\nXX \u221eXX   X\nX     m  X\nX X X  X X\nXT       X\nX        X\nX  X   X X\nX        X\nXX      XX\nX        X\nX        X\nX X T  X X\nX  \u221e  \u221e  X\nX        X\nX   X   XX\nXXXXXXXXXX\n"], "map_number": 202}, {"mechanics": [{"timestep": 2, "mechanic": "CollectPotion"}, {"timestep": 3, "mechanic": "CollectPotion"}, {"timestep": 24, "mechanic": "BlobHit"}, {"timestep": 32, "mechanic": "CollectTreasure"}, {"timestep": 33, "mechanic": "CollectTreasure"}, {"timestep": 34, "mechanic": "CollectTreasure"}, {"timestep": 35, "mechanic": "CollectTreasure"}, {"timestep": 43, "mechanic": "MinitaurHit"}, {"timestep": 64, "mechanic": "ReachStairs"}], "frequencies": {"CollectPotion": 2, "BlobHit": 1, "CollectTreasure": 4, "MinitaurHit": 1, "ReachStairs": 1}, "levelReport": {"utilityGained": 0.0, "exitUtility": 1.0, "runnerUtility": 0.35, "loitererUtility": 65.0, "completionistUtility": 0.7999999999999999, "monsterKillerUtility": 0.7, "treasureCollectorUtility": 0.7, "turnsTaken": 65, "health": 12, "healthLost": 2, "alive": true, "javelinsThrown": 0, "monsterKills": 4, "minitaurKnockouts": 3, "treasuresCollected": 4, "potionsTaken": 2, "totalMonsters": 8, "totalTreasures": 7, "totalPotions": 2, "timeTaken": 0.0}, "positions": [{"X": 6, "Y": 10}, {"X": 7, "Y": 10}, {"X": 8, "Y": 10}, {"X": 8, "Y": 9}, {"X": 8, "Y": 10}, {"X": 7, "Y": 10}, {"X": 6, "Y": 10}, {"X": 5, "Y": 10}, {"X": 4, "Y": 10}, {"X": 5, "Y": 10}, {"X": 5, "Y": 11}, {"X": 5, "Y": 12}, {"X": 4, "Y": 12}, {"X": 3, "Y": 12}, {"X": 2, "Y": 12}, {"X": 1, "Y": 12}, {"X": 1, "Y": 13}, {"X": 1, "Y": 14}, {"X": 2, "Y": 14}, {"X": 3, "Y": 14}, {"X": 4, "Y": 14}, {"X": 5, "Y": 14}, {"X": 6, "Y": 14}, {"X": 6, "Y": 15}, {"X": 6, "Y": 16}, {"X": 5, "Y": 16}, {"X": 5, "Y": 17}, {"X": 5, "Y": 18}, {"X": 4, "Y": 18}, {"X": 3, "Y": 18}, {"X": 2, "Y": 18}, {"X": 1, "Y": 18}, {"X": 1, "Y": 17}, {"X": 1, "Y": 16}, {"X": 2, "Y": 16}, {"X": 2, "Y": 17}, {"X": 2, "Y": 18}, {"X": 3, "Y": 18}, {"X": 4, "Y": 18}, {"X": 5, "Y": 18}, {"X": 6, "Y": 18}, {"X": 5, "Y": 18}, {"X": 5, "Y": 17}, {"X": 5, "Y": 16}, {"X": 6, "Y": 16}, {"X": 6, "Y": 15}, {"X": 6, "Y": 14}, {"X": 5, "Y": 14}, {"X": 4, "Y": 14}, {"X": 3, "Y": 14}, {"X": 2, "Y": 14}, {"X": 1, "Y": 14}, {"X": 1, "Y": 13}, {"X": 1, "Y": 12}, {"X": 2, "Y": 12}, {"X": 3, "Y": 12}, {"X": 4, "Y": 12}, {"X": 5, "Y": 12}, {"X": 5, "Y": 11}, {"X": 5, "Y": 10}, {"X": 4, "Y": 10}, {"X": 3, "Y": 10}, {"X": 2, "Y": 10}, {"X": 1, "Y": 10}, {"X": 1, "Y": 9}], "levelStates": ["Health: 10 X: 6 Y: 10\nXXXXXXXXXX\nX   b m  X\nX XXXXXX X\nXR      RX\nXXXX  XXXX\nX      M X\nX  M     X\nX      M X\nXXX    XXX\nXe      PX\nX     H PX\nXXXXX XXXX\nX     X TX\nX XXXXX XX\nX        X\nXXXXXX XXX\nXTTX   XTX\nXTTXX XXTX\nX    b   X\nXXXXXXXXXX\n", "Health: 10 X: 7 Y: 10\nXXXXXXXXXX\nX   b  m X\nX XXXXXX X\nXR      RX\nXXXX  XXXX\nX      M X\nX   M    X\nX      M X\nXXX    XXX\nXe      PX\nX      HPX\nXXXXX XXXX\nX     X TX\nX XXXXX XX\nX        X\nXXXXXX XXX\nXTTX   XTX\nXTTXX XXTX\nX    b   X\nXXXXXXXXXX\n", "Health: 12 X: 8 Y: 10\nXXXXXXXXXX\nX   b   mX\nX XXXXXX X\nXR      RX\nXXXX  XXXX\nX      M X\nX        X\nX   M  M X\nXXX    XXX\nXe      PX\nX        X\nXXXXX XXXX\nX     X TX\nX XXXXX XX\nX        X\nXXXXXX XXX\nXTTX   XTX\nXTTXX XXTX\nX    b   X\nXXXXXXXXXX\n", "Health: 14 X: 8 Y: 9\nXXXXXXXXXX\nX   b    X\nX XXXXXXmX\nXR      RX\nXXXX  XXXX\nX      M X\nX        X\nX   M  M X\nXXX    XXX\nXe       X\nX        X\nXXXXX XXXX\nX     X TX\nX XXXXX XX\nX        X\nXXXXXX XXX\nXTTX   XTX\nXTTXX XXTX\nX    b   X\nXXXXXXXXXX\n", "Health: 14 X: 8 Y: 10\nXXXXXXXXXX\nX   b    X\nX XXXXXX X\nXR      \u221eX\nXXXX  XXXX\nX      M X\nX        X\nX      M X\nXXX M  XXX\nXe       X\nX        X\nXXXXX XXXX\nX     X TX\nX XXXXX XX\nX        X\nXXXXXX XXX\nXTTX   XTX\nXTTXX XXTX\nX    b   X\nXXXXXXXXXX\n", "Health: 14 X: 7 Y: 10\nXXXXXXXXXX\nX   b    X\nX XXXXXX X\nXR     m\u221eX\nXXXX  XXXX\nX      M X\nX        X\nX      M X\nXXX  M XXX\nXe       X\nX      H X\nXXXXX XXXX\nX     X TX\nX XXXXX XX\nX        X\nXXXXXX XXX\nXTTX   XTX\nXTTXX XXTX\nX    b   X\nXXXXXXXXXX\n", "Health: 14 X: 6 Y: 10\nXXXXXXXXXX\nX   b    X\nX XXXXXX X\nXR    m \u221eX\nXXXX  XXXX\nX      M X\nX        X\nX      M X\nXXX   MXXX\nXe       X\nX     H  X\nXXXXX XXXX\nX     X TX\nX XXXXX XX\nX        X\nXXXXXX XXX\nXTTX   XTX\nXTTXX XXTX\nX    b   X\nXXXXXXXXXX\n", "Health: 14 X: 5 Y: 10\nXXXXXXXXXX\nX   b    X\nX XXXXXX X\nXR   m  \u221eX\nXXXX  XXXX\nX     M  X\nX        X\nX      M X\nXXX  M XXX\nXe       X\nX    H   X\nXXXXX XXXX\nX     X TX\nX XXXXX XX\nX        X\nXXXXXX XXX\nXTTX   XTX\nXTTXX XXTX\nX    b   X\nXXXXXXXXXX\n", "Health: 14 X: 4 Y: 10\nXXXXXXXXXX\nX   b    X\nX XXXXXX X\nXR  m   \u221eX\nXXXX  XXXX\nX    M   X\nX        X\nX      M X\nXXX M  XXX\nXe       X\nX   H    X\nXXXXX XXXX\nX     X TX\nX XXXXX XX\nX        X\nXXXXXX XXX\nXTTX   XTX\nXTTXX XXTX\nX    b   X\nXXXXXXXXXX\n", "Health: 14 X: 5 Y: 10\nXXXXXXXXXX\nX   b    X\nX XXXXXX X\nXR   m  \u221eX\nXXXX  XXXX\nX        X\nX    M   X\nX      M X\nXXX  M XXX\nXe       X\nX    H   X\nXXXXX XXXX\nX     X TX\nX XXXXX XX\nX        X\nXXXXXX XXX\nXTTX   XTX\nXTTXX XXTX\nX    b   X\nXXXXXXXXXX\n", "Health: 14 X: 5 Y: 11\nXXXXXXXXXX\nX   b    X\nX XXXXXX X\nXR      \u221eX\nXXXX mXXXX\nX        X\nX        X\nX    M M X\nXXX    XXX\nXe   M   X\nX        X\nXXXXXHXXXX\nX     X TX\nX XXXXX XX\nX        X\nXXXXXX XXX\nXTTX   XTX\nXTTXX XXTX\nX    b   X\nXXXXXXXXXX\n", "Health: 14 X: 5 Y: 12\nXXXXXXXXXX\nX   b    X\nX XXXXXX X\nXR      \u221eX\nXXXX  XXXX\nX    m   X\nX        X\nX      M X\nXXX  M XXX\nXe       X\nX    M   X\nXXXXX XXXX\nX    HX TX\nX XXXXX XX\nX        X\nXXXXXX XXX\nXTTX   XTX\nXTTXX XXTX\nX    b   X\nXXXXXXXXXX\n", "Health: 14 X: 4 Y: 12\nXXXXXXXXXX\nX   b    X\nX XXXXXX X\nXR      \u221eX\nXXXX  XXXX\nX        X\nX    m   X\nX      M X\nXXX  M XXX\nXe       X\nX    M   X\nXXXXX XXXX\nX   H X TX\nX XXXXX XX\nX        X\nXXXXXX XXX\nXTTX   XTX\nXTTXX XXTX\nX    b   X\nXXXXXXXXXX\n", "Health: 14 X: 3 Y: 12\nXXXXXXXXXX\nX   b    X\nX XXXXXX X\nXR      \u221eX\nXXXX  XXXX\nX        X\nX        X\nX    m M X\nXXX  M XXX\nXe       X\nX    M   X\nXXXXX XXXX\nX  H  X TX\nX XXXXX XX\nX        X\nXXXXXX XXX\nXTTX   XTX\nXTTXX XXTX\nX    b   X\nXXXXXXXXXX\n", "Health: 14 X: 2 Y: 12\nXXXXXXXXXX\nX   b    X\nX XXXXXX X\nXR      \u221eX\nXXXX  XXXX\nX        X\nX        X\nX      M X\nXXX  \u221e XXX\nXe       X\nX    M   X\nXXXXX XXXX\nX H   X TX\nX XXXXX XX\nX        X\nXXXXXX XXX\nXTTX   XTX\nXTTXX XXTX\nX    b   X\nXXXXXXXXXX\n", "Health: 14 X: 1 Y: 12\nXXXXXXXXXX\nX   b    X\nX XXXXXX X\nXR      \u221eX\nXXXX  XXXX\nX        X\nX        X\nX      M X\nXXX  \u221e XXX\nXe       X\nX    M   X\nXXXXX XXXX\nXH    X TX\nX XXXXX XX\nX        X\nXXXXXX XXX\nXTTX   XTX\nXTTXX XXTX\nX    b   X\nXXXXXXXXXX\n", "Health: 14 X: 1 Y: 13\nXXXXXXXXXX\nX   b    X\nX XXXXXX X\nXR      \u221eX\nXXXX  XXXX\nX        X\nX        X\nX      M X\nXXX  \u221e XXX\nXe       X\nX    M   X\nXXXXX XXXX\nX     X TX\nXHXXXXX XX\nX        X\nXXXXXX XXX\nXTTX   XTX\nXTTXX XXTX\nX    b   X\nXXXXXXXXXX\n", "Health: 14 X: 1 Y: 14\nXXXXXXXXXX\nX   b    X\nX XXXXXX X\nXR      \u221eX\nXXXX  XXXX\nX        X\nX        X\nX      M X\nXXX  \u221e XXX\nXe       X\nX    M   X\nXXXXX XXXX\nX     X TX\nX XXXXX XX\nXH       X\nXXXXXX XXX\nXTTX   XTX\nXTTXX XXTX\nX    b   X\nXXXXXXXXXX\n", "Health: 14 X: 2 Y: 14\nXXXXXXXXXX\nX   b    X\nX XXXXXX X\nXR      \u221eX\nXXXX  XXXX\nX        X\nX        X\nX      M X\nXXX  \u221e XXX\nXe       X\nX    M   X\nXXXXX XXXX\nX     X TX\nX XXXXX XX\nX H      X\nXXXXXX XXX\nXTTX   XTX\nXTTXX XXTX\nX    b   X\nXXXXXXXXXX\n", "Health: 14 X: 3 Y: 14\nXXXXXXXXXX\nX   b    X\nX XXXXXX X\nXR      \u221eX\nXXXX  XXXX\nX        X\nX        X\nX      M X\nXXX  \u221e XXX\nXe       X\nX    M   X\nXXXXX XXXX\nX     X TX\nX XXXXX XX\nX  H     X\nXXXXXX XXX\nXTTX   XTX\nXTTXX XXTX\nX    b   X\nXXXXXXXXXX\n", "Health: 14 X: 4 Y: 14\nXXXXXXXXXX\nX   b    X\nX XXXXXX X\nXR      \u221eX\nXXXX  XXXX\nX        X\nX        X\nX      M X\nXXX  \u221e XXX\nXe   m   X\nX    M   X\nXXXXX XXXX\nX     X TX\nX XXXXX XX\nX   H    X\nXXXXXX XXX\nXTTX   XTX\nXTTXX XXTX\nX    b   X\nXXXXXXXXXX\n", "Health: 14 X: 5 Y: 14\nXXXXXXXXXX\nX   b    X\nX XXXXXX X\nXR      \u221eX\nXXXX  XXXX\nX        X\nX        X\nX      M X\nXXX  \u221e XXX\nXe       X\nX    \u221e   X\nXXXXX XXXX\nX     X TX\nX XXXXX XX\nX    H   X\nXXXXXX XXX\nXTTX   XTX\nXTTXX XXTX\nX    b   X\nXXXXXXXXXX\n", "Health: 14 X: 6 Y: 14\nXXXXXXXXXX\nX   b    X\nX XXXXXX X\nXR      \u221eX\nXXXX  XXXX\nX        X\nX        X\nX      M X\nXXX  \u221e XXX\nXe       X\nX    \u221e   X\nXXXXX XXXX\nX     X TX\nX XXXXX XX\nX     H  X\nXXXXXX XXX\nXTTX   XTX\nXTTXXbXXTX\nX        X\nXXXXXXXXXX\n", "Health: 14 X: 6 Y: 15\nXXXXXXXXXX\nX   b    X\nX XXXXXX X\nXR      \u221eX\nXXXX  XXXX\nX        X\nX        X\nX      M X\nXXX  \u221e XXX\nXe       X\nX    \u221e   X\nXXXXX XXXX\nX     X TX\nX XXXXX XX\nX        X\nXXXXXXHXXX\nXTTX b XTX\nXTTXX XXTX\nX        X\nXXXXXXXXXX\n", "Health: 13 X: 6 Y: 16\nXXXXXXXXXX\nX   b    X\nX XXXXXX X\nXR      \u221eX\nXXXX  XXXX\nX        X\nX        X\nX      M X\nXXX  \u221e XXX\nXe       X\nX    \u221e   X\nXXXXX XXXX\nX     X TX\nX XXXXX XX\nX        X\nXXXXXX XXX\nXTTX \u221eHXTX\nXTTXX XXTX\nX        X\nXXXXXXXXXX\n", "Health: 13 X: 5 Y: 16\nXXXXXXXXXX\nX   b    X\nX XXXXXX X\nXR      \u221eX\nXXXX  XXXX\nX        X\nX        X\nX      M X\nXXX  \u221e XXX\nXe       X\nX    \u221e   X\nXXXXX XXXX\nX     X TX\nX XXXXX XX\nX        X\nXXXXXX XXX\nXTTX \u221e XTX\nXTTXX XXTX\nX        X\nXXXXXXXXXX\n", "Health: 13 X: 5 Y: 17\nXXXXXXXXXX\nX   b    X\nX XXXXXX X\nXR      \u221eX\nXXXX  XXXX\nX        X\nX        X\nX      M X\nXXX  \u221e XXX\nXe       X\nX    \u221e   X\nXXXXX XXXX\nX     X TX\nX XXXXX XX\nX        X\nXXXXXX XXX\nXTTX \u221e XTX\nXTTXXHXXTX\nX        X\nXXXXXXXXXX\n", "Health: 13 X: 5 Y: 18\nXXXXXXXXXX\nX   b    X\nX XXXXXX X\nXR      \u221eX\nXXXX  XXXX\nX        X\nX        X\nX      M X\nXXX  \u221e XXX\nXe       X\nX    \u221e   X\nXXXXXmXXXX\nX     X TX\nX XXXXX XX\nX        X\nXXXXXX XXX\nXTTX \u221e XTX\nXTTXX XXTX\nX    H   X\nXXXXXXXXXX\n", "Health: 13 X: 4 Y: 18\nXXXXXXXXXX\nX   b    X\nX XXXXXX X\nXR      \u221eX\nXXXX  XXXX\nX        X\nX        X\nX      M X\nXXX  \u221e XXX\nXe       X\nX    \u221e   X\nXXXXX XXXX\nX    mX TX\nX XXXXX XX\nX        X\nXXXXXX XXX\nXTTX \u221e XTX\nXTTXX XXTX\nX   H    X\nXXXXXXXXXX\n", "Health: 13 X: 3 Y: 18\nXXXXXXXXXX\nX   b    X\nX XXXXXX X\nXR      \u221eX\nXXXX  XXXX\nX        X\nX        X\nX      M X\nXXX  \u221e XXX\nXe       X\nX    \u221e   X\nXXXXX XXXX\nX   m X TX\nX XXXXX XX\nX        X\nXXXXXX XXX\nXTTX \u221e XTX\nXTTXX XXTX\nX  H     X\nXXXXXXXXXX\n", "Health: 13 X: 2 Y: 18\nXXXXXXXXXX\nX   b    X\nX XXXXXX X\nXR      \u221eX\nXXXX  XXXX\nX        X\nX        X\nX      M X\nXXX  \u221e XXX\nXe       X\nX    \u221e   X\nXXXXX XXXX\nX  m  X TX\nX XXXXX XX\nX        X\nXXXXXX XXX\nXTTX \u221e XTX\nXTTXX XXTX\nX H      X\nXXXXXXXXXX\n", "Health: 13 X: 1 Y: 18\nXXXXXXXXXX\nX   b    X\nX XXXXXX X\nXR      \u221eX\nXXXX  XXXX\nX        X\nX        X\nX      M X\nXXX  \u221e XXX\nXe       X\nX    \u221e   X\nXXXXX XXXX\nX m   X TX\nX XXXXX XX\nX        X\nXXXXXX XXX\nXTTX \u221e XTX\nXTTXX XXTX\nXH       X\nXXXXXXXXXX\n", "Health: 13 X: 1 Y: 17\nXXXXXXXXXX\nX   b    X\nX XXXXXX X\nXR      \u221eX\nXXXX  XXXX\nX        X\nX        X\nX      M X\nXXX  \u221e XXX\nXe       X\nX    \u221e   X\nXXXXX XXXX\nXm    X TX\nX XXXXX XX\nX        X\nXXXXXX XXX\nXTTX \u221e XTX\nX TXX XXTX\nX        X\nXXXXXXXXXX\n", "Health: 13 X: 1 Y: 16\nXXXXXXXXXX\nX   b    X\nX XXXXXX X\nXR      \u221eX\nXXXX  XXXX\nX        X\nX        X\nX      M X\nXXX  \u221e XXX\nXe       X\nX    \u221e   X\nXXXXX XXXX\nX     X TX\nXmXXXXX XX\nX        X\nXXXXXX XXX\nX TX \u221e XTX\nX TXX XXTX\nX        X\nXXXXXXXXXX\n", "Health: 13 X: 2 Y: 16\nXXXXXXXXXX\nX   b    X\nX XXXXXX X\nXR      \u221eX\nXXXX  XXXX\nX        X\nX        X\nX      M X\nXXX  \u221e XXX\nXe       X\nX    \u221e   X\nXXXXX XXXX\nX     X TX\nX XXXXX XX\nXm       X\nXXXXXX XXX\nX  X \u221e XTX\nX TXX XXTX\nX        X\nXXXXXXXXXX\n", "Health: 13 X: 2 Y: 17\nXXXXXXXXXX\nX   b    X\nX XXXXXX X\nXR      \u221eX\nXXXX  XXXX\nX        X\nX        X\nX      M X\nXXX  \u221e XXX\nXe       X\nX    \u221e   X\nXXXXX XXXX\nX     X TX\nX XXXXX XX\nX m      X\nXXXXXX XXX\nX  X \u221e XTX\nX  XX XXTX\nX        X\nXXXXXXXXXX\n", "Health: 13 X: 2 Y: 18\nXXXXXXXXXX\nX   b    X\nX XXXXXX X\nXR      \u221eX\nXXXX  XXXX\nX        X\nX        X\nX      M X\nXXX  \u221e XXX\nXe       X\nX    \u221e   X\nXXXXX XXXX\nX     X TX\nX XXXXX XX\nX  m     X\nXXXXXX XXX\nX  X \u221e XTX\nX  XX XXTX\nX H      X\nXXXXXXXXXX\n", "Health: 13 X: 3 Y: 18\nXXXXXXXXXX\nX   b    X\nX XXXXXX X\nXR      \u221eX\nXXXX  XXXX\nX        X\nX        X\nX      M X\nXXX  \u221e XXX\nXe       X\nX    \u221e   X\nXXXXX XXXX\nX     X TX\nX XXXXX XX\nX   m    X\nXXXXXX XXX\nX  X \u221e XTX\nX  XX XXTX\nX  H     X\nXXXXXXXXXX\n", "Health: 13 X: 4 Y: 18\nXXXXXXXXXX\nX   b    X\nX XXXXXX X\nXR      \u221eX\nXXXX  XXXX\nX        X\nX        X\nX      M X\nXXX  \u221e XXX\nXe       X\nX    \u221e   X\nXXXXX XXXX\nX     X TX\nX XXXXX XX\nX    m   X\nXXXXXX XXX\nX  X \u221e XTX\nX  XX XXTX\nX   H    X\nXXXXXXXXXX\n", "Health: 13 X: 5 Y: 18\nXXXXXXXXXX\nX   b    X\nX XXXXXX X\nXR      \u221eX\nXXXX  XXXX\nX        X\nX        X\nX      M X\nXXX  \u221e XXX\nXe       X\nX    \u221e   X\nXXXXX XXXX\nX     X TX\nX XXXXX XX\nX     m  X\nXXXXXX XXX\nX  X \u221e XTX\nX  XX XXTX\nX    H   X\nXXXXXXXXXX\n", "Health: 13 X: 6 Y: 18\nXXXXXXXXXX\nX   b    X\nX XXXXXX X\nXR      \u221eX\nXXXX  XXXX\nX        X\nX        X\nX      M X\nXXX  \u221e XXX\nXe       X\nX    \u221e   X\nXXXXX XXXX\nX     X TX\nX XXXXX XX\nX        X\nXXXXXXmXXX\nX  X \u221e XTX\nX  XX XXTX\nX     H  X\nXXXXXXXXXX\n", "Health: 13 X: 5 Y: 18\nXXXXXXXXXX\nX   b    X\nX XXXXXX X\nXR      \u221eX\nXXXX  XXXX\nX        X\nX        X\nX      M X\nXXX  \u221e XXX\nXe       X\nX    \u221e   X\nXXXXX XXXX\nX     X TX\nX XXXXX XX\nX        X\nXXXXXX XXX\nX  X \u221emXTX\nX  XX XXTX\nX    H   X\nXXXXXXXXXX\n", "Health: 13 X: 5 Y: 17\nXXXXXXXXXX\nX   b    X\nX XXXXXX X\nXR      \u221eX\nXXXX  XXXX\nX        X\nX        X\nX      M X\nXXX  \u221e XXX\nXe       X\nX    \u221e   X\nXXXXX XXXX\nX     X TX\nX XXXXX XX\nX        X\nXXXXXX XXX\nX  X \u221e XTX\nX  XXHXXTX\nX        X\nXXXXXXXXXX\n", "Health: 12 X: 5 Y: 16\nXXXXXXXXXX\nX   b    X\nX XXXXXX X\nXR      \u221eX\nXXXX  XXXX\nX        X\nX        X\nX      M X\nXXX  \u221e XXX\nXe       X\nX    \u221e   X\nXXXXX XXXX\nX     X TX\nX XXXXX XX\nX        X\nXXXXXX XXX\nX  X \u221e XTX\nX  XX XXTX\nX        X\nXXXXXXXXXX\n", "Health: 12 X: 6 Y: 16\nXXXXXXXXXX\nX   b    X\nX XXXXXX X\nXR      \u221eX\nXXXX  XXXX\nX        X\nX        X\nX      M X\nXXX  \u221e XXX\nXe       X\nX    \u221e   X\nXXXXX XXXX\nX     X TX\nX XXXXX XX\nX        X\nXXXXXX XXX\nX  X \u221eHXTX\nX  XX XXTX\nX        X\nXXXXXXXXXX\n", "Health: 12 X: 6 Y: 15\nXXXXXXXXXX\nX   b    X\nX XXXXXX X\nXR      \u221eX\nXXXX  XXXX\nX        X\nX        X\nX      M X\nXXX  \u221e XXX\nXe       X\nX    \u221e   X\nXXXXX XXXX\nX     X TX\nX XXXXX XX\nX        X\nXXXXXXHXXX\nX  X \u221e XTX\nX  XX XXTX\nX        X\nXXXXXXXXXX\n", "Health: 12 X: 6 Y: 14\nXXXXXXXXXX\nX   b    X\nX XXXXXX X\nXR      \u221eX\nXXXX  XXXX\nX        X\nX        X\nX      M X\nXXX  \u221e XXX\nXe       X\nX    \u221e   X\nXXXXX XXXX\nX     X TX\nX XXXXX XX\nX     H  X\nXXXXXX XXX\nX  X \u221e XTX\nX  XX XXTX\nX        X\nXXXXXXXXXX\n", "Health: 12 X: 5 Y: 14\nXXXXXXXXXX\nX   b    X\nX XXXXXX X\nXR      \u221eX\nXXXX  XXXX\nX        X\nX        X\nX      M X\nXXX  \u221e XXX\nXe       X\nX    \u221e   X\nXXXXX XXXX\nX     X TX\nX XXXXX XX\nX    H   X\nXXXXXX XXX\nX  X \u221e XTX\nX  XX XXTX\nX        X\nXXXXXXXXXX\n", "Health: 12 X: 4 Y: 14\nXXXXXXXXXX\nX   b    X\nX XXXXXX X\nXR      \u221eX\nXXXX  XXXX\nX        X\nX        X\nX      M X\nXXX  \u221e XXX\nXe       X\nX    \u221e   X\nXXXXX XXXX\nX     X TX\nX XXXXX XX\nX   H    X\nXXXXXX XXX\nX  X \u221emXTX\nX  XX XXTX\nX        X\nXXXXXXXXXX\n", "Health: 12 X: 3 Y: 14\nXXXXXXXXXX\nX   b    X\nX XXXXXX X\nXR      \u221eX\nXXXX  XXXX\nX        X\nX        X\nX      M X\nXXX  \u221e XXX\nXe       X\nX    \u221e   X\nXXXXX XXXX\nX     X TX\nX XXXXX XX\nX  H     X\nXXXXXXmXXX\nX  X \u221e XTX\nX  XX XXTX\nX        X\nXXXXXXXXXX\n", "Health: 12 X: 2 Y: 14\nXXXXXXXXXX\nX   b    X\nX XXXXXX X\nXR      \u221eX\nXXXX  XXXX\nX        X\nX        X\nX      M X\nXXX  \u221e XXX\nXe       X\nX    \u221e   X\nXXXXX XXXX\nX     X TX\nX XXXXX XX\nX H   m  X\nXXXXXX XXX\nX  X \u221e XTX\nX  XX XXTX\nX        X\nXXXXXXXXXX\n", "Health: 12 X: 1 Y: 14\nXXXXXXXXXX\nX   b    X\nX XXXXXX X\nXR      \u221eX\nXXXX  XXXX\nX        X\nX        X\nX      M X\nXXX  \u221e XXX\nXe       X\nX    \u221e   X\nXXXXX XXXX\nX     X TX\nX XXXXX XX\nXH   m   X\nXXXXXX XXX\nX  X \u221e XTX\nX  XX XXTX\nX        X\nXXXXXXXXXX\n", "Health: 12 X: 1 Y: 13\nXXXXXXXXXX\nX   b    X\nX XXXXXX X\nXR      \u221eX\nXXXX  XXXX\nX        X\nX        X\nX      M X\nXXX  \u221e XXX\nXe       X\nX    \u221e   X\nXXXXX XXXX\nX     X TX\nXHXXXXX XX\nX   m    X\nXXXXXX XXX\nX  X \u221e XTX\nX  XX XXTX\nX        X\nXXXXXXXXXX\n", "Health: 12 X: 1 Y: 12\nXXXXXXXXXX\nX   b    X\nX XXXXXX X\nXR      \u221eX\nXXXX  XXXX\nX        X\nX        X\nX      M X\nXXX  \u221e XXX\nXe       X\nX    \u221e   X\nXXXXX XXXX\nXH    X TX\nX XXXXX XX\nX  m     X\nXXXXXX XXX\nX  X \u221e XTX\nX  XX XXTX\nX        X\nXXXXXXXXXX\n", "Health: 12 X: 2 Y: 12\nXXXXXXXXXX\nX   b    X\nX XXXXXX X\nXR      \u221eX\nXXXX  XXXX\nX        X\nX        X\nX      M X\nXXX  \u221e XXX\nXe       X\nX    \u221e   X\nXXXXX XXXX\nX H   X TX\nX XXXXX XX\nX m      X\nXXXXXX XXX\nX  X \u221e XTX\nX  XX XXTX\nX        X\nXXXXXXXXXX\n", "Health: 12 X: 3 Y: 12\nXXXXXXXXXX\nX   b    X\nX XXXXXX X\nXR      \u221eX\nXXXX  XXXX\nX        X\nX        X\nX      M X\nXXX  \u221e XXX\nXe       X\nX    \u221e   X\nXXXXX XXXX\nX  H  X TX\nX XXXXX XX\nXm       X\nXXXXXX XXX\nX  X \u221e XTX\nX  XX XXTX\nX        X\nXXXXXXXXXX\n", "Health: 12 X: 4 Y: 12\nXXXXXXXXXX\nX   b    X\nX XXXXXX X\nXR      \u221eX\nXXXX  XXXX\nX        X\nX        X\nX      M X\nXXX  \u221e XXX\nXe       X\nX    \u221e   X\nXXXXX XXXX\nX   H X TX\nXmXXXXX XX\nX        X\nXXXXXX XXX\nX  X \u221e XTX\nX  XX XXTX\nX        X\nXXXXXXXXXX\n", "Health: 12 X: 5 Y: 12\nXXXXXXXXXX\nX   b    X\nX XXXXXX X\nXR      \u221eX\nXXXX  XXXX\nX        X\nX        X\nX      M X\nXXX  \u221e XXX\nXe       X\nX    \u221e   X\nXXXXX XXXX\nXm   HX TX\nX XXXXX XX\nX        X\nXXXXXX XXX\nX  X \u221e XTX\nX  XX XXTX\nX        X\nXXXXXXXXXX\n", "Health: 12 X: 5 Y: 11\nXXXXXXXXXX\nX   b    X\nX XXXXXX X\nXR      \u221eX\nXXXX  XXXX\nX        X\nX        X\nX      M X\nXXX  \u221e XXX\nXe       X\nX    \u221e   X\nXXXXXHXXXX\nX m   X TX\nX XXXXX XX\nX        X\nXXXXXX XXX\nX  X \u221e XTX\nX  XX XXTX\nX        X\nXXXXXXXXXX\n", "Health: 12 X: 5 Y: 10\nXXXXXXXXXX\nX   b    X\nX XXXXXX X\nXR      \u221eX\nXXXX  XXXX\nX        X\nX        X\nX      M X\nXXX  \u221e XXX\nXe       X\nX    \u221e   X\nXXXXX XXXX\nX  m  X TX\nX XXXXX XX\nX        X\nXXXXXX XXX\nX  X \u221e XTX\nX  XX XXTX\nX        X\nXXXXXXXXXX\n", "Health: 12 X: 4 Y: 10\nXXXXXXXXXX\nX   b    X\nX XXXXXX X\nXR      \u221eX\nXXXX  XXXX\nX        X\nX        X\nX      M X\nXXX  \u221e XXX\nXe       X\nX   H\u221e   X\nXXXXX XXXX\nX   m X TX\nX XXXXX XX\nX        X\nXXXXXX XXX\nX  X \u221e XTX\nX  XX XXTX\nX        X\nXXXXXXXXXX\n", "Health: 12 X: 3 Y: 10\nXXXXXXXXXX\nX   b    X\nX XXXXXX X\nXR      \u221eX\nXXXX  XXXX\nX        X\nX        X\nX     M  X\nXXX  \u221e XXX\nXe       X\nX  H \u221e   X\nXXXXX XXXX\nX    mX TX\nX XXXXX XX\nX        X\nXXXXXX XXX\nX  X \u221e XTX\nX  XX XXTX\nX        X\nXXXXXXXXXX\n", "Health: 12 X: 2 Y: 10\nXXXXXXXXXX\nX   b    X\nX XXXXXX X\nXR      \u221eX\nXXXX  XXXX\nX        X\nX        X\nX    M   X\nXXX  \u221e XXX\nXe       X\nX H  \u221e   X\nXXXXXmXXXX\nX     X TX\nX XXXXX XX\nX        X\nXXXXXX XXX\nX  X \u221e XTX\nX  XX XXTX\nX        X\nXXXXXXXXXX\n", "Health: 12 X: 1 Y: 10\nXXXXXXXXXX\nX   b    X\nX XXXXXX X\nXR      \u221eX\nXXXX  XXXX\nX        X\nX        X\nX   M    X\nXXX  \u221e XXX\nXe       X\nXH   \u221e   X\nXXXXX XXXX\nX     X TX\nX XXXXX XX\nX        X\nXXXXXX XXX\nX  X \u221e XTX\nX  XX XXTX\nX        X\nXXXXXXXXXX\n", "Health: 12 X: 1 Y: 9\nXXXXXXXXXX\nX   b    X\nX XXXXXX X\nXR      \u221eX\nXXXX  XXXX\nX        X\nX        X\nX   M    X\nXXX  \u221e XXX\nXe   m   X\nX    \u221e   X\nXXXXX XXXX\nX     X TX\nX XXXXX XX\nX        X\nXXXXXX XXX\nX  X \u221e XTX\nX  XX XXTX\nX        X\nXXXXXXXXXX\n"], "map_number": 102}], "timestamp": "11-Aug-2021 01:07:16.297402", "ip": "47.151.144.214"}