{"Q1": "Once a week", "Q2": "Sometimes", "Q3": "Sometimes", "Q4": "Often", "Q5": "Often", "Q6": "Rarely", "Q7": "Sometimes", "Q8": "Sometimes", "Q9": "Often", "Q10": "Sometimes", "results": [{"mechanics": [{"timestep": 1, "mechanic": "OgreHit"}, {"timestep": 2, "mechanic": "BlobPotion"}, {"timestep": 2, "mechanic": "BlobPotion"}, {"timestep": 3, "mechanic": "OgreHit"}, {"timestep": 6, "mechanic": "BlobPotion"}, {"timestep": 12, "mechanic": "ReachStairs"}], "frequencies": {"OgreHit": 2, "BlobPotion": 3, "ReachStairs": 1}, "levelReport": {"utilityGained": 0.0, "exitUtility": 1.0, "runnerUtility": 0.87, "loitererUtility": 13.0, "completionistUtility": 0.3466666666666667, "monsterKillerUtility": 0.43999999999999995, "treasureCollectorUtility": 0.3, "turnsTaken": 13, "health": 6, "healthLost": 4, "alive": true, "javelinsThrown": 0, "monsterKills": 1, "minitaurKnockouts": 0, "treasuresCollected": 0, "potionsTaken": 0, "totalMonsters": 6, "totalTreasures": 6, "totalPotions": 4, "timeTaken": 0.0}, "positions": [{"X": 5, "Y": 10}, {"X": 5, "Y": 9}, {"X": 5, "Y": 8}, {"X": 6, "Y": 8}, {"X": 6, "Y": 7}, {"X": 6, "Y": 6}, {"X": 6, "Y": 5}, {"X": 6, "Y": 4}, {"X": 6, "Y": 3}, {"X": 6, "Y": 2}, {"X": 5, "Y": 2}, {"X": 4, "Y": 2}, {"X": 4, "Y": 1}], "levelStates": ["Health: 10 X: 5 Y: 10\nXXXXXXXXXX\nXMX e X TX\nX        X\nX   X   XX\nX   T    X\nXX  XX   X\nX P     bX\nX X X  X X\nXT       X\nX     o  X\nX  X H XPX\nX        X\nXX      XX\nX        X\nXb      bX\nX X T  X X\nXP   m  PX\nX        X\nXT TXT TXX\nXXXXXXXXXX\n", "Health: 8 X: 5 Y: 9\nXXXXXXXXXX\nXMX e X TX\nX        X\nX   X   XX\nX   T    X\nXX  XX   X\nX P      X\nX X X  XbX\nXT       X\nX    Ho  X\nX  X   XPX\nX        X\nXX      XX\nX        X\nX        X\nXbX Tm XbX\nXP      PX\nX        X\nXT TXT TXX\nXXXXXXXXXX\n", "Health: 8 X: 5 Y: 8\nXXXXXXXXXX\nXMX e X TX\nX        X\nX   X   XX\nX   T    X\nXX  XX   X\nX P      X\nX X X  X X\nXT   Ho bX\nX        X\nX  X   XPX\nX        X\nXX      XX\nX        X\nX    m   X\nX X T  X X\nX        X\nX        X\nXT TXT TXX\nXXXXXXXXXX\n", "Health: 6 X: 6 Y: 8\nXXXXXXXXXX\nXMX e X TX\nX        X\nX   X   XX\nX   T    X\nXX  XX   X\nX P      X\nX X X  X X\nXT    \u221eb X\nX        X\nX  X   XPX\nX        X\nXX      XX\nX    m   X\nX        X\nX X T  X X\nX        X\nX        X\nXT TXT TXX\nXXXXXXXXXX\n", "Health: 6 X: 6 Y: 7\nXXXXXXXXXX\nXMX e X TX\nX        X\nX   X   XX\nX   T    X\nXX  XX   X\nX P      X\nX X X HX X\nXT    \u221e bX\nX        X\nX  X   XPX\nX        X\nXX   m  XX\nX        X\nX        X\nX X T  X X\nX        X\nX        X\nXT TXT TXX\nXXXXXXXXXX\n", "Health: 6 X: 6 Y: 6\nXXXXXXXXXX\nXMX e X TX\nX        X\nX   X   XX\nX   T    X\nXX  XX   X\nX P   H  X\nX X X  X X\nXT    \u221e  X\nX       bX\nX  X   XPX\nX    m   X\nXX      XX\nX        X\nX        X\nX X T  X X\nX        X\nX        X\nXT TXT TXX\nXXXXXXXXXX\n", "Health: 6 X: 6 Y: 5\nXXXXXXXXXX\nXMX e X TX\nX        X\nX   X   XX\nX   T    X\nXX  XXH  X\nX P      X\nX X X  X X\nXT    \u221e  X\nX        X\nX  X m X X\nX        X\nXX      XX\nX        X\nX        X\nX X T  X X\nX        X\nX        X\nXT TXT TXX\nXXXXXXXXXX\n", "Health: 6 X: 6 Y: 4\nXXXXXXXXXX\nXMX e X TX\nX        X\nX   X   XX\nX   T H  X\nXX  XX   X\nX P      X\nX X X  X X\nXT    \u221e  X\nX    m   X\nX  X   X X\nX        X\nXX      XX\nX        X\nX        X\nX X T  X X\nX        X\nX        X\nXT TXT TXX\nXXXXXXXXXX\n", "Health: 6 X: 6 Y: 3\nXXXXXXXXXX\nXMX e X TX\nX        X\nX   X H XX\nX   T    X\nXX  XX   X\nX P      X\nX X X  X X\nXT   m\u221e  X\nX        X\nX  X   X X\nX        X\nXX      XX\nX        X\nX        X\nX X T  X X\nX        X\nX        X\nXT TXT TXX\nXXXXXXXXXX\n", "Health: 6 X: 6 Y: 2\nXXXXXXXXXX\nXMX e X TX\nX     H  X\nX   X   XX\nX   T    X\nXX  XX   X\nX P      X\nX X Xm X X\nXT    \u221e  X\nX        X\nX  X   X X\nX        X\nXX      XX\nX        X\nX        X\nX X T  X X\nX        X\nX        X\nXT TXT TXX\nXXXXXXXXXX\n", "Health: 6 X: 5 Y: 2\nXXXXXXXXXX\nXMX e X TX\nX    H   X\nX   X   XX\nX   T    X\nXX  XX   X\nX P  m   X\nX X X  X X\nXT    \u221e  X\nX        X\nX  X   X X\nX        X\nXX      XX\nX        X\nX        X\nX X T  X X\nX        X\nX        X\nXT TXT TXX\nXXXXXXXXXX\n", "Health: 6 X: 4 Y: 2\nXXXXXXXXXX\nXMX e X TX\nX   H    X\nX   X   XX\nX   T    X\nXX  XX   X\nX P m    X\nX X X  X X\nXT    \u221e  X\nX        X\nX  X   X X\nX        X\nXX      XX\nX        X\nX        X\nX X T  X X\nX        X\nX        X\nXT TXT TXX\nXXXXXXXXXX\n", "Health: 6 X: 4 Y: 1\nXXXXXXXXXX\nXMX e X TX\nX        X\nX   X   XX\nX   T    X\nXX  XX   X\nX Pm     X\nX X X  X X\nXT    \u221e  X\nX        X\nX  X   X X\nX        X\nXX      XX\nX        X\nX        X\nX X T  X X\nX        X\nX        X\nXT TXT TXX\nXXXXXXXXXX\n"], "map_number": 202}, {"mechanics": [{"timestep": 0, "mechanic": "CollectTreasure"}, {"timestep": 3, "mechanic": "CollectTreasure"}, {"timestep": 3, "mechanic": "OgreTreasure"}, {"timestep": 5, "mechanic": "MinitaurHit"}, {"timestep": 6, "mechanic": "MinitaurHit"}, {"timestep": 8, "mechanic": "MinitaurHit"}, {"timestep": 24, "mechanic": "ReachStairs"}], "frequencies": {"CollectTreasure": 2, "OgreTreasure": 1, "MinitaurHit": 3, "ReachStairs": 1}, "levelReport": {"utilityGained": 0.0, "exitUtility": 1.0, "runnerUtility": 0.75, "loitererUtility": 25.0, "completionistUtility": 0.3466666666666667, "monsterKillerUtility": 0.3, "treasureCollectorUtility": 0.43999999999999995, "turnsTaken": 25, "health": 9, "healthLost": 1, "alive": true, "javelinsThrown": 0, "monsterKills": 0, "minitaurKnockouts": 1, "treasuresCollected": 2, "potionsTaken": 0, "totalMonsters": 5, "totalTreasures": 10, "totalPotions": 1, "timeTaken": 0.0}, "positions": [{"X": 6, "Y": 3}, {"X": 5, "Y": 3}, {"X": 4, "Y": 3}, {"X": 3, "Y": 3}, {"X": 4, "Y": 3}, {"X": 5, "Y": 3}, {"X": 5, "Y": 2}, {"X": 5, "Y": 1}, {"X": 5, "Y": 2}, {"X": 5, "Y": 3}, {"X": 5, "Y": 4}, {"X": 5, "Y": 5}, {"X": 5, "Y": 6}, {"X": 5, "Y": 7}, {"X": 5, "Y": 8}, {"X": 5, "Y": 9}, {"X": 5, "Y": 10}, {"X": 5, "Y": 11}, {"X": 5, "Y": 12}, {"X": 5, "Y": 13}, {"X": 5, "Y": 14}, {"X": 5, "Y": 15}, {"X": 5, "Y": 16}, {"X": 5, "Y": 17}, {"X": 5, "Y": 18}], "levelStates": ["Health: 10 X: 6 Y: 3\nXXXXXXXXXX\nX m   tTTX\nXXXXX XXXX\nXX T     X\nXX XX XX X\nX   X X oX\nX   X X  X\nX  bX XT X\nXX XX XXTX\nX P X X  X\nXX XX XTXX\nX  TX X TX\nX M X X TX\nX   X X  X\nXX XX XTXX\nX R X X  X\nX   X XXTX\nX XXX X  X\nX    e   X\nXXXXXXXXXX\n", "Health: 10 X: 5 Y: 3\nXXXXXXXXXX\nX  m  tTTX\nXXXXX XXXX\nXX T H   X\nXX XX XX X\nX   X Xo X\nX   X X  X\nX  bX XT X\nXX XX XXTX\nX P X X  X\nXX XX XTXX\nX  TX X TX\nX M X X TX\nX   X X  X\nXX XX XTXX\nX R X X  X\nX   X XXTX\nX XXX X  X\nX    e   X\nXXXXXXXXXX\n", "Health: 10 X: 4 Y: 3\nXXXXXXXXXX\nX   m tTTX\nXXXXX XXXX\nXX TH    X\nXX XX XX X\nX   X X  X\nX   X Xo X\nX  bX XT X\nXX XX XXTX\nX P X X  X\nXX XX XTXX\nX  TX X TX\nX M X X TX\nX   X X  X\nXX XX XTXX\nX R X X  X\nX   X XXTX\nX XXX X  X\nX    e   X\nXXXXXXXXXX\n", "Health: 10 X: 3 Y: 3\nXXXXXXXXXX\nX    mtTTX\nXXXXX XXXX\nXX       X\nXX XX XX X\nX   X X  X\nX   X X  X\nX  bX X  X\nXX XX XXTX\nX P X X  X\nXX XX XTXX\nX  TX X TX\nX M X X TX\nX   X X  X\nXX XX XTXX\nX R X X  X\nX   X XXTX\nX XXX X  X\nX    e   X\nXXXXXXXXXX\n", "Health: 10 X: 4 Y: 3\nXXXXXXXXXX\nX     tTTX\nXXXXXmXXXX\nXX  H    X\nXX XX XX X\nX   X X  X\nX   X X  X\nX  bX X  X\nXX XX XXTX\nX P X X  X\nXX XX XTXX\nX  TX X TX\nX M X X TX\nX   X X  X\nXX XX XTXX\nX R X X  X\nX   X XXTX\nX XXX X  X\nX    e   X\nXXXXXXXXXX\n", "Health: 9 X: 5 Y: 3\nXXXXXXXXXX\nX     tTTX\nXXXXXmXXXX\nXX   H   X\nXX XX XX X\nX   X X  X\nX   X X  X\nX  bX X  X\nXX XX XXTX\nX P X X  X\nXX XX XTXX\nX  TX X TX\nX M X X TX\nX   X X  X\nXX XX XTXX\nX R X X  X\nX   X XXTX\nX XXX X  X\nX    e   X\nXXXXXXXXXX\n", "Health: 9 X: 5 Y: 2\nXXXXXXXXXX\nX     tTTX\nXXXXXmXXXX\nXX       X\nXX XX XX X\nX   X X  X\nX   X X  X\nX  bX X  X\nXX XX XXTX\nX P X X  X\nXX XX XTXX\nX  TX X TX\nX M X X TX\nX   X X  X\nXX XX XTXX\nX R X X  X\nX   X XXTX\nX XXX X  X\nX    e   X\nXXXXXXXXXX\n", "Health: 9 X: 5 Y: 1\nXXXXXXXXXX\nX    HtTTX\nXXXXXmXXXX\nXX       X\nXX XX XX X\nX   X X  X\nX   X X  X\nX  bX X  X\nXX XX XXTX\nX P X X  X\nXX XX XTXX\nX  TX X TX\nX M X X TX\nX   X X  X\nXX XX XTXX\nX R X X  X\nX   X XXTX\nX XXX X  X\nX    e   X\nXXXXXXXXXX\n", "Health: 9 X: 5 Y: 2\nXXXXXXXXXX\nX     tTTX\nXXXXXmXXXX\nXX       X\nXX XX XX X\nX   X X  X\nX   X X  X\nX  bX X  X\nXX XX XXTX\nX P X X  X\nXX XX XTXX\nX  TX X TX\nX M X X TX\nX   X X  X\nXX XX XTXX\nX R X X  X\nX   X XXTX\nX XXX X  X\nX    e   X\nXXXXXXXXXX\n", "Health: 9 X: 5 Y: 3\nXXXXXXXXXX\nX     tTTX\nXXXXXmXXXX\nXX   H   X\nXX XX XX X\nX   X X  X\nX   X X  X\nX  bX X  X\nXX XX XXTX\nX P X X  X\nXX XX XTXX\nX  TX X TX\nX M X X TX\nX   X X  X\nXX XX XTXX\nX R X X  X\nX   X XXTX\nX XXX X  X\nX    e   X\nXXXXXXXXXX\n", "Health: 9 X: 5 Y: 4\nXXXXXXXXXX\nX     tTTX\nXXXXXmXXXX\nXX       X\nXX XXHXX X\nX   X X  X\nX   X X  X\nX  bX X  X\nXX XX XXTX\nX P X X  X\nXX XX XTXX\nX  TX X TX\nX M X X TX\nX   X X  X\nXX XX XTXX\nX R X X  X\nX   X XXTX\nX XXX X  X\nX    e   X\nXXXXXXXXXX\n", "Health: 9 X: 5 Y: 5\nXXXXXXXXXX\nX     tTTX\nXXXXX XXXX\nXX   m   X\nXX XX XX X\nX   XHX  X\nX   X X  X\nX  bX X  X\nXX XX XXTX\nX P X X  X\nXX XX XTXX\nX  TX X TX\nX M X X TX\nX   X X  X\nXX XX XTXX\nX R X X  X\nX   X XXTX\nX XXX X  X\nX    e   X\nXXXXXXXXXX\n", "Health: 9 X: 5 Y: 6\nXXXXXXXXXX\nX     tTTX\nXXXXX XXXX\nXX       X\nXX XXmXX X\nX   X X  X\nX   XHX  X\nX  bX X  X\nXX XX XXTX\nX P X X  X\nXX XX XTXX\nX  TX X TX\nX M X X TX\nX   X X  X\nXX XX XTXX\nX R X X  X\nX   X XXTX\nX XXX X  X\nX    e   X\nXXXXXXXXXX\n", "Health: 9 X: 5 Y: 7\nXXXXXXXXXX\nX     tTTX\nXXXXX XXXX\nXX       X\nXX XX XX X\nX   XmX  X\nX   X X  X\nX  bXHX  X\nXX XX XXTX\nX P X X  X\nXX XX XTXX\nX  TX X TX\nX M X X TX\nX   X X  X\nXX XX XTXX\nX R X X  X\nX   X XXTX\nX XXX X  X\nX    e   X\nXXXXXXXXXX\n", "Health: 9 X: 5 Y: 8\nXXXXXXXXXX\nX     tTTX\nXXXXX XXXX\nXX       X\nXX XX XX X\nX   X X  X\nX   XmX  X\nX  bX X  X\nXX XXHXXTX\nX P X X  X\nXX XX XTXX\nX  TX X TX\nX M X X TX\nX   X X  X\nXX XX XTXX\nX R X X  X\nX   X XXTX\nX XXX X  X\nX    e   X\nXXXXXXXXXX\n", "Health: 9 X: 5 Y: 9\nXXXXXXXXXX\nX     tTTX\nXXXXX XXXX\nXX       X\nXX XX XX X\nX   X X  X\nX   X X  X\nX  bXmX  X\nXX XX XXTX\nX P XHX  X\nXX XX XTXX\nX  TX X TX\nX M X X TX\nX   X X  X\nXX XX XTXX\nX R X X  X\nX   X XXTX\nX XXX X  X\nX    e   X\nXXXXXXXXXX\n", "Health: 9 X: 5 Y: 10\nXXXXXXXXXX\nX     tTTX\nXXXXX XXXX\nXX       X\nXX XX XX X\nX   X X  X\nX   X X  X\nX  bX X  X\nXX XXmXXTX\nX P X X  X\nXX XXHXTXX\nX  TX X TX\nX M X X TX\nX   X X  X\nXX XX XTXX\nX R X X  X\nX   X XXTX\nX XXX X  X\nX    e   X\nXXXXXXXXXX\n", "Health: 9 X: 5 Y: 11\nXXXXXXXXXX\nX     tTTX\nXXXXX XXXX\nXX       X\nXX XX XX X\nX   X X  X\nX   X X  X\nX  bX X  X\nXX XX XXTX\nX P XmX  X\nXX XX XTXX\nX  TXHX TX\nX M X X TX\nX   X X  X\nXX XX XTXX\nX R X X  X\nX   X XXTX\nX XXX X  X\nX    e   X\nXXXXXXXXXX\n", "Health: 9 X: 5 Y: 12\nXXXXXXXXXX\nX     tTTX\nXXXXX XXXX\nXX       X\nXX XX XX X\nX   X X  X\nX   X X  X\nX  bX X  X\nXX XX XXTX\nX P X X  X\nXX XXmXTXX\nX  TX X TX\nX M XHX TX\nX   X X  X\nXX XX XTXX\nX R X X  X\nX   X XXTX\nX XXX X  X\nX    e   X\nXXXXXXXXXX\n", "Health: 9 X: 5 Y: 13\nXXXXXXXXXX\nX     tTTX\nXXXXX XXXX\nXX       X\nXX XX XX X\nX   X X  X\nX   X X  X\nX  bX X  X\nXX XX XXTX\nX P X X  X\nXX XX XTXX\nX  TXmX TX\nX M X X TX\nX   XHX  X\nXX XX XTXX\nX R X X  X\nX   X XXTX\nX XXX X  X\nX    e   X\nXXXXXXXXXX\n", "Health: 9 X: 5 Y: 14\nXXXXXXXXXX\nX     tTTX\nXXXXX XXXX\nXX       X\nXX XX XX X\nX   X X  X\nX   X X  X\nX  bX X  X\nXX XX XXTX\nX P X X  X\nXX XX XTXX\nX  TX X TX\nX M XmX TX\nX   X X  X\nXX XXHXTXX\nX R X X  X\nX   X XXTX\nX XXX X  X\nX    e   X\nXXXXXXXXXX\n", "Health: 9 X: 5 Y: 15\nXXXXXXXXXX\nX     tTTX\nXXXXX XXXX\nXX       X\nXX XX XX X\nX   X X  X\nX   X X  X\nX  bX X  X\nXX XX XXTX\nX P X X  X\nXX XX XTXX\nX  TX X TX\nX M X X TX\nX   XmX  X\nXX XX XTXX\nX R XHX  X\nX   X XXTX\nX XXX X  X\nX    e   X\nXXXXXXXXXX\n", "Health: 9 X: 5 Y: 16\nXXXXXXXXXX\nX     tTTX\nXXXXX XXXX\nXX       X\nXX XX XX X\nX   X X  X\nX   X X  X\nX  bX X  X\nXX XX XXTX\nX P X X  X\nXX XX XTXX\nX  TX X TX\nX M X X TX\nX   X X  X\nXX XXmXTXX\nX R X X  X\nX   XHXXTX\nX XXX X  X\nX    e   X\nXXXXXXXXXX\n", "Health: 9 X: 5 Y: 17\nXXXXXXXXXX\nX     tTTX\nXXXXX XXXX\nXX       X\nXX XX XX X\nX   X X  X\nX   X X  X\nX  bX X  X\nXX XX XXTX\nX P X X  X\nXX XX XTXX\nX  TX X TX\nX M X X TX\nX   X X  X\nXX XX XTXX\nX R XmX  X\nX   X XXTX\nX XXXHX  X\nX    e   X\nXXXXXXXXXX\n", "Health: 9 X: 5 Y: 18\nXXXXXXXXXX\nX     tTTX\nXXXXX XXXX\nXX       X\nXX XX XX X\nX   X X  X\nX   X X  X\nX  bX X  X\nXX XX XXTX\nX P X X  X\nXX XX XTXX\nX  TX X TX\nX M X X TX\nX   X X  X\nXX XX XTXX\nX R X X  X\nX   XmXXTX\nX XXX X  X\nX    e   X\nXXXXXXXXXX\n"], "map_number": 100}, {"mechanics": [{"timestep": 4, "mechanic": "CollectPotion"}, {"timestep": 5, "mechanic": "CollectPotion"}, {"timestep": 7, "mechanic": "GoblinMeleeHit"}, {"timestep": 12, "mechanic": "ReachStairs"}], "frequencies": {"CollectPotion": 2, "GoblinMeleeHit": 1, "ReachStairs": 1}, "levelReport": {"utilityGained": 0.0, "exitUtility": 1.0, "runnerUtility": 0.87, "loitererUtility": 13.0, "completionistUtility": 0.6333333333333333, "monsterKillerUtility": 0.6, "treasureCollectorUtility": 0.3, "turnsTaken": 13, "health": 13, "healthLost": 1, "alive": true, "javelinsThrown": 0, "monsterKills": 3, "minitaurKnockouts": 1, "treasuresCollected": 0, "potionsTaken": 2, "totalMonsters": 8, "totalTreasures": 7, "totalPotions": 2, "timeTaken": 0.0}, "positions": [{"X": 5, "Y": 11}, {"X": 5, "Y": 10}, {"X": 6, "Y": 10}, {"X": 7, "Y": 10}, {"X": 8, "Y": 10}, {"X": 8, "Y": 9}, {"X": 7, "Y": 9}, {"X": 6, "Y": 9}, {"X": 5, "Y": 9}, {"X": 4, "Y": 9}, {"X": 3, "Y": 9}, {"X": 2, "Y": 9}, {"X": 1, "Y": 9}], "levelStates": ["Health: 10 X: 5 Y: 11\nXXXXXXXXXX\nX   b m  X\nX XXXXXX X\nXR      RX\nXXXX  XXXX\nX     M  X\nX  M     X\nX      M X\nXXX    XXX\nXe      PX\nX       PX\nXXXXXHXXXX\nX     X TX\nX XXXXX XX\nX        X\nXXXXXX XXX\nXTTX   XTX\nXTTXX XXTX\nX    b   X\nXXXXXXXXXX\n", "Health: 10 X: 5 Y: 10\nXXXXXXXXXX\nX   b  m X\nX XXXXXX X\nXR      RX\nXXXX  XXXX\nX    M   X\nX   M    X\nX      M X\nXXX    XXX\nXe      PX\nX    H  PX\nXXXXX XXXX\nX     X TX\nX XXXXX XX\nX        X\nXXXXXX XXX\nXTTX   XTX\nXTTXX XXTX\nX    b   X\nXXXXXXXXXX\n", "Health: 10 X: 6 Y: 10\nXXXXXXXXXX\nX   b   mX\nX XXXXXX X\nXR      RX\nXXXX  XXXX\nX     M  X\nX        X\nX   M  M X\nXXX    XXX\nXe      PX\nX     H PX\nXXXXX XXXX\nX     X TX\nX XXXXX XX\nX        X\nXXXXXX XXX\nXTTX   XTX\nXTTXX XXTX\nX    b   X\nXXXXXXXXXX\n", "Health: 10 X: 7 Y: 10\nXXXXXXXXXX\nX   b    X\nX XXXXXXmX\nXR      RX\nXXXX  XXXX\nX     M  X\nX        X\nX    M M X\nXXX    XXX\nXe      PX\nX      HPX\nXXXXX XXXX\nX     X TX\nX XXXXX XX\nX        X\nXXXXXX XXX\nXTTX   XTX\nXTTXX XXTX\nX    b   X\nXXXXXXXXXX\n", "Health: 12 X: 8 Y: 10\nXXXXXXXXXX\nX   b    X\nX XXXXXX X\nXR      \u221eX\nXXXX  XXXX\nX     M  X\nX        X\nX      M X\nXXX  M XXX\nXe      PX\nX        X\nXXXXX XXXX\nX     X TX\nX XXXXX XX\nX        X\nXXXXXX XXX\nXTTX   XTX\nXTTXX XXTX\nX    b   X\nXXXXXXXXXX\n", "Health: 14 X: 8 Y: 9\nXXXXXXXXXX\nX   b    X\nX XXXXXX X\nXR     m\u221eX\nXXXX  XXXX\nX     M  X\nX        X\nX      M X\nXXX   MXXX\nXe       X\nX        X\nXXXXX XXXX\nX     X TX\nX XXXXX XX\nX        X\nXXXXXX XXX\nXTTX   XTX\nXTTXX XXTX\nX    b   X\nXXXXXXXXXX\n", "Health: 14 X: 7 Y: 9\nXXXXXXXXXX\nX   b    X\nX XXXXXX X\nXR    m \u221eX\nXXXX  XXXX\nX     M  X\nX        X\nX      M X\nXXX    XXX\nXe    MH X\nX        X\nXXXXX XXXX\nX     X TX\nX XXXXX XX\nX        X\nXXXXXX XXX\nXTTX   XTX\nXTTXX XXTX\nX    b   X\nXXXXXXXXXX\n", "Health: 13 X: 6 Y: 9\nXXXXXXXXXX\nX   b    X\nX XXXXXX X\nXR   m  \u221eX\nXXXX  XXXX\nX        X\nX     M  X\nX      M X\nXXX    XXX\nXe    \u221e  X\nX        X\nXXXXX XXXX\nX     X TX\nX XXXXX XX\nX        X\nXXXXXX XXX\nXTTX   XTX\nXTTXX XXTX\nX    b   X\nXXXXXXXXXX\n", "Health: 13 X: 5 Y: 9\nXXXXXXXXXX\nX   b    X\nX XXXXXX X\nXR      \u221eX\nXXXX mXXXX\nX        X\nX    M   X\nX      M X\nXXX    XXX\nXe   H\u221e  X\nX        X\nXXXXX XXXX\nX     X TX\nX XXXXX XX\nX        X\nXXXXXX XXX\nXTTX   XTX\nXTTXX XXTX\nX    b   X\nXXXXXXXXXX\n", "Health: 13 X: 4 Y: 9\nXXXXXXXXXX\nX   b    X\nX XXXXXX X\nXR      \u221eX\nXXXXm XXXX\nX        X\nX   M    X\nX     M  X\nXXX    XXX\nXe  H \u221e  X\nX        X\nXXXXX XXXX\nX     X TX\nX XXXXX XX\nX        X\nXXXXXX XXX\nXTTX   XTX\nXTTXX XXTX\nX    b   X\nXXXXXXXXXX\n", "Health: 13 X: 3 Y: 9\nXXXXXXXXXX\nX   b    X\nX XXXXXX X\nXR      \u221eX\nXXXX  XXXX\nX   m    X\nX  M     X\nX    M   X\nXXX    XXX\nXe H  \u221e  X\nX        X\nXXXXX XXXX\nX     X TX\nX XXXXX XX\nX        X\nXXXXXX XXX\nXTTX   XTX\nXTTXX XXTX\nX    b   X\nXXXXXXXXXX\n", "Health: 13 X: 2 Y: 9\nXXXXXXXXXX\nX   b    X\nX XXXXXX X\nXR      \u221eX\nXXXX  XXXX\nX  m     X\nX  M     X\nX   M    X\nXXX    XXX\nXeH   \u221e  X\nX        X\nXXXXX XXXX\nX     X TX\nX XXXXX XX\nX        X\nXXXXXX XXX\nXTTX   XTX\nXTTXX XXTX\nX    b   X\nXXXXXXXXXX\n", "Health: 13 X: 1 Y: 9\nXXXXXXXXXX\nX   b    X\nX XXXXXX X\nXR      \u221eX\nXXXX  XXXX\nX        X\nX  \u221e     X\nX   M    X\nXXX    XXX\nXe    \u221e  X\nX        X\nXXXXX XXXX\nX     X TX\nX XXXXX XX\nX        X\nXXXXXX XXX\nXTTX   XTX\nXTTXX XXTX\nX    b   X\nXXXXXXXXXX\n"], "map_number": 102}], "timestamp": "11-Aug-2021 03:16:07.471246", "ip": "76.169.29.85"}